# Avocado Plush Toy by melsto, CC BY 4.0
o avocado_plush_visual
v 0.1434278 -0.0499690 -0.0068161
v 0.1449146 -0.0522337 0.0141795
v 0.1330062 -0.0396344 0.0192118
v 0.1361841 -0.0396344 -0.0084936
v 0.1449146 -0.0522337 0.0141795
v 0.1577503 -0.0499690 0.0303793
v 0.1536451 -0.0396344 0.0368527
v 0.1330062 -0.0396344 0.0192118
v 0.1536451 -0.0396344 0.0368527
v 0.1577503 -0.0292997 0.0303793
v 0.1449146 -0.0270350 0.0141795
v 0.1434278 -0.0292997 -0.0068161
v 0.1434278 -0.0292997 -0.0068161
v 0.1449146 -0.0270350 0.0141795
v 0.1781594 -0.0214849 -0.0003403
v 0.1694732 -0.0264449 -0.0242457
v 0.1577503 -0.0292997 0.0303793
v 0.1879646 -0.0264449 0.0230923
v 0.2303386 -0.0258548 0.0029758
v 0.2199399 -0.0206875 -0.0212931
v 0.2095412 -0.0258548 -0.0455619
v 0.2546162 -0.0206875 -0.0448406
v 0.2424018 -0.0258548 -0.0678676
v 0.2668307 -0.0258548 -0.0218137
v 0.3013319 -0.0258548 -0.0547330
v 0.2866125 -0.0206875 -0.0754037
v 0.2718930 -0.0258548 -0.0960745
v 0.2095412 -0.0534139 -0.0455619
v 0.2199399 -0.0585813 -0.0212931
v 0.1781594 -0.0577838 -0.0003403
v 0.1694732 -0.0528238 -0.0242457
v 0.2303386 -0.0534139 0.0029758
v 0.1879646 -0.0528238 0.0230923
v 0.1434278 -0.0499690 -0.0068161
v 0.1434278 -0.0292997 -0.0068161
v 0.1694732 -0.0264449 -0.0242457
v 0.1654369 -0.0396344 -0.0329103
v 0.1361841 -0.0396344 -0.0084936
v 0.2095412 -0.0258548 -0.0455619
v 0.2056417 -0.0396344 -0.0546628
v 0.2095412 -0.0534139 -0.0455619
v 0.1694732 -0.0528238 -0.0242457
v 0.1434278 -0.0499690 -0.0068161
v 0.2303386 -0.0258548 0.0029758
v 0.1879646 -0.0264449 0.0230923
v 0.1908819 -0.0396344 0.0322297
v 0.2342382 -0.0396344 0.0120766
v 0.1577503 -0.0292997 0.0303793
v 0.1536451 -0.0396344 0.0368527
v 0.1577503 -0.0499690 0.0303793
v 0.1879646 -0.0528238 0.0230923
v 0.2303386 -0.0534139 0.0029758
v 0.3013319 -0.0534139 -0.0547330
v 0.2866125 -0.0585812 -0.0754037
v 0.3213619 -0.0577838 -0.1147614
v 0.3372892 -0.0528238 -0.0974208
v 0.2718931 -0.0534139 -0.0960744
v 0.3045472 -0.0528238 -0.1310230
v 0.3297110 -0.0499690 -0.1529816
v 0.3479560 -0.0522337 -0.1466902
v 0.3572013 -0.0499690 -0.1294534
v 0.2546162 -0.0585813 -0.0448406
v 0.2668307 -0.0534139 -0.0218137
v 0.2424018 -0.0534139 -0.0678676
v 0.2378214 -0.0396344 -0.0765027
v 0.2424018 -0.0534139 -0.0678676
v 0.2424018 -0.0258548 -0.0678676
v 0.2718930 -0.0258548 -0.0960745
v 0.2663732 -0.0396344 -0.1038260
v 0.2718931 -0.0534139 -0.0960744
v 0.2714111 -0.0396344 -0.0131786
v 0.2668307 -0.0258548 -0.0218137
v 0.2668307 -0.0534139 -0.0218137
v 0.3013319 -0.0534139 -0.0547330
v 0.3068517 -0.0396344 -0.0469814
v 0.3013319 -0.0258548 -0.0547330
v 0.3297110 -0.0292997 -0.1529816
v 0.3479560 -0.0270350 -0.1466902
v 0.3573994 -0.0396344 -0.1581750
v 0.3309159 -0.0396344 -0.1605748
v 0.3572013 -0.0292997 -0.1294534
v 0.3649962 -0.0396344 -0.1328055
v 0.3573994 -0.0396344 -0.1581750
v 0.3649962 -0.0396344 -0.1328055
v 0.3572013 -0.0499690 -0.1294534
v 0.3479560 -0.0522337 -0.1466902
v 0.3309159 -0.0396344 -0.1605748
v 0.3573994 -0.0396344 -0.1581750
v 0.3479560 -0.0522337 -0.1466902
v 0.3297110 -0.0499690 -0.1529816
v 0.2987727 -0.0396344 -0.1377810
v 0.3045472 -0.0528238 -0.1310230
v 0.3045472 -0.0264449 -0.1310230
v 0.3297110 -0.0292997 -0.1529816
v 0.3439510 -0.0396344 -0.0917419
v 0.3372892 -0.0264449 -0.0974208
v 0.3372892 -0.0528238 -0.0974208
v 0.3572013 -0.0499690 -0.1294534
v 0.3649962 -0.0396344 -0.1328055
v 0.3572013 -0.0292997 -0.1294534
v 0.3213619 -0.0214849 -0.1147614
v 0.3045472 -0.0264449 -0.1310230
v 0.3372892 -0.0264449 -0.0974208
v 0.0893013 -0.0419295 -0.1325460
v 0.0682685 -0.0436595 -0.1308769
v 0.0652627 -0.0302110 -0.1192159
v 0.0922157 -0.0312245 -0.1263010
v 0.0682685 -0.0436595 -0.1308769
v 0.0504388 -0.0417078 -0.1413938
v 0.0448370 -0.0309542 -0.1370876
v 0.0652627 -0.0302110 -0.1192159
v 0.0652627 -0.0302110 -0.1192159
v 0.0448370 -0.0309542 -0.1370876
v 0.0508617 -0.0210864 -0.1427347
v 0.0687841 -0.0185192 -0.1325117
v 0.0687841 -0.0185192 -0.1325117
v 0.0897242 -0.0213080 -0.1338869
v 0.0897242 -0.0213080 -0.1338869
v 0.0687841 -0.0185192 -0.1325117
v 0.0784748 -0.0154481 -0.1677751
v 0.1032756 -0.0205708 -0.1622792
v 0.0508617 -0.0210864 -0.1427347
v 0.0537778 -0.0203049 -0.1737998
v 0.0675894 -0.0229070 -0.2185553
v 0.0932035 -0.0178317 -0.2120769
v 0.1186061 -0.0230672 -0.2049280
v 0.1115061 -0.0206524 -0.2496799
v 0.1359416 -0.0257398 -0.2405608
v 0.0868592 -0.0258756 -0.2581286
v 0.1144591 -0.0289625 -0.2968937
v 0.1371357 -0.0235161 -0.2856352
v 0.1596008 -0.0283805 -0.2737064
v 0.1180422 -0.0505624 -0.2031400
v 0.0924281 -0.0556377 -0.2096184
v 0.0777321 -0.0516629 -0.1654201
v 0.1027358 -0.0468886 -0.1605678
v 0.0670255 -0.0504023 -0.2167673
v 0.0532381 -0.0466227 -0.1720884
v 0.0893013 -0.0419295 -0.1325460
v 0.1032756 -0.0205708 -0.1622792
v 0.1121594 -0.0337385 -0.1586711
v 0.1186061 -0.0230672 -0.2049280
v 0.1278898 -0.0368448 -0.2014788
v 0.1121594 -0.0337385 -0.1586711
v 0.1278898 -0.0368448 -0.2014788
v 0.1180422 -0.0505624 -0.2031400
v 0.1027358 -0.0468886 -0.1605678
v 0.1027358 -0.0468886 -0.1605678
v 0.0675894 -0.0229070 -0.2185553
v 0.0537778 -0.0203049 -0.1737998
v 0.0440475 -0.0333725 -0.1745240
v 0.0577418 -0.0366246 -0.2202165
v 0.0504388 -0.0417078 -0.1413938
v 0.0532381 -0.0466227 -0.1720884
v 0.0670255 -0.0504023 -0.2167673
v 0.1138952 -0.0564577 -0.2951057
v 0.1363603 -0.0613221 -0.2831768
v 0.1703108 -0.0638188 -0.3231558
v 0.1509621 -0.0593338 -0.3367386
v 0.1590369 -0.0558757 -0.2719184
v 0.1889226 -0.0583206 -0.3091865
v 0.2070817 -0.0576633 -0.3373532
v 0.1981831 -0.0608547 -0.3543302
v 0.1798444 -0.0586523 -0.3611533
v 0.1107308 -0.0584583 -0.2472215
v 0.0862953 -0.0533709 -0.2563406
v 0.1353777 -0.0532351 -0.2387728
v 0.1180422 -0.0505624 -0.2031400
v 0.1448626 -0.0394620 -0.2363728
v 0.1353777 -0.0532351 -0.2387728
v 0.1359416 -0.0257398 -0.2405608
v 0.1596008 -0.0283805 -0.2737064
v 0.1677830 -0.0420189 -0.2684648
v 0.1590369 -0.0558757 -0.2719184
v 0.0675894 -0.0229070 -0.2185553
v 0.0577418 -0.0366246 -0.2202165
v 0.0773743 -0.0396487 -0.2605286
v 0.0868592 -0.0258756 -0.2581286
v 0.0670255 -0.0504023 -0.2167673
v 0.0862953 -0.0533709 -0.2563406
v 0.1138952 -0.0564577 -0.2951057
v 0.1057131 -0.0428192 -0.3003473
v 0.1144591 -0.0289625 -0.2968937
v 0.2075047 -0.0370418 -0.3386942
v 0.1986987 -0.0357144 -0.3559651
v 0.2084435 -0.0492026 -0.3661105
v 0.2146321 -0.0476508 -0.3402953
v 0.1986987 -0.0357144 -0.3559651
v 0.1802673 -0.0380309 -0.3624942
v 0.1822496 -0.0489183 -0.3700000
v 0.2084435 -0.0492026 -0.3661105
v 0.2084435 -0.0492026 -0.3661105
v 0.1822496 -0.0489183 -0.3700000
v 0.1981831 -0.0608547 -0.3543302
v 0.2070817 -0.0576633 -0.3373532
v 0.1967103 -0.0450076 -0.3053014
v 0.1889226 -0.0583206 -0.3091865
v 0.1894623 -0.0320028 -0.3108979
v 0.2075047 -0.0370418 -0.3386942
v 0.2146321 -0.0476508 -0.3402953
v 0.2070817 -0.0576633 -0.3373532
v 0.1446539 -0.0464152 -0.3433651
v 0.1515018 -0.0330160 -0.3384500
v 0.1509621 -0.0593338 -0.3367386
v 0.1798444 -0.0586523 -0.3611533
v 0.1822496 -0.0489183 -0.3700000
v 0.1802673 -0.0380309 -0.3624942
v 0.1710535 -0.0276040 -0.3255107
v 0.1894623 -0.0320028 -0.3108979
v 0.1515018 -0.0330160 -0.3384500
v 0.2075047 -0.0370418 -0.3386942
v -0.1434278 -0.0499690 -0.0068161
v -0.1361841 -0.0396344 -0.0084936
v -0.1330062 -0.0396344 0.0192118
v -0.1449146 -0.0522337 0.0141795
v -0.1449146 -0.0522337 0.0141795
v -0.1330062 -0.0396344 0.0192118
v -0.1536451 -0.0396344 0.0368527
v -0.1577503 -0.0499690 0.0303793
v -0.1330062 -0.0396344 0.0192118
v -0.1449146 -0.0270350 0.0141795
v -0.1577503 -0.0292997 0.0303793
v -0.1536451 -0.0396344 0.0368527
v -0.1434278 -0.0292997 -0.0068161
v -0.1449146 -0.0270350 0.0141795
v -0.1434278 -0.0292997 -0.0068161
v -0.1694732 -0.0264449 -0.0242457
v -0.1781594 -0.0214849 -0.0003403
v -0.1449146 -0.0270350 0.0141795
v -0.1879646 -0.0264449 0.0230923
v -0.1577503 -0.0292997 0.0303793
v -0.2199399 -0.0206875 -0.0212931
v -0.2303386 -0.0258548 0.0029758
v -0.2095412 -0.0258548 -0.0455619
v -0.2424018 -0.0258548 -0.0678676
v -0.2546162 -0.0206875 -0.0448406
v -0.2668307 -0.0258548 -0.0218137
v -0.2866125 -0.0206875 -0.0754037
v -0.3013319 -0.0258548 -0.0547330
v -0.2718930 -0.0258548 -0.0960745
v -0.2095412 -0.0534139 -0.0455619
v -0.1694732 -0.0528238 -0.0242457
v -0.1781594 -0.0577838 -0.0003403
v -0.2199399 -0.0585813 -0.0212931
v -0.1879646 -0.0528238 0.0230923
v -0.2303386 -0.0534139 0.0029758
v -0.1434278 -0.0499690 -0.0068161
v -0.1654369 -0.0396344 -0.0329103
v -0.1694732 -0.0264449 -0.0242457
v -0.1654369 -0.0396344 -0.0329103
v -0.2056417 -0.0396344 -0.0546628
v -0.1694732 -0.0528238 -0.0242457
v -0.2095412 -0.0534139 -0.0455619
v -0.2056417 -0.0396344 -0.0546628
v -0.2303386 -0.0258548 0.0029758
v -0.2342382 -0.0396344 0.0120766
v -0.1908819 -0.0396344 0.0322297
v -0.1879646 -0.0264449 0.0230923
v -0.1879646 -0.0264449 0.0230923
v -0.1908819 -0.0396344 0.0322297
v -0.1879646 -0.0528238 0.0230923
v -0.1577503 -0.0499690 0.0303793
v -0.2342382 -0.0396344 0.0120766
v -0.1908819 -0.0396344 0.0322297
v -0.3013319 -0.0534139 -0.0547330
v -0.3372892 -0.0528238 -0.0974208
v -0.3213619 -0.0577838 -0.1147614
v -0.2866125 -0.0585812 -0.0754037
v -0.3045472 -0.0528238 -0.1310230
v -0.2718931 -0.0534139 -0.0960744
v -0.3479560 -0.0522337 -0.1466902
v -0.3297110 -0.0499690 -0.1529816
v -0.3572013 -0.0499690 -0.1294534
v -0.2668307 -0.0534139 -0.0218137
v -0.2546162 -0.0585813 -0.0448406
v -0.2424018 -0.0534139 -0.0678676
v -0.2424018 -0.0534139 -0.0678676
v -0.2378214 -0.0396344 -0.0765027
v -0.2378214 -0.0396344 -0.0765027
v -0.2663732 -0.0396344 -0.1038260
v -0.2718930 -0.0258548 -0.0960745
v -0.2424018 -0.0258548 -0.0678676
v -0.2718931 -0.0534139 -0.0960744
v -0.2668307 -0.0258548 -0.0218137
v -0.2714111 -0.0396344 -0.0131786
v -0.2714111 -0.0396344 -0.0131786
v -0.3068517 -0.0396344 -0.0469814
v -0.3013319 -0.0534139 -0.0547330
v -0.2668307 -0.0534139 -0.0218137
v -0.3013319 -0.0258548 -0.0547330
v -0.3297110 -0.0292997 -0.1529816
v -0.3309159 -0.0396344 -0.1605748
v -0.3573994 -0.0396344 -0.1581750
v -0.3479560 -0.0270350 -0.1466902
v -0.3649962 -0.0396344 -0.1328055
v -0.3572013 -0.0292997 -0.1294534
v -0.3573994 -0.0396344 -0.1581750
v -0.3649962 -0.0396344 -0.1328055
v -0.3309159 -0.0396344 -0.1605748
v -0.3297110 -0.0499690 -0.1529816
v -0.3479560 -0.0522337 -0.1466902
v -0.3573994 -0.0396344 -0.1581750
v -0.3045472 -0.0528238 -0.1310230
v -0.2987727 -0.0396344 -0.1377810
v -0.3045472 -0.0264449 -0.1310230
v -0.3309159 -0.0396344 -0.1605748
v -0.3297110 -0.0292997 -0.1529816
v -0.3297110 -0.0499690 -0.1529816
v -0.3372892 -0.0264449 -0.0974208
v -0.3439510 -0.0396344 -0.0917419
v -0.3372892 -0.0528238 -0.0974208
v -0.3649962 -0.0396344 -0.1328055
v -0.3572013 -0.0499690 -0.1294534
v -0.3572013 -0.0292997 -0.1294534
v -0.3045472 -0.0264449 -0.1310230
v -0.3213619 -0.0214849 -0.1147614
v -0.3372892 -0.0264449 -0.0974208
v -0.0893013 -0.0419295 -0.1325460
v -0.0922157 -0.0312245 -0.1263010
v -0.0652627 -0.0302110 -0.1192159
v -0.0682685 -0.0436595 -0.1308769
v -0.0682685 -0.0436595 -0.1308769
v -0.0652627 -0.0302110 -0.1192159
v -0.0448370 -0.0309542 -0.1370876
v -0.0504388 -0.0417078 -0.1413938
v -0.0687841 -0.0185192 -0.1325117
v -0.0508617 -0.0210864 -0.1427347
v -0.0922157 -0.0312245 -0.1263010
v -0.0897242 -0.0213080 -0.1338869
v -0.0897242 -0.0213080 -0.1338869
v -0.1032756 -0.0205708 -0.1622792
v -0.0784748 -0.0154481 -0.1677751
v -0.0687841 -0.0185192 -0.1325117
v -0.0537778 -0.0203049 -0.1737998
v -0.0508617 -0.0210864 -0.1427347
v -0.0932035 -0.0178317 -0.2120769
v -0.0675894 -0.0229070 -0.2185553
v -0.1186061 -0.0230672 -0.2049280
v -0.1359416 -0.0257398 -0.2405608
v -0.1115061 -0.0206524 -0.2496799
v -0.0868592 -0.0258756 -0.2581286
v -0.1371357 -0.0235161 -0.2856352
v -0.1144591 -0.0289625 -0.2968937
v -0.1596008 -0.0283805 -0.2737064
v -0.1180422 -0.0505624 -0.2031400
v -0.1027358 -0.0468886 -0.1605678
v -0.0777321 -0.0516629 -0.1654201
v -0.0924281 -0.0556377 -0.2096184
v -0.0532381 -0.0466227 -0.1720884
v -0.0670255 -0.0504023 -0.2167673
v -0.0504388 -0.0417078 -0.1413938
v -0.0897242 -0.0213080 -0.1338869
v -0.0922157 -0.0312245 -0.1263010
v -0.1121594 -0.0337385 -0.1586711
v -0.1032756 -0.0205708 -0.1622792
v -0.1278898 -0.0368448 -0.2014788
v -0.1186061 -0.0230672 -0.2049280
v -0.1027358 -0.0468886 -0.1605678
v -0.1180422 -0.0505624 -0.2031400
v -0.0893013 -0.0419295 -0.1325460
v -0.0675894 -0.0229070 -0.2185553
v -0.0577418 -0.0366246 -0.2202165
v -0.0440475 -0.0333725 -0.1745240
v -0.0537778 -0.0203049 -0.1737998
v -0.0448370 -0.0309542 -0.1370876
v -0.0508617 -0.0210864 -0.1427347
v -0.0532381 -0.0466227 -0.1720884
v -0.0504388 -0.0417078 -0.1413938
v -0.0670255 -0.0504023 -0.2167673
v -0.1138952 -0.0564577 -0.2951057
v -0.1509621 -0.0593338 -0.3367386
v -0.1703108 -0.0638188 -0.3231558
v -0.1363603 -0.0613221 -0.2831768
v -0.1889226 -0.0583206 -0.3091865
v -0.1590369 -0.0558757 -0.2719184
v -0.1981831 -0.0608547 -0.3543302
v -0.2070817 -0.0576633 -0.3373532
v -0.1798444 -0.0586523 -0.3611533
v -0.0862953 -0.0533709 -0.2563406
v -0.1107308 -0.0584583 -0.2472215
v -0.1353777 -0.0532351 -0.2387728
v -0.1353777 -0.0532351 -0.2387728
v -0.1448626 -0.0394620 -0.2363728
v -0.1359416 -0.0257398 -0.2405608
v -0.1677830 -0.0420189 -0.2684648
v -0.1596008 -0.0283805 -0.2737064
v -0.1590369 -0.0558757 -0.2719184
v -0.0868592 -0.0258756 -0.2581286
v -0.0773743 -0.0396487 -0.2605286
v -0.0862953 -0.0533709 -0.2563406
v -0.1057131 -0.0428192 -0.3003473
v -0.1138952 -0.0564577 -0.2951057
v -0.1144591 -0.0289625 -0.2968937
v -0.2075047 -0.0370418 -0.3386942
v -0.2146321 -0.0476508 -0.3402953
v -0.2084435 -0.0492026 -0.3661105
v -0.1986987 -0.0357144 -0.3559651
v -0.1986987 -0.0357144 -0.3559651
v -0.2084435 -0.0492026 -0.3661105
v -0.1822496 -0.0489183 -0.3700000
v -0.1802673 -0.0380309 -0.3624942
v -0.2084435 -0.0492026 -0.3661105
v -0.1822496 -0.0489183 -0.3700000
v -0.2146321 -0.0476508 -0.3402953
v -0.1889226 -0.0583206 -0.3091865
v -0.1967103 -0.0450076 -0.3053014
v -0.1894623 -0.0320028 -0.3108979
v -0.2070817 -0.0576633 -0.3373532
v -0.1515018 -0.0330160 -0.3384500
v -0.1446539 -0.0464152 -0.3433651
v -0.1509621 -0.0593338 -0.3367386
v -0.1822496 -0.0489183 -0.3700000
v -0.1798444 -0.0586523 -0.3611533
v -0.1802673 -0.0380309 -0.3624942
v -0.1894623 -0.0320028 -0.3108979
v -0.1710535 -0.0276040 -0.3255107
v -0.1515018 -0.0330160 -0.3384500
v -0.1986987 -0.0357144 -0.3559651
v -0.1802673 -0.0380309 -0.3624942
v -0.2075047 -0.0370418 -0.3386942
v 0.0700871 0.0779011 0.3305122
v 0.0621895 0.0786684 0.3343107
v 0.0628219 0.0723071 0.3389836
v 0.0713623 0.0720243 0.3343107
v 0.0533082 0.0797062 0.3376496
v 0.0535586 0.0729165 0.3429497
v 0.0435971 0.0807503 0.3405339
v 0.0436559 0.0736359 0.3462517
v 0.0332490 0.0816527 0.3428904
v 0.0332169 0.0742998 0.3488945
v 0.0224285 0.0823497 0.3446532
v 0.0223708 0.0748355 0.3508413
v 0.0112930 0.0827990 0.3457580
v 0.0112533 0.0751933 0.3520443
v 0.0000000 0.0829583 0.3461405
v 0.0000000 0.0753236 0.3524559
v -0.0112930 0.0827991 0.3457580
v -0.0112533 0.0751933 0.3520443
v -0.0224285 0.0823497 0.3446532
v -0.0223708 0.0748355 0.3508413
v -0.0332490 0.0816527 0.3428904
v -0.0332169 0.0742998 0.3488945
v -0.0435971 0.0807503 0.3405340
v -0.0436559 0.0736358 0.3462517
v -0.0533082 0.0797062 0.3376496
v -0.0535586 0.0729165 0.3429498
v -0.0533082 0.0797062 0.3376496
v -0.0621895 0.0786684 0.3343106
v -0.0628219 0.0723071 0.3389836
v -0.0535586 0.0729165 0.3429498
v -0.0700871 0.0779011 0.3305122
v -0.0713623 0.0720243 0.3343107
v 0.0638779 0.0654721 0.3429498
v 0.0729939 0.0654640 0.3376496
v 0.0542044 0.0657875 0.3474117
v 0.0440275 0.0662477 0.3510776
v 0.0334124 0.0667113 0.3539743
v 0.0224614 0.0671077 0.3560824
v 0.0112867 0.0673842 0.3573701
v 0.0000000 0.0674881 0.3578064
v -0.0112867 0.0673842 0.3573701
v -0.0224614 0.0671077 0.3560823
v -0.0334124 0.0667113 0.3539744
v -0.0440275 0.0662477 0.3510776
v -0.0542044 0.0657875 0.3474117
v -0.0638779 0.0654721 0.3429498
v -0.0542044 0.0657875 0.3474117
v -0.0729939 0.0654640 0.3376496
v 0.0650591 0.0582131 0.3462517
v 0.0746163 0.0583250 0.3405339
v 0.0550212 0.0583458 0.3510776
v 0.0445602 0.0586142 0.3550344
v 0.0337397 0.0589190 0.3581378
v 0.0226453 0.0591996 0.3603768
v 0.0113683 0.0594053 0.3617334
v 0.0000000 0.0594852 0.3621896
v -0.0113683 0.0594053 0.3617334
v -0.0226453 0.0591996 0.3603768
v -0.0337397 0.0589190 0.3581378
v -0.0445602 0.0586142 0.3550344
v -0.0550212 0.0583458 0.3510776
v -0.0650591 0.0582131 0.3462517
v -0.0550212 0.0583458 0.3510776
v -0.0746163 0.0583250 0.3405339
v 0.0661348 0.0505954 0.3488945
v 0.0760184 0.0507434 0.3428904
v 0.0558124 0.0506261 0.3539743
v 0.0451150 0.0507679 0.3581378
v 0.0341087 0.0509568 0.3613899
v 0.0228688 0.0511454 0.3637244
v 0.0114733 0.0512904 0.3651318
v 0.0000000 0.0513483 0.3656030
v -0.0114733 0.0512904 0.3651318
v -0.0228688 0.0511454 0.3637244
v -0.0341087 0.0509568 0.3613899
v -0.0451150 0.0507679 0.3581378
v -0.0558124 0.0506261 0.3539743
v -0.0661348 0.0505954 0.3488945
v -0.0558124 0.0506261 0.3539743
v -0.0760184 0.0507434 0.3428904
v 0.0669976 0.0427048 0.3508413
v 0.0771038 0.0428341 0.3446532
v 0.0564755 0.0426926 0.3560823
v 0.0456041 0.0427587 0.3603768
v 0.0344505 0.0428658 0.3637244
v 0.0230849 0.0429811 0.3661212
v 0.0115778 0.0430733 0.3675626
v 0.0000000 0.0431110 0.3680442
v -0.0115778 0.0430733 0.3675627
v -0.0230849 0.0429811 0.3661212
v -0.0344505 0.0428658 0.3637244
v -0.0456041 0.0427587 0.3603768
v -0.0564755 0.0426926 0.3560823
v -0.0669976 0.0427048 0.3508413
v -0.0564755 0.0426926 0.3560823
v -0.0771038 0.0428341 0.3446532
v 0.0675712 0.0346324 0.3520443
v 0.0778046 0.0347062 0.3457580
v 0.0569313 0.0346165 0.3573701
v 0.0459525 0.0346410 0.3617334
v 0.0347020 0.0346889 0.3651318
v 0.0232479 0.0347434 0.3675627
v 0.0116579 0.0347882 0.3690232
v 0.0000000 0.0348068 0.3695107
v -0.0116579 0.0347882 0.3690232
v -0.0232479 0.0347434 0.3675627
v -0.0347020 0.0346889 0.3651318
v -0.0459525 0.0346410 0.3617334
v -0.0569313 0.0346165 0.3573701
v -0.0675712 0.0346324 0.3520443
v -0.0569313 0.0346165 0.3573701
v -0.0778046 0.0347062 0.3457580
v 0.0677794 0.0264690 0.3524559
v 0.0780533 0.0264690 0.3461405
v 0.0571009 0.0264690 0.3578064
v 0.0460853 0.0264690 0.3621896
v 0.0347999 0.0264690 0.3656030
v 0.0233123 0.0264690 0.3680441
v 0.0116899 0.0264690 0.3695107
v -0.0000000 0.0264690 0.3700000
v -0.0116899 0.0264690 0.3695107
v -0.0233123 0.0264690 0.3680441
v -0.0347999 0.0264690 0.3656030
v -0.0460853 0.0264690 0.3621895
v -0.0571009 0.0264690 0.3578064
v -0.0677794 0.0264690 0.3524559
v -0.0571009 0.0264690 0.3578064
v -0.0780533 0.0264690 0.3461405
v 0.0675712 0.0183057 0.3520443
v 0.0778046 0.0182319 0.3457580
v 0.0569314 0.0183216 0.3573701
v 0.0459525 0.0182971 0.3617334
v 0.0347020 0.0182492 0.3651318
v 0.0232479 0.0181947 0.3675627
v 0.0116579 0.0181499 0.3690232
v -0.0000000 0.0181313 0.3695107
v -0.0116579 0.0181499 0.3690232
v -0.0232479 0.0181947 0.3675627
v -0.0347020 0.0182492 0.3651318
v -0.0459525 0.0182971 0.3617334
v -0.0569314 0.0183216 0.3573701
v -0.0675712 0.0183057 0.3520443
v -0.0569314 0.0183216 0.3573701
v -0.0778046 0.0182319 0.3457580
v 0.0669976 0.0102333 0.3508413
v 0.0771038 0.0101040 0.3446532
v 0.0564755 0.0102455 0.3560823
v 0.0456041 0.0101794 0.3603769
v 0.0344505 0.0100723 0.3637244
v 0.0230849 0.0099570 0.3661212
v 0.0115778 0.0098648 0.3675627
v -0.0000000 0.0098270 0.3680441
v -0.0115778 0.0098648 0.3675627
v -0.0230849 0.0099570 0.3661212
v -0.0344505 0.0100723 0.3637243
v -0.0456041 0.0101794 0.3603769
v -0.0564755 0.0102455 0.3560823
v -0.0669976 0.0102333 0.3508413
v -0.0564755 0.0102455 0.3560823
v -0.0771038 0.0101040 0.3446532
v 0.0661348 0.0023427 0.3488945
v 0.0760184 0.0021947 0.3428905
v 0.0558124 0.0023119 0.3539743
v 0.0451150 0.0021702 0.3581378
v 0.0341087 0.0019813 0.3613900
v 0.0228688 0.0017927 0.3637244
v 0.0114733 0.0016477 0.3651318
v -0.0000000 0.0015897 0.3656030
v -0.0114733 0.0016477 0.3651318
v -0.0228688 0.0017927 0.3637244
v -0.0341087 0.0019813 0.3613899
v -0.0451150 0.0021702 0.3581378
v -0.0558124 0.0023119 0.3539744
v -0.0661348 0.0023427 0.3488945
v -0.0558124 0.0023119 0.3539744
v -0.0760184 0.0021947 0.3428905
v 0.0650591 -0.0052750 0.3462516
v 0.0746163 -0.0053869 0.3405340
v 0.0550212 -0.0054077 0.3510776
v 0.0445602 -0.0056761 0.3550343
v 0.0337397 -0.0059809 0.3581378
v 0.0226453 -0.0062616 0.3603769
v 0.0113683 -0.0064672 0.3617334
v -0.0000000 -0.0065471 0.3621896
v -0.0113683 -0.0064672 0.3617334
v -0.0226453 -0.0062616 0.3603769
v -0.0337397 -0.0059809 0.3581378
v -0.0445602 -0.0056761 0.3550343
v -0.0550212 -0.0054077 0.3510776
v -0.0650591 -0.0052750 0.3462517
v -0.0550212 -0.0054077 0.3510776
v -0.0746163 -0.0053869 0.3405340
v 0.0638779 -0.0125340 0.3429498
v 0.0729939 -0.0125260 0.3376496
v 0.0542044 -0.0128494 0.3474117
v 0.0440275 -0.0133096 0.3510776
v 0.0334124 -0.0137732 0.3539743
v 0.0224614 -0.0141696 0.3560824
v 0.0112867 -0.0144461 0.3573701
v -0.0000000 -0.0145500 0.3578064
v -0.0112867 -0.0144461 0.3573701
v -0.0224614 -0.0141696 0.3560823
v -0.0334124 -0.0137732 0.3539743
v -0.0440275 -0.0133096 0.3510776
v -0.0542044 -0.0128495 0.3474117
v -0.0638779 -0.0125340 0.3429498
v -0.0542044 -0.0128495 0.3474117
v -0.0729939 -0.0125260 0.3376496
v 0.0628219 -0.0193691 0.3389837
v 0.0713623 -0.0190862 0.3343106
v 0.0535586 -0.0199784 0.3429498
v 0.0436559 -0.0206978 0.3462517
v 0.0332169 -0.0213617 0.3488946
v 0.0223708 -0.0218974 0.3508413
v 0.0112532 -0.0222553 0.3520443
v -0.0000000 -0.0223856 0.3524559
v -0.0112533 -0.0222553 0.3520443
v -0.0223708 -0.0218974 0.3508413
v -0.0224614 -0.0141696 0.3560823
v -0.0334124 -0.0137732 0.3539743
v -0.0332169 -0.0213617 0.3488946
v -0.0223708 -0.0218974 0.3508413
v -0.0440275 -0.0133096 0.3510776
v -0.0436559 -0.0206978 0.3462517
v -0.0542044 -0.0128495 0.3474117
v -0.0535586 -0.0199784 0.3429498
v -0.0638779 -0.0125340 0.3429498
v -0.0628219 -0.0193691 0.3389836
v -0.0713623 -0.0190862 0.3343106
v -0.0628219 -0.0193691 0.3389836
v 0.0621895 -0.0257303 0.3343107
v 0.0700871 -0.0249630 0.3305122
v 0.0533082 -0.0267682 0.3376496
v 0.0435971 -0.0278123 0.3405339
v 0.0332490 -0.0287146 0.3428904
v 0.0224285 -0.0294116 0.3446532
v 0.0223708 -0.0218974 0.3508413
v 0.0112532 -0.0222553 0.3520443
v 0.0112930 -0.0298610 0.3457580
v 0.0224285 -0.0294116 0.3446532
v -0.0000000 -0.0223856 0.3524559
v -0.0000000 -0.0300202 0.3461405
v -0.0112533 -0.0222553 0.3520443
v -0.0112930 -0.0298610 0.3457580
v -0.0224285 -0.0294116 0.3446533
v -0.0332490 -0.0287146 0.3428905
v -0.0435971 -0.0278123 0.3405339
v -0.0533082 -0.0267682 0.3376496
v -0.0621895 -0.0257303 0.3343106
v -0.0713623 -0.0190862 0.3343106
v -0.0700871 -0.0249630 0.3305122
v 0.0748911 0.0816601 0.3240254
v 0.0694391 0.0830346 0.3262677
v 0.0769111 0.0775997 0.3262677
v 0.0624241 0.0845481 0.3287809
v 0.0536961 0.0861358 0.3314558
v 0.0440031 0.0875629 0.3339017
v 0.0336044 0.0887379 0.3359542
v 0.0226897 0.0896169 0.3375177
v 0.0114309 0.0901678 0.3385133
v 0.0000000 0.0903585 0.3388626
v -0.0114309 0.0901678 0.3385133
v -0.0114309 0.0901678 0.3385133
v -0.0226897 0.0896169 0.3375176
v -0.0224285 0.0823497 0.3446532
v -0.0112930 0.0827991 0.3457580
v -0.0336044 0.0887379 0.3359542
v -0.0332490 0.0816527 0.3428904
v -0.0440031 0.0875629 0.3339017
v -0.0435971 0.0807503 0.3405340
v -0.0536961 0.0861358 0.3314557
v -0.0533082 0.0797062 0.3376496
v -0.0624241 0.0845481 0.3287809
v -0.0621895 0.0786684 0.3343106
v -0.0624241 0.0845481 0.3287809
v -0.0694391 0.0830346 0.3262677
v -0.0748911 0.0816601 0.3240254
v -0.0769111 0.0775997 0.3262677
v -0.0791478 0.0723951 0.3287809
v -0.0815048 0.0659398 0.3314557
v -0.0836350 0.0587905 0.3339017
v -0.0853997 0.0511382 0.3359542
v -0.0867276 0.0431190 0.3375177
v -0.0875643 0.0348552 0.3385133
v -0.0878553 0.0264690 0.3388627
v -0.0875643 0.0180829 0.3385134
v -0.0867276 0.0098191 0.3375176
v -0.0853997 0.0017999 0.3359542
v -0.0836350 -0.0058524 0.3339017
v -0.0815048 -0.0130017 0.3314557
v -0.0791478 -0.0194571 0.3287809
v -0.0769111 -0.0246616 0.3262677
v -0.0700871 -0.0249630 0.3305122
v -0.0769111 -0.0246616 0.3262677
v -0.0748911 -0.0287221 0.3240254
v -0.0694391 -0.0300965 0.3262677
v -0.0624241 -0.0316100 0.3287809
v -0.0536961 -0.0331977 0.3314557
v -0.0440031 -0.0346248 0.3339017
v -0.0336044 -0.0357998 0.3359542
v -0.0226897 -0.0366788 0.3375177
v -0.0114309 -0.0372297 0.3385134
v 0.0000000 -0.0374205 0.3388627
v 0.0114309 -0.0372297 0.3385134
v 0.0226897 -0.0366788 0.3375177
v 0.0332490 -0.0287146 0.3428904
v 0.0336044 -0.0357998 0.3359542
v 0.0435971 -0.0278123 0.3405339
v 0.0440031 -0.0346248 0.3339017
v 0.0533082 -0.0267682 0.3376496
v 0.0536961 -0.0331977 0.3314557
v 0.0536961 -0.0331977 0.3314557
v 0.0624241 -0.0316100 0.3287810
v 0.0694391 -0.0300965 0.3262677
v 0.0769111 -0.0246616 0.3262677
v 0.0748911 -0.0287221 0.3240254
v 0.0791478 -0.0194571 0.3287809
v 0.0815048 -0.0130017 0.3314558
v 0.0836350 -0.0058524 0.3339017
v 0.0853997 0.0017999 0.3359543
v 0.0867276 0.0098191 0.3375177
v 0.0875643 0.0180829 0.3385134
v 0.0878553 0.0264690 0.3388627
v 0.0875643 0.0348552 0.3385133
v 0.0867276 0.0431190 0.3375177
v 0.0853997 0.0511382 0.3359543
v 0.0836350 0.0587905 0.3339017
v 0.0815048 0.0659398 0.3314557
v 0.0791478 0.0723951 0.3287809
v 0.1214303 -0.0888485 0.1305883
v 0.1185811 -0.0858872 0.1487495
v 0.1041489 -0.0937527 0.1487521
v 0.1066507 -0.0969226 0.1305886
v 0.1155843 -0.0827185 0.1665316
v 0.1015183 -0.0903586 0.1665404
v 0.1124376 -0.0793555 0.1838478
v 0.0987575 -0.0867535 0.1838685
v 0.1091392 -0.0758118 0.2006112
v 0.0958654 -0.0829506 0.2006516
v 0.1056872 -0.0721007 0.2167350
v 0.0928407 -0.0789631 0.2168049
v 0.1020794 -0.0682357 0.2321323
v 0.0896820 -0.0748043 0.2322433
v 0.0983140 -0.0642301 0.2467164
v 0.0863882 -0.0704874 0.2468821
v 0.0943989 -0.0601002 0.2604058
v 0.0829688 -0.0660268 0.2606430
v 0.0903822 -0.0558745 0.2731405
v 0.0794761 -0.0614408 0.2734742
v 0.0863218 -0.0515842 0.2848659
v 0.0759736 -0.0567489 0.2853304
v 0.0822757 -0.0472607 0.2955275
v 0.0725244 -0.0519706 0.2961667
v 0.0783292 -0.0429368 0.3050649
v 0.0692177 -0.0471161 0.3059426
v 0.0746763 -0.0386519 0.3133950
v 0.0662467 -0.0421583 0.3146371
v 0.0716396 -0.0343789 0.3204620
v 0.0638600 -0.0370388 0.3222418
v 0.0885591 -0.1004078 0.1487558
v 0.0906861 -0.1037545 0.1305890
v 0.0863233 -0.0968221 0.1665527
v 0.0839778 -0.0930103 0.1838978
v 0.0815220 -0.0889852 0.2007089
v 0.0789549 -0.0847596 0.2169037
v 0.0762760 -0.0803463 0.2324003
v 0.0734844 -0.0757582 0.2471164
v 0.0705901 -0.0710073 0.2609780
v 0.0676457 -0.0661023 0.2739428
v 0.0647145 -0.0610511 0.2859769
v 0.0618597 -0.0558618 0.2970461
v 0.0591634 -0.0505320 0.3071235
v 0.0567822 -0.0450178 0.3162105
v 0.0548952 -0.0392624 0.3243167
v 0.0720048 -0.1058525 0.1487599
v 0.0737339 -0.1093441 0.1305896
v 0.0701876 -0.1021094 0.1665669
v 0.0682818 -0.0981271 0.1839314
v 0.0662872 -0.0939178 0.2007744
v 0.0642032 -0.0894939 0.2170170
v 0.0620294 -0.0848676 0.2325802
v 0.0597656 -0.0800511 0.2473850
v 0.0574209 -0.0750544 0.2613613
v 0.0550439 -0.0698789 0.2744750
v 0.0526926 -0.0645233 0.2867008
v 0.0504253 -0.0589867 0.2980136
v 0.0483101 -0.0532619 0.3083924
v 0.0464556 -0.0473181 0.3178331
v 0.0449804 -0.0411180 0.3263361
v 0.0546788 -0.1100871 0.1487642
v 0.0559917 -0.1136917 0.1305901
v 0.0532992 -0.1062209 0.1665811
v 0.0518528 -0.1021049 0.1839649
v 0.0503393 -0.0977506 0.2008400
v 0.0487586 -0.0931697 0.2171303
v 0.0471104 -0.0883739 0.2327601
v 0.0453947 -0.0833748 0.2476535
v 0.0436192 -0.0781810 0.2617439
v 0.0418240 -0.0727897 0.2750005
v 0.0400572 -0.0671948 0.2874022
v 0.0383669 -0.0613906 0.2989277
v 0.0368054 -0.0553686 0.3095573
v 0.0354421 -0.0491101 0.3192787
v 0.0343506 -0.0425942 0.3280811
v 0.0367741 -0.1131116 0.1487678
v 0.0376570 -0.1167970 0.1305906
v 0.0358464 -0.1091571 0.1665934
v 0.0348740 -0.1049448 0.1839942
v 0.0338567 -0.1004857 0.2008972
v 0.0327944 -0.0957908 0.2172292
v 0.0316871 -0.0908712 0.2329171
v 0.0305348 -0.0857380 0.2478878
v 0.0293430 -0.0803992 0.2620770
v 0.0281403 -0.0748504 0.2754545
v 0.0269609 -0.0690840 0.2879992
v 0.0258388 -0.0630926 0.2996897
v 0.0248097 -0.0568679 0.3105052
v 0.0239140 -0.0503987 0.3204271
v 0.0231934 -0.0436730 0.3294373
v 0.0184835 -0.1149262 0.1487704
v 0.0189272 -0.1186602 0.1305909
v 0.0180173 -0.1109186 0.1666021
v 0.0175286 -0.1066480 0.1840149
v 0.0170175 -0.1021252 0.2009376
v 0.0164838 -0.0973607 0.2172991
v 0.0159276 -0.0923653 0.2330281
v 0.0153489 -0.0871496 0.2480536
v 0.0147506 -0.0817212 0.2623123
v 0.0141475 -0.0760759 0.2757735
v 0.0135573 -0.0702062 0.2884141
v 0.0129977 -0.0641048 0.3002113
v 0.0124867 -0.0577643 0.3111424
v 0.0120428 -0.0511769 0.3211848
v 0.0116846 -0.0443347 0.3303159
v -0.0000000 -0.1155310 0.1487714
v 0.0000000 -0.1192813 0.1305910
v -0.0000000 -0.1115056 0.1666054
v -0.0000000 -0.1072155 0.1840228
v -0.0000000 -0.1026712 0.2009530
v -0.0000000 -0.0978832 0.2173256
v -0.0000000 -0.0928620 0.2330702
v -0.0000000 -0.0876182 0.2481164
v -0.0000000 -0.0821592 0.2624015
v 0.0000000 -0.0764811 0.2758939
v 0.0000000 -0.0705768 0.2885696
v 0.0000000 -0.0644395 0.3004049
v 0.0000000 -0.0580622 0.3113757
v 0.0000000 -0.0514379 0.3214582
v 0.0000000 -0.0445596 0.3306285
v -0.0184835 -0.1149262 0.1487704
v -0.0189272 -0.1186602 0.1305909
v -0.0180173 -0.1109186 0.1666021
v -0.0175286 -0.1066480 0.1840149
v -0.0170175 -0.1021252 0.2009376
v -0.0164838 -0.0973607 0.2172991
v -0.0159276 -0.0923653 0.2330281
v -0.0153489 -0.0871496 0.2480536
v -0.0147506 -0.0817212 0.2623123
v -0.0141475 -0.0760759 0.2757735
v -0.0135573 -0.0702062 0.2884141
v -0.0129977 -0.0641048 0.3002114
v -0.0124867 -0.0577643 0.3111425
v -0.0120428 -0.0511769 0.3211848
v -0.0116846 -0.0443347 0.3303159
v -0.0367741 -0.1131116 0.1487678
v -0.0376570 -0.1167970 0.1305906
v -0.0358464 -0.1091572 0.1665934
v -0.0348740 -0.1049448 0.1839942
v -0.0338567 -0.1004857 0.2008972
v -0.0327944 -0.0957908 0.2172291
v -0.0316872 -0.0908712 0.2329171
v -0.0305348 -0.0857380 0.2478879
v -0.0293430 -0.0803992 0.2620770
v -0.0281403 -0.0748504 0.2754545
v -0.0269609 -0.0690840 0.2879991
v -0.0258388 -0.0630926 0.2996897
v -0.0248097 -0.0568679 0.3105051
v -0.0239140 -0.0503987 0.3204271
v -0.0231934 -0.0436730 0.3294373
v -0.0546788 -0.1100871 0.1487641
v -0.0559917 -0.1136917 0.1305901
v -0.0532992 -0.1062209 0.1665810
v -0.0518528 -0.1021049 0.1839649
v -0.0503393 -0.0977506 0.2008400
v -0.0487586 -0.0931698 0.2171304
v -0.0471105 -0.0883739 0.2327601
v -0.0453947 -0.0833748 0.2476535
v -0.0436192 -0.0781810 0.2617438
v -0.0418240 -0.0727897 0.2750005
v -0.0400572 -0.0671948 0.2874022
v -0.0383669 -0.0613906 0.2989277
v -0.0368054 -0.0553686 0.3095573
v -0.0354421 -0.0491101 0.3192787
v -0.0343506 -0.0425942 0.3280812
v -0.0720048 -0.1058525 0.1487600
v -0.0737339 -0.1093441 0.1305896
v -0.0701876 -0.1021094 0.1665669
v -0.0682818 -0.0981271 0.1839314
v -0.0662872 -0.0939178 0.2007744
v -0.0642032 -0.0894939 0.2170170
v -0.0620294 -0.0848676 0.2325802
v -0.0597656 -0.0800511 0.2473850
v -0.0574209 -0.0750544 0.2613613
v -0.0550439 -0.0698789 0.2744750
v -0.0526926 -0.0645233 0.2867008
v -0.0504253 -0.0589867 0.2980136
v -0.0483101 -0.0532619 0.3083923
v -0.0464556 -0.0473181 0.3178331
v -0.0449804 -0.0411180 0.3263361
v -0.0885591 -0.1004078 0.1487558
v -0.0906861 -0.1037545 0.1305890
v -0.0863233 -0.0968221 0.1665527
v -0.0839778 -0.0930103 0.1838978
v -0.0815220 -0.0889852 0.2007089
v -0.0789549 -0.0847596 0.2169037
v -0.0762760 -0.0803463 0.2324003
v -0.0734844 -0.0757582 0.2471164
v -0.0705901 -0.0710073 0.2609780
v -0.0676457 -0.0661023 0.2739428
v -0.0647145 -0.0610511 0.2859769
v -0.0618597 -0.0558618 0.2970461
v -0.0591634 -0.0505320 0.3071235
v -0.0567822 -0.0450178 0.3162105
v -0.0548952 -0.0392623 0.3243167
v -0.1041489 -0.0937527 0.1487521
v -0.1066507 -0.0969226 0.1305886
v -0.1015182 -0.0903586 0.1665404
v -0.0987575 -0.0867535 0.1838685
v -0.0958654 -0.0829506 0.2006517
v -0.0928407 -0.0789631 0.2168049
v -0.0896820 -0.0748043 0.2322434
v -0.0863882 -0.0704875 0.2468822
v -0.0829688 -0.0660268 0.2606430
v -0.0794761 -0.0614408 0.2734741
v -0.0759736 -0.0567489 0.2853305
v -0.0725244 -0.0519706 0.2961667
v -0.0692177 -0.0471161 0.3059426
v -0.0662467 -0.0421583 0.3146371
v -0.0638600 -0.0370388 0.3222418
v -0.1185812 -0.0858872 0.1487495
v -0.1214303 -0.0888485 0.1305883
v -0.1155843 -0.0827184 0.1665316
v -0.1124376 -0.0793555 0.1838478
v -0.1091392 -0.0758118 0.2006112
v -0.1056872 -0.0721008 0.2167350
v -0.1020794 -0.0682357 0.2321323
v -0.0983140 -0.0642301 0.2467164
v -0.0943989 -0.0601002 0.2604058
v -0.0903822 -0.0558745 0.2731405
v -0.0863218 -0.0515842 0.2848659
v -0.0822757 -0.0472607 0.2955275
v -0.0783292 -0.0429368 0.3050649
v -0.0746763 -0.0386519 0.3133950
v -0.0716396 -0.0343789 0.3204620
v 0.1378291 -0.0820509 0.1121347
v 0.1348273 -0.0795321 0.1305881
v 0.1241337 -0.0915887 0.1121347
v 0.1316630 -0.0768111 0.1487485
v 0.1283332 -0.0739012 0.1665283
v 0.1248349 -0.0708153 0.1838399
v 0.1211652 -0.0675669 0.2005958
v 0.1173212 -0.0641689 0.2167085
v 0.1133001 -0.0606347 0.2320902
v 0.1090987 -0.0569774 0.2466536
v 0.1047227 -0.0532148 0.2603158
v 0.1002110 -0.0493836 0.2730134
v 0.0956111 -0.0455249 0.2846878
v 0.0909703 -0.0416798 0.2952806
v 0.0863553 -0.0379040 0.3047204
v 0.0819099 -0.0343097 0.3128853
v 0.0780845 -0.0312498 0.3192327
v 0.0780845 -0.0312498 0.3192327
v 0.0716396 -0.0343789 0.3204620
v 0.0694391 -0.0300965 0.3262677
v 0.0624241 -0.0316100 0.3287810
v -0.0780845 -0.0312498 0.3192327
v -0.0819099 -0.0343097 0.3128853
v -0.0863553 -0.0379040 0.3047204
v -0.0909703 -0.0416798 0.2952806
v -0.0956111 -0.0455249 0.2846878
v -0.1002110 -0.0493836 0.2730134
v -0.1047227 -0.0532148 0.2603158
v -0.1090987 -0.0569774 0.2466536
v -0.1133001 -0.0606347 0.2320902
v -0.1173212 -0.0641689 0.2167085
v -0.1211652 -0.0675668 0.2005958
v -0.1248349 -0.0708153 0.1838399
v -0.1283332 -0.0739011 0.1665283
v -0.1316630 -0.0768111 0.1487485
v -0.1348273 -0.0795321 0.1305882
v -0.1241336 -0.0915887 0.1121347
v -0.1378291 -0.0820509 0.1121347
v -0.1090249 -0.0998549 0.1121347
v -0.0927049 -0.1068493 0.1121347
v -0.0753753 -0.1125721 0.1121348
v -0.0572381 -0.1170231 0.1121348
v -0.0384952 -0.1202024 0.1121347
v -0.0193486 -0.1221100 0.1121347
v -0.0000000 -0.1227458 0.1121348
v 0.0193486 -0.1221100 0.1121347
v 0.0384952 -0.1202024 0.1121347
v 0.0572381 -0.1170231 0.1121348
v 0.0753753 -0.1125721 0.1121348
v 0.0927049 -0.1068494 0.1121347
v 0.1090249 -0.0998549 0.1121348
v -0.1466772 -0.0689994 0.1305883
v -0.1432337 -0.0665496 0.1487495
v -0.1532612 -0.0552286 0.1487521
v -0.1569471 -0.0573797 0.1305886
v -0.1396082 -0.0639309 0.1665316
v -0.1493785 -0.0529302 0.1665404
v -0.1357967 -0.0611558 0.1838478
v -0.1452936 -0.0504959 0.1838685
v -0.1317951 -0.0582369 0.2006112
v -0.1410009 -0.0479372 0.2006516
v -0.1275991 -0.0551868 0.2167350
v -0.1364950 -0.0452656 0.2168049
v -0.1232048 -0.0520180 0.2321323
v -0.1317704 -0.0424928 0.2322433
v -0.1186080 -0.0487430 0.2467164
v -0.1268217 -0.0396300 0.2468821
v -0.1138106 -0.0453802 0.2604058
v -0.1216467 -0.0366953 0.2606430
v -0.1088385 -0.0419711 0.2731405
v -0.1162562 -0.0337317 0.2734742
v -0.1037238 -0.0385630 0.2848659
v -0.1106643 -0.0307888 0.2853304
v -0.0984983 -0.0352033 0.2955275
v -0.1048854 -0.0279162 0.2961667
v -0.0931963 -0.0319590 0.3050648
v -0.0989210 -0.0251816 0.3059426
v -0.0878603 -0.0289757 0.3133950
v -0.0927234 -0.0227260 0.3146371
v -0.0824436 -0.0264903 0.3204620
v -0.0862025 -0.0207298 0.3222418
v -0.1617457 -0.0429997 0.1487558
v -0.1656369 -0.0448283 0.1305890
v -0.1576445 -0.0410463 0.1665527
v -0.1533264 -0.0389784 0.1838978
v -0.1487847 -0.0368062 0.2007089
v -0.1440124 -0.0345396 0.2169037
v -0.1390026 -0.0321888 0.2324003
v -0.1337484 -0.0297640 0.2471164
v -0.1282437 -0.0272815 0.2609779
v -0.1224845 -0.0247832 0.2739428
v -0.1164679 -0.0223169 0.2859769
v -0.1101908 -0.0199309 0.2970461
v -0.1036363 -0.0176860 0.3071235
v -0.0967326 -0.0156953 0.3162105
v -0.0893902 -0.0140875 0.3243167
v -0.1686872 -0.0300140 0.1487600
v -0.1727468 -0.0315006 0.1305896
v -0.1644065 -0.0284264 0.1665669
v -0.1598964 -0.0267465 0.1839314
v -0.1551486 -0.0249824 0.2007744
v -0.1501550 -0.0231428 0.2170170
v -0.1449071 -0.0212360 0.2325802
v -0.1393966 -0.0192704 0.2473850
v -0.1336141 -0.0172604 0.2613613
v -0.1275440 -0.0152432 0.2744750
v -0.1211695 -0.0132620 0.2867008
v -0.1144740 -0.0113599 0.2980136
v -0.1074326 -0.0095870 0.3083923
v -0.0999887 -0.0080214 0.3178331
v -0.0920777 -0.0067481 0.3263361
v -0.1740859 -0.0164229 0.1487641
v -0.1782766 -0.0175517 0.1305901
v -0.1696651 -0.0152178 0.1665811
v -0.1650045 -0.0139428 0.1839649
v -0.1600947 -0.0126045 0.2008400
v -0.1549262 -0.0112093 0.2171303
v -0.1494895 -0.0097640 0.2327602
v -0.1437749 -0.0082749 0.2476535
v -0.1377705 -0.0067533 0.2617438
v -0.1314540 -0.0052297 0.2750005
v -0.1248006 -0.0037391 0.2874022
v -0.1177857 -0.0023167 0.2989277
v -0.1103811 -0.0010005 0.3095573
v -0.1025451 0.0001595 0.3192786
v -0.0942330 0.0011106 0.3280811
v -0.1779420 -0.0023778 0.1487678
v -0.1822265 -0.0031369 0.1305905
v -0.1734206 -0.0015675 0.1665934
v -0.1686519 -0.0007104 0.1839942
v -0.1636251 0.0001891 0.2008972
v -0.1583298 0.0011265 0.2172291
v -0.1527556 0.0020974 0.2329171
v -0.1468916 0.0030973 0.2478878
v -0.1407247 0.0041183 0.2620770
v -0.1342295 0.0051392 0.2754544
v -0.1273780 0.0061351 0.2879991
v -0.1201420 0.0070814 0.2996896
v -0.1124924 0.0079524 0.3105051
v -0.1043962 0.0087190 0.3204271
v -0.0958193 0.0093512 0.3294373
v -0.1802555 0.0119699 0.1487704
v -0.1845964 0.0115884 0.1305909
v -0.1756737 0.0123771 0.1666021
v -0.1708395 0.0128079 0.1840149
v -0.1657418 0.0132598 0.2009376
v -0.1603694 0.0137307 0.2172991
v -0.1547110 0.0142183 0.2330281
v -0.1487555 0.0147204 0.2480535
v -0.1424886 0.0152329 0.2623123
v -0.1358846 0.0157449 0.2757735
v -0.1289147 0.0162435 0.2884141
v -0.1215503 0.0167161 0.3002113
v -0.1137624 0.0171496 0.3111424
v -0.1055218 0.0175309 0.3211847
v -0.0967989 0.0178465 0.3303159
v -0.1810267 0.0264690 0.1487714
v -0.1853863 0.0264690 0.1305910
v -0.1764246 0.0264690 0.1666054
v -0.1715685 0.0264690 0.1840228
v -0.1664469 0.0264690 0.2009530
v -0.1610484 0.0264690 0.2173256
v -0.1553616 0.0264690 0.2330702
v -0.1493748 0.0264690 0.2481164
v -0.1430739 0.0264690 0.2624015
v -0.1364332 0.0264690 0.2758939
v -0.1294240 0.0264690 0.2885696
v -0.1220180 0.0264690 0.3004048
v -0.1141867 0.0264690 0.3113756
v -0.1059014 0.0264690 0.3214581
v -0.0971338 0.0264690 0.3306285
v -0.1802555 0.0409681 0.1487704
v -0.1845964 0.0413496 0.1305909
v -0.1756737 0.0405609 0.1666021
v -0.1708395 0.0401302 0.1840149
v -0.1657418 0.0396782 0.2009376
v -0.1603694 0.0392073 0.2172990
v -0.1547110 0.0387197 0.2330281
v -0.1487555 0.0382177 0.2480535
v -0.1424886 0.0377051 0.2623123
v -0.1358846 0.0371932 0.2757734
v -0.1289147 0.0366945 0.2884141
v -0.1215503 0.0362220 0.3002114
v -0.1137624 0.0357884 0.3111424
v -0.1055218 0.0354072 0.3211848
v -0.0967989 0.0350916 0.3303159
v -0.1779420 0.0553159 0.1487678
v -0.1822265 0.0560749 0.1305905
v -0.1734206 0.0545055 0.1665934
v -0.1686519 0.0536484 0.1839942
v -0.1636251 0.0527489 0.2008971
v -0.1583298 0.0518115 0.2172291
v -0.1527555 0.0508407 0.2329170
v -0.1468917 0.0498408 0.2478878
v -0.1407247 0.0488197 0.2620770
v -0.1342295 0.0477989 0.2754545
v -0.1273780 0.0468029 0.2879991
v -0.1201420 0.0458567 0.2996896
v -0.1124924 0.0449857 0.3105051
v -0.1043962 0.0442191 0.3204270
v -0.0958193 0.0435869 0.3294373
v -0.1740859 0.0693609 0.1487641
v -0.1782766 0.0704897 0.1305901
v -0.1696651 0.0681558 0.1665810
v -0.1650045 0.0668808 0.1839649
v -0.1600948 0.0655425 0.2008400
v -0.1549262 0.0641474 0.2171303
v -0.1494894 0.0627020 0.2327601
v -0.1437749 0.0612129 0.2476535
v -0.1377704 0.0596914 0.2617438
v -0.1314540 0.0581677 0.2750005
v -0.1248006 0.0566772 0.2874022
v -0.1177857 0.0552547 0.2989277
v -0.1103811 0.0539386 0.3095572
v -0.1025451 0.0527786 0.3192787
v -0.0942330 0.0518275 0.3280812
v -0.1686872 0.0829520 0.1487599
v -0.1727468 0.0844386 0.1305896
v -0.1644065 0.0813645 0.1665669
v -0.1598964 0.0796845 0.1839313
v -0.1551486 0.0779204 0.2007744
v -0.1501550 0.0760808 0.2170170
v -0.1449070 0.0741740 0.2325802
v -0.1393967 0.0722085 0.2473850
v -0.1336141 0.0701985 0.2613613
v -0.1275440 0.0681813 0.2744750
v -0.1211695 0.0662001 0.2867008
v -0.1144740 0.0642979 0.2980136
v -0.1074326 0.0625250 0.3083923
v -0.0999887 0.0609594 0.3178331
v -0.0920777 0.0596862 0.3263361
v -0.1617457 0.0959377 0.1487557
v -0.1656369 0.0977663 0.1305890
v -0.1576445 0.0939843 0.1665527
v -0.1533264 0.0919165 0.1838978
v -0.1487847 0.0897442 0.2007088
v -0.1440124 0.0874776 0.2169037
v -0.1390026 0.0851269 0.2324003
v -0.1337484 0.0827021 0.2471164
v -0.1282436 0.0802196 0.2609780
v -0.1224845 0.0777212 0.2739428
v -0.1164679 0.0752550 0.2859769
v -0.1101908 0.0728689 0.2970461
v -0.1036363 0.0706241 0.3071235
v -0.0967326 0.0686334 0.3162105
v -0.0893902 0.0670256 0.3243167
v -0.1532612 0.1081667 0.1487521
v -0.1569471 0.1103177 0.1305886
v -0.1493785 0.1058682 0.1665403
v -0.1452936 0.1034339 0.1838685
v -0.1410009 0.1008752 0.2006516
v -0.1364950 0.0982037 0.2168049
v -0.1317704 0.0954308 0.2322433
v -0.1268217 0.0925681 0.2468821
v -0.1216467 0.0896333 0.2606430
v -0.1162562 0.0866697 0.2734741
v -0.1106643 0.0837269 0.2853304
v -0.1048854 0.0808542 0.2961667
v -0.0989210 0.0781196 0.3059426
v -0.0927234 0.0756641 0.3146370
v -0.0862025 0.0736679 0.3222418
v -0.1432337 0.1194876 0.1487495
v -0.1466772 0.1219374 0.1305882
v -0.1396082 0.1168689 0.1665316
v -0.1357968 0.1140938 0.1838478
v -0.1317951 0.1111749 0.2006111
v -0.1275991 0.1081248 0.2167349
v -0.1232048 0.1049560 0.2321323
v -0.1186080 0.1016810 0.2467164
v -0.1138106 0.0983182 0.2604057
v -0.1088385 0.0949091 0.2731405
v -0.1037238 0.0915011 0.2848659
v -0.0984983 0.0881414 0.2955275
v -0.0931963 0.0848971 0.3050649
v -0.0878603 0.0819138 0.3133950
v -0.0824436 0.0794284 0.3204620
v -0.1466772 -0.0689994 0.1305883
v -0.1499430 -0.0712678 0.1121347
v -0.1432337 -0.0665496 0.1487495
v -0.1396082 -0.0639309 0.1665316
v -0.1357967 -0.0611558 0.1838478
v -0.1317951 -0.0582369 0.2006112
v -0.1275991 -0.0551868 0.2167350
v -0.1232048 -0.0520180 0.2321323
v -0.1186080 -0.0487430 0.2467164
v -0.1138106 -0.0453802 0.2604058
v -0.1088385 -0.0419711 0.2731405
v -0.1037238 -0.0385630 0.2848659
v -0.0984983 -0.0352033 0.2955275
v -0.0931963 -0.0319590 0.3050648
v -0.0878603 -0.0289757 0.3133950
v -0.0824436 -0.0264903 0.3204620
v -0.0780845 0.0841879 0.3192327
v -0.0819099 0.0872478 0.3128853
v -0.0863553 0.0908420 0.3047204
v -0.0909703 0.0946179 0.2952806
v -0.0956111 0.0984629 0.2846878
v -0.1002110 0.1023217 0.2730133
v -0.1047227 0.1061529 0.2603157
v -0.1090987 0.1099154 0.2466535
v -0.1133001 0.1135727 0.2320902
v -0.1173212 0.1171069 0.2167084
v -0.1211652 0.1205049 0.2005958
v -0.1248349 0.1237533 0.1838399
v -0.1283332 0.1268392 0.1665283
v -0.1316630 0.1297492 0.1487485
v -0.1348273 0.1324701 0.1305881
v -0.1499430 0.1242058 0.1121347
v -0.1378291 0.1349889 0.1121347
v -0.1604417 0.1123099 0.1121347
v -0.1693252 0.0994603 0.1121347
v -0.1765935 0.0858158 0.1121347
v -0.1822466 0.0715355 0.1121347
v -0.1862846 0.0567783 0.1121347
v -0.1887074 0.0417031 0.1121347
v -0.1895150 0.0264690 0.1121347
v -0.1887074 0.0112349 0.1121347
v -0.1862846 -0.0038403 0.1121347
v -0.1822466 -0.0185975 0.1121347
v -0.1765935 -0.0328778 0.1121347
v -0.1693252 -0.0465223 0.1121347
v -0.1604417 -0.0593719 0.1121347
v -0.1499430 -0.0712678 0.1121347
v -0.1156078 0.1155037 -0.1294189
v -0.1032407 0.1180856 -0.1339550
v -0.1057563 0.1077733 -0.1395355
v -0.1190798 0.1059349 -0.1339550
v -0.0889401 0.1210685 -0.1379424
v -0.0907795 0.1100599 -0.1442719
v -0.0730254 0.1239658 -0.1413869
v -0.0743814 0.1124021 -0.1482151
v -0.0558572 0.1264694 -0.1442011
v -0.0568152 0.1144842 -0.1513713
v -0.0377563 0.1284156 -0.1463063
v -0.0383669 0.1161365 -0.1536961
v -0.0190336 0.1296769 -0.1476256
v -0.0193305 0.1172256 -0.1551328
v 0.0000000 0.1301257 -0.1480824
v 0.0000000 0.1176183 -0.1556243
v 0.0190336 0.1296769 -0.1476256
v 0.0193305 0.1172256 -0.1551328
v 0.0377563 0.1284157 -0.1463063
v 0.0383669 0.1161365 -0.1536961
v 0.0558572 0.1264694 -0.1442011
v 0.0568152 0.1144842 -0.1513712
v 0.0730254 0.1239658 -0.1413869
v 0.0743814 0.1124021 -0.1482151
v 0.0889401 0.1210685 -0.1379424
v 0.0907795 0.1100599 -0.1442719
v 0.0889401 0.1210685 -0.1379424
v 0.1032407 0.1180856 -0.1339550
v 0.1057563 0.1077733 -0.1395355
v 0.0907795 0.1100599 -0.1442719
v 0.1032407 0.1180856 -0.1339550
v 0.1156078 0.1155037 -0.1294189
v 0.1190798 0.1059349 -0.1339550
v 0.1057563 0.1077733 -0.1395355
v -0.1088428 0.0962186 -0.1442719
v -0.1230660 0.0948979 -0.1379424
v -0.0931319 0.0979438 -0.1496004
v -0.0761313 0.0997758 -0.1539783
v -0.0580525 0.1014493 -0.1574377
v -0.0391560 0.1028065 -0.1599550
v -0.0197143 0.1037166 -0.1614929
v 0.0000000 0.1040490 -0.1620139
v 0.0197143 0.1037166 -0.1614929
v 0.0391560 0.1028065 -0.1599550
v 0.0580525 0.1014493 -0.1574376
v 0.0761313 0.0997758 -0.1539783
v 0.0931319 0.0979438 -0.1496004
v 0.1057563 0.1077733 -0.1395355
v 0.1088428 0.0962186 -0.1442719
v 0.1230660 0.0948979 -0.1379424
v 0.1088428 0.0962186 -0.1442719
v -0.1119885 0.0835940 -0.1482151
v -0.1269319 0.0826343 -0.1413869
v -0.0956095 0.0848652 -0.1539783
v -0.0780049 0.0862413 -0.1587035
v -0.0593922 0.0875300 -0.1624097
v -0.0400179 0.0885979 -0.1650836
v -0.0201359 0.0893258 -0.1667036
v 0.0000000 0.0895949 -0.1672484
v 0.0201359 0.0893258 -0.1667036
v 0.0400179 0.0885979 -0.1650836
v 0.0593922 0.0875300 -0.1624097
v 0.0780049 0.0862413 -0.1587035
v 0.0956095 0.0848652 -0.1539783
v 0.1119885 0.0835940 -0.1482151
v 0.1269318 0.0826343 -0.1413869
v 0.1119885 0.0835940 -0.1482151
v -0.1147809 0.0700888 -0.1513712
v -0.1302724 0.0694190 -0.1442011
v -0.0978654 0.0709802 -0.1574376
v -0.0797508 0.0719582 -0.1624097
v -0.0606653 0.0728940 -0.1662934
v -0.0408494 0.0736837 -0.1690812
v -0.0205464 0.0742292 -0.1707620
v 0.0000000 0.0744328 -0.1713247
v 0.0205464 0.0742292 -0.1707620
v 0.0408494 0.0736837 -0.1690812
v 0.0606653 0.0728940 -0.1662934
v 0.0797508 0.0719582 -0.1624097
v 0.0978654 0.0709802 -0.1574377
v 0.1147809 0.0700888 -0.1513712
v 0.1302724 0.0694190 -0.1442011
v 0.1147809 0.0700888 -0.1513712
v -0.1169954 0.0559184 -0.1536961
v -0.1328700 0.0554956 -0.1463062
v -0.0996915 0.0564831 -0.1599550
v -0.0811928 0.0571094 -0.1650836
v -0.0617348 0.0577186 -0.1690812
v -0.0415566 0.0582397 -0.1719435
v -0.0208983 0.0586032 -0.1736649
v 0.0000000 0.0587398 -0.1742400
v 0.0208983 0.0586032 -0.1736650
v 0.0415566 0.0582397 -0.1719435
v 0.0617348 0.0577186 -0.1690812
v 0.0811928 0.0571094 -0.1650836
v 0.0996915 0.0564831 -0.1599550
v 0.1169954 0.0559184 -0.1536961
v 0.1328699 0.0554956 -0.1463062
v 0.1169954 0.0559184 -0.1536961
v -0.1184544 0.0413046 -0.1551327
v -0.1345537 0.0411003 -0.1476255
v -0.1009144 0.0415781 -0.1614929
v -0.0821734 0.0418835 -0.1667036
v -0.0624712 0.0421837 -0.1707620
v -0.0420480 0.0424426 -0.1736649
v -0.0211442 0.0426243 -0.1754092
v 0.0000000 0.0426929 -0.1759913
v 0.0211442 0.0426243 -0.1754092
v 0.0420481 0.0424426 -0.1736649
v 0.0624712 0.0421837 -0.1707620
v 0.0821734 0.0418835 -0.1667036
v 0.1009144 0.0415781 -0.1614929
v 0.1184544 0.0413046 -0.1551327
v 0.1345537 0.0411003 -0.1476255
v 0.1184544 0.0413046 -0.1551327
v -0.1189802 0.0264690 -0.1556243
v -0.1351529 0.0264690 -0.1480824
v -0.1013606 0.0264690 -0.1620139
v -0.0825353 0.0264690 -0.1672484
v -0.0627455 0.0264690 -0.1713247
v -0.0422322 0.0264690 -0.1742400
v -0.0212367 0.0264690 -0.1759913
v 0.0000000 0.0264690 -0.1765757
v 0.0212367 0.0264690 -0.1759913
v 0.0422322 0.0264690 -0.1742400
v 0.0627455 0.0264690 -0.1713247
v 0.0825353 0.0264690 -0.1672484
v 0.1013606 0.0264690 -0.1620139
v 0.1189802 0.0264690 -0.1556243
v 0.1351529 0.0264690 -0.1480824
v 0.1189802 0.0264690 -0.1556243
v -0.1184544 0.0116333 -0.1551327
v -0.1345537 0.0118376 -0.1476255
v -0.1009144 0.0113598 -0.1614929
v -0.0821734 0.0110545 -0.1667036
v -0.0624712 0.0107542 -0.1707620
v -0.0420480 0.0104953 -0.1736649
v -0.0211442 0.0103136 -0.1754091
v 0.0000000 0.0102450 -0.1759913
v 0.0211442 0.0103136 -0.1754091
v 0.0420481 0.0104953 -0.1736650
v 0.0624712 0.0107542 -0.1707620
v 0.0821734 0.0110545 -0.1667036
v 0.1009144 0.0113599 -0.1614929
v 0.1184544 0.0116333 -0.1551327
v 0.1345537 0.0118376 -0.1476255
v 0.1184544 0.0116333 -0.1551327
v -0.1169954 -0.0029805 -0.1536961
v -0.1328700 -0.0025577 -0.1463062
v -0.0996915 -0.0035452 -0.1599550
v -0.0811928 -0.0041715 -0.1650835
v -0.0617348 -0.0047807 -0.1690812
v -0.0415566 -0.0053018 -0.1719435
v -0.0208983 -0.0056653 -0.1736649
v 0.0000000 -0.0058019 -0.1742400
v 0.0208983 -0.0056653 -0.1736649
v 0.0415566 -0.0053018 -0.1719435
v 0.0617348 -0.0047807 -0.1690812
v 0.0811928 -0.0041715 -0.1650836
v 0.0996915 -0.0035452 -0.1599550
v 0.1169954 -0.0029805 -0.1536961
v 0.1328700 -0.0025577 -0.1463062
v 0.1169954 -0.0029805 -0.1536961
v -0.1147809 -0.0171509 -0.1513712
v -0.1302724 -0.0164810 -0.1442011
v -0.0978654 -0.0180423 -0.1574376
v -0.0797508 -0.0190203 -0.1624097
v -0.0606653 -0.0199561 -0.1662934
v -0.0408494 -0.0207457 -0.1690812
v -0.0205464 -0.0212913 -0.1707620
v 0.0000000 -0.0214949 -0.1713247
v 0.0205464 -0.0212913 -0.1707620
v 0.0408494 -0.0207458 -0.1690812
v 0.0606653 -0.0199561 -0.1662934
v 0.0797508 -0.0190203 -0.1624097
v 0.0978654 -0.0180423 -0.1574376
v 0.1147809 -0.0171509 -0.1513712
v 0.1302724 -0.0164810 -0.1442011
v 0.1147809 -0.0171509 -0.1513712
v -0.1119885 -0.0306560 -0.1482151
v -0.1269319 -0.0296964 -0.1413869
v -0.0956095 -0.0319273 -0.1539783
v -0.0780049 -0.0333034 -0.1587035
v -0.0593922 -0.0345921 -0.1624097
v -0.0400179 -0.0356600 -0.1650835
v -0.0201359 -0.0363879 -0.1667036
v 0.0000000 -0.0366570 -0.1672484
v 0.0201359 -0.0363879 -0.1667036
v 0.0400179 -0.0356600 -0.1650835
v 0.0593922 -0.0345921 -0.1624097
v 0.0780049 -0.0333034 -0.1587035
v 0.0956095 -0.0319273 -0.1539783
v 0.1119885 -0.0306561 -0.1482151
v 0.1269319 -0.0296964 -0.1413869
v 0.1119885 -0.0306561 -0.1482151
v -0.1088428 -0.0432807 -0.1442719
v -0.1230660 -0.0419600 -0.1379424
v -0.0931319 -0.0450059 -0.1496004
v -0.0761313 -0.0468379 -0.1539783
v -0.0580525 -0.0485114 -0.1574376
v -0.0391560 -0.0498686 -0.1599550
v -0.0197143 -0.0507787 -0.1614929
v 0.0000000 -0.0511111 -0.1620139
v 0.0197143 -0.0507787 -0.1614929
v 0.0391560 -0.0498686 -0.1599550
v 0.0580525 -0.0485114 -0.1574376
v 0.0761313 -0.0468379 -0.1539783
v 0.0931319 -0.0450059 -0.1496004
v 0.1088428 -0.0432807 -0.1442719
v 0.1230660 -0.0419600 -0.1379424
v 0.1088428 -0.0432807 -0.1442719
v -0.1057563 -0.0548354 -0.1395355
v -0.1190798 -0.0529969 -0.1339550
v -0.0907795 -0.0571220 -0.1442719
v -0.0743814 -0.0594642 -0.1482151
v -0.0568152 -0.0615463 -0.1513712
v -0.0383669 -0.0631986 -0.1536961
v -0.0193305 -0.0642877 -0.1551327
v -0.0000000 -0.0646804 -0.1556242
v 0.0193305 -0.0642877 -0.1551327
v 0.0383669 -0.0631986 -0.1536961
v 0.0568152 -0.0615463 -0.1513712
v 0.0743814 -0.0594642 -0.1482151
v 0.0907795 -0.0571220 -0.1442719
v 0.1057563 -0.0548354 -0.1395355
v 0.1190798 -0.0529969 -0.1339550
v 0.1057563 -0.0548354 -0.1395355
v -0.1032407 -0.0651477 -0.1339550
v -0.1156078 -0.0625658 -0.1294188
v -0.0889401 -0.0681306 -0.1379424
v -0.0730254 -0.0710279 -0.1413868
v -0.0558572 -0.0735315 -0.1442011
v -0.0377563 -0.0754777 -0.1463062
v -0.0190336 -0.0767390 -0.1476255
v -0.0000000 -0.0771878 -0.1480823
v 0.0190336 -0.0767390 -0.1476255
v 0.0377563 -0.0754777 -0.1463062
v 0.0558572 -0.0735315 -0.1442011
v 0.0730254 -0.0710279 -0.1413869
v 0.0889401 -0.0681306 -0.1379424
v 0.1032407 -0.0651477 -0.1339550
v 0.1156078 -0.0625658 -0.1294188
v 0.1032407 -0.0651477 -0.1339550
v -0.1216337 0.1202721 -0.1216723
v -0.1131250 0.1234542 -0.1243500
v -0.1258420 0.1136866 -0.1243500
v -0.1020146 0.1270253 -0.1273513
v -0.0880275 0.1308298 -0.1305456
v -0.0723335 0.1343130 -0.1334666
v -0.0553553 0.1372398 -0.1359178
v -0.0374298 0.1394717 -0.1377849
v -0.0188727 0.1408946 -0.1389739
v 0.0000000 0.1413942 -0.1393911
v 0.0188728 0.1408946 -0.1389739
v 0.0188728 0.1408946 -0.1389739
v 0.0374298 0.1394717 -0.1377849
v 0.0377563 0.1284157 -0.1463063
v 0.0190336 0.1296769 -0.1476256
v 0.0553553 0.1372398 -0.1359178
v 0.0558572 0.1264694 -0.1442011
v 0.0723335 0.1343130 -0.1334666
v 0.0730254 0.1239658 -0.1413869
v 0.0880275 0.1308298 -0.1305456
v 0.1020146 0.1270253 -0.1273513
v 0.1131250 0.1234542 -0.1243500
v 0.1156078 0.1155037 -0.1294189
v 0.1216337 0.1202721 -0.1216723
v 0.1258420 0.1136866 -0.1243500
v 0.1258420 0.1136866 -0.1243500
v 0.1305695 0.1050990 -0.1273513
v 0.1356102 0.0942994 -0.1305456
v 0.1402295 0.0821930 -0.1334666
v 0.1441148 0.0691055 -0.1359178
v 0.1470805 0.0552951 -0.1377849
v 0.1489728 0.0410025 -0.1389739
v 0.1496377 0.0264690 -0.1393911
v 0.1489728 0.0119354 -0.1389739
v 0.1470805 -0.0023571 -0.1377848
v 0.1441148 -0.0161676 -0.1359178
v 0.1402295 -0.0292551 -0.1334666
v 0.1356102 -0.0413615 -0.1305456
v 0.1305695 -0.0521611 -0.1273513
v 0.1258420 -0.0607487 -0.1243500
v 0.1216337 -0.0673342 -0.1216722
v 0.1131250 -0.0705163 -0.1243500
v 0.1020146 -0.0740874 -0.1273513
v 0.0889401 -0.0681306 -0.1379424
v 0.0880275 -0.0778919 -0.1305456
v 0.0880275 -0.0778919 -0.1305456
v 0.0723335 -0.0813751 -0.1334666
v 0.0553553 -0.0843019 -0.1359178
v 0.0374298 -0.0865338 -0.1377848
v 0.0188727 -0.0879567 -0.1389739
v -0.0000000 -0.0884563 -0.1393911
v -0.0188728 -0.0879567 -0.1389739
v -0.0374298 -0.0865338 -0.1377848
v -0.0553553 -0.0843019 -0.1359178
v -0.0723335 -0.0813751 -0.1334666
v -0.0880275 -0.0778919 -0.1305456
v -0.1020146 -0.0740874 -0.1273513
v -0.1131250 -0.0705163 -0.1243500
v -0.1258420 -0.0607487 -0.1243500
v -0.1216337 -0.0673342 -0.1216722
v -0.1305695 -0.0521611 -0.1273513
v -0.1356102 -0.0413615 -0.1305456
v -0.1402295 -0.0292551 -0.1334666
v -0.1441148 -0.0161676 -0.1359178
v -0.1470805 -0.0023571 -0.1377848
v -0.1489728 0.0119354 -0.1389739
v -0.1496377 0.0264690 -0.1393911
v -0.1489728 0.0410025 -0.1389739
v -0.1470805 0.0552951 -0.1377849
v -0.1441148 0.0691055 -0.1359178
v -0.1402295 0.0821930 -0.1334666
v -0.1356102 0.0942994 -0.1305456
v -0.1305695 0.1050990 -0.1273513
v 0.1466773 0.1219374 0.1305882
v 0.1432337 0.1194876 0.1487495
v 0.1532612 0.1081667 0.1487521
v 0.1569471 0.1103177 0.1305886
v 0.1396082 0.1168689 0.1665316
v 0.1493785 0.1058682 0.1665403
v 0.1357968 0.1140938 0.1838478
v 0.1452936 0.1034339 0.1838685
v 0.1317951 0.1111749 0.2006112
v 0.1410009 0.1008752 0.2006516
v 0.1275991 0.1081248 0.2167349
v 0.1364950 0.0982037 0.2168049
v 0.1232048 0.1049560 0.2321323
v 0.1317704 0.0954308 0.2322433
v 0.1186080 0.1016810 0.2467164
v 0.1268217 0.0925681 0.2468821
v 0.1186080 0.1016810 0.2467164
v 0.1138106 0.0983182 0.2604058
v 0.1216467 0.0896333 0.2606430
v 0.1268217 0.0925681 0.2468821
v 0.1088385 0.0949091 0.2731405
v 0.1162562 0.0866697 0.2734741
v 0.1037238 0.0915011 0.2848659
v 0.1106643 0.0837269 0.2853304
v 0.0984983 0.0881414 0.2955275
v 0.1048854 0.0808542 0.2961667
v 0.0931963 0.0848971 0.3050648
v 0.0989210 0.0781196 0.3059426
v 0.0878603 0.0819138 0.3133950
v 0.0927234 0.0756641 0.3146370
v 0.0824436 0.0794284 0.3204620
v 0.0862025 0.0736679 0.3222418
v 0.1569471 0.1103177 0.1305886
v 0.1532612 0.1081667 0.1487521
v 0.1617457 0.0959377 0.1487557
v 0.1656369 0.0977663 0.1305890
v 0.1493785 0.1058682 0.1665403
v 0.1576445 0.0939843 0.1665527
v 0.1452936 0.1034339 0.1838685
v 0.1533265 0.0919165 0.1838978
v 0.1452936 0.1034339 0.1838685
v 0.1410009 0.1008752 0.2006516
v 0.1487847 0.0897442 0.2007088
v 0.1533265 0.0919165 0.1838978
v 0.1364950 0.0982037 0.2168049
v 0.1440124 0.0874776 0.2169037
v 0.1317704 0.0954308 0.2322433
v 0.1390026 0.0851269 0.2324003
v 0.1337484 0.0827020 0.2471164
v 0.1282437 0.0802196 0.2609779
v 0.1224845 0.0777212 0.2739428
v 0.1164679 0.0752550 0.2859769
v 0.1101908 0.0728689 0.2970461
v 0.1036363 0.0706240 0.3071235
v 0.0967326 0.0686334 0.3162105
v 0.0893902 0.0670256 0.3243167
v 0.1686872 0.0829520 0.1487599
v 0.1727468 0.0844386 0.1305895
v 0.1644065 0.0813645 0.1665669
v 0.1598964 0.0796845 0.1839313
v 0.1487847 0.0897442 0.2007088
v 0.1551487 0.0779204 0.2007744
v 0.1440124 0.0874776 0.2169037
v 0.1501550 0.0760808 0.2170170
v 0.1449070 0.0741740 0.2325802
v 0.1501550 0.0760808 0.2170170
v 0.1393966 0.0722085 0.2473850
v 0.1336141 0.0701985 0.2613613
v 0.1275440 0.0681813 0.2744750
v 0.1211695 0.0662001 0.2867008
v 0.1144740 0.0642979 0.2980136
v 0.1074326 0.0625250 0.3083923
v 0.0999887 0.0609594 0.3178331
v 0.0920777 0.0596862 0.3263360
v 0.1740859 0.0693609 0.1487641
v 0.1782766 0.0704897 0.1305901
v 0.1696651 0.0681558 0.1665810
v 0.1650045 0.0668808 0.1839649
v 0.1600947 0.0655425 0.2008400
v 0.1549262 0.0641474 0.2171303
v 0.1449070 0.0741740 0.2325802
v 0.1494894 0.0627020 0.2327601
v 0.1437749 0.0612129 0.2476535
v 0.1494894 0.0627020 0.2327601
v 0.1377705 0.0596914 0.2617438
v 0.1314540 0.0581677 0.2750005
v 0.1248006 0.0566772 0.2874022
v 0.1177857 0.0552548 0.2989277
v 0.1103811 0.0539386 0.3095573
v 0.1025451 0.0527786 0.3192786
v 0.0942330 0.0518275 0.3280811
v 0.1779420 0.0553158 0.1487678
v 0.1822265 0.0560749 0.1305905
v 0.1734206 0.0545055 0.1665934
v 0.1686519 0.0536484 0.1839942
v 0.1636251 0.0527489 0.2008972
v 0.1583299 0.0518115 0.2172291
v 0.1527555 0.0508406 0.2329170
v 0.1468916 0.0498408 0.2478878
v 0.1527555 0.0508406 0.2329170
v 0.1407247 0.0488197 0.2620770
v 0.1342295 0.0477989 0.2754544
v 0.1273779 0.0468029 0.2879992
v 0.1201420 0.0458567 0.2996896
v 0.1124924 0.0449857 0.3105052
v 0.1043962 0.0442191 0.3204271
v 0.0958193 0.0435869 0.3294373
v 0.1802555 0.0409681 0.1487704
v 0.1845964 0.0413496 0.1305909
v 0.1756737 0.0405609 0.1666021
v 0.1708395 0.0401302 0.1840149
v 0.1657418 0.0396782 0.2009376
v 0.1603694 0.0392073 0.2172990
v 0.1547110 0.0387197 0.2330281
v 0.1468916 0.0498408 0.2478878
v 0.1487555 0.0382177 0.2480535
v 0.1424886 0.0377051 0.2623123
v 0.1487555 0.0382177 0.2480535
v 0.1358846 0.0371932 0.2757735
v 0.1289147 0.0366945 0.2884141
v 0.1215503 0.0362220 0.3002113
v 0.1137624 0.0357884 0.3111424
v 0.1055218 0.0354072 0.3211848
v 0.0967989 0.0350916 0.3303159
v 0.1810267 0.0264690 0.1487714
v 0.1853863 0.0264690 0.1305910
v 0.1764246 0.0264690 0.1666054
v 0.1715685 0.0264690 0.1840228
v 0.1664469 0.0264690 0.2009530
v 0.1610484 0.0264690 0.2173256
v 0.1553616 0.0264690 0.2330702
v 0.1493748 0.0264690 0.2481164
v 0.1430739 0.0264690 0.2624015
v 0.1493748 0.0264690 0.2481164
v 0.1364332 0.0264690 0.2758939
v 0.1294240 0.0264690 0.2885696
v 0.1220180 0.0264690 0.3004048
v 0.1141867 0.0264690 0.3113756
v 0.1059014 0.0264690 0.3214582
v 0.0971338 0.0264690 0.3306285
v 0.1802555 0.0119699 0.1487704
v 0.1845964 0.0115884 0.1305909
v 0.1756737 0.0123771 0.1666021
v 0.1708395 0.0128079 0.1840149
v 0.1657418 0.0132598 0.2009376
v 0.1603694 0.0137307 0.2172990
v 0.1547110 0.0142183 0.2330281
v 0.1487555 0.0147204 0.2480535
v 0.1430739 0.0264690 0.2624015
v 0.1424886 0.0152329 0.2623123
v 0.1358846 0.0157449 0.2757734
v 0.1424886 0.0152329 0.2623123
v 0.1289147 0.0162435 0.2884141
v 0.1215503 0.0167161 0.3002114
v 0.1137624 0.0171496 0.3111425
v 0.1055218 0.0175309 0.3211848
v 0.0967989 0.0178465 0.3303159
v 0.1779420 -0.0023778 0.1487678
v 0.1822265 -0.0031369 0.1305905
v 0.1734206 -0.0015675 0.1665934
v 0.1686519 -0.0007104 0.1839942
v 0.1636251 0.0001891 0.2008971
v 0.1583298 0.0011265 0.2172291
v 0.1527555 0.0020974 0.2329170
v 0.1468917 0.0030972 0.2478878
v 0.1407247 0.0041183 0.2620770
v 0.1342295 0.0051392 0.2754545
v 0.1407247 0.0041183 0.2620770
v 0.1273780 0.0061351 0.2879991
v 0.1201420 0.0070814 0.2996897
v 0.1124924 0.0079524 0.3105051
v 0.1043962 0.0087190 0.3204271
v 0.0958193 0.0093512 0.3294373
v 0.1740859 -0.0164229 0.1487641
v 0.1782766 -0.0175517 0.1305901
v 0.1696651 -0.0152178 0.1665810
v 0.1650045 -0.0139428 0.1839649
v 0.1600948 -0.0126045 0.2008400
v 0.1549262 -0.0112094 0.2171303
v 0.1494894 -0.0097640 0.2327601
v 0.1437749 -0.0082749 0.2476535
v 0.1377704 -0.0067533 0.2617438
v 0.1314540 -0.0052297 0.2750005
v 0.1377704 -0.0067533 0.2617438
v 0.1248006 -0.0037391 0.2874022
v 0.1177857 -0.0023167 0.2989277
v 0.1103811 -0.0010005 0.3095573
v 0.1025451 0.0001595 0.3192787
v 0.0942330 0.0011106 0.3280812
v 0.1686872 -0.0300140 0.1487600
v 0.1727468 -0.0315006 0.1305896
v 0.1644065 -0.0284265 0.1665669
v 0.1598964 -0.0267465 0.1839314
v 0.1551486 -0.0249824 0.2007744
v 0.1501550 -0.0231428 0.2170170
v 0.1449070 -0.0212360 0.2325802
v 0.1393967 -0.0192704 0.2473850
v 0.1336141 -0.0172604 0.2613613
v 0.1275440 -0.0152432 0.2744750
v 0.1336141 -0.0172604 0.2613613
v 0.1211695 -0.0132620 0.2867008
v 0.1144740 -0.0113599 0.2980136
v 0.1074326 -0.0095870 0.3083923
v 0.0999887 -0.0080214 0.3178331
v 0.0920777 -0.0067482 0.3263361
v 0.1617457 -0.0429997 0.1487557
v 0.1656369 -0.0448283 0.1305890
v 0.1576445 -0.0410463 0.1665527
v 0.1533264 -0.0389785 0.1838978
v 0.1487847 -0.0368062 0.2007089
v 0.1440124 -0.0345396 0.2169037
v 0.1390026 -0.0321888 0.2324003
v 0.1337484 -0.0297640 0.2471164
v 0.1282436 -0.0272815 0.2609780
v 0.1224845 -0.0247832 0.2739428
v 0.1282436 -0.0272815 0.2609780
v 0.1164679 -0.0223169 0.2859769
v 0.1101908 -0.0199309 0.2970461
v 0.1036363 -0.0176860 0.3071235
v 0.0967326 -0.0156953 0.3162105
v 0.0893902 -0.0140875 0.3243167
v 0.1532612 -0.0552286 0.1487521
v 0.1569471 -0.0573797 0.1305886
v 0.1493785 -0.0529302 0.1665404
v 0.1452936 -0.0504959 0.1838685
v 0.1410009 -0.0479372 0.2006516
v 0.1364950 -0.0452657 0.2168049
v 0.1317704 -0.0424927 0.2322433
v 0.1268217 -0.0396300 0.2468822
v 0.1216467 -0.0366953 0.2606430
v 0.1162562 -0.0337317 0.2734741
v 0.1216467 -0.0366953 0.2606430
v 0.1106644 -0.0307888 0.2853305
v 0.1048854 -0.0279162 0.2961667
v 0.0989210 -0.0251816 0.3059426
v 0.0927234 -0.0227260 0.3146371
v 0.0862025 -0.0207298 0.3222418
v 0.1432337 -0.0665496 0.1487495
v 0.1466772 -0.0689994 0.1305883
v 0.1396082 -0.0639309 0.1665316
v 0.1493785 -0.0529302 0.1665404
v 0.1452936 -0.0504959 0.1838685
v 0.1357968 -0.0611558 0.1838478
v 0.1396082 -0.0639309 0.1665316
v 0.1410009 -0.0479372 0.2006516
v 0.1317951 -0.0582369 0.2006112
v 0.1364950 -0.0452657 0.2168049
v 0.1275991 -0.0551868 0.2167350
v 0.1317704 -0.0424927 0.2322433
v 0.1232048 -0.0520180 0.2321323
v 0.1268217 -0.0396300 0.2468822
v 0.1186080 -0.0487430 0.2467164
v 0.1216467 -0.0366953 0.2606430
v 0.1138106 -0.0453802 0.2604058
v 0.1162562 -0.0337317 0.2734741
v 0.1088385 -0.0419711 0.2731405
v 0.1106644 -0.0307888 0.2853305
v 0.1037238 -0.0385630 0.2848659
v 0.0984983 -0.0352033 0.2955275
v 0.1037238 -0.0385630 0.2848659
v 0.0931963 -0.0319590 0.3050649
v 0.0878603 -0.0289757 0.3133950
v 0.0824436 -0.0264903 0.3204620
v 0.1378291 0.1349889 0.1121347
v 0.1348273 0.1324701 0.1305881
v 0.1499430 0.1242058 0.1121347
v 0.1316630 0.1297491 0.1487485
v 0.1283332 0.1268392 0.1665283
v 0.1248349 0.1237533 0.1838399
v 0.1211652 0.1205049 0.2005958
v 0.1173212 0.1171069 0.2167084
v 0.1133001 0.1135727 0.2320902
v 0.1090987 0.1099154 0.2466535
v 0.1047227 0.1061529 0.2603157
v 0.1138106 0.0983182 0.2604058
v 0.1002110 0.1023217 0.2730134
v 0.1088385 0.0949091 0.2731405
v 0.0956111 0.0984629 0.2846878
v 0.1037238 0.0915011 0.2848659
v 0.0956111 0.0984629 0.2846878
v 0.0909703 0.0946179 0.2952806
v 0.0863553 0.0908420 0.3047204
v 0.0819099 0.0872478 0.3128853
v 0.0780845 0.0841879 0.3192327
v 0.0819099 -0.0343097 0.3128853
v 0.0931963 -0.0319590 0.3050649
v 0.0878603 -0.0289757 0.3133950
v 0.0984983 -0.0352033 0.2955275
v 0.1432337 -0.0665496 0.1487495
v 0.1466772 -0.0689994 0.1305883
v 0.1499430 -0.0712678 0.1121347
v 0.1604417 -0.0593719 0.1121347
v 0.1499430 -0.0712678 0.1121347
v 0.1693252 -0.0465223 0.1121347
v 0.1765935 -0.0328778 0.1121347
v 0.1822466 -0.0185975 0.1121347
v 0.1862846 -0.0038403 0.1121347
v 0.1887074 0.0112349 0.1121347
v 0.1895150 0.0264690 0.1121347
v 0.1887074 0.0417031 0.1121347
v 0.1862846 0.0567783 0.1121347
v 0.1822466 0.0715355 0.1121347
v 0.1765935 0.0858158 0.1121347
v 0.1693252 0.0994603 0.1121347
v 0.1604417 0.1123099 0.1121347
v 0.1604417 0.1123099 0.1121347
v -0.1214303 0.1417865 0.1305882
v -0.1185811 0.1388252 0.1487495
v -0.1041489 0.1466907 0.1487521
v -0.1066507 0.1498606 0.1305886
v -0.1155843 0.1356565 0.1665316
v -0.1015183 0.1432966 0.1665403
v -0.1124376 0.1322935 0.1838478
v -0.0987575 0.1396915 0.1838685
v -0.1091392 0.1287499 0.2006112
v -0.0958654 0.1358886 0.2006516
v -0.1056872 0.1250388 0.2167349
v -0.0928407 0.1319011 0.2168048
v -0.1020794 0.1211737 0.2321323
v -0.0896820 0.1277423 0.2322433
v -0.0983140 0.1171681 0.2467164
v -0.0863882 0.1234255 0.2468821
v -0.0943989 0.1130383 0.2604058
v -0.0829688 0.1189648 0.2606430
v -0.0903822 0.1088126 0.2731405
v -0.0794761 0.1143788 0.2734741
v -0.0863218 0.1045223 0.2848659
v -0.0759736 0.1096869 0.2853304
v -0.0822757 0.1001987 0.2955275
v -0.0725244 0.1049086 0.2961667
v -0.0783292 0.0958748 0.3050648
v -0.0692177 0.1000541 0.3059426
v -0.0746763 0.0915900 0.3133950
v -0.0662467 0.0950964 0.3146370
v -0.0716396 0.0873170 0.3204620
v -0.0638600 0.0899768 0.3222418
v -0.0885591 0.1533458 0.1487557
v -0.0906861 0.1566925 0.1305890
v -0.0863233 0.1497601 0.1665527
v -0.0839778 0.1459483 0.1838978
v -0.0815220 0.1419232 0.2007088
v -0.0789549 0.1376976 0.2169037
v -0.0762760 0.1332843 0.2324003
v -0.0734844 0.1286962 0.2471164
v -0.0705901 0.1239453 0.2609779
v -0.0676457 0.1190403 0.2739428
v -0.0647144 0.1139892 0.2859769
v -0.0618597 0.1087999 0.2970461
v -0.0591634 0.1034700 0.3071235
v -0.0567822 0.0979558 0.3162105
v -0.0548952 0.0922004 0.3243167
v -0.0720048 0.1587905 0.1487599
v -0.0737339 0.1622821 0.1305896
v -0.0701876 0.1550474 0.1665669
v -0.0682818 0.1510651 0.1839313
v -0.0662872 0.1468559 0.2007744
v -0.0642032 0.1424319 0.2170170
v -0.0620294 0.1378056 0.2325802
v -0.0597656 0.1329891 0.2473849
v -0.0574209 0.1279925 0.2613613
v -0.0550439 0.1228169 0.2744750
v -0.0526926 0.1174613 0.2867008
v -0.0504253 0.1119247 0.2980135
v -0.0483101 0.1062000 0.3083923
v -0.0464556 0.1002561 0.3178331
v -0.0449804 0.0940561 0.3263360
v -0.0546788 0.1630251 0.1487641
v -0.0559917 0.1666297 0.1305901
v -0.0532992 0.1591589 0.1665810
v -0.0518528 0.1550429 0.1839649
v -0.0503393 0.1506887 0.2008399
v -0.0487586 0.1461078 0.2171303
v -0.0471104 0.1413120 0.2327601
v -0.0453947 0.1363128 0.2476535
v -0.0436192 0.1311190 0.2617438
v -0.0418240 0.1257277 0.2750005
v -0.0400572 0.1201329 0.2874022
v -0.0383669 0.1143287 0.2989277
v -0.0368054 0.1083066 0.3095572
v -0.0354421 0.1020482 0.3192786
v -0.0343506 0.0955323 0.3280811
v -0.0367741 0.1660496 0.1487678
v -0.0376570 0.1697350 0.1305905
v -0.0358464 0.1620952 0.1665934
v -0.0348740 0.1578829 0.1839942
v -0.0338567 0.1534237 0.2008971
v -0.0327944 0.1487288 0.2172291
v -0.0316871 0.1438093 0.2329170
v -0.0305348 0.1386761 0.2478878
v -0.0293430 0.1333373 0.2620770
v -0.0281403 0.1277884 0.2754544
v -0.0269609 0.1220221 0.2879991
v -0.0258388 0.1160307 0.2996896
v -0.0248097 0.1098060 0.3105051
v -0.0239140 0.1033368 0.3204271
v -0.0231934 0.0966111 0.3294373
v -0.0184835 0.1678642 0.1487704
v -0.0189272 0.1715982 0.1305908
v -0.0180173 0.1638566 0.1666021
v -0.0175286 0.1595860 0.1840149
v -0.0170175 0.1550632 0.2009376
v -0.0164838 0.1502988 0.2172990
v -0.0159276 0.1453034 0.2330281
v -0.0153489 0.1400876 0.2480535
v -0.0147506 0.1346593 0.2623123
v -0.0141475 0.1290139 0.2757735
v -0.0135573 0.1231442 0.2884141
v -0.0129977 0.1170429 0.3002113
v -0.0124867 0.1107024 0.3111424
v -0.0120428 0.1041150 0.3211847
v -0.0116846 0.0972727 0.3303159
v -0.0000000 0.1684690 0.1487714
v -0.0000000 0.1722193 0.1305910
v 0.0000000 0.1644436 0.1666054
v 0.0000000 0.1601535 0.1840228
v 0.0000000 0.1556092 0.2009529
v 0.0000000 0.1508212 0.2173256
v 0.0000000 0.1458001 0.2330702
v 0.0000000 0.1405562 0.2481164
v 0.0000000 0.1350973 0.2624015
v -0.0000000 0.1294191 0.2758938
v -0.0000000 0.1235149 0.2885696
v -0.0000000 0.1173776 0.3004048
v -0.0000000 0.1110002 0.3113756
v -0.0000000 0.1043759 0.3214581
v -0.0000000 0.0974977 0.3306285
v 0.0184835 0.1678642 0.1487704
v 0.0189272 0.1715982 0.1305908
v 0.0180173 0.1638566 0.1666021
v 0.0175286 0.1595860 0.1840149
v 0.0170175 0.1550632 0.2009376
v 0.0164838 0.1502988 0.2172990
v 0.0159276 0.1453034 0.2330281
v 0.0153489 0.1400876 0.2480535
v 0.0147506 0.1346593 0.2623123
v 0.0141475 0.1290139 0.2757734
v 0.0135573 0.1231442 0.2884141
v 0.0129977 0.1170429 0.3002113
v 0.0124867 0.1107024 0.3111424
v 0.0120428 0.1041150 0.3211848
v 0.0116846 0.0972727 0.3303159
v 0.0367741 0.1660496 0.1487678
v 0.0376570 0.1697350 0.1305905
v 0.0358464 0.1620952 0.1665934
v 0.0348740 0.1578829 0.1839942
v 0.0338567 0.1534237 0.2008971
v 0.0327944 0.1487288 0.2172291
v 0.0316871 0.1438093 0.2329170
v 0.0305348 0.1386761 0.2478878
v 0.0293430 0.1333373 0.2620769
v 0.0281403 0.1277884 0.2754545
v 0.0269609 0.1220221 0.2879991
v 0.0258388 0.1160307 0.2996896
v 0.0248097 0.1098060 0.3105051
v 0.0239140 0.1033368 0.3204270
v 0.0231934 0.0966111 0.3294373
v 0.0546788 0.1630250 0.1487641
v 0.0559917 0.1666297 0.1305901
v 0.0532992 0.1591589 0.1665810
v 0.0518528 0.1550429 0.1839649
v 0.0503393 0.1506886 0.2008399
v 0.0487586 0.1461078 0.2171303
v 0.0471105 0.1413119 0.2327601
v 0.0453947 0.1363128 0.2476535
v 0.0436192 0.1311190 0.2617438
v 0.0418240 0.1257277 0.2750005
v 0.0400572 0.1201329 0.2874022
v 0.0383669 0.1143287 0.2989277
v 0.0368054 0.1083066 0.3095572
v 0.0354421 0.1020482 0.3192787
v 0.0343506 0.0955323 0.3280811
v 0.0720048 0.1587905 0.1487599
v 0.0737339 0.1622821 0.1305896
v 0.0701876 0.1550474 0.1665668
v 0.0682818 0.1510651 0.1839313
v 0.0662872 0.1468559 0.2007744
v 0.0642032 0.1424319 0.2170170
v 0.0620294 0.1378056 0.2325802
v 0.0597656 0.1329891 0.2473850
v 0.0574209 0.1279925 0.2613613
v 0.0550439 0.1228169 0.2744750
v 0.0526926 0.1174613 0.2867008
v 0.0504253 0.1119247 0.2980135
v 0.0483101 0.1062000 0.3083923
v 0.0464556 0.1002561 0.3178330
v 0.0449804 0.0940561 0.3263361
v 0.0885591 0.1533458 0.1487557
v 0.0906861 0.1566925 0.1305890
v 0.0863233 0.1497601 0.1665527
v 0.0839778 0.1459483 0.1838978
v 0.0815220 0.1419232 0.2007088
v 0.0789549 0.1376976 0.2169037
v 0.0762760 0.1332843 0.2324002
v 0.0734844 0.1286962 0.2471164
v 0.0705901 0.1239453 0.2609780
v 0.0676457 0.1190403 0.2739428
v 0.0647145 0.1139892 0.2859769
v 0.0618597 0.1087999 0.2970461
v 0.0591634 0.1034700 0.3071235
v 0.0567822 0.0979558 0.3162105
v 0.0548952 0.0922004 0.3243167
v 0.1041489 0.1466907 0.1487521
v 0.1066507 0.1498606 0.1305886
v 0.1015183 0.1432966 0.1665403
v 0.0987575 0.1396915 0.1838685
v 0.0958654 0.1358886 0.2006516
v 0.0928407 0.1319011 0.2168049
v 0.0896820 0.1277423 0.2322433
v 0.0863882 0.1234255 0.2468821
v 0.0829688 0.1189648 0.2606430
v 0.0794761 0.1143788 0.2734741
v 0.0759736 0.1096869 0.2853304
v 0.0725244 0.1049086 0.2961667
v 0.0692177 0.1000541 0.3059426
v 0.0662467 0.0950964 0.3146370
v 0.0638600 0.0899768 0.3222418
v 0.1185811 0.1388252 0.1487495
v 0.1214303 0.1417865 0.1305882
v 0.1155843 0.1356565 0.1665316
v 0.1124376 0.1322935 0.1838478
v 0.1091392 0.1287499 0.2006111
v 0.1056872 0.1250388 0.2167349
v 0.1020794 0.1211737 0.2321323
v 0.0983140 0.1171681 0.2467164
v 0.0943989 0.1130383 0.2604058
v 0.0903822 0.1088126 0.2731405
v 0.0863218 0.1045223 0.2848659
v 0.0822757 0.1001987 0.2955275
v 0.0783292 0.0958748 0.3050649
v 0.0746763 0.0915900 0.3133950
v 0.0662467 0.0950964 0.3146370
v 0.0638600 0.0899768 0.3222418
v 0.0716396 0.0873170 0.3204620
v 0.0746763 0.0915900 0.3133950
v -0.1378291 0.1349889 0.1121347
v -0.1348273 0.1324701 0.1305881
v -0.1241337 0.1445267 0.1121347
v -0.1316630 0.1297492 0.1487485
v -0.1283332 0.1268392 0.1665283
v -0.1248349 0.1237533 0.1838399
v -0.1211652 0.1205049 0.2005958
v -0.1173212 0.1171069 0.2167084
v -0.1133001 0.1135727 0.2320902
v -0.1090987 0.1099154 0.2466535
v -0.1047227 0.1061529 0.2603157
v -0.1002110 0.1023217 0.2730133
v -0.0956111 0.0984629 0.2846878
v -0.0909703 0.0946179 0.2952806
v -0.0863553 0.0908420 0.3047204
v -0.0746763 0.0915900 0.3133950
v -0.0783292 0.0958748 0.3050648
v -0.0716396 0.0873170 0.3204620
v -0.0694391 0.0830346 0.3262677
v 0.0000000 0.0903585 0.3388626
v 0.0114309 0.0901678 0.3385133
v 0.0226897 0.0896169 0.3375177
v 0.0336044 0.0887379 0.3359542
v 0.0343506 0.0955323 0.3280811
v 0.0449804 0.0940561 0.3263361
v 0.0548952 0.0922004 0.3243167
v 0.0783292 0.0958748 0.3050649
v 0.0863553 0.0908420 0.3047204
v 0.0909703 0.0946179 0.2952806
v 0.1241337 0.1445267 0.1121347
v 0.1090249 0.1527929 0.1121347
v 0.0927049 0.1597873 0.1121347
v 0.0753753 0.1655101 0.1121347
v 0.0572381 0.1699611 0.1121347
v 0.0384952 0.1731404 0.1121347
v 0.0193486 0.1750479 0.1121347
v 0.0000000 0.1756838 0.1121347
v -0.0193486 0.1750480 0.1121347
v -0.0384952 0.1731404 0.1121347
v -0.0572381 0.1699611 0.1121347
v -0.0753753 0.1655101 0.1121347
v -0.0927049 0.1597874 0.1121347
v -0.1090249 0.1527929 0.1121347
v -0.1150116 0.1292061 -0.1174210
v -0.1178871 0.1343403 -0.1090149
v -0.1045077 0.1408699 -0.1104981
v -0.1025981 0.1345428 -0.1195469
v -0.1213309 0.1388880 -0.0991561
v -0.1070635 0.1462716 -0.1002043
v -0.1247720 0.1429107 -0.0879402
v -0.1098041 0.1508644 -0.0887036
v -0.1278771 0.1463612 -0.0754945
v -0.1123712 0.1547134 -0.0760492
v -0.1305030 0.1492023 -0.0619192
v -0.1146024 0.1578252 -0.0623176
v -0.1325537 0.1513993 -0.0473077
v -0.1163842 0.1601921 -0.0475909
v -0.1339334 0.1529173 -0.0317533
v -0.1176032 0.1618063 -0.0319512
v -0.1345750 0.1537373 -0.0153559
v -0.1181762 0.1626721 -0.0154884
v -0.1345275 0.1539035 0.0017592
v -0.1181416 0.1628412 0.0016757
v -0.1338688 0.1534759 0.0194600
v -0.1175682 0.1623773 0.0194117
v -0.1326768 0.1525143 0.0376146
v -0.1165247 0.1613442 0.0375899
v -0.1310293 0.1510786 0.0560913
v -0.1150798 0.1598054 0.0560809
v -0.1290044 0.1492289 0.0747581
v -0.1133024 0.1578248 0.0747550
v -0.1266799 0.1470249 0.0934832
v -0.1112612 0.1554661 0.0934828
v -0.0895959 0.1464311 -0.1123771
v -0.0883285 0.1392522 -0.1220248
v -0.0914556 0.1525043 -0.1016145
v -0.0935610 0.1575911 -0.0897538
v -0.0956086 0.1617899 -0.0768212
v -0.0974414 0.1651350 -0.0628773
v -0.0989385 0.1676446 -0.0479909
v -0.0999793 0.1693370 -0.0322310
v -0.1004730 0.1702384 -0.0156759
v -0.1004485 0.1704077 0.0015577
v -0.0999644 0.1699115 0.0193433
v -0.0990795 0.1688167 0.0375549
v -0.0978523 0.1671901 0.0560661
v -0.0963417 0.1650985 0.0747507
v -0.0946063 0.1626086 0.0934823
v -0.0733492 0.1510742 -0.1143148
v -0.0724918 0.1433312 -0.1244363
v -0.0746705 0.1576375 -0.1031298
v -0.0762207 0.1631167 -0.0909091
v -0.0777843 0.1675978 -0.0776858
v -0.0792256 0.1711299 -0.0635129
v -0.0804285 0.1737527 -0.0484488
v -0.0812772 0.1755059 -0.0325517
v -0.0816828 0.1764341 -0.0158907
v -0.0816660 0.1766016 0.0014224
v -0.0812747 0.1760777 0.0192650
v -0.0805567 0.1749315 0.0375148
v -0.0795599 0.1732325 0.0560492
v -0.0783321 0.1710498 0.0747457
v -0.0769213 0.1684525 0.0934817
v -0.0559926 0.1547987 -0.1160411
v -0.0554320 0.1466705 -0.1265203
v -0.0568882 0.1617019 -0.1045210
v -0.0579698 0.1674579 -0.0920007
v -0.0590968 0.1721402 -0.0785234
v -0.0601620 0.1758069 -0.0641404
v -0.0610669 0.1785120 -0.0489055
v -0.0617126 0.1803097 -0.0328724
v -0.0620230 0.1812568 -0.0161056
v -0.0620121 0.1814215 0.0012870
v -0.0617162 0.1808750 0.0191867
v -0.0611718 0.1796883 0.0374747
v -0.0604154 0.1779325 0.0560323
v -0.0594833 0.1756786 0.0747406
v -0.0584121 0.1729978 0.0934810
v -0.0377954 0.1575473 -0.1174126
v -0.0374609 0.1491726 -0.1281399
v -0.0383471 0.1646650 -0.1056529
v -0.0390295 0.1705948 -0.0929107
v -0.0397591 0.1754048 -0.0792362
v -0.0404617 0.1791584 -0.0646826
v -0.0410662 0.1819177 -0.0493034
v -0.0415011 0.1837451 -0.0331522
v -0.0417110 0.1847043 -0.0162930
v -0.0417045 0.1848660 0.0011690
v -0.0415061 0.1843026 0.0191184
v -0.0411404 0.1830864 0.0374398
v -0.0406319 0.1812898 0.0560175
v -0.0400052 0.1789850 0.0747363
v -0.0392848 0.1762444 0.0934805
v -0.0190378 0.1592488 -0.1183175
v -0.0188823 0.1507431 -0.1291891
v -0.0193000 0.1664783 -0.1064140
v -0.0196297 0.1724983 -0.0935337
v -0.0199879 0.1773754 -0.0797318
v -0.0203370 0.1811757 -0.0650635
v -0.0206396 0.1839648 -0.0495844
v -0.0208584 0.1858087 -0.0333501
v -0.0209642 0.1867744 -0.0164256
v -0.0209612 0.1869337 0.0010855
v -0.0208617 0.1863598 0.0190701
v -0.0206780 0.1851257 0.0374150
v -0.0204225 0.1833043 0.0560071
v -0.0201075 0.1809689 0.0747332
v -0.0197454 0.1781924 0.0934801
v 0.0000000 0.1598318 -0.1186440
v 0.0000000 0.1512876 -0.1295624
v 0.0000000 0.1670934 -0.1066925
v 0.0000000 0.1731393 -0.0937648
v 0.0000000 0.1780359 -0.0799175
v 0.0000000 0.1818501 -0.0652073
v -0.0000000 0.1846483 -0.0496910
v -0.0000000 0.1864974 -0.0334252
v 0.0000000 0.1874650 -0.0164759
v -0.0000000 0.1876233 0.0010539
v 0.0000000 0.1870457 0.0190518
v -0.0000000 0.1858055 0.0374057
v -0.0000000 0.1839758 0.0560031
v -0.0000000 0.1816302 0.0747320
v 0.0000000 0.1788417 0.0934799
v 0.0190378 0.1592488 -0.1183175
v 0.0188823 0.1507431 -0.1291891
v 0.0193000 0.1664783 -0.1064140
v 0.0196297 0.1724983 -0.0935337
v 0.0199879 0.1773755 -0.0797318
v 0.0203370 0.1811757 -0.0650635
v 0.0206396 0.1839648 -0.0495844
v 0.0208584 0.1858087 -0.0333501
v 0.0209642 0.1867744 -0.0164256
v 0.0209612 0.1869337 0.0010855
v 0.0208617 0.1863598 0.0190701
v 0.0206780 0.1851256 0.0374150
v 0.0204225 0.1833043 0.0560071
v 0.0201075 0.1809689 0.0747332
v 0.0197454 0.1781924 0.0934801
v 0.0377954 0.1575473 -0.1174126
v 0.0374609 0.1491726 -0.1281399
v 0.0383471 0.1646650 -0.1056529
v 0.0390295 0.1705948 -0.0929107
v 0.0397591 0.1754048 -0.0792362
v 0.0404617 0.1791584 -0.0646826
v 0.0410662 0.1819177 -0.0493034
v 0.0415011 0.1837450 -0.0331522
v 0.0417110 0.1847043 -0.0162930
v 0.0417045 0.1848660 0.0011690
v 0.0415061 0.1843026 0.0191184
v 0.0411404 0.1830864 0.0374398
v 0.0406319 0.1812898 0.0560175
v 0.0400052 0.1789850 0.0747363
v 0.0392848 0.1762444 0.0934805
v 0.0559926 0.1547987 -0.1160411
v 0.0554320 0.1466705 -0.1265204
v 0.0568882 0.1617019 -0.1045210
v 0.0579698 0.1674579 -0.0920007
v 0.0590968 0.1721402 -0.0785234
v 0.0601620 0.1758069 -0.0641404
v 0.0610669 0.1785120 -0.0489056
v 0.0617126 0.1803097 -0.0328724
v 0.0620230 0.1812568 -0.0161056
v 0.0620121 0.1814215 0.0012870
v 0.0617162 0.1808750 0.0191867
v 0.0611718 0.1796883 0.0374747
v 0.0604154 0.1779325 0.0560323
v 0.0594833 0.1756786 0.0747406
v 0.0584121 0.1729978 0.0934810
v 0.0733492 0.1510742 -0.1143148
v 0.0724918 0.1433312 -0.1244364
v 0.0746705 0.1576375 -0.1031298
v 0.0762207 0.1631167 -0.0909091
v 0.0777843 0.1675978 -0.0776857
v 0.0792256 0.1711299 -0.0635129
v 0.0804285 0.1737527 -0.0484487
v 0.0812772 0.1755059 -0.0325517
v 0.0816828 0.1764341 -0.0158907
v 0.0816660 0.1766016 0.0014224
v 0.0812747 0.1760777 0.0192650
v 0.0805567 0.1749316 0.0375148
v 0.0795599 0.1732325 0.0560492
v 0.0783321 0.1710498 0.0747456
v 0.0769213 0.1684525 0.0934817
v 0.0895959 0.1464311 -0.1123771
v 0.0883285 0.1392522 -0.1220248
v 0.0914556 0.1525043 -0.1016145
v 0.0935610 0.1575911 -0.0897538
v 0.0956086 0.1617899 -0.0768212
v 0.0974413 0.1651350 -0.0628773
v 0.0989385 0.1676446 -0.0479909
v 0.0999793 0.1693370 -0.0322310
v 0.1004730 0.1702384 -0.0156759
v 0.1004485 0.1704077 0.0015577
v 0.0999644 0.1699115 0.0193433
v 0.0990795 0.1688167 0.0375549
v 0.0978523 0.1671901 0.0560661
v 0.0963417 0.1650985 0.0747507
v 0.0946063 0.1626086 0.0934823
v 0.1045076 0.1408699 -0.1104981
v 0.1025981 0.1345428 -0.1195469
v 0.1070635 0.1462716 -0.1002043
v 0.1098041 0.1508644 -0.0887035
v 0.1123712 0.1547134 -0.0760492
v 0.1146024 0.1578252 -0.0623176
v 0.1163842 0.1601921 -0.0475909
v 0.1176032 0.1618063 -0.0319512
v 0.1181762 0.1626721 -0.0154884
v 0.1181416 0.1628412 0.0016757
v 0.1175682 0.1623773 0.0194117
v 0.1165247 0.1613442 0.0375899
v 0.1150798 0.1598054 0.0560809
v 0.1133024 0.1578248 0.0747550
v 0.1112612 0.1554661 0.0934828
v 0.1178871 0.1343404 -0.1090149
v 0.1150116 0.1292061 -0.1174210
v 0.1213310 0.1388880 -0.0991561
v 0.1247720 0.1429106 -0.0879402
v 0.1278771 0.1463612 -0.0754945
v 0.1305030 0.1492023 -0.0619192
v 0.1325537 0.1513992 -0.0473077
v 0.1339334 0.1529172 -0.0317533
v 0.1345750 0.1537373 -0.0153559
v 0.1345275 0.1539035 0.0017592
v 0.1338688 0.1534759 0.0194600
v 0.1326768 0.1525143 0.0376146
v 0.1310294 0.1510786 0.0560913
v 0.1290044 0.1492289 0.0747581
v 0.1266799 0.1470249 0.0934832
v -0.1253971 0.1232707 -0.1159535
v -0.1150116 0.1292061 -0.1174210
v -0.1253971 0.1232707 -0.1159535
v -0.1296042 0.1266459 -0.1084062
v -0.1341030 0.1302842 -0.0987447
v -0.1382866 0.1337038 -0.0876453
v -0.1419315 0.1367261 -0.0752818
v -0.1449374 0.1392681 -0.0617674
v -0.1472348 0.1412702 -0.0472001
v -0.1487542 0.1426730 -0.0316782
v -0.1494520 0.1434362 -0.0153056
v -0.1493883 0.1435961 0.0017909
v -0.1486491 0.1432081 0.0194783
v -0.1473203 0.1423275 0.0376240
v -0.1454879 0.1410099 0.0560953
v -0.1432379 0.1393107 0.0747593
v -0.1406563 0.1372852 0.0934834
v 0.1406563 0.1372852 0.0934834
v 0.1432379 0.1393107 0.0747593
v 0.1454879 0.1410099 0.0560953
v 0.1473203 0.1423275 0.0376240
v 0.1486491 0.1432081 0.0194783
v 0.1493883 0.1435961 0.0017909
v 0.1494520 0.1434362 -0.0153056
v 0.1487542 0.1426730 -0.0316782
v 0.1472348 0.1412702 -0.0472001
v 0.1449374 0.1392681 -0.0617674
v 0.1419315 0.1367262 -0.0752818
v 0.1382866 0.1337038 -0.0876453
v 0.1341030 0.1302842 -0.0987447
v 0.1296042 0.1266459 -0.1084062
v 0.1253971 0.1232707 -0.1159534
v 0.0000000 0.1413942 -0.1393911
v -0.0188727 0.1408946 -0.1389739
v -0.0374298 0.1394717 -0.1377849
v -0.0553553 0.1372398 -0.1359178
v -0.0723335 0.1343130 -0.1334666
v -0.0880275 0.1308298 -0.1305456
v -0.1025981 0.1345428 -0.1195469
v -0.0883285 0.1392522 -0.1220248
v 0.1331534 0.1152561 -0.1174210
v 0.1396128 0.1176083 -0.1090149
v 0.1481355 0.1072697 -0.1104981
v 0.1401528 0.1056677 -0.1195469
v 0.1452669 0.1204189 -0.0991561
v 0.1548706 0.1093824 -0.1002043
v 0.1502042 0.1232456 -0.0879402
v 0.1605182 0.1116494 -0.0887035
v 0.1543728 0.1258280 -0.0754945
v 0.1651721 0.1137933 -0.0760492
v 0.1577332 0.1280511 -0.0619192
v 0.1688511 0.1156860 -0.0623176
v 0.1577332 0.1280511 -0.0619192
v 0.1602493 0.1298362 -0.0473077
v 0.1715552 0.1172363 -0.0475909
v 0.1688511 0.1156860 -0.0623176
v 0.1618849 0.1311046 -0.0317533
v 0.1732845 0.1183533 -0.0319512
v 0.1626254 0.1317992 -0.0153559
v 0.1740554 0.1189686 -0.0154884
v 0.1625420 0.1319486 0.0017592
v 0.1739502 0.1191037 0.0016757
v 0.1617277 0.1316029 0.0194600
v 0.1730674 0.1188029 0.0194117
v 0.1602754 0.1308125 0.0376146
v 0.1715057 0.1181106 0.0375899
v 0.1582779 0.1296274 0.0560913
v 0.1693636 0.1170708 0.0560809
v 0.1558281 0.1280978 0.0747581
v 0.1667398 0.1157280 0.0747550
v 0.1530188 0.1262739 0.0934832
v 0.1637330 0.1141263 0.0934828
v 0.1554154 0.0957393 -0.1123771
v 0.1463497 0.0946434 -0.1220248
v 0.1629959 0.0972992 -0.1016145
v 0.1692561 0.0990559 -0.0897537
v 0.1743342 0.1007753 -0.0768212
v 0.1782855 0.1023341 -0.0628773
v 0.1715552 0.1172363 -0.0475909
v 0.1811448 0.1036369 -0.0479909
v 0.1732845 0.1183533 -0.0319512
v 0.1829470 0.1045882 -0.0322310
v 0.1740554 0.1189686 -0.0154884
v 0.1837382 0.1051149 -0.0156759
v 0.1739502 0.1191037 0.0016757
v 0.1836103 0.1052325 0.0015577
v 0.1730674 0.1188029 0.0194117
v 0.1826666 0.1049787 0.0193434
v 0.1715057 0.1181106 0.0375899
v 0.1810103 0.1043912 0.0375549
v 0.1693636 0.1170708 0.0560809
v 0.1787447 0.1035079 0.0560661
v 0.1667398 0.1157280 0.0747550
v 0.1759732 0.1023665 0.0747507
v 0.1637330 0.1141263 0.0934828
v 0.1727989 0.1010047 0.0934823
v 0.1615077 0.0831750 -0.1143148
v 0.1517288 0.0824121 -0.1244364
v 0.1697015 0.0843002 -0.1031298
v 0.1764455 0.0856063 -0.0909091
v 0.1818633 0.0869272 -0.0776857
v 0.1860303 0.0881567 -0.0635129
v 0.1890101 0.0892040 -0.0484487
v 0.1908663 0.0899783 -0.0325517
v 0.1916696 0.0904088 -0.0158907
v 0.1915198 0.0905061 0.0014224
v 0.1905237 0.0903010 0.0192651
v 0.1887885 0.0898241 0.0375148
v 0.1864209 0.0891065 0.0560492
v 0.1835279 0.0881787 0.0747457
v 0.1802165 0.0870715 0.0934817
v 0.1664034 0.0697544 -0.1160411
v 0.1561395 0.0692418 -0.1265203
v 0.1750199 0.0705281 -0.1045210
v 0.1821024 0.0714478 -0.0920007
v 0.1877592 0.0724049 -0.0785234
v 0.1920784 0.0733159 -0.0641404
v 0.1951430 0.0741041 -0.0489055
v 0.1970362 0.0746923 -0.0328724
v 0.1978455 0.0750206 -0.0161056
v 0.1976760 0.0750955 0.0012871
v 0.1966375 0.0749404 0.0191868
v 0.1948395 0.0745788 0.0374748
v 0.1923918 0.0740341 0.0560323
v 0.1894039 0.0733297 0.0747407
v 0.1859857 0.0724890 0.0934810
v 0.1700220 0.0556859 -0.1174126
v 0.1594489 0.0553726 -0.1281398
v 0.1789032 0.0561682 -0.1056529
v 0.1861958 0.0567529 -0.0929107
v 0.1920016 0.0573749 -0.0792362
v 0.1964165 0.0579770 -0.0646826
v 0.1995349 0.0585037 -0.0493033
v 0.2014509 0.0588995 -0.0331522
v 0.2022619 0.0591209 -0.0162930
v 0.2020765 0.0591717 0.0011690
v 0.2010063 0.0590678 0.0191185
v 0.1991626 0.0588248 0.0374398
v 0.1966571 0.0584586 0.0560176
v 0.1936013 0.0579849 0.0747363
v 0.1901066 0.0574196 0.0934805
v 0.1722652 0.0411854 -0.1183175
v 0.1615286 0.0410373 -0.1291891
v 0.1812831 0.0414166 -0.1064140
v 0.1886830 0.0417003 -0.0935337
v 0.1945655 0.0420065 -0.0797317
v 0.1990301 0.0423060 -0.0650635
v 0.2021765 0.0425697 -0.0495844
v 0.2041041 0.0427687 -0.0333501
v 0.2049147 0.0428802 -0.0164256
v 0.2047187 0.0429059 0.0010855
v 0.2036286 0.0428537 0.0190701
v 0.2017570 0.0427317 0.0374151
v 0.1992165 0.0425477 0.0560071
v 0.1961197 0.0423096 0.0747332
v 0.1925791 0.0420254 0.0934801
v 0.1730348 0.0264690 -0.1186439
v 0.1622504 0.0264690 -0.1295624
v 0.1820916 0.0264690 -0.1066925
v 0.1895216 0.0264690 -0.0937648
v 0.1954257 0.0264690 -0.0799175
v 0.1999046 0.0264690 -0.0652073
v 0.2030590 0.0264690 -0.0496909
v 0.2049899 0.0264690 -0.0334251
v 0.2057998 0.0264690 -0.0164759
v 0.2056000 0.0264690 0.0010539
v 0.2045030 0.0264690 0.0190518
v 0.2026220 0.0264690 0.0374057
v 0.2000697 0.0264690 0.0560032
v 0.1969592 0.0264690 0.0747320
v 0.1934033 0.0264690 0.0934800
v 0.1722652 0.0117525 -0.1183175
v 0.1615286 0.0119007 -0.1291891
v 0.1812831 0.0115214 -0.1064140
v 0.1886831 0.0112376 -0.0935337
v 0.1945655 0.0109314 -0.0797317
v 0.1990301 0.0106319 -0.0650635
v 0.2021765 0.0103682 -0.0495844
v 0.2041041 0.0101692 -0.0333501
v 0.2049147 0.0100578 -0.0164256
v 0.2047187 0.0100321 0.0010856
v 0.2036286 0.0100842 0.0190701
v 0.2017570 0.0102063 0.0374151
v 0.1992165 0.0103903 0.0560071
v 0.1961197 0.0106284 0.0747332
v 0.1925791 0.0109126 0.0934801
v 0.1700220 -0.0027479 -0.1174126
v 0.1594489 -0.0024346 -0.1281398
v 0.1789032 -0.0032303 -0.1056529
v 0.1861958 -0.0038149 -0.0929106
v 0.1920016 -0.0044370 -0.0792362
v 0.1964165 -0.0050391 -0.0646826
v 0.1995349 -0.0055657 -0.0493033
v 0.2014509 -0.0059616 -0.0331522
v 0.2022619 -0.0061829 -0.0162930
v 0.2020765 -0.0062338 0.0011690
v 0.2010062 -0.0061298 0.0191185
v 0.1991626 -0.0058868 0.0374398
v 0.1966571 -0.0055206 0.0560176
v 0.1936013 -0.0050470 0.0747363
v 0.1901066 -0.0044816 0.0934805
v 0.1664034 -0.0168165 -0.1160411
v 0.1561395 -0.0163039 -0.1265203
v 0.1750199 -0.0175901 -0.1045209
v 0.1821024 -0.0185099 -0.0920007
v 0.1877592 -0.0194669 -0.0785234
v 0.1920784 -0.0203780 -0.0641404
v 0.1951430 -0.0211661 -0.0489055
v 0.1970362 -0.0217544 -0.0328724
v 0.1978455 -0.0220826 -0.0161056
v 0.1976760 -0.0221575 0.0012871
v 0.1966375 -0.0220024 0.0191868
v 0.1948395 -0.0216409 0.0374748
v 0.1923918 -0.0210961 0.0560323
v 0.1894039 -0.0203917 0.0747407
v 0.1859857 -0.0195510 0.0934811
v 0.1615077 -0.0302370 -0.1143148
v 0.1517288 -0.0294742 -0.1244363
v 0.1697015 -0.0313622 -0.1031298
v 0.1764455 -0.0326684 -0.0909091
v 0.1818633 -0.0339892 -0.0776857
v 0.1860303 -0.0352188 -0.0635128
v 0.1890101 -0.0362661 -0.0484487
v 0.1908663 -0.0370403 -0.0325517
v 0.1916696 -0.0374708 -0.0158907
v 0.1915198 -0.0375681 0.0014224
v 0.1905238 -0.0373630 0.0192651
v 0.1887885 -0.0368862 0.0375149
v 0.1864209 -0.0361685 0.0560492
v 0.1835279 -0.0352407 0.0747457
v 0.1802164 -0.0341335 0.0934817
v 0.1554154 -0.0428014 -0.1123771
v 0.1463497 -0.0417054 -0.1220247
v 0.1629959 -0.0443613 -0.1016145
v 0.1692561 -0.0461180 -0.0897537
v 0.1743341 -0.0478374 -0.0768212
v 0.1782855 -0.0493962 -0.0628773
v 0.1811448 -0.0506989 -0.0479909
v 0.1829470 -0.0516503 -0.0322309
v 0.1837382 -0.0521770 -0.0156758
v 0.1836103 -0.0522945 0.0015577
v 0.1826666 -0.0520407 0.0193434
v 0.1810103 -0.0514533 0.0375550
v 0.1787447 -0.0505700 0.0560662
v 0.1759732 -0.0494285 0.0747507
v 0.1727989 -0.0480667 0.0934823
v 0.1481356 -0.0543318 -0.1104981
v 0.1401528 -0.0527298 -0.1195469
v 0.1548706 -0.0564444 -0.1002043
v 0.1605182 -0.0587114 -0.0887035
v 0.1651721 -0.0608554 -0.0760492
v 0.1688511 -0.0627481 -0.0623176
v 0.1715552 -0.0642984 -0.0475909
v 0.1732845 -0.0654154 -0.0319512
v 0.1740554 -0.0660306 -0.0154884
v 0.1739502 -0.0661657 0.0016757
v 0.1730674 -0.0658649 0.0194117
v 0.1715057 -0.0651726 0.0375899
v 0.1693636 -0.0641329 0.0560809
v 0.1667399 -0.0627900 0.0747551
v 0.1637330 -0.0611883 0.0934829
v 0.1396128 -0.0646704 -0.1090148
v 0.1331534 -0.0623181 -0.1174210
v 0.1452669 -0.0674810 -0.0991561
v 0.1502042 -0.0703077 -0.0879401
v 0.1543728 -0.0728901 -0.0754944
v 0.1577332 -0.0751132 -0.0619191
v 0.1602493 -0.0768983 -0.0473076
v 0.1618849 -0.0781667 -0.0317533
v 0.1626254 -0.0788612 -0.0153558
v 0.1625420 -0.0790106 0.0017592
v 0.1617277 -0.0786650 0.0194600
v 0.1602754 -0.0778745 0.0376147
v 0.1582779 -0.0766894 0.0560913
v 0.1558281 -0.0751598 0.0747582
v 0.1530188 -0.0733359 0.0934833
v 0.1331534 0.1152561 -0.1174210
v 0.1396128 0.1176083 -0.1090149
v 0.1452669 0.1204189 -0.0991561
v 0.1502042 0.1232456 -0.0879402
v 0.1543728 0.1258280 -0.0754945
v 0.1530188 -0.0733359 0.0934833
v 0.1406563 -0.0843472 0.0934834
v 0.1558281 -0.0751598 0.0747582
v 0.1432379 -0.0863727 0.0747593
v 0.1582779 -0.0766894 0.0560913
v 0.1454879 -0.0880720 0.0560953
v 0.1602754 -0.0778745 0.0376147
v 0.1473203 -0.0893896 0.0376241
v 0.1617277 -0.0786650 0.0194600
v 0.1486491 -0.0902701 0.0194783
v 0.1625420 -0.0790106 0.0017592
v 0.1493883 -0.0906581 0.0017909
v 0.1626254 -0.0788612 -0.0153558
v 0.1494520 -0.0904983 -0.0153055
v 0.1618849 -0.0781667 -0.0317533
v 0.1487542 -0.0897351 -0.0316782
v 0.1487542 -0.0897351 -0.0316782
v 0.1472348 -0.0883323 -0.0472001
v 0.1449374 -0.0863302 -0.0617674
v 0.1419315 -0.0837882 -0.0752818
v 0.1382866 -0.0807658 -0.0876453
v 0.1341030 -0.0773463 -0.0987446
v 0.1296042 -0.0737080 -0.1084062
v 0.1253971 -0.0703328 -0.1159534
v -0.1331534 -0.0623182 -0.1174210
v -0.1396128 -0.0646704 -0.1090148
v -0.1481356 -0.0543318 -0.1104981
v -0.1401528 -0.0527298 -0.1195469
v -0.1452669 -0.0674810 -0.0991561
v -0.1548706 -0.0564444 -0.1002043
v -0.1502042 -0.0703077 -0.0879401
v -0.1605182 -0.0587114 -0.0887035
v -0.1543728 -0.0728901 -0.0754944
v -0.1651721 -0.0608554 -0.0760492
v -0.1543728 -0.0728901 -0.0754944
v -0.1577332 -0.0751132 -0.0619191
v -0.1688511 -0.0627481 -0.0623176
v -0.1651721 -0.0608554 -0.0760492
v -0.1602493 -0.0768983 -0.0473076
v -0.1715552 -0.0642984 -0.0475909
v -0.1618849 -0.0781667 -0.0317533
v -0.1732845 -0.0654154 -0.0319512
v -0.1626254 -0.0788612 -0.0153558
v -0.1740554 -0.0660306 -0.0154884
v -0.1625420 -0.0790106 0.0017592
v -0.1739502 -0.0661657 0.0016757
v -0.1617278 -0.0786650 0.0194600
v -0.1730674 -0.0658649 0.0194117
v -0.1617278 -0.0786650 0.0194600
v -0.1602754 -0.0778745 0.0376147
v -0.1715057 -0.0651726 0.0375899
v -0.1730674 -0.0658649 0.0194117
v -0.1582779 -0.0766894 0.0560913
v -0.1693636 -0.0641329 0.0560809
v -0.1558281 -0.0751598 0.0747582
v -0.1667398 -0.0627900 0.0747551
v -0.1530188 -0.0733359 0.0934833
v -0.1637330 -0.0611883 0.0934829
v -0.1554154 -0.0428014 -0.1123771
v -0.1463497 -0.0417055 -0.1220247
v -0.1629959 -0.0443613 -0.1016145
v -0.1692561 -0.0461180 -0.0897537
v -0.1743341 -0.0478374 -0.0768212
v -0.1688511 -0.0627481 -0.0623176
v -0.1782855 -0.0493961 -0.0628773
v -0.1688511 -0.0627481 -0.0623176
v -0.1715552 -0.0642984 -0.0475909
v -0.1811448 -0.0506989 -0.0479909
v -0.1782855 -0.0493961 -0.0628773
v -0.1732845 -0.0654154 -0.0319512
v -0.1829470 -0.0516503 -0.0322309
v -0.1740554 -0.0660306 -0.0154884
v -0.1837382 -0.0521770 -0.0156758
v -0.1739502 -0.0661657 0.0016757
v -0.1836103 -0.0522945 0.0015577
v -0.1826666 -0.0520407 0.0193434
v -0.1810103 -0.0514533 0.0375550
v -0.1787447 -0.0505700 0.0560662
v -0.1759732 -0.0494285 0.0747507
v -0.1727989 -0.0480667 0.0934823
v -0.1615077 -0.0302370 -0.1143148
v -0.1517288 -0.0294742 -0.1244363
v -0.1697015 -0.0313622 -0.1031298
v -0.1764455 -0.0326684 -0.0909091
v -0.1818633 -0.0339892 -0.0776857
v -0.1860303 -0.0352188 -0.0635128
v -0.1890101 -0.0362661 -0.0484487
v -0.1860303 -0.0352188 -0.0635128
v -0.1908663 -0.0370403 -0.0325517
v -0.1916696 -0.0374708 -0.0158907
v -0.1915198 -0.0375681 0.0014224
v -0.1905237 -0.0373630 0.0192651
v -0.1887885 -0.0368862 0.0375149
v -0.1864209 -0.0361685 0.0560492
v -0.1835279 -0.0352407 0.0747457
v -0.1802164 -0.0341335 0.0934817
v -0.1664034 -0.0168165 -0.1160411
v -0.1561395 -0.0163039 -0.1265203
v -0.1750199 -0.0175901 -0.1045210
v -0.1821024 -0.0185099 -0.0920007
v -0.1877592 -0.0194669 -0.0785234
v -0.1818633 -0.0339892 -0.0776857
v -0.1920784 -0.0203780 -0.0641404
v -0.1877592 -0.0194669 -0.0785234
v -0.1951430 -0.0211661 -0.0489055
v -0.1970362 -0.0217544 -0.0328724
v -0.1978455 -0.0220826 -0.0161056
v -0.1976760 -0.0221575 0.0012871
v -0.1966374 -0.0220024 0.0191868
v -0.1948395 -0.0216408 0.0374748
v -0.1923918 -0.0210961 0.0560323
v -0.1894039 -0.0203917 0.0747407
v -0.1859857 -0.0195510 0.0934811
v -0.1700220 -0.0027479 -0.1174126
v -0.1594489 -0.0024346 -0.1281398
v -0.1789032 -0.0032303 -0.1056529
v -0.1861958 -0.0038149 -0.0929106
v -0.1920016 -0.0044370 -0.0792362
v -0.1964165 -0.0050391 -0.0646825
v -0.1920016 -0.0044370 -0.0792362
v -0.1995349 -0.0055657 -0.0493033
v -0.2014509 -0.0059616 -0.0331522
v -0.2022619 -0.0061829 -0.0162930
v -0.2020765 -0.0062338 0.0011690
v -0.2010062 -0.0061298 0.0191185
v -0.1991626 -0.0058868 0.0374398
v -0.1966571 -0.0055206 0.0560176
v -0.1936012 -0.0050469 0.0747363
v -0.1901066 -0.0044816 0.0934805
v -0.1722652 0.0117525 -0.1183175
v -0.1615286 0.0119007 -0.1291891
v -0.1812831 0.0115214 -0.1064140
v -0.1886830 0.0112376 -0.0935337
v -0.1945655 0.0109314 -0.0797317
v -0.1990301 0.0106319 -0.0650635
v -0.1945655 0.0109314 -0.0797317
v -0.2021765 0.0103682 -0.0495844
v -0.2041041 0.0101692 -0.0333501
v -0.2049147 0.0100578 -0.0164256
v -0.2047187 0.0100321 0.0010856
v -0.2036286 0.0100842 0.0190701
v -0.2017570 0.0102063 0.0374151
v -0.1992165 0.0103903 0.0560071
v -0.1961197 0.0106284 0.0747332
v -0.1925791 0.0109126 0.0934801
v -0.1730348 0.0264690 -0.1186439
v -0.1622504 0.0264690 -0.1295624
v -0.1820916 0.0264690 -0.1066925
v -0.1895216 0.0264690 -0.0937648
v -0.1954257 0.0264690 -0.0799175
v -0.1999046 0.0264690 -0.0652073
v -0.1954257 0.0264690 -0.0799175
v -0.2030590 0.0264690 -0.0496909
v -0.2049899 0.0264690 -0.0334251
v -0.2057998 0.0264690 -0.0164759
v -0.2056000 0.0264690 0.0010539
v -0.2045030 0.0264690 0.0190518
v -0.2026220 0.0264690 0.0374057
v -0.2000697 0.0264690 0.0560032
v -0.1969592 0.0264690 0.0747320
v -0.1934033 0.0264690 0.0934800
v -0.1722652 0.0411854 -0.1183175
v -0.1615286 0.0410373 -0.1291891
v -0.1812831 0.0414166 -0.1064140
v -0.1886831 0.0417003 -0.0935337
v -0.1945655 0.0420065 -0.0797317
v -0.1990301 0.0423060 -0.0650635
v -0.1945655 0.0420065 -0.0797317
v -0.2021765 0.0425697 -0.0495844
v -0.2041041 0.0427687 -0.0333501
v -0.2049147 0.0428802 -0.0164256
v -0.2047186 0.0429059 0.0010856
v -0.2036286 0.0428537 0.0190701
v -0.2017570 0.0427317 0.0374151
v -0.1992165 0.0425477 0.0560071
v -0.1961197 0.0423096 0.0747332
v -0.1925791 0.0420254 0.0934801
v -0.1700220 0.0556859 -0.1174126
v -0.1594489 0.0553726 -0.1281398
v -0.1789032 0.0561682 -0.1056529
v -0.1861958 0.0567529 -0.0929107
v -0.1920016 0.0573749 -0.0792362
v -0.1964165 0.0579770 -0.0646826
v -0.1920016 0.0573749 -0.0792362
v -0.1995349 0.0585037 -0.0493033
v -0.2014509 0.0588995 -0.0331522
v -0.2022619 0.0591209 -0.0162930
v -0.2020765 0.0591717 0.0011690
v -0.2010062 0.0590678 0.0191185
v -0.1991626 0.0588248 0.0374398
v -0.1966571 0.0584586 0.0560176
v -0.1936013 0.0579849 0.0747363
v -0.1901066 0.0574196 0.0934805
v -0.1664034 0.0697544 -0.1160411
v -0.1561395 0.0692418 -0.1265203
v -0.1750199 0.0705281 -0.1045210
v -0.1821024 0.0714478 -0.0920007
v -0.1877592 0.0724049 -0.0785234
v -0.1920784 0.0733159 -0.0641404
v -0.1877592 0.0724049 -0.0785234
v -0.1951430 0.0741040 -0.0489055
v -0.1970362 0.0746923 -0.0328724
v -0.1978455 0.0750206 -0.0161056
v -0.1976760 0.0750955 0.0012871
v -0.1966375 0.0749404 0.0191868
v -0.1948395 0.0745788 0.0374748
v -0.1923918 0.0740341 0.0560323
v -0.1894039 0.0733297 0.0747407
v -0.1859857 0.0724890 0.0934810
v -0.1615077 0.0831749 -0.1143148
v -0.1517288 0.0824121 -0.1244364
v -0.1697015 0.0843002 -0.1031298
v -0.1764455 0.0856063 -0.0909091
v -0.1818633 0.0869272 -0.0776857
v -0.1860303 0.0881567 -0.0635128
v -0.1818633 0.0869272 -0.0776857
v -0.1890101 0.0892040 -0.0484487
v -0.1908663 0.0899783 -0.0325517
v -0.1916696 0.0904088 -0.0158907
v -0.1915198 0.0905061 0.0014224
v -0.1905237 0.0903009 0.0192651
v -0.1887885 0.0898242 0.0375149
v -0.1864209 0.0891065 0.0560492
v -0.1835279 0.0881787 0.0747457
v -0.1802164 0.0870715 0.0934817
v -0.1554154 0.0957393 -0.1123771
v -0.1463497 0.0946434 -0.1220248
v -0.1629959 0.0972992 -0.1016145
v -0.1692561 0.0990559 -0.0897537
v -0.1743341 0.1007753 -0.0768212
v -0.1782855 0.1023341 -0.0628773
v -0.1743341 0.1007753 -0.0768212
v -0.1811448 0.1036369 -0.0479909
v -0.1829470 0.1045882 -0.0322310
v -0.1837382 0.1051149 -0.0156759
v -0.1836103 0.1052325 0.0015577
v -0.1826666 0.1049787 0.0193434
v -0.1810103 0.1043912 0.0375549
v -0.1787447 0.1035079 0.0560661
v -0.1759732 0.1023665 0.0747507
v -0.1727989 0.1010047 0.0934823
v -0.1481355 0.1072697 -0.1104981
v -0.1401528 0.1056677 -0.1195469
v -0.1548706 0.1093824 -0.1002043
v -0.1605182 0.1116494 -0.0887035
v -0.1651721 0.1137933 -0.0760492
v -0.1688511 0.1156860 -0.0623176
v -0.1651721 0.1137933 -0.0760492
v -0.1715552 0.1172363 -0.0475909
v -0.1732845 0.1183533 -0.0319512
v -0.1740554 0.1189686 -0.0154884
v -0.1739502 0.1191037 0.0016757
v -0.1730674 0.1188029 0.0194117
v -0.1715057 0.1181106 0.0375899
v -0.1693636 0.1170708 0.0560809
v -0.1667398 0.1157280 0.0747550
v -0.1637330 0.1141263 0.0934828
v -0.1396128 0.1176083 -0.1090149
v -0.1331534 0.1152561 -0.1174210
v -0.1452669 0.1204189 -0.0991561
v -0.1502042 0.1232456 -0.0879402
v -0.1605182 0.1116494 -0.0887035
v -0.1651721 0.1137933 -0.0760492
v -0.1543728 0.1258280 -0.0754945
v -0.1502042 0.1232456 -0.0879402
v -0.1688511 0.1156860 -0.0623176
v -0.1577332 0.1280511 -0.0619192
v -0.1715552 0.1172363 -0.0475909
v -0.1602493 0.1298362 -0.0473077
v -0.1618849 0.1311046 -0.0317533
v -0.1602493 0.1298362 -0.0473077
v -0.1626254 0.1317992 -0.0153559
v -0.1625420 0.1319486 0.0017592
v -0.1617277 0.1316030 0.0194600
v -0.1602754 0.1308125 0.0376146
v -0.1582779 0.1296274 0.0560913
v -0.1558281 0.1280978 0.0747581
v -0.1530188 0.1262739 0.0934832
v -0.1253971 -0.0703328 -0.1159534
v -0.1296042 -0.0737080 -0.1084062
v -0.1341030 -0.0773463 -0.0987446
v -0.1382866 -0.0807658 -0.0876453
v -0.1382866 -0.0807658 -0.0876453
v -0.1419315 -0.0837882 -0.0752818
v -0.1502042 -0.0703077 -0.0879401
v -0.1449374 -0.0863302 -0.0617673
v -0.1472348 -0.0883323 -0.0472001
v -0.1487542 -0.0897351 -0.0316782
v -0.1494520 -0.0904983 -0.0153055
v -0.1493883 -0.0906581 0.0017909
v -0.1486491 -0.0902701 0.0194783
v -0.1473203 -0.0893896 0.0376241
v -0.1602754 -0.0778745 0.0376147
v -0.1454879 -0.0880720 0.0560953
v -0.1582779 -0.0766894 0.0560913
v -0.1432379 -0.0863727 0.0747593
v -0.1558281 -0.0751598 0.0747582
v -0.1406563 -0.0843472 0.0934834
v -0.1530188 -0.0733359 0.0934833
v -0.1406563 0.1372852 0.0934834
v -0.1432379 0.1393107 0.0747593
v -0.1582779 0.1296274 0.0560913
v -0.1558281 0.1280978 0.0747581
v -0.1602754 0.1308125 0.0376146
v -0.1617277 0.1316030 0.0194600
v -0.1625420 0.1319486 0.0017592
v -0.1626254 0.1317992 -0.0153559
v -0.1618849 0.1311046 -0.0317533
v -0.1452669 0.1204189 -0.0991561
v -0.1396128 0.1176083 -0.1090149
v -0.1296042 0.1266459 -0.1084062
v 0.1150116 -0.0762682 -0.1174210
v 0.1178871 -0.0814024 -0.1090148
v 0.1045077 -0.0879319 -0.1104981
v 0.1025981 -0.0816049 -0.1195469
v 0.1178871 -0.0814024 -0.1090148
v 0.1213309 -0.0859501 -0.0991561
v 0.1070635 -0.0933337 -0.1002043
v 0.1045077 -0.0879319 -0.1104981
v 0.1247720 -0.0899727 -0.0879401
v 0.1098041 -0.0979265 -0.0887035
v 0.1278771 -0.0934232 -0.0754944
v 0.1123712 -0.1017755 -0.0760492
v 0.1305030 -0.0962644 -0.0619191
v 0.1146024 -0.1048873 -0.0623176
v 0.1325537 -0.0984613 -0.0473076
v 0.1163842 -0.1072541 -0.0475909
v 0.1339334 -0.0999793 -0.0317533
v 0.1176032 -0.1088684 -0.0319512
v 0.1345750 -0.1007994 -0.0153558
v 0.1181762 -0.1097342 -0.0154884
v 0.1345275 -0.1009656 0.0017592
v 0.1181416 -0.1099033 0.0016757
v 0.1338688 -0.1005379 0.0194600
v 0.1175682 -0.1094393 0.0194117
v 0.1326768 -0.0995763 0.0376147
v 0.1165247 -0.1084062 0.0375899
v 0.1310294 -0.0981407 0.0560914
v 0.1150799 -0.1068674 0.0560809
v 0.1290044 -0.0962909 0.0747582
v 0.1133024 -0.1048869 0.0747551
v 0.1266799 -0.0940870 0.0934833
v 0.1112612 -0.1025281 0.0934829
v 0.1025981 -0.0816049 -0.1195469
v 0.0895959 -0.0934932 -0.1123771
v 0.0883285 -0.0863142 -0.1220247
v 0.0914556 -0.0995664 -0.1016145
v 0.0935610 -0.1046532 -0.0897537
v 0.0956086 -0.1088520 -0.0768212
v 0.0974414 -0.1121971 -0.0628773
v 0.0989385 -0.1147067 -0.0479909
v 0.0999793 -0.1163990 -0.0322309
v 0.1004730 -0.1173005 -0.0156758
v 0.1004485 -0.1174697 0.0015577
v 0.0999644 -0.1169736 0.0193434
v 0.0990795 -0.1158788 0.0375550
v 0.0978523 -0.1142521 0.0560662
v 0.0963417 -0.1121605 0.0747507
v 0.0946063 -0.1096706 0.0934823
v 0.0733492 -0.0981363 -0.1143148
v 0.0724918 -0.0903933 -0.1244363
v 0.0746705 -0.1046996 -0.1031298
v 0.0762207 -0.1101787 -0.0909091
v 0.0777843 -0.1146599 -0.0776857
v 0.0792256 -0.1181920 -0.0635128
v 0.0804285 -0.1208148 -0.0484487
v 0.0812772 -0.1225679 -0.0325517
v 0.0816828 -0.1234961 -0.0158907
v 0.0816660 -0.1236636 0.0014224
v 0.0812747 -0.1231397 0.0192651
v 0.0805567 -0.1219936 0.0375149
v 0.0795599 -0.1202945 0.0560493
v 0.0783321 -0.1181118 0.0747457
v 0.0769213 -0.1155146 0.0934817
v 0.0559926 -0.1018607 -0.1160411
v 0.0554320 -0.0937326 -0.1265203
v 0.0568882 -0.1087640 -0.1045209
v 0.0579698 -0.1145199 -0.0920007
v 0.0590968 -0.1192023 -0.0785233
v 0.0601620 -0.1228689 -0.0641404
v 0.0610669 -0.1255741 -0.0489055
v 0.0617126 -0.1273717 -0.0328724
v 0.0620230 -0.1283188 -0.0161056
v 0.0620121 -0.1284835 0.0012871
v 0.0617162 -0.1279370 0.0191868
v 0.0611718 -0.1267503 0.0374748
v 0.0604154 -0.1249945 0.0560323
v 0.0594833 -0.1227406 0.0747407
v 0.0584121 -0.1200598 0.0934811
v 0.0377954 -0.1046094 -0.1174126
v 0.0374609 -0.0962347 -0.1281398
v 0.0383471 -0.1117270 -0.1056529
v 0.0390295 -0.1176569 -0.0929106
v 0.0397591 -0.1224669 -0.0792362
v 0.0404617 -0.1262205 -0.0646825
v 0.0410662 -0.1289798 -0.0493033
v 0.0415011 -0.1308071 -0.0331522
v 0.0417110 -0.1317663 -0.0162930
v 0.0417045 -0.1319281 0.0011691
v 0.0415061 -0.1313647 0.0191185
v 0.0411404 -0.1301485 0.0374398
v 0.0406319 -0.1283518 0.0560176
v 0.0400052 -0.1260470 0.0747363
v 0.0392848 -0.1233064 0.0934805
v 0.0190378 -0.1063109 -0.1183175
v 0.0188823 -0.0978052 -0.1291891
v 0.0193000 -0.1135403 -0.1064140
v 0.0196297 -0.1195604 -0.0935337
v 0.0199879 -0.1244375 -0.0797317
v 0.0203370 -0.1282378 -0.0650634
v 0.0206396 -0.1310269 -0.0495844
v 0.0208584 -0.1328708 -0.0333501
v 0.0209642 -0.1338365 -0.0164255
v 0.0209612 -0.1339958 0.0010856
v 0.0208617 -0.1334218 0.0190702
v 0.0206780 -0.1321877 0.0374151
v 0.0204225 -0.1303663 0.0560071
v 0.0201075 -0.1280309 0.0747332
v 0.0197454 -0.1252544 0.0934801
v -0.0000000 -0.1068939 -0.1186439
v -0.0000000 -0.0983497 -0.1295624
v -0.0000000 -0.1141555 -0.1066925
v -0.0000000 -0.1202014 -0.0937648
v -0.0000000 -0.1250980 -0.0799174
v -0.0000000 -0.1289121 -0.0652073
v 0.0000000 -0.1317104 -0.0496909
v 0.0000000 -0.1335594 -0.0334251
v 0.0000000 -0.1345270 -0.0164758
v 0.0000000 -0.1346854 0.0010539
v 0.0000000 -0.1341078 0.0190518
v 0.0000000 -0.1328675 0.0374057
v 0.0000000 -0.1310379 0.0560032
v 0.0000000 -0.1286922 0.0747321
v -0.0000000 -0.1259037 0.0934800
v -0.0190378 -0.1063108 -0.1183174
v -0.0188823 -0.0978052 -0.1291891
v -0.0193000 -0.1135403 -0.1064140
v -0.0196297 -0.1195604 -0.0935337
v -0.0199879 -0.1244375 -0.0797317
v -0.0203370 -0.1282377 -0.0650634
v -0.0206396 -0.1310269 -0.0495844
v -0.0208584 -0.1328708 -0.0333501
v -0.0209642 -0.1338365 -0.0164256
v -0.0209612 -0.1339958 0.0010856
v -0.0208617 -0.1334219 0.0190702
v -0.0206780 -0.1321877 0.0374151
v -0.0204225 -0.1303663 0.0560072
v -0.0201075 -0.1280309 0.0747332
v -0.0197454 -0.1252544 0.0934801
v -0.0377954 -0.1046094 -0.1174126
v -0.0374609 -0.0962347 -0.1281398
v -0.0383471 -0.1117270 -0.1056529
v -0.0390295 -0.1176569 -0.0929106
v -0.0397591 -0.1224669 -0.0792362
v -0.0404617 -0.1262205 -0.0646825
v -0.0410662 -0.1289798 -0.0493033
v -0.0415011 -0.1308071 -0.0331522
v -0.0417110 -0.1317663 -0.0162930
v -0.0417045 -0.1319281 0.0011691
v -0.0415061 -0.1313647 0.0191185
v -0.0411404 -0.1301485 0.0374398
v -0.0406319 -0.1283518 0.0560176
v -0.0400052 -0.1260470 0.0747363
v -0.0392848 -0.1233064 0.0934805
v -0.0559926 -0.1018607 -0.1160411
v -0.0554320 -0.0937326 -0.1265203
v -0.0568882 -0.1087640 -0.1045209
v -0.0579698 -0.1145199 -0.0920007
v -0.0590968 -0.1192023 -0.0785233
v -0.0601620 -0.1228689 -0.0641404
v -0.0610669 -0.1255741 -0.0489055
v -0.0617126 -0.1273717 -0.0328724
v -0.0620230 -0.1283188 -0.0161056
v -0.0620121 -0.1284835 0.0012871
v -0.0617162 -0.1279370 0.0191868
v -0.0611718 -0.1267503 0.0374748
v -0.0604154 -0.1249945 0.0560323
v -0.0594833 -0.1227406 0.0747407
v -0.0584121 -0.1200598 0.0934811
v -0.0554320 -0.0937326 -0.1265203
v -0.0559926 -0.1018607 -0.1160411
v -0.0733492 -0.0981363 -0.1143148
v -0.0724918 -0.0903933 -0.1244363
v -0.0746705 -0.1046996 -0.1031298
v -0.0733492 -0.0981363 -0.1143148
v -0.0762207 -0.1101787 -0.0909091
v -0.0777843 -0.1146598 -0.0776857
v -0.0792256 -0.1181920 -0.0635128
v -0.0804285 -0.1208147 -0.0484487
v -0.0812772 -0.1225679 -0.0325517
v -0.0816828 -0.1234961 -0.0158907
v -0.0816660 -0.1236636 0.0014224
v -0.0812747 -0.1231397 0.0192651
v -0.0805567 -0.1219936 0.0375149
v -0.0795599 -0.1202945 0.0560493
v -0.0783321 -0.1181118 0.0747457
v -0.0769213 -0.1155145 0.0934817
v -0.0895959 -0.0934932 -0.1123771
v -0.0883285 -0.0863142 -0.1220247
v -0.0914556 -0.0995664 -0.1016145
v -0.0895959 -0.0934932 -0.1123771
v -0.0935610 -0.1046532 -0.0897537
v -0.0956086 -0.1088520 -0.0768212
v -0.0974413 -0.1121971 -0.0628773
v -0.0989385 -0.1147067 -0.0479909
v -0.0999793 -0.1163990 -0.0322309
v -0.1004730 -0.1173005 -0.0156758
v -0.1004485 -0.1174697 0.0015577
v -0.0999644 -0.1169735 0.0193434
v -0.0990795 -0.1158788 0.0375550
v -0.0978523 -0.1142521 0.0560662
v -0.0963417 -0.1121605 0.0747507
v -0.0946063 -0.1096706 0.0934823
v -0.1045076 -0.0879319 -0.1104981
v -0.1025981 -0.0816049 -0.1195469
v -0.1070635 -0.0933337 -0.1002043
v -0.1045076 -0.0879319 -0.1104981
v -0.1098041 -0.0979265 -0.0887035
v -0.1123712 -0.1017754 -0.0760492
v -0.1146024 -0.1048872 -0.0623176
v -0.1163842 -0.1072541 -0.0475909
v -0.1176032 -0.1088684 -0.0319512
v -0.1181762 -0.1097342 -0.0154884
v -0.1181416 -0.1099032 0.0016757
v -0.1175682 -0.1094394 0.0194117
v -0.1165247 -0.1084062 0.0375899
v -0.1150798 -0.1068675 0.0560809
v -0.1133024 -0.1048868 0.0747551
v -0.1112612 -0.1025281 0.0934829
v -0.1178871 -0.0814024 -0.1090148
v -0.1150116 -0.0762682 -0.1174210
v -0.1213310 -0.0859501 -0.0991561
v -0.1178871 -0.0814024 -0.1090148
v -0.1247720 -0.0899727 -0.0879401
v -0.1278771 -0.0934232 -0.0754944
v -0.1305030 -0.0962643 -0.0619191
v -0.1325537 -0.0984613 -0.0473076
v -0.1339334 -0.0999793 -0.0317533
v -0.1345750 -0.1007994 -0.0153558
v -0.1345275 -0.1009656 0.0017592
v -0.1338688 -0.1005379 0.0194600
v -0.1326768 -0.0995763 0.0376147
v -0.1310294 -0.0981407 0.0560914
v -0.1290044 -0.0962909 0.0747582
v -0.1266799 -0.0940870 0.0934833
v 0.1213309 -0.0859501 -0.0991561
v 0.1247720 -0.0899727 -0.0879401
v 0.1382866 -0.0807658 -0.0876453
v 0.1419315 -0.0837882 -0.0752818
v 0.1449374 -0.0863302 -0.0617674
v 0.1472348 -0.0883323 -0.0472001
v -0.1341030 -0.0773463 -0.0987446
v -0.1213310 -0.0859501 -0.0991561
v -0.0374609 -0.0962347 -0.1281398
v -0.0188823 -0.0978052 -0.1291891
v -0.0000000 -0.0983497 -0.1295624
v 0.0188823 -0.0978052 -0.1291891
v 0.0374609 -0.0962347 -0.1281398
v 0.0554320 -0.0937326 -0.1265203
v 0.0723335 -0.0813751 -0.1334666
v 0.0553553 -0.0843019 -0.1359178
v 0.0880275 -0.0778919 -0.1305456
v 0.0883285 -0.0863142 -0.1220247
v -0.0707592 -0.1519527 -0.0225090
v -0.0769804 -0.1540123 -0.0075824
v -0.0844980 -0.1418396 -0.0091095
v -0.0769804 -0.1406871 -0.0252380
v -0.0769804 -0.1540123 -0.0075824
v -0.0809090 -0.1556831 0.0094439
v -0.0890710 -0.1428818 0.0087688
v -0.0844980 -0.1418396 -0.0091095
v -0.0822910 -0.1563469 0.0275366
v -0.0906227 -0.1433254 0.0275366
v -0.0809089 -0.1556831 0.0456293
v -0.0890710 -0.1428818 0.0463044
v -0.0769804 -0.1540123 0.0626557
v -0.0844980 -0.1418396 0.0641828
v -0.0707592 -0.1519527 0.0775823
v -0.0769804 -0.1406871 0.0803112
v -0.0890710 -0.1283463 -0.0104903
v -0.0809089 -0.1278367 -0.0274516
v -0.0939879 -0.1288420 0.0081120
v -0.0890710 -0.1283463 -0.0104903
v -0.0956339 -0.1290635 0.0275366
v -0.0939879 -0.1288420 0.0469612
v -0.0890710 -0.1283462 0.0655636
v -0.0809089 -0.1278367 0.0825249
v -0.0906226 -0.1141815 -0.0110781
v -0.0822910 -0.1141815 -0.0283311
v -0.0956339 -0.1141816 0.0078184
v -0.0906226 -0.1141815 -0.0110781
v -0.0973081 -0.1141816 0.0275366
v -0.0956340 -0.1141815 0.0472548
v -0.0906226 -0.1141815 0.0661513
v -0.0822910 -0.1141815 0.0834044
v -0.0890710 -0.1000169 -0.0104903
v -0.0809089 -0.1005264 -0.0274516
v -0.0939879 -0.0995211 0.0081120
v -0.0890710 -0.1000169 -0.0104903
v -0.0956339 -0.0992995 0.0275366
v -0.0939879 -0.0995211 0.0469612
v -0.0890710 -0.1000168 0.0655636
v -0.0809089 -0.1005264 0.0825249
v -0.0579556 -0.1579226 -0.0304189
v -0.0620261 -0.1609948 -0.0210127
v -0.0620261 -0.1508234 -0.0344895
v -0.0664093 -0.1643029 -0.0068484
v -0.0664093 -0.1643029 -0.0068484
v -0.0695044 -0.1666389 0.0097558
v -0.0809090 -0.1556831 0.0094439
v -0.0769804 -0.1540123 -0.0075824
v -0.0706557 -0.1675078 0.0275366
v -0.0822910 -0.1563469 0.0275366
v -0.0695044 -0.1666389 0.0453175
v -0.0809089 -0.1556831 0.0456293
v -0.0664093 -0.1643029 0.0619217
v -0.0769804 -0.1540123 0.0626557
v -0.0620261 -0.1609948 0.0760859
v -0.0707592 -0.1519527 0.0775823
v -0.0579556 -0.1579226 0.0854922
v -0.0620261 -0.1508234 0.0895627
v -0.0620261 -0.1508234 0.0895627
v -0.0664093 -0.1401331 0.0939459
v -0.0695044 -0.1276014 0.0970411
v -0.0706557 -0.1141815 0.0981923
v -0.0695044 -0.1007617 0.0970410
v -0.0706557 -0.1141816 -0.0431191
v -0.0695044 -0.1007617 -0.0419678
v -0.0695044 -0.1276014 -0.0419678
v -0.0664093 -0.1401331 -0.0388727
v 0.0809089 -0.1005264 -0.0274516
v 0.0890710 -0.1000168 -0.0104903
v 0.0906226 -0.1141816 -0.0110781
v 0.0822910 -0.1141816 -0.0283311
v 0.0939879 -0.0995211 0.0081120
v 0.0956339 -0.1141816 0.0078184
v 0.0956339 -0.0992995 0.0275366
v 0.0973081 -0.1141815 0.0275366
v 0.0939879 -0.0995211 0.0469612
v 0.0956340 -0.1141816 0.0472548
v 0.0890710 -0.1000168 0.0655636
v 0.0906226 -0.1141816 0.0661513
v 0.0890710 -0.1000168 0.0655636
v 0.0809089 -0.1005264 0.0825249
v 0.0822910 -0.1141815 0.0834044
v 0.0906226 -0.1141816 0.0661513
v 0.0890710 -0.1283463 -0.0104903
v 0.0809089 -0.1278368 -0.0274516
v 0.0939879 -0.1288420 0.0081120
v 0.0956339 -0.1290635 0.0275366
v 0.0939879 -0.1288420 0.0469613
v 0.0890710 -0.1283463 0.0655636
v 0.0809089 -0.1278367 0.0825249
v 0.0890710 -0.1283463 0.0655636
v 0.0844980 -0.1418396 -0.0091095
v 0.0769804 -0.1406871 -0.0252380
v 0.0890710 -0.1428818 0.0087688
v 0.0906227 -0.1433254 0.0275366
v 0.0890710 -0.1428818 0.0463044
v 0.0844980 -0.1418396 0.0641828
v 0.0769804 -0.1406871 0.0803112
v 0.0844980 -0.1418396 0.0641828
v 0.0769804 -0.1540123 -0.0075824
v 0.0707592 -0.1519527 -0.0225090
v 0.0809089 -0.1556831 0.0094439
v 0.0822910 -0.1563469 0.0275366
v 0.0809089 -0.1556831 0.0456293
v 0.0769804 -0.1540123 0.0626557
v 0.0769804 -0.1406871 0.0803112
v 0.0707592 -0.1519527 0.0775823
v 0.0695044 -0.1007617 0.0970411
v 0.0706557 -0.1141815 0.0981923
v 0.0695044 -0.1276014 0.0970411
v 0.0664093 -0.1401331 0.0939459
v 0.0620261 -0.1508234 0.0895627
v 0.0707592 -0.1519527 0.0775823
v 0.0707592 -0.1519527 0.0775823
v 0.0620261 -0.1508234 0.0895627
v 0.0579556 -0.1579226 0.0854922
v 0.0620261 -0.1609948 0.0760859
v 0.0769804 -0.1540123 0.0626557
v 0.0664093 -0.1643029 0.0619217
v 0.0809089 -0.1556831 0.0456293
v 0.0695044 -0.1666389 0.0453175
v 0.0822910 -0.1563469 0.0275366
v 0.0706557 -0.1675078 0.0275366
v 0.0706557 -0.1675078 0.0275366
v 0.0695044 -0.1666389 0.0097558
v 0.0664093 -0.1643029 -0.0068484
v 0.0620261 -0.1609948 -0.0210127
v 0.0620261 -0.1508234 -0.0344895
v 0.0579556 -0.1579226 -0.0304189
v 0.0664093 -0.1401331 -0.0388727
v 0.0695044 -0.1276014 -0.0419678
v 0.0706557 -0.1141816 -0.0431191
v 0.0695044 -0.1007617 -0.0419678
v 0.0500456 -0.1675860 -0.0225090
v 0.0527746 -0.1722813 -0.0075824
v 0.0366461 -0.1779551 -0.0091095
v 0.0351190 -0.1722813 -0.0252380
v 0.0549882 -0.1752463 0.0094439
v 0.0380269 -0.1814065 0.0087688
v 0.0558678 -0.1762894 0.0275366
v 0.0386147 -0.1825776 0.0275366
v 0.0549882 -0.1752463 0.0456293
v 0.0380269 -0.1814065 0.0463044
v 0.0527746 -0.1722813 0.0626557
v 0.0366461 -0.1779551 0.0641828
v 0.0500456 -0.1675860 0.0775823
v 0.0351190 -0.1722813 0.0803112
v 0.0187678 -0.1814065 -0.0104903
v 0.0180927 -0.1752463 -0.0274516
v 0.0194246 -0.1851175 0.0081120
v 0.0197182 -0.1863598 0.0275366
v 0.0194246 -0.1851175 0.0469613
v 0.0187678 -0.1814065 0.0655636
v 0.0180927 -0.1752463 0.0825249
v -0.0000000 -0.1825776 -0.0110780
v -0.0000000 -0.1762894 -0.0283311
v -0.0000000 -0.1863598 0.0078184
v 0.0000000 -0.1876233 0.0275366
v 0.0000000 -0.1863598 0.0472548
v 0.0000000 -0.1825776 0.0661513
v 0.0000000 -0.1762894 0.0834044
v -0.0187678 -0.1814065 -0.0104903
v -0.0180927 -0.1752463 -0.0274516
v -0.0194246 -0.1851175 0.0081120
v -0.0197182 -0.1863598 0.0275366
v -0.0194246 -0.1851175 0.0469613
v -0.0187678 -0.1814065 0.0655636
v -0.0180927 -0.1752463 0.0825249
v -0.0366461 -0.1779551 -0.0091095
v -0.0351190 -0.1722813 -0.0252380
v -0.0380269 -0.1814065 0.0087688
v -0.0386147 -0.1825776 0.0275366
v -0.0380269 -0.1814065 0.0463044
v -0.0366461 -0.1779551 0.0641828
v -0.0351191 -0.1722813 0.0803112
v -0.0527746 -0.1722813 -0.0075824
v -0.0500456 -0.1675860 -0.0225090
v -0.0549882 -0.1752463 0.0094439
v -0.0558678 -0.1762894 0.0275366
v -0.0549882 -0.1752463 0.0456293
v -0.0527746 -0.1722813 0.0626557
v -0.0500456 -0.1675860 0.0775823
v 0.0579556 -0.1579226 -0.0304189
v 0.0620261 -0.1609948 -0.0210127
v 0.0485493 -0.1609948 -0.0344895
v 0.0664093 -0.1643029 -0.0068484
v 0.0695044 -0.1666389 0.0097558
v 0.0485493 -0.1609948 0.0895627
v 0.0343850 -0.1643029 0.0939459
v 0.0177808 -0.1666389 0.0970411
v -0.0000000 -0.1675078 0.0981923
v -0.0177808 -0.1666389 0.0970411
v -0.0343850 -0.1643029 0.0939459
v -0.0485493 -0.1609948 0.0895627
v -0.0620261 -0.1609948 -0.0210127
v -0.0485493 -0.1609948 -0.0344895
v -0.0579556 -0.1579226 -0.0304189
v -0.0343850 -0.1643029 -0.0388726
v -0.0177808 -0.1666390 -0.0419678
v -0.0000000 -0.1675078 -0.0431191
v 0.0177808 -0.1666389 -0.0419678
v 0.0343850 -0.1643029 -0.0388726
v -0.0549882 -0.1005264 -0.0533723
v -0.0380269 -0.1000169 -0.0615344
v -0.0386147 -0.1141816 -0.0630860
v -0.0558678 -0.1141816 -0.0547544
v -0.0194246 -0.0995211 -0.0664513
v -0.0197182 -0.1141816 -0.0680973
v 0.0000000 -0.0992996 -0.0680973
v 0.0000000 -0.1141816 -0.0697715
v 0.0194246 -0.0995211 -0.0664513
v 0.0197182 -0.1141816 -0.0680973
v 0.0380269 -0.1000169 -0.0615344
v 0.0386147 -0.1141816 -0.0630860
v 0.0380269 -0.1000169 -0.0615344
v 0.0549882 -0.1005264 -0.0533723
v 0.0558678 -0.1141816 -0.0547544
v 0.0386147 -0.1141816 -0.0630860
v -0.0380269 -0.1283463 -0.0615344
v -0.0549882 -0.1278367 -0.0533723
v -0.0194246 -0.1288420 -0.0664513
v 0.0000000 -0.1290636 -0.0680973
v 0.0194246 -0.1288420 -0.0664513
v 0.0380269 -0.1283463 -0.0615344
v 0.0549882 -0.1278367 -0.0533723
v 0.0380269 -0.1283463 -0.0615344
v -0.0366461 -0.1418397 -0.0569614
v -0.0527746 -0.1406871 -0.0494438
v -0.0187678 -0.1428818 -0.0615344
v 0.0000000 -0.1433254 -0.0630860
v 0.0187678 -0.1428818 -0.0615344
v 0.0366461 -0.1418397 -0.0569614
v 0.0527746 -0.1406871 -0.0494438
v 0.0366461 -0.1418397 -0.0569614
v -0.0351190 -0.1540124 -0.0494438
v -0.0500456 -0.1519527 -0.0432226
v -0.0180927 -0.1556831 -0.0533723
v 0.0000000 -0.1563469 -0.0547544
v 0.0180927 -0.1556831 -0.0533723
v 0.0351191 -0.1540124 -0.0494438
v 0.0500456 -0.1519527 -0.0432226
v 0.0351191 -0.1540124 -0.0494438
v 0.0485493 -0.1609948 -0.0344895
v 0.0343850 -0.1643029 -0.0388726
v 0.0180927 -0.1556831 -0.0533723
v 0.0351191 -0.1540124 -0.0494438
v 0.0177808 -0.1666389 -0.0419678
v -0.0000000 -0.1675078 -0.0431191
v -0.0177808 -0.1666390 -0.0419678
v -0.0343850 -0.1643029 -0.0388726
v -0.0485493 -0.1609948 -0.0344895
v 0.0549882 -0.1005264 0.1084456
v 0.0380269 -0.1000168 0.1166076
v 0.0386147 -0.1141815 0.1181593
v 0.0558678 -0.1141815 0.1098276
v 0.0194246 -0.0995211 0.1215245
v 0.0197182 -0.1141815 0.1231706
v -0.0000000 -0.0992995 0.1231706
v -0.0000000 -0.1141815 0.1248447
v -0.0194246 -0.0995211 0.1215246
v -0.0197182 -0.1141815 0.1231706
v -0.0380269 -0.1000168 0.1166076
v -0.0386147 -0.1141815 0.1181593
v -0.0380269 -0.1000168 0.1166076
v -0.0549882 -0.1005264 0.1084456
v -0.0558678 -0.1141815 0.1098276
v -0.0386147 -0.1141815 0.1181593
v 0.0380269 -0.1283462 0.1166076
v 0.0549882 -0.1278367 0.1084456
v 0.0194246 -0.1288420 0.1215246
v -0.0000000 -0.1290635 0.1231706
v -0.0194246 -0.1288420 0.1215245
v -0.0380269 -0.1283462 0.1166076
v -0.0549882 -0.1278367 0.1084456
v -0.0380269 -0.1283462 0.1166076
v 0.0366461 -0.1418396 0.1120347
v 0.0527746 -0.1406871 0.1045170
v 0.0187678 -0.1428818 0.1166076
v -0.0000000 -0.1433254 0.1181593
v -0.0187678 -0.1428818 0.1166076
v -0.0366461 -0.1418396 0.1120347
v -0.0527746 -0.1406871 0.1045170
v -0.0366461 -0.1418396 0.1120347
v 0.0351190 -0.1540123 0.1045170
v 0.0500456 -0.1519527 0.0982958
v 0.0180927 -0.1556830 0.1084456
v -0.0000000 -0.1563469 0.1098276
v -0.0180927 -0.1556830 0.1084456
v -0.0187678 -0.1428818 0.1166076
v -0.0366461 -0.1418396 0.1120347
v -0.0351190 -0.1540123 0.1045170
v -0.0180927 -0.1556830 0.1084456
v -0.0500456 -0.1519527 0.0982958
v -0.0351190 -0.1540123 0.1045170
v -0.0500456 -0.1519527 0.0982958
v -0.0000000 -0.1563469 0.1098276
v 0.0180927 -0.1556830 0.1084456
v 0.0351190 -0.1540123 0.1045170
v 0.0500456 -0.1519527 0.0982958
v 0.0485493 -0.1609948 0.0895627
v 0.0579556 -0.1579226 0.0854922
v 0.1631300 -0.0495652 -0.2099526
v 0.2279130 -0.0495558 -0.1657296
v 0.2432243 -0.0458831 -0.1862391
v 0.1784419 -0.0458831 -0.2304580
v 0.1038183 -0.0458773 -0.1279307
v 0.1688203 -0.0422194 -0.0821514
v 0.1839502 -0.0387962 -0.1011929
v 0.1187422 -0.0458861 -0.1484361
v 0.1984882 -0.0424769 -0.1216983
v 0.1332802 -0.0495668 -0.1689416
v 0.2128428 -0.0493765 -0.1436700
v 0.1478411 -0.0530292 -0.1894471
vt 0.0018647 0.8998373
vt 0.0013085 0.8804768
vt 0.0127496 0.8814591
vt 0.0110372 0.9048906
vt 0.9530744 0.6443845
vt 0.9331142 0.6444352
vt 0.9298205 0.6366483
vt 0.9552888 0.6313370
vt 0.0156292 0.8584646
vt 0.0253579 0.8637261
vt 0.0253579 0.8828784
vt 0.0215913 0.9018072
vt 0.8668968 0.0133116
vt 0.8833794 0.0015433
vt 0.8927941 0.0347917
vt 0.8697865 0.0431079
vt 0.9032389 0.0013084
vt 0.9161989 0.0280271
vt 0.9270476 0.0716684
vt 0.9026591 0.0784924
vt 0.8783406 0.0857686
vt 0.9062781 0.1185370
vt 0.8817768 0.1237110
vt 0.9308496 0.1138153
vt 0.9274018 0.1594310
vt 0.9030555 0.1608615
vt 0.8787794 0.1627441
vt 0.9599702 0.7283245
vt 0.9359835 0.7224584
vt 0.9448229 0.6785169
vt 0.9675416 0.6854848
vt 0.9111513 0.7156964
vt 0.9209877 0.6718124
vt 0.9695712 0.6553348
vt 0.9576222 0.0070846
vt 0.9601555 0.0369039
vt 0.9482792 0.0367369
vt 0.9481980 0.0013085
vt 0.9600693 0.0804442
vt 0.9476489 0.0805650
vt 0.9336973 0.0799492
vt 0.9349129 0.0364301
vt 0.9378433 0.0067134
vt 0.9606730 0.3478831
vt 0.9605774 0.3028622
vt 0.9737573 0.3017248
vt 0.9744539 0.3476152
vt 0.9625108 0.2734203
vt 0.9725636 0.2671631
vt 0.9823197 0.2730879
vt 0.9858583 0.3024380
vt 0.9870849 0.3474400
vt 0.9126601 0.8031651
vt 0.9373358 0.8045534
vt 0.9463724 0.8537923
vt 0.9235070 0.8552827
vt 0.9611660 0.8050460
vt 0.9681382 0.8501396
vt 0.9695712 0.8817747
vt 0.9542449 0.8921040
vt 0.9356246 0.8888308
vt 0.9332278 0.7624699
vt 0.9082580 0.7578083
vt 0.9573520 0.7662358
vt 0.9474228 0.1174699
vt 0.9334667 0.1176365
vt 0.9598386 0.1181314
vt 0.9601461 0.1553283
vt 0.9477214 0.1534881
vt 0.9337742 0.1548334
vt 0.9746766 0.3900114
vt 0.9608918 0.3895016
vt 0.9873037 0.3890584
vt 0.9870654 0.4320328
vt 0.9744325 0.4341510
vt 0.9606535 0.4324760
vt 0.8717326 0.2403974
vt 0.8874953 0.2500039
vt 0.8847994 0.2645460
vt 0.8668968 0.2463624
vt 0.9059396 0.2464751
vt 0.9082648 0.2547481
vt 0.6854831 0.4689992
vt 0.6854831 0.4435872
vt 0.6961073 0.4429231
vt 0.6986171 0.4614474
vt 0.9480814 0.2328417
vt 0.9466150 0.2548191
vt 0.9343058 0.2416714
vt 0.9377746 0.2284826
vt 0.9482457 0.1955754
vt 0.9349129 0.1975616
vt 0.9601555 0.1980353
vt 0.9575535 0.2288538
vt 0.9737368 0.4839421
vt 0.9605775 0.4804592
vt 0.9858583 0.4800349
vt 0.9823730 0.5098679
vt 0.9726065 0.5181808
vt 0.9625641 0.5102003
vt 0.8949826 0.2106127
vt 0.8727043 0.2082501
vt 0.9175896 0.2120949
vt 0.9656596 0.0279187
vt 0.9641137 0.0090100
vt 0.9760734 0.0013085
vt 0.9753633 0.0276395
vt 0.8889909 0.6429904
vt 0.8690764 0.6431223
vt 0.8662503 0.6364451
vt 0.8917938 0.6313370
vt 0.8676507 0.5345379
vt 0.8690215 0.5571564
vt 0.8588496 0.5601797
vt 0.8555442 0.5452453
vt 0.9882939 0.0095229
vt 0.9854935 0.0283394
vt 0.8668969 0.2786044
vt 0.8835664 0.2671631
vt 0.8921387 0.3005669
vt 0.8690844 0.3084367
vt 0.9034703 0.2673352
vt 0.9157869 0.2942929
vt 0.9256859 0.3381329
vt 0.9010485 0.3444457
vt 0.8767113 0.3512503
vt 0.9038130 0.3845475
vt 0.8793377 0.3892470
vt 0.9285884 0.3803398
vt 0.9241723 0.4258688
vt 0.8996919 0.4267910
vt 0.8755116 0.4282049
vt 0.8958525 0.7271748
vt 0.8715565 0.7204922
vt 0.8804588 0.6765522
vt 0.9034736 0.6843061
vt 0.8468897 0.7140710
vt 0.8567823 0.6701740
vt 0.9056410 0.6543827
vt 0.9883366 0.0517008
vt 0.9753430 0.0582575
vt 0.9892177 0.0825145
vt 0.9756487 0.0894981
vt 0.5615321 0.7788128
vt 0.5621012 0.8112111
vt 0.5489067 0.8171313
vt 0.5489067 0.7847517
vt 0.9630239 0.0511639
vt 0.8555442 0.6238285
vt 0.8563340 0.5874529
vt 0.8695287 0.5914425
vt 0.8693225 0.6287200
vt 0.8786619 0.5595585
vt 0.8816192 0.5866600
vt 0.8819607 0.6230002
vt 0.8484030 0.8018836
vt 0.8729128 0.8029095
vt 0.8820130 0.8525039
vt 0.8593091 0.8543601
vt 0.8970519 0.8041968
vt 0.9040719 0.8495887
vt 0.9056410 0.8816786
vt 0.8901649 0.8916566
vt 0.8715943 0.8884639
vt 0.8687927 0.7606309
vt 0.8439879 0.7563167
vt 0.8932267 0.7652064
vt 0.9627725 0.0819536
vt 0.9757682 0.1185701
vt 0.9628944 0.1116441
vt 0.9893396 0.1122050
vt 0.9892177 0.1463702
vt 0.9756497 0.1516607
vt 0.9627725 0.1458092
vt 0.9722289 0.6388872
vt 0.9853576 0.6313370
vt 0.9853162 0.6640424
vt 0.9721882 0.6709906
vt 0.9986914 0.6387135
vt 0.9986507 0.6708170
vt 0.9986914 0.7099606
vt 0.9853579 0.7042400
vt 0.9722289 0.7101343
vt 0.6795070 0.4429231
vt 0.6828661 0.4612053
vt 0.6712552 0.4681015
vt 0.6695993 0.4429231
vt 0.8823922 0.5156104
vt 0.9009518 0.5124614
vt 0.9033391 0.5208163
vt 0.8796808 0.5301396
vt 0.8927894 0.9059156
vt 0.8691368 0.8965963
vt 0.6587198 0.4627743
vt 0.6597009 0.4442101
vt 0.9754320 0.1919191
vt 0.9630988 0.1870632
vt 0.9884114 0.1876002
vt 0.9856276 0.2147571
vt 0.9755237 0.2218568
vt 0.9657937 0.2143364
vt 0.9854800 0.7550114
vt 0.9729080 0.7586950
vt 0.9982373 0.7585288
vt 0.9956285 0.7932223
vt 0.9856802 0.7983434
vt 0.9757817 0.7933525
vt 0.8905841 0.4763640
vt 0.8684859 0.4735736
vt 0.9132596 0.4783177
vt 0.8668969 0.5056998
vt 0.3164180 0.7728280
vt 0.3059461 0.7714845
vt 0.3080108 0.7453977
vt 0.3203968 0.7544127
vt 0.2304468 0.4813343
vt 0.2285201 0.4686235
vt 0.2539309 0.4739176
vt 0.2504127 0.4814276
vt 0.9016942 0.5903273
vt 0.8885125 0.5826455
vt 0.8900372 0.5650057
vt 0.9004378 0.5654361
vt 0.2966877 0.7716628
vt 0.2963428 0.7529920
vt 0.8340226 0.6424955
vt 0.8318816 0.6725625
vt 0.8084286 0.6652102
vt 0.8171097 0.6313371
vt 0.7850869 0.6588225
vt 0.7973753 0.6315421
vt 0.7998273 0.7092665
vt 0.7755110 0.7028355
vt 0.8245685 0.7155277
vt 0.8222548 0.7535881
vt 0.7973930 0.7494355
vt 0.7729560 0.7451130
vt 0.8018582 0.7916867
vt 0.7777431 0.7906505
vt 0.8263983 0.7925529
vt 0.2235402 0.5654384
vt 0.2159991 0.5225273
vt 0.2385551 0.5153744
vt 0.2473566 0.5593824
vt 0.2624477 0.5087706
vt 0.2722486 0.5527259
vt 0.2140382 0.4923937
vt 0.3058402 0.8028000
vt 0.2942215 0.7954811
vt 0.8413709 0.6743654
vt 0.8343332 0.7176809
vt 0.3194020 0.7969683
vt 0.3208142 0.8289135
vt 0.3066622 0.8351499
vt 0.5462723 0.8187896
vt 0.5325532 0.8124753
vt 0.5331678 0.7788128
vt 0.5462897 0.7855318
vt 0.8845776 0.5414826
vt 0.8971906 0.5345379
vt 0.9098017 0.5397376
vt 0.9098017 0.5636384
vt 0.2828156 0.5495416
vt 0.2724020 0.5048547
vt 0.2707432 0.6403947
vt 0.2599342 0.6926599
vt 0.2370090 0.6910491
vt 0.2460073 0.6416652
vt 0.2154039 0.6875562
vt 0.2223471 0.6423353
vt 0.2292790 0.7296168
vt 0.2140382 0.7193471
vt 0.2479080 0.7263803
vt 0.2751353 0.5949299
vt 0.2501060 0.5994816
vt 0.2261524 0.6034327
vt 0.3211150 0.8594530
vt 0.3069571 0.8650534
vt 0.8320649 0.7549506
vt 0.3065676 0.8987800
vt 0.2944069 0.8927217
vt 0.2948079 0.8578992
vt 0.3207140 0.8942754
vt 0.5460792 0.8540766
vt 0.5323567 0.8484236
vt 0.2857538 0.5925350
vt 0.5325720 0.8913366
vt 0.5198659 0.8965718
vt 0.5196557 0.8547852
vt 0.5462894 0.8958632
vt 0.8358843 0.8698307
vt 0.8413709 0.8750336
vt 0.8240280 0.8937460
vt 0.8203201 0.8800365
vt 0.8003052 0.8846250
vt 0.8019020 0.8769049
vt 0.2275297 0.7427807
vt 0.2510594 0.7336549
vt 0.7143090 0.4669064
vt 0.7037846 0.4651460
vt 0.7012341 0.4467933
vt 0.7143090 0.4429230
vt 0.3194020 0.9361644
vt 0.3058838 0.9397226
vt 0.2942215 0.9346772
vt 0.3060982 0.9704783
vt 0.2967773 0.9626409
vt 0.3165076 0.9638063
vt 0.5462897 0.9468732
vt 0.5331859 0.9445879
vt 0.5209978 0.9475514
vt 0.5341833 0.9887201
vt 0.5243962 0.9831747
vt 0.5442138 0.9826432
vt 0.8338336 0.8378686
vt 0.8114235 0.8411792
vt 0.7891214 0.8430191
vt 0.7086774 0.6538769
vt 0.7028140 0.6500370
vt 0.7218940 0.6313371
vt 0.7255066 0.6425090
vt 0.0279749 0.8797599
vt 0.0400827 0.8787996
vt 0.0374126 0.9037278
vt 0.0279749 0.8996581
vt 0.0520221 0.8824324
vt 0.0476997 0.9018502
vt 0.0425844 0.8584645
vt 0.0519419 0.8647228
vt 0.6278644 0.7430961
vt 0.6257702 0.7730016
vt 0.6029075 0.7652056
vt 0.6112917 0.7316797
vt 0.5791392 0.7588266
vt 0.5913470 0.7318022
vt 0.5940363 0.8091281
vt 0.5692738 0.8027061
vt 0.6181735 0.8158550
vt 0.6155511 0.8538793
vt 0.5912761 0.8492590
vt 0.5663758 0.8449437
vt 0.5953909 0.8915362
vt 0.5707852 0.8905091
vt 0.6193714 0.8928683
vt 0.7185308 0.7264583
vt 0.7109666 0.6836496
vt 0.7343323 0.6758457
vt 0.7431893 0.7197229
vt 0.7576987 0.6697928
vt 0.7675326 0.7136402
vt 0.7452744 0.6428325
vt 0.9356831 0.2724144
vt 0.9460754 0.2671631
vt 0.9461644 0.3029071
vt 0.9327357 0.3022786
vt 0.9454738 0.3467915
vt 0.9314582 0.3458431
vt 0.9579605 0.3027134
vt 0.9578116 0.3462974
vt 0.9554482 0.2727552
vt 0.3148101 0.5484853
vt 0.3019870 0.5473429
vt 0.3014993 0.5016577
vt 0.3137809 0.5036333
vt 0.3006706 0.4686235
vt 0.3104840 0.4751177
vt 0.2884739 0.5037958
vt 0.2906545 0.4752450
vt 0.2883708 0.5486551
vt 0.7658197 0.8012841
vt 0.7547532 0.8536287
vt 0.7323782 0.8514675
vt 0.7416456 0.8019823
vt 0.7099928 0.8486269
vt 0.7171563 0.8033331
vt 0.7237676 0.8907144
vt 0.7081611 0.8807573
vt 0.7421988 0.8877121
vt 0.7703391 0.7558241
vt 0.7458625 0.7598029
vt 0.7210708 0.7644345
vt 0.9575588 0.3841754
vt 0.9452260 0.3838831
vt 0.9312055 0.3837211
vt 0.9455533 0.4203210
vt 0.9315424 0.4213510
vt 0.9578958 0.4218054
vt 0.3149676 0.5907648
vt 0.3021473 0.5904128
vt 0.2885283 0.5909345
vt 0.3019859 0.6362306
vt 0.2883708 0.6355439
vt 0.3148101 0.6353743
vt 0.9356079 0.4958954
vt 0.9459476 0.5004629
vt 0.9443409 0.5219426
vt 0.9320160 0.5085965
vt 0.7169260 0.4475764
vt 0.7291120 0.4429230
vt 0.7291120 0.4674893
vt 0.7191284 0.4663210
vt 0.7202746 0.9054085
vt 0.7439528 0.8962326
vt 0.7028139 0.8867877
vt 0.9579605 0.4651115
vt 0.9461277 0.4629789
vt 0.9327357 0.4646766
vt 0.9553729 0.4962361
vt 0.3138090 0.6859671
vt 0.3015140 0.6887771
vt 0.2885020 0.6861296
vt 0.3007399 0.7262483
vt 0.2907287 0.7182310
vt 0.3105582 0.7181037
vt 0.6263677 0.9382638
vt 0.6044596 0.9411364
vt 0.5816627 0.9429918
vt 0.6124641 0.9803156
vt 0.5938616 0.9771150
vt 0.6278644 0.9703632
vt 0.5867020 0.5986066
vt 0.5852924 0.5902860
vt 0.5915302 0.5885372
vt 0.5925199 0.5977960
vt 0.5835201 0.5813018
vt 0.5901440 0.5789428
vt 0.5816522 0.5717658
vt 0.5885769 0.5690525
vt 0.5798472 0.5618634
vt 0.5869970 0.5589414
vt 0.5781801 0.5517591
vt 0.5854856 0.5487311
vt 0.5767052 0.5416124
vt 0.5841019 0.5385550
vt 0.5754768 0.5315824
vt 0.5829055 0.5285465
vt 0.5745360 0.5218216
vt 0.5819404 0.5188338
vt 0.5738719 0.5124534
vt 0.5811885 0.5095266
vt 0.5734605 0.5035948
vt 0.5806165 0.5007291
vt 0.5732778 0.4953622
vt 0.5801913 0.4925460
vt 0.5732803 0.4878797
vt 0.5798562 0.4850820
vt 0.7887168 0.0145755
vt 0.7878128 0.0208376
vt 0.7813538 0.0173346
vt 0.7818066 0.0104050
vt 0.7872216 0.0271310
vt 0.7812813 0.0246063
vt 0.5982460 0.5873938
vt 0.5990150 0.5974201
vt 0.5971118 0.5772259
vt 0.5957738 0.5669348
vt 0.5943739 0.5565556
vt 0.5929889 0.5461804
vt 0.5916793 0.5359151
vt 0.5905054 0.5258657
vt 0.5895113 0.5161354
vt 0.5886744 0.5068170
vt 0.5879559 0.4980008
vt 0.5873168 0.4897769
vt 0.5867000 0.4822333
vt 0.7744877 0.0146427
vt 0.7746289 0.0071430
vt 0.7747155 0.0226624
vt 0.6053645 0.5865820
vt 0.6060523 0.5971651
vt 0.6043776 0.5759403
vt 0.6032019 0.5652730
vt 0.6019384 0.5546218
vt 0.6006530 0.5440613
vt 0.5994027 0.5336744
vt 0.5982444 0.5235438
vt 0.5972190 0.5137515
vt 0.5963032 0.5043756
vt 0.5954575 0.4954934
vt 0.5946425 0.4871817
vt 0.5938089 0.4795162
vt 0.7672645 0.0126122
vt 0.7672098 0.0046688
vt 0.7676310 0.0211550
vt 0.6128013 0.5859028
vt 0.6134797 0.5968849
vt 0.6118900 0.5749060
vt 0.6108169 0.5639420
vt 0.6096495 0.5530616
vt 0.6084401 0.5423296
vt 0.6072375 0.5318145
vt 0.6060904 0.5215843
vt 0.6050336 0.5117075
vt 0.6040474 0.5022523
vt 0.6030977 0.4932866
vt 0.6021510 0.4848784
vt 0.6011693 0.4770954
vt 0.7597508 0.0111501
vt 0.7595844 0.0028846
vt 0.7601678 0.0200632
vt 0.6204633 0.5852832
vt 0.6211771 0.5965295
vt 0.6195773 0.5740460
vt 0.6185625 0.5628730
vt 0.6174612 0.5518204
vt 0.6163111 0.5409484
vt 0.6151489 0.5303181
vt 0.6140113 0.5199909
vt 0.6129250 0.5100282
vt 0.6118769 0.5004925
vt 0.6108438 0.4914463
vt 0.6098027 0.4829524
vt 0.6087292 0.4750732
vt 0.7520336 0.0102448
vt 0.7518173 0.0017664
vt 0.7524425 0.0194032
vt 0.6282551 0.5846818
vt 0.6290320 0.5960732
vt 0.6273633 0.5733085
vt 0.6263794 0.5620117
vt 0.6253264 0.5508499
vt 0.6242266 0.5398824
vt 0.6231021 0.5291684
vt 0.6219752 0.5187672
vt 0.6208628 0.5087381
vt 0.6197610 0.4991407
vt 0.6186607 0.4900350
vt 0.6175526 0.4814805
vt 0.6164276 0.4735369
vt 0.7442049 0.0099047
vt 0.7439809 0.0013085
vt 0.7445659 0.0192002
vt 0.6360818 0.5840575
vt 0.6369324 0.5954896
vt 0.6351715 0.5726421
vt 0.6342079 0.5613035
vt 0.6331976 0.5501016
vt 0.6321470 0.5390965
vt 0.6310623 0.5283481
vt 0.6299501 0.5179167
vt 0.6288168 0.5078618
vt 0.6276690 0.4982419
vt 0.6265131 0.4891151
vt 0.6253557 0.4805396
vt 0.6242033 0.4725735
vt 0.7363570 0.0101385
vt 0.7361470 0.0015054
vt 0.7366489 0.0194792
vt 0.6438506 0.5833851
vt 0.6447685 0.5947646
vt 0.6429283 0.5720143
vt 0.6419913 0.5607136
vt 0.6410298 0.5495442
vt 0.6400341 0.5385680
vt 0.6389953 0.5278469
vt 0.6379039 0.5174428
vt 0.6367559 0.5074166
vt 0.6355686 0.4978264
vt 0.6343640 0.4887293
vt 0.6331646 0.4801823
vt 0.6319926 0.4722427
vt 0.7285803 0.0109500
vt 0.7283867 0.0023517
vt 0.7288000 0.0202549
vt 0.6514805 0.5827041
vt 0.6524412 0.5939300
vt 0.6505712 0.5714689
vt 0.6496828 0.5602854
vt 0.6487859 0.5492159
vt 0.6478562 0.5383255
vt 0.6468701 0.5276806
vt 0.6458046 0.5173474
vt 0.6446462 0.5073907
vt 0.6434219 0.4978695
vt 0.6421685 0.4888417
vt 0.6409230 0.4803648
vt 0.6397231 0.4724962
vt 0.7209584 0.0123237
vt 0.7207655 0.0038438
vt 0.7211198 0.0214988
vt 0.6588928 0.5820704
vt 0.6598541 0.5930290
vt 0.6580403 0.5710687
vt 0.6572380 0.5600821
vt 0.6564314 0.5491717
vt 0.6555824 0.5384098
vt 0.6546568 0.5278717
vt 0.6536204 0.5176323
vt 0.6524529 0.5077648
vt 0.6511897 0.4983325
vt 0.6498797 0.4893967
vt 0.6485721 0.4810186
vt 0.6473196 0.4732581
vt 0.7135731 0.0142395
vt 0.7133477 0.0059779
vt 0.7137066 0.0231715
vt 0.6660091 0.5815396
vt 0.6669106 0.5921048
vt 0.6652758 0.5708767
vt 0.6646127 0.5601668
vt 0.6639315 0.5494672
vt 0.6631823 0.5388621
vt 0.6623250 0.5284425
vt 0.6613193 0.5182993
vt 0.6601413 0.5085197
vt 0.6588325 0.4991765
vt 0.6574506 0.4903387
vt 0.6560534 0.4820755
vt 0.6547071 0.4744527
vt 0.7065065 0.0166770
vt 0.7061977 0.0087506
vt 0.7066588 0.0252340
vt 0.6727584 0.5811983
vt 0.6735120 0.5912258
vt 0.6722268 0.5709803
vt 0.6717680 0.5606160
vt 0.6712536 0.5501633
vt 0.6706260 0.5397251
vt 0.6698446 0.5294159
vt 0.6688693 0.5193499
vt 0.6676766 0.5096361
vt 0.6663115 0.5003617
vt 0.6648356 0.4916084
vt 0.6633109 0.4834582
vt 0.6618150 0.4759876
vt 0.6998358 0.0196370
vt 0.6993734 0.0121777
vt 0.7000791 0.0276556
vt 0.6791005 0.5812559
vt 0.6795498 0.5905597
vt 0.6788782 0.5715648
vt 0.6786855 0.5615602
vt 0.6783741 0.5513436
vt 0.6778861 0.5410482
vt 0.6771860 0.5308153
vt 0.6762386 0.5207860
vt 0.6750244 0.5110941
vt 0.6735890 0.5018436
vt 0.5884208 0.0052023
vt 0.5982417 0.0094677
vt 0.5966547 0.0149879
vt 0.5868917 0.0109103
vt 0.6075850 0.0143866
vt 0.6058954 0.0196108
vt 0.6163558 0.0199267
vt 0.6144978 0.0247250
vt 0.6244814 0.0261146
vt 0.6223570 0.0303316
vt 0.6940886 0.0304396
vt 0.6936197 0.0232042
vt 0.6850154 0.5819943
vt 0.6849591 0.5904368
vt 0.6852257 0.5728452
vt 0.6853525 0.5631434
vt 0.6852714 0.5530976
vt 0.6849359 0.5428826
vt 0.5450222 0.0013085
vt 0.5556641 0.0026160
vt 0.5539676 0.0092929
vt 0.5433337 0.0078801
vt 0.5662760 0.0046629
vt 0.5646093 0.0113785
vt 0.5767258 0.0074460
vt 0.5751037 0.0141399
vt 0.5853112 0.0175066
vt 0.5950961 0.0213898
vt 0.6043226 0.0257007
vt 0.6128480 0.0303497
vt 0.6205006 0.0352439
vt 0.6293762 0.0364761
vt 0.6271240 0.0403840
vt 0.5834329 0.6056103
vt 0.5816447 0.6000795
vt 0.5875539 0.6061952
vt 0.5795794 0.5930860
vt 0.5772822 0.5845351
vt 0.5750408 0.5752141
vt 0.5729640 0.5654060
vt 0.5711097 0.5553104
vt 0.5695236 0.5451056
vt 0.5682511 0.5349701
vt 0.5673280 0.5250731
vt 0.1063560 0.0080923
vt 0.0958011 0.0105009
vt 0.0954318 0.0038032
vt 0.1058596 0.0013085
vt 0.0856595 0.0134109
vt 0.0853978 0.0068876
vt 0.0760833 0.0167248
vt 0.0758975 0.0104795
vt 0.0672387 0.0203263
vt 0.0670763 0.0144939
vt 0.0593475 0.0240240
vt 0.0591021 0.0188337
vt 0.7938606 0.0254466
vt 0.7924730 0.0303272
vt 0.7912272 0.0343893
vt 0.7871308 0.0333986
vt 0.7819146 0.0323201
vt 0.7754866 0.0312223
vt 0.7684164 0.0302891
vt 0.7609020 0.0296034
vt 0.7530823 0.0292155
vt 0.7450815 0.0291673
vt 0.7370236 0.0295007
vt 0.7290304 0.0302411
vt 0.7212143 0.0313475
vt 0.7136852 0.0327623
vt 0.7065532 0.0344278
vt 0.6999397 0.0362764
vt 0.6940120 0.0382009
vt 0.6892668 0.0399458
vt 0.6887807 0.0337168
vt 0.6326283 0.0457599
vt 0.6300869 0.0478604
vt 0.6253974 0.0447587
vt 0.6192962 0.0410852
vt 0.6116227 0.0369021
vt 0.6030051 0.0327068
vt 0.5936552 0.0286978
vt 0.5837321 0.0249998
vt 0.5733818 0.0217193
vt 0.5627500 0.0189626
vt 0.5519876 0.0168131
vt 0.5412658 0.0152612
vt 0.5328667 0.0071191
vt 0.5307606 0.0142745
vt 0.5227255 0.0069885
vt 0.5206483 0.0138203
vt 0.5130755 0.0074694
vt 0.5111244 0.0138553
vt 0.6912711 0.5750573
vt 0.6905351 0.5838603
vt 0.6897089 0.5910942
vt 0.6852351 0.5980732
vt 0.6888714 0.5968433
vt 0.6805326 0.5994796
vt 0.6746504 0.6010285
vt 0.6680786 0.6025220
vt 0.6609828 0.6038864
vt 0.6534839 0.6050854
vt 0.6456921 0.6060918
vt 0.6377169 0.6068785
vt 0.6296709 0.6074240
vt 0.6216754 0.6077302
vt 0.6138542 0.6078050
vt 0.6063309 0.6076561
vt 0.5992445 0.6072983
vt 0.5927942 0.6067748
vt 0.4029427 0.1921726
vt 0.4095683 0.1755769
vt 0.4227294 0.1795434
vt 0.4164193 0.1962389
vt 0.4162612 0.1593421
vt 0.4290908 0.1631994
vt 0.4230046 0.1435511
vt 0.4354862 0.1472875
vt 0.4297813 0.1282863
vt 0.4418983 0.1318885
vt 0.4365744 0.1136305
vt 0.4483098 0.1170829
vt 0.4433667 0.0996661
vt 0.4547034 0.1029514
vt 0.4501413 0.0864758
vt 0.4610618 0.0895746
vt 0.4568727 0.0741354
vt 0.4673591 0.0770247
vt 0.4635022 0.0626935
vt 0.4735342 0.0653408
vt 0.4699625 0.0521918
vt 0.4795178 0.0545533
vt 0.4761866 0.0426721
vt 0.4852401 0.0446927
vt 0.4820806 0.0341759
vt 0.4906088 0.0357786
vt 0.4874435 0.0267429
vt 0.4954399 0.0277861
vt 0.4919629 0.0203530
vt 0.4995016 0.0206631
vt 0.4370271 0.1836231
vt 0.4310593 0.2004217
vt 0.4430293 0.1671651
vt 0.4490487 0.1511255
vt 0.4550682 0.1355823
vt 0.4610706 0.1206134
vt 0.4670387 0.1062967
vt 0.4729554 0.0927102
vt 0.4787951 0.0799219
vt 0.4844995 0.0679607
vt 0.4900016 0.0568455
vt 0.4952348 0.0465953
vt 0.5001168 0.0372174
vt 0.5045031 0.0286718
vt 0.5082308 0.0209051
vt 0.4522807 0.1877753
vt 0.4466781 0.2046787
vt 0.4579001 0.1712007
vt 0.4635196 0.1550298
vt 0.4691224 0.1393375
vt 0.4746915 0.1241986
vt 0.4802103 0.1096879
vt 0.4856618 0.0958804
vt 0.4910221 0.0828403
vt 0.4962388 0.0705890
vt 0.5012519 0.0591374
vt 0.5060021 0.0484963
vt 0.5104211 0.0386698
vt 0.5144080 0.0296348
vt 0.5178535 0.0213617
vt 0.4683095 0.1919589
vt 0.4630907 0.2089676
vt 0.4735269 0.1752675
vt 0.4787265 0.1589652
vt 0.4838921 0.1431238
vt 0.4890072 0.1278152
vt 0.4940556 0.1131110
vt 0.4990209 0.0990833
vt 0.5038813 0.0857932
vt 0.5085931 0.0732602
vt 0.5131069 0.0614932
vt 0.5173736 0.0505009
vt 0.5213404 0.0402895
vt 0.5249407 0.0308535
vt 0.5281041 0.0221846
vt 0.4849329 0.1961331
vt 0.4801122 0.2132460
vt 0.4897331 0.1793269
vt 0.4944970 0.1628965
vt 0.4992087 0.1469110
vt 0.5038524 0.1314397
vt 0.5084123 0.1165518
vt 0.5128726 0.1023164
vt 0.5172139 0.0887931
vt 0.5214036 0.0760033
vt 0.5254055 0.0639583
vt 0.5291834 0.0526700
vt 0.5327001 0.0421491
vt 0.5359144 0.0324029
vt 0.5387837 0.0234381
vt 0.5019702 0.2002571
vt 0.4975579 0.2174717
vt 0.5063422 0.1833402
vt 0.5106585 0.1667883
vt 0.5149035 0.1506689
vt 0.5190618 0.1350491
vt 0.5231180 0.1199963
vt 0.5270566 0.1055778
vt 0.5308613 0.0918526
vt 0.5345117 0.0788455
vt 0.5379869 0.0665735
vt 0.5412658 0.0550531
vt 0.5443271 0.0443007
vt 0.5471491 0.0343326
vt 0.5497099 0.0251647
vt 0.5192409 0.2042898
vt 0.5152429 0.2216023
vt 0.5231779 0.1872688
vt 0.5270386 0.1706056
vt 0.5308079 0.1543671
vt 0.5344701 0.1386198
vt 0.5380103 0.1234303
vt 0.5414129 0.1088652
vt 0.5446646 0.0949837
vt 0.5477586 0.0818146
vt 0.5506905 0.0693795
vt 0.5534553 0.0576997
vt 0.5560484 0.0467967
vt 0.5584650 0.0366919
vt 0.5607005 0.0274067
vt 0.5365642 0.2081904
vt 0.5329824 0.2255954
vt 0.5400637 0.1910734
vt 0.5434653 0.1743118
vt 0.5467536 0.1579729
vt 0.5499132 0.1421241
vt 0.5529284 0.1268325
vt 0.5557839 0.1121657
vt 0.5584687 0.0981836
vt 0.5609903 0.0849178
vt 0.5633609 0.0723924
vt 0.5655925 0.0606318
vt 0.5676974 0.0496601
vt 0.5696886 0.0395014
vt 0.5715790 0.0301799
vt 0.5537598 0.2119169
vt 0.5505916 0.2294087
vt 0.5568237 0.1947125
vt 0.5597676 0.1778647
vt 0.5625753 0.1614426
vt 0.5652309 0.1455154
vt 0.5677184 0.1301522
vt 0.5700220 0.1154222
vt 0.5721328 0.1013874
vt 0.5740715 0.0880813
vt 0.5758659 0.0755302
vt 0.5775438 0.0637602
vt 0.5791343 0.0527977
vt 0.5806721 0.0426671
vt 0.5821928 0.0333929
vt 0.5706471 0.2154275
vt 0.5678855 0.2329997
vt 0.5732825 0.1981440
vt 0.5757750 0.1812209
vt 0.5781078 0.1647299
vt 0.5802645 0.1487427
vt 0.5822282 0.1333312
vt 0.5839823 0.1185671
vt 0.5855197 0.1045149
vt 0.5868715 0.0912115
vt 0.5880786 0.0786861
vt 0.5891817 0.0669684
vt 0.5902259 0.0560868
vt 0.5912746 0.0460656
vt 0.5923951 0.0369282
vt 0.5870458 0.2186804
vt 0.5846795 0.2363259
vt 0.5892642 0.2013258
vt 0.5913169 0.1843370
vt 0.5931864 0.1677885
vt 0.5948551 0.1517552
vt 0.5963054 0.1363115
vt 0.5975199 0.1215324
vt 0.5984920 0.1074859
vt 0.5992597 0.0942143
vt 0.5998722 0.0817536
vt 0.6003788 0.0701393
vt 0.6008390 0.0594050
vt 0.6013550 0.0495740
vt 0.6020395 0.0406676
vt 0.6027756 0.2216335
vt 0.6007887 0.2393450
vt 0.6045932 0.2042158
vt 0.6062228 0.1871696
vt 0.6076459 0.1705723
vt 0.6088437 0.1545016
vt 0.6097980 0.1390350
vt 0.6104898 0.1242504
vt 0.6109126 0.1102198
vt 0.6111061 0.0969948
vt 0.6111221 0.0846215
vt 0.6110123 0.0731460
vt 0.6108478 0.0626108
vt 0.6107775 0.0530433
vt 0.6109734 0.0444665
vt 0.6176559 0.2242450
vt 0.6160282 0.2420143
vt 0.6190938 0.2067719
vt 0.6203222 0.1896751
vt 0.6213213 0.1730348
vt 0.6220717 0.1569310
vt 0.6225536 0.1414437
vt 0.6227472 0.1266532
vt 0.6226445 0.1126357
vt 0.6222829 0.0994527
vt 0.6217110 0.0871618
vt 0.6209777 0.0758208
vt 0.6201577 0.0654875
vt 0.6194282 0.0562198
vt 0.6190228 0.0480724
vt 0.6315064 0.2264730
vt 0.6302134 0.2442916
vt 0.6325904 0.2089520
vt 0.6334444 0.1918104
vt 0.6340479 0.1751299
vt 0.6343800 0.1589924
vt 0.6344200 0.1434795
vt 0.6341472 0.1286731
vt 0.6335511 0.1146523
vt 0.6326628 0.1014863
vt 0.6315237 0.0892419
vt 0.6301751 0.0779856
vt 0.6286826 0.0677954
vt 0.6272087 0.0587946
vt 0.6260445 0.0511014
vt 0.3840040 0.2050507
vt 0.3908145 0.1882652
vt 0.3964017 0.2090469
vt 0.3977243 0.1717645
vt 0.4047170 0.1556321
vt 0.4117763 0.1399515
vt 0.4188860 0.1248061
vt 0.4260297 0.1102794
vt 0.4331911 0.0964548
vt 0.4403539 0.0834160
vt 0.4474949 0.0712405
vt 0.4545624 0.0599830
vt 0.4614979 0.0496923
vt 0.4682431 0.0404172
vt 0.4747179 0.0322158
vt 0.4807574 0.0251830
vt 0.4858098 0.0197655
vt 0.6914893 0.6012846
vt 0.6938858 0.5949158
vt 0.4954342 0.0149548
vt 0.5024623 0.0142922
vt 0.6319538 0.0532801
vt 0.6340610 0.0603395
vt 0.6363418 0.0692803
vt 0.6385044 0.0794625
vt 0.6404451 0.0907294
vt 0.6421188 0.1029945
vt 0.6434954 0.1161884
vt 0.6445447 0.1302422
vt 0.6452451 0.1450843
vt 0.6456097 0.1606347
vt 0.6456605 0.1768112
vt 0.6454190 0.1935317
vt 0.6449071 0.2107138
vt 0.6441466 0.2282754
vt 0.6431593 0.2461343
vt 0.6287320 0.2623261
vt 0.6419668 0.2642082
vt 0.6142303 0.2599998
vt 0.5986509 0.2572726
vt 0.5821826 0.2541878
vt 0.5650144 0.2507888
vt 0.5473351 0.2471188
vt 0.5293338 0.2432213
vt 0.5111994 0.2391394
vt 0.4931208 0.2349167
vt 0.4752869 0.2305963
vt 0.4578867 0.2262217
vt 0.4411092 0.2218361
vt 0.4251432 0.2174828
vt 0.4101777 0.2132053
vt 0.6605686 0.2416046
vt 0.6615813 0.2240999
vt 0.6722260 0.2270276
vt 0.6714948 0.2446035
vt 0.6627882 0.2068541
vt 0.6731308 0.2097031
vt 0.6641841 0.1899433
vt 0.6742048 0.1927039
vt 0.6657637 0.1734439
vt 0.6754437 0.1761039
vt 0.6675218 0.1574320
vt 0.6768430 0.1599772
vt 0.6694531 0.1419838
vt 0.6783985 0.1443976
vt 0.6715524 0.1271757
vt 0.6801057 0.1294391
vt 0.6738082 0.1130817
vt 0.6819535 0.1151715
vt 0.6761851 0.0997670
vt 0.6839046 0.1016474
vt 0.6786414 0.0872947
vt 0.6859146 0.0889150
vt 0.6811352 0.0757277
vt 0.6879393 0.0770228
vt 0.6836066 0.0651365
vt 0.6899170 0.0660113
vt 0.6859216 0.0556193
vt 0.6917152 0.0558911
vt 0.6878589 0.0472238
vt 0.6931638 0.0466479
vt 0.6837687 0.2293338
vt 0.6833424 0.2469667
vt 0.6843467 0.2119440
vt 0.6850731 0.1948684
vt 0.6859448 0.1781776
vt 0.6869584 0.1619428
vt 0.6881108 0.1462348
vt 0.6893987 0.1311246
vt 0.6908122 0.1166765
vt 0.6923147 0.1029293
vt 0.6938629 0.0899151
vt 0.6954135 0.0776660
vt 0.6969105 0.0662037
vt 0.6982470 0.0555079
vt 0.6993008 0.0455460
vt 0.6960647 0.2310287
vt 0.6959629 0.2487043
vt 0.6962952 0.2135881
vt 0.6966526 0.1964501
vt 0.6971350 0.1796820
vt 0.6977406 0.1633515
vt 0.6984674 0.1475262
vt 0.6993138 0.1322734
vt 0.7002716 0.1176526
vt 0.7013080 0.1036910
vt 0.7023841 0.0904075
vt 0.7034607 0.0778211
vt 0.7044920 0.0659445
vt 0.7054047 0.0547657
vt 0.7061185 0.0442663
vt 0.7089691 0.2321226
vt 0.7092076 0.2498263
vt 0.7088356 0.2146465
vt 0.7088067 0.1974624
vt 0.7088823 0.1806342
vt 0.7090620 0.1642262
vt 0.7093458 0.1483024
vt 0.7097333 0.1329272
vt 0.7102190 0.1181558
vt 0.7107768 0.1040093
vt 0.7113751 0.0904998
vt 0.7119823 0.0776391
vt 0.7125640 0.0654372
vt 0.7130744 0.0538927
vt 0.7134644 0.0430023
vt 0.7223372 0.2326256
vt 0.7229279 0.2503427
vt 0.7218270 0.2151305
vt 0.7213990 0.1979186
vt 0.7210547 0.1810511
vt 0.7207956 0.1645893
vt 0.7206234 0.1485944
vt 0.7205396 0.1331275
vt 0.7205418 0.1182414
vt 0.7206125 0.1039549
vt 0.7207301 0.0902780
vt 0.7208731 0.0772211
vt 0.7210192 0.0647936
vt 0.7211425 0.0530018
vt 0.7212164 0.0418512
vt 0.7360241 0.2325479
vt 0.7369753 0.2502634
vt 0.7351289 0.2150511
vt 0.7342931 0.1978321
vt 0.7335203 0.1809499
vt 0.7328140 0.1644638
vt 0.7321777 0.1484327
vt 0.7316149 0.1329158
vt 0.7311271 0.1179642
vt 0.7307064 0.1035964
vt 0.7303429 0.0898232
vt 0.7300268 0.0766553
vt 0.7297480 0.0641029
vt 0.7294960 0.0521764
vt 0.7292604 0.0408858
vt 0.7498851 0.2318998
vt 0.7512011 0.2495985
vt 0.7486004 0.2144196
vt 0.7473524 0.1972162
vt 0.7461470 0.1803476
vt 0.7449897 0.1638722
vt 0.7438861 0.1478481
vt 0.7428419 0.1323336
vt 0.7418621 0.1173790
vt 0.7409497 0.1030031
vt 0.7401072 0.0892164
vt 0.7393367 0.0760298
vt 0.7386407 0.0634543
vt 0.7380216 0.0515003
vt 0.7374818 0.0401789
vt 0.7637753 0.2306913
vt 0.7654567 0.2483580
vt 0.7621007 0.2132467
vt 0.7604405 0.1960828
vt 0.7588027 0.1792585
vt 0.7571951 0.1628327
vt 0.7556255 0.1468640
vt 0.7541019 0.1314114
vt 0.7526330 0.1165254
vt 0.7512324 0.1022232
vt 0.7499145 0.0885139
vt 0.7486939 0.0754064
vt 0.7475853 0.0629096
vt 0.7466036 0.0510319
vt 0.7457640 0.0397817
vt 0.7775500 0.2289318
vt 0.7795936 0.2465517
vt 0.7754889 0.2115405
vt 0.7734203 0.1944383
vt 0.7713544 0.1776861
vt 0.7693012 0.1613443
vt 0.7672707 0.1454736
vt 0.7652731 0.1301348
vt 0.7633210 0.1153794
vt 0.7614378 0.1012236
vt 0.7596492 0.0876743
vt 0.7579811 0.0747385
vt 0.7564601 0.0624226
vt 0.7551161 0.0507289
vt 0.7539800 0.0396593
vt 0.7910642 0.2266303
vt 0.7934631 0.2441895
vt 0.7886240 0.2093086
vt 0.7861549 0.1922877
vt 0.7836689 0.1756309
vt 0.7811784 0.1594015
vt 0.7786957 0.1436629
vt 0.7762330 0.1284783
vt 0.7738066 0.1139018
vt 0.7714481 0.0999503
vt 0.7691934 0.0866316
vt 0.7670780 0.0739532
vt 0.7651407 0.0619197
vt 0.7634308 0.0505238
vt 0.7620005 0.0397552
vt 0.8041731 0.2237962
vt 0.8069165 0.2412814
vt 0.8013650 0.2065589
vt 0.7985069 0.1896359
vt 0.7956129 0.1730937
vt 0.7926974 0.1569988
vt 0.7897747 0.1414176
vt 0.7868591 0.1264165
vt 0.7839697 0.1120531
vt 0.7811453 0.0983498
vt 0.7784292 0.0853200
vt 0.7758652 0.0729771
vt 0.7735032 0.0613276
vt 0.7714193 0.0503493
vt 0.7696962 0.0400128
vt 0.8167316 0.2204385
vt 0.8198054 0.2378372
vt 0.8135710 0.2032988
vt 0.8103395 0.1864879
vt 0.8070534 0.1700753
vt 0.8037288 0.1541307
vt 0.8003818 0.1387238
vt 0.7970287 0.1239239
vt 0.7936907 0.1097938
vt 0.7904114 0.0963665
vt 0.7872392 0.0836681
vt 0.7842228 0.0717245
vt 0.7814232 0.0605497
vt 0.7789496 0.0501089
vt 0.7769260 0.0403527
vt 0.8285952 0.2165664
vt 0.8319811 0.2338668
vt 0.8251007 0.1995362
vt 0.8215155 0.1828486
vt 0.8178571 0.1665763
vt 0.8141431 0.1507916
vt 0.8103912 0.1355671
vt 0.8066192 0.1209753
vt 0.8028499 0.1070834
vt 0.7991287 0.0939388
vt 0.7955060 0.0815832
vt 0.7920325 0.0700588
vt 0.7887762 0.0593976
vt 0.7858745 0.0495917
vt 0.7835024 0.0406042
vt 0.8396187 0.2121890
vt 0.8432950 0.2293800
vt 0.8358135 0.1952785
vt 0.8318979 0.1787231
vt 0.8278908 0.1625974
vt 0.8238109 0.1469761
vt 0.8196771 0.1319337
vt 0.8155080 0.1175450
vt 0.8113275 0.1038815
vt 0.8071794 0.0910033
vt 0.8031126 0.0789674
vt 0.7991760 0.0678307
vt 0.7954378 0.0576548
vt 0.7920429 0.0485196
vt 0.7892230 0.0404425
vt 0.6547108 0.2475100
vt 0.6537763 0.2656129
vt 0.6554251 0.2296204
vt 0.6558967 0.2120255
vt 0.6561028 0.1948064
vt 0.6560207 0.1780442
vt 0.6556277 0.1618203
vt 0.6549011 0.1462158
vt 0.6538181 0.1313119
vt 0.6523627 0.1171868
vt 0.6505445 0.1039064
vt 0.6483800 0.0915334
vt 0.6458855 0.0801308
vt 0.6430771 0.0697694
vt 0.6399711 0.0605516
vt 0.6365012 0.0525457
vt 0.7939546 0.0396382
vt 0.7972989 0.0464610
vt 0.8012827 0.0550861
vt 0.8055351 0.0648910
vt 0.8099419 0.0757226
vt 0.8144458 0.0874968
vt 0.8190037 0.1001473
vt 0.8235726 0.1136075
vt 0.8281134 0.1278092
vt 0.8326027 0.1426784
vt 0.8370213 0.1581393
vt 0.8413495 0.1741162
vt 0.8455680 0.1905336
vt 0.8496575 0.2073156
vt 0.8535984 0.2243867
vt 0.8468235 0.2467767
vt 0.8573714 0.2416711
vt 0.8352410 0.2513649
vt 0.8227763 0.2554254
vt 0.8095813 0.2589481
vt 0.7958084 0.2619229
vt 0.7816095 0.2643394
vt 0.7671369 0.2661877
vt 0.7525426 0.2674574
vt 0.7379788 0.2681384
vt 0.7235976 0.2682205
vt 0.7095512 0.2676936
vt 0.6959916 0.2665474
vt 0.6830710 0.2647718
vt 0.6709416 0.2623567
vt 0.6597553 0.2592917
vt 0.5426002 0.5624287
vt 0.5448944 0.5750419
vt 0.5355018 0.5750882
vt 0.5338858 0.5612203
vt 0.5474593 0.5891098
vt 0.5374246 0.5900465
vt 0.5498423 0.6043544
vt 0.5392912 0.6059121
vt 0.5517566 0.6204251
vt 0.5408097 0.6224660
vt 0.5530528 0.6370099
vt 0.5418259 0.6394408
vt 0.5536159 0.6538067
vt 0.5422198 0.6565570
vt 0.5533306 0.6705135
vt 0.5418716 0.6735352
vt 0.5521243 0.6868387
vt 0.5407050 0.6901042
vt 0.5500941 0.7025343
vt 0.5388194 0.7060248
vt 0.5473795 0.7173628
vt 0.5363575 0.7210663
vt 0.5441198 0.7310867
vt 0.5334625 0.7349977
vt 0.5404897 0.7434613
vt 0.5303109 0.7475902
vt 0.2615759 0.4479273
vt 0.2747839 0.4423409
vt 0.2783116 0.4475031
vt 0.2645851 0.4539013
vt 0.0124473 0.8401291
vt 0.0141006 0.8321858
vt 0.0227998 0.8353232
vt 0.0218941 0.8445204
vt 0.5248853 0.5742841
vt 0.5237492 0.5593308
vt 0.5262822 0.5901192
vt 0.5276664 0.6066832
vt 0.5287943 0.6238040
vt 0.5295236 0.6412450
vt 0.5297371 0.6587534
vt 0.5293182 0.6760764
vt 0.5281923 0.6929666
vt 0.5264552 0.7091984
vt 0.5242451 0.7245516
vt 0.5217006 0.7388057
vt 0.5189841 0.7517455
vt 0.5272145 0.7586235
vt 0.5163561 0.7631758
vt 0.0328827 0.8378171
vt 0.0325153 0.8479800
vt 0.5131933 0.5730956
vt 0.5123972 0.5573145
vt 0.5141590 0.5896863
vt 0.5151067 0.6069143
vt 0.5158622 0.6245975
vt 0.5163065 0.6425155
vt 0.5163340 0.6604386
vt 0.5158396 0.6781368
vt 0.5147561 0.6953835
vt 0.5131705 0.7119648
vt 0.5112081 0.7276700
vt 0.5089940 0.7422883
vt 0.5066668 0.7556123
vt 0.5044175 0.7674465
vt 0.0441687 0.8398677
vt 0.0441851 0.8507114
vt 0.5005913 0.5718843
vt 0.5000710 0.5554889
vt 0.5011931 0.5890628
vt 0.5017565 0.6068324
vt 0.5021678 0.6249965
vt 0.5023362 0.6433429
vt 0.5021768 0.6616550
vt 0.5016049 0.6797164
vt 0.5005668 0.6973124
vt 0.4991351 0.7142351
vt 0.4974139 0.7302785
vt 0.4955071 0.7452363
vt 0.4935241 0.7589038
vt 0.4915968 0.7710814
vt 0.0564307 0.8415191
vt 0.0567550 0.8528469
vt 0.4872737 0.5708283
vt 0.4869899 0.5540118
vt 0.4875607 0.5884210
vt 0.4877830 0.6065860
vt 0.4878749 0.6251181
vt 0.4877771 0.6438078
vt 0.4874323 0.6624438
vt 0.4867832 0.6808152
vt 0.4857947 0.6987119
vt 0.4845206 0.7159274
vt 0.4830372 0.7322561
vt 0.4814205 0.7474924
vt 0.4797486 0.7614312
vt 0.4781057 0.7738687
vt 0.0694561 0.8427647
vt 0.0700389 0.8544139
vt 0.4734418 0.5700599
vt 0.4733680 0.5530014
vt 0.4734477 0.5878972
vt 0.4733590 0.6063041
vt 0.4731497 0.6250712
vt 0.4727941 0.6439884
vt 0.4722673 0.6628458
vt 0.4715439 0.6814330
vt 0.4706104 0.6995406
vt 0.4694992 0.7169610
vt 0.4682543 0.7334872
vt 0.4669197 0.7489124
vt 0.4655398 0.7630296
vt 0.4641594 0.7756321
vt 0.0830358 0.8435857
vt 0.0838410 0.8554136
vt 0.4592970 0.5697111
vt 0.4594192 0.5525759
vt 0.4590400 0.5876279
vt 0.4586574 0.6061158
vt 0.4581585 0.6249644
vt 0.4575524 0.6439632
vt 0.4568486 0.6629018
vt 0.4560561 0.6815698
vt 0.4551844 0.6997571
vt 0.4542430 0.7172553
vt 0.4532416 0.7338563
vt 0.4521897 0.7493521
vt 0.4510971 0.7635346
vt 0.4499734 0.7761959
vt 0.0969607 0.8439632
vt 0.0979658 0.8558476
vt 0.4450443 0.5698705
vt 0.4453615 0.5528147
vt 0.4445267 0.5877044
vt 0.4438535 0.6061074
vt 0.4430694 0.6248706
vt 0.4422183 0.6437846
vt 0.4413436 0.6626396
vt 0.4404891 0.6812259
vt 0.4396867 0.6993344
vt 0.4389233 0.7167571
vt 0.4381740 0.7332866
vt 0.4374142 0.7487156
vt 0.4366188 0.7628368
vt 0.4357620 0.7754428
vt 0.1110162 0.8438838
vt 0.1122121 0.8557159
vt 0.4309033 0.5704525
vt 0.4314287 0.5536413
vt 0.4301093 0.5880379
vt 0.4291329 0.6061949
vt 0.4280585 0.6247193
vt 0.4269633 0.6434022
vt 0.4259228 0.6620336
vt 0.4250122 0.6804033
vt 0.4242851 0.6983017
vt 0.4237069 0.7155219
vt 0.4232208 0.7318572
vt 0.4227704 0.7471013
vt 0.4222972 0.7610481
vt 0.4217352 0.7734928
vt 0.1249656 0.8433561
vt 0.1263569 0.8550138
vt 0.4170968 0.5713275
vt 0.4178586 0.5549406
vt 0.4159923 0.5884947
vt 0.4146837 0.6062517
vt 0.4133037 0.6244040
vt 0.4119606 0.6427402
vt 0.4107569 0.6610454
vt 0.4097952 0.6791042
vt 0.4091468 0.6967028
vt 0.4087595 0.7136325
vt 0.4085498 0.7296859
vt 0.4084342 0.7446557
vt 0.4083233 0.7583356
vt 0.4081022 0.7705246
vt 0.1385666 0.8423941
vt 0.1401719 0.8537355
vt 0.4038479 0.5723664
vt 0.4048888 0.5565977
vt 0.4023803 0.5889409
vt 0.4006940 0.6061513
vt 0.3989827 0.6238181
vt 0.3973829 0.6417225
vt 0.3960171 0.6596363
vt 0.3950076 0.6773310
vt 0.3944392 0.6945812
vt 0.3942470 0.7111717
vt 0.3943286 0.7268906
vt 0.3945814 0.7415254
vt 0.3948881 0.7548668
vt 0.3950722 0.7667174
vt 0.1515770 0.8410120
vt 0.1534287 0.8518752
vt 0.3913746 0.5733938
vt 0.3927666 0.5584574
vt 0.3894693 0.5892069
vt 0.3873466 0.6057475
vt 0.3852713 0.6228470
vt 0.3834027 0.6402707
vt 0.3818742 0.6577674
vt 0.3808189 0.6750861
vt 0.3803293 0.6919806
vt 0.3803343 0.7082241
vt 0.3807221 0.7235945
vt 0.3813808 0.7378700
vt 0.3821712 0.7508332
vt 0.3828454 0.7622855
vt 0.1637434 0.8392112
vt 0.1659018 0.8494010
vt 0.3798738 0.5740504
vt 0.3817769 0.5602060
vt 0.3774197 0.5889795
vt 0.3748030 0.6048152
vt 0.3723361 0.6213426
vt 0.3701895 0.6382962
vt 0.3684987 0.6553985
vt 0.3673988 0.6723718
vt 0.3669839 0.6889458
vt 0.3671830 0.7048803
vt 0.3678839 0.7199429
vt 0.3689743 0.7339008
vt 0.3703060 0.7465232
vt 0.3715864 0.7575858
vt 0.1747673 0.8369422
vt 0.1773773 0.8461768
vt 0.3695271 0.5738725
vt 0.3721751 0.5612922
vt 0.3663824 0.5879023
vt 0.3632195 0.6031100
vt 0.3603415 0.6191487
vt 0.3579124 0.6357086
vt 0.3560612 0.6524894
vt 0.3549169 0.6691903
vt 0.3545696 0.6855213
vt 0.3549537 0.7012330
vt 0.3559644 0.7160863
vt 0.3574970 0.7298423
vt 0.3594128 0.7422538
vt 0.3614369 0.7530420
vt 0.1843671 0.8339998
vt 0.1876514 0.8419956
vt 0.5468746 0.5540444
vt 0.5497684 0.5625492
vt 0.5409184 0.5514520
vt 0.5529544 0.5734471
vt 0.5562642 0.5869220
vt 0.5591811 0.6017636
vt 0.5614831 0.6175228
vt 0.5630435 0.6338594
vt 0.5637589 0.6504599
vt 0.5635259 0.6670111
vt 0.5622799 0.6832127
vt 0.1942784 0.4576031
vt 0.2118282 0.4541034
vt 0.2136817 0.4623587
vt 0.1959976 0.4660064
vt 0.2287238 0.4500540
vt 0.2307019 0.4580552
vt 0.2446723 0.4455828
vt 0.2467672 0.4532069
vt 0.2593621 0.4408399
vt 0.2724072 0.4360625
vt 0.2827322 0.4318357
vt 0.2860668 0.4364748
vt 0.2906091 0.4282455
vt 0.2952223 0.4303637
vt 0.0152133 0.8244147
vt 0.0229324 0.8257571
vt 0.0327343 0.8271999
vt 0.0438297 0.8285390
vt 0.0559398 0.8296897
vt 0.0688369 0.8306033
vt 0.0823066 0.8312401
vt 0.0961343 0.8315601
vt 0.1101000 0.8315362
vt 0.1239628 0.8311906
vt 0.1374763 0.8305583
vt 0.1503941 0.8296742
vt 0.1624505 0.8285819
vt 0.1733015 0.8273591
vt 0.1820049 0.8261916
vt 0.1887402 0.8251360
vt 0.1923608 0.8302490
vt 0.1965490 0.8364696
vt 0.1914945 0.8500988
vt 0.2011829 0.8437632
vt 0.3496046 0.7383577
vt 0.3470840 0.7259187
vt 0.3451143 0.7121755
vt 0.3438072 0.6973746
vt 0.3432531 0.6817521
vt 0.3435426 0.6655442
vt 0.3447320 0.6489993
vt 0.3467403 0.6324170
vt 0.3494521 0.6161090
vt 0.3527522 0.6003870
vt 0.3565027 0.5855899
vt 0.3604753 0.5721636
vt 0.3641249 0.5613112
vt 0.3739714 0.5503387
vt 0.3673221 0.5528471
vt 0.3825791 0.5475256
vt 0.3933292 0.5445343
vt 0.4052950 0.5418046
vt 0.4181391 0.5395247
vt 0.4315996 0.5378072
vt 0.4454333 0.5367455
vt 0.4593973 0.5364328
vt 0.4732526 0.5369310
vt 0.4867768 0.5381752
vt 0.4997516 0.5400689
vt 0.5119587 0.5425158
vt 0.5231664 0.5454001
vt 0.5330882 0.5485293
vt 0.2820311 0.1849824
vt 0.2765300 0.1681896
vt 0.2865259 0.1670887
vt 0.2922699 0.1838575
vt 0.2709113 0.1517839
vt 0.2806489 0.1507048
vt 0.2651819 0.1358481
vt 0.2746440 0.1347870
vt 0.2593484 0.1204653
vt 0.2685165 0.1194167
vt 0.2534174 0.1057183
vt 0.2622716 0.1046752
vt 0.2473957 0.0916900
vt 0.2559144 0.0906437
vt 0.2412900 0.0784636
vt 0.2494504 0.0774033
vt 0.5668415 0.6752491
vt 0.5698879 0.6655118
vt 0.5789416 0.6715971
vt 0.5763388 0.6816588
vt 0.5729412 0.6559851
vt 0.5815312 0.6617019
vt 0.5759581 0.6467217
vt 0.5840607 0.6520071
vt 0.5788952 0.6377743
vt 0.5864831 0.6425463
vt 0.5816905 0.6292017
vt 0.5887331 0.6333419
vt 0.5842071 0.6210843
vt 0.5906708 0.6243714
vt 0.5862133 0.6134217
vt 0.5921152 0.6155732
vt 0.0256630 0.5831876
vt 0.0287065 0.5678573
vt 0.0397217 0.5653379
vt 0.0369700 0.5806105
vt 0.0318924 0.5529307
vt 0.0425954 0.5504678
vt 0.0352068 0.5384864
vt 0.0455786 0.5360769
vt 0.5663759 0.7229500
vt 0.5687693 0.7125286
vt 0.5801506 0.7184431
vt 0.5781496 0.7290628
vt 0.5712365 0.7021538
vt 0.5822062 0.7078509
vt 0.5737641 0.6918542
vt 0.5843045 0.6973127
vt 0.5864332 0.6868546
vt 0.5885745 0.6765011
vt 0.5906872 0.6662685
vt 0.5927244 0.6561709
vt 0.5946393 0.6462226
vt 0.5963713 0.6364240
vt 0.5978055 0.6267206
vt 0.5988108 0.6170406
vt 0.0515838 0.5633060
vt 0.0491455 0.5785329
vt 0.0541224 0.5484790
vt 0.0567508 0.5341263
vt 0.0486593 0.5222418
vt 0.0594588 0.5203221
vt 0.0518250 0.5090392
vt 0.0622358 0.5071406
vt 0.5953377 0.7015473
vt 0.5936850 0.7122846
vt 0.5970050 0.6908670
vt 0.5986708 0.6802636
vt 0.6002973 0.6697394
vt 0.6018410 0.6592930
vt 0.6032586 0.6489228
vt 0.6044995 0.6386191
vt 0.6054835 0.6283401
vt 0.6061231 0.6180358
vt 0.0641480 0.5617603
vt 0.0620413 0.5769535
vt 0.0663325 0.5469640
vt 0.0685865 0.5326364
vt 0.0709016 0.5188492
vt 0.0732693 0.5056742
vt 0.0650715 0.4946561
vt 0.0756814 0.4931833
vt 0.6079344 0.6937268
vt 0.6067399 0.7045822
vt 0.6091148 0.6829239
vt 0.6102492 0.6721680
vt 0.6113012 0.6614485
vt 0.6122345 0.6507547
vt 0.6130096 0.6400725
vt 0.6135746 0.6293743
vt 0.6138744 0.6186288
vt 0.0772696 0.5606999
vt 0.0755087 0.5758706
vt 0.0790850 0.5459230
vt 0.0809487 0.5316095
vt 0.0828546 0.5178288
vt 0.0847964 0.5046508
vt 0.0867680 0.4921451
vt 0.6191016 0.6954645
vt 0.6183871 0.7064416
vt 0.6197904 0.6845208
vt 0.6204300 0.6736019
vt 0.6209936 0.6626930
vt 0.6214544 0.6517798
vt 0.6217848 0.6408468
vt 0.6219533 0.6298746
vt 0.6219276 0.6188426
vt 0.0908038 0.5601237
vt 0.0893994 0.5752827
vt 0.0922389 0.5453559
vt 0.0937005 0.5310475
vt 0.0951849 0.5172665
vt 0.0966879 0.5040810
vt 0.0982057 0.4915591
vt 0.0887631 0.4803812
vt 0.0997343 0.4797689
vt 0.6305817 0.6850932
vt 0.6303868 0.6961108
vt 0.6307265 0.6740870
vt 0.6308058 0.6630771
vt 0.6308041 0.6520479
vt 0.6307058 0.6409841
vt 0.6304950 0.6298695
vt 0.6301554 0.6186882
vt 0.1046060 0.5600305
vt 0.1035648 0.5751883
vt 0.1056533 0.5452628
vt 0.1067051 0.5309526
vt 0.1077595 0.5171676
vt 0.1088148 0.5039753
vt 0.1098692 0.4914431
vt 0.1109210 0.4796388
vt 0.6413727 0.6846793
vt 0.6416700 0.6956962
vt 0.6410257 0.6736697
vt 0.6406256 0.6626514
vt 0.6401693 0.6516087
vt 0.6396536 0.6405259
vt 0.6390751 0.6293871
vt 0.6384307 0.6181765
vt 0.1185313 0.5604191
vt 0.1178565 0.5755858
vt 0.1191876 0.5456430
vt 0.1198256 0.5313258
vt 0.1204457 0.5175355
vt 0.1210482 0.5043405
vt 0.1216335 0.4918087
vt 0.1222019 0.4800083
vt 0.1119689 0.4686235
vt 0.1227560 0.4690012
vt 0.6512142 0.6723835
vt 0.6520475 0.6833083
vt 0.6503409 0.6614528
vt 0.6494364 0.6504987
vt 0.6485099 0.6395037
vt 0.6475706 0.6284497
vt 0.6466281 0.6173185
vt 0.1324352 0.5612876
vt 0.1321259 0.5764738
vt 0.1327009 0.5464942
vt 0.1329255 0.5321632
vt 0.1331112 0.5183643
vt 0.1332604 0.5051671
vt 0.1333753 0.4926416
vt 0.1334584 0.4808573
vt 0.1335156 0.4698772
vt 0.6611791 0.6702136
vt 0.6624898 0.6809705
vt 0.6598400 0.6594630
vt 0.6584930 0.6487001
vt 0.6571594 0.6379055
vt 0.6558634 0.6270551
vt 0.6546299 0.6161234
vt 0.1461728 0.5626342
vt 0.1462247 0.5778503
vt 0.1460527 0.5478134
vt 0.1458684 0.5334597
vt 0.1456241 0.5196453
vt 0.1453239 0.5064418
vt 0.1449720 0.4939215
vt 0.1445723 0.4821560
vt 0.1441342 0.4712100
vt 0.6708072 0.6671327
vt 0.6725836 0.6776466
vt 0.6690116 0.6566500
vt 0.6672275 0.6461822
vt 0.6654882 0.6357090
vt 0.6638370 0.6251951
vt 0.6623199 0.6146007
vt 0.1595996 0.5644567
vt 0.1600042 0.5797139
vt 0.1591023 0.5495974
vt 0.1585180 0.5352104
vt 0.1578525 0.5213703
vt 0.1571114 0.5081513
vt 0.1563006 0.4956280
vt 0.1554257 0.4838746
vt 0.1544985 0.4729581
vt 0.6799854 0.6631135
vt 0.6822127 0.6733173
vt 0.6777442 0.6529818
vt 0.6755279 0.6429138
vt 0.6733818 0.6328917
vt 0.6713748 0.6228614
vt 0.6695821 0.6127593
vt 0.1725708 0.5667532
vt 0.1733162 0.5820630
vt 0.1717090 0.5518434
vt 0.1707378 0.5374103
vt 0.1696642 0.5235310
vt 0.1684954 0.5102821
vt 0.1672385 0.4977406
vt 0.1659006 0.4859834
vt 0.1644951 0.4750798
vt 0.6886007 0.6581272
vt 0.6912609 0.6679630
vt 0.6859264 0.6484214
vt 0.6832828 0.6388521
vt 0.6807261 0.6294101
vt 0.6783574 0.6200230
vt 0.6762911 0.6105983
vt 0.1849419 0.5695217
vt 0.1860120 0.5848958
vt 0.1837322 0.5545483
vt 0.1823913 0.5400543
vt 0.1809273 0.5261189
vt 0.1793485 0.5128208
vt 0.1776629 0.5002390
vt 0.1758789 0.4884525
vt 0.1740107 0.4775331
vt 0.6965401 0.6521392
vt 0.6996122 0.6615636
vt 0.6934475 0.6429119
vt 0.6903820 0.6339073
vt 0.6874077 0.6251373
vt 0.6846542 0.6165569
vt 0.6822850 0.6080758
vt 0.1965680 0.5727603
vt 0.1979432 0.5882108
vt 0.1950314 0.5577091
vt 0.3859455 0.1487804
vt 0.3935287 0.1332825
vt 0.4019437 0.1365212
vt 0.3946039 0.1521044
vt 0.4011969 0.1183219
vt 0.4093512 0.1214766
vt 0.4089367 0.1039800
vt 0.4168113 0.1070536
vt 0.4167349 0.0903382
vt 0.4243092 0.0933352
vt 0.4245782 0.0774776
vt 0.4318298 0.0804043
vt 0.4324513 0.0654736
vt 0.4393532 0.0683383
vt 0.4403313 0.0543768
vt 0.4468409 0.0571919
vt 0.4481933 0.0442314
vt 0.4542491 0.0470142
vt 0.6967156 0.6279778
vt 0.7001969 0.6363915
vt 0.6933128 0.6199205
vt 0.6901302 0.6122770
vt 0.6873881 0.6050093
vt 0.2754500 0.2034561
vt 0.2703343 0.1863296
vt 0.2874081 0.2020794
vt 0.2651098 0.1695063
vt 0.2597845 0.1530696
vt 0.2543661 0.1371032
vt 0.2488626 0.1216903
vt 0.2432819 0.1069145
vt 0.2376319 0.0928593
vt 0.2319206 0.0796080
vt 0.2261628 0.0672385
vt 0.2351118 0.0661156
vt 0.2204025 0.0558054
vt 0.2288918 0.0546993
vt 0.2146905 0.0453575
vt 0.2226654 0.0442616
vt 0.5685250 0.6402344
vt 0.5719804 0.6317874
vt 0.5753473 0.6238120
vt 0.5785296 0.6164900
vt 0.5812218 0.6104531
vt 0.6946428 0.6068354
vt 0.4686496 0.0297687
vt 0.4755304 0.0228412
vt 0.4615346 0.0378544
vt 0.3873469 0.1681432
vt 0.3801876 0.1845548
vt 0.3731410 0.2012560
vt 0.1869344 0.6005915
vt 0.1991481 0.6039802
vt 0.1739379 0.5976958
vt 0.1603105 0.5952947
vt 0.1462041 0.5933898
vt 0.1317709 0.5919827
vt 0.1171627 0.5910751
vt 0.1025316 0.5906686
vt 0.0880296 0.5907648
vt 0.0738086 0.5913653
vt 0.0600208 0.5924717
vt 0.0468180 0.5940856
vt 0.0343523 0.5962088
vt 0.0227757 0.5988427
vt 0.2978758 0.2009300
vt 0.0263021 0.2192132
vt 0.0268050 0.2016178
vt 0.0402060 0.1996191
vt 0.0400252 0.2171684
vt 0.0275054 0.1843676
vt 0.0405666 0.1824142
vt 0.0284158 0.1675447
vt 0.0411184 0.1656338
vt 0.0295487 0.1512312
vt 0.0418731 0.1493585
vt 0.0309165 0.1355094
vt 0.0428421 0.1336685
vt 0.0325317 0.1204613
vt 0.0440369 0.1186442
vt 0.0344067 0.1061690
vt 0.0454692 0.1043660
vt 0.0365437 0.0927108
vt 0.0471394 0.0909094
vt 0.0389036 0.0801495
vt 0.0490033 0.0783300
vt 0.0414370 0.0685438
vt 0.0510059 0.0666787
vt 0.0440945 0.0579528
vt 0.0530921 0.0560063
vt 0.0468013 0.0484441
vt 0.0551816 0.0463623
vt 0.0493821 0.0401213
vt 0.0570947 0.0377923
vt 0.0515383 0.0330795
vt 0.0585986 0.0303372
vt 0.0547568 0.1974910
vt 0.0549256 0.2149919
vt 0.0547487 0.1803320
vt 0.0549120 0.1635926
vt 0.0552573 0.1473508
vt 0.0557955 0.1316843
vt 0.0565372 0.1166710
vt 0.0574932 0.1023887
vt 0.0586629 0.0889090
vt 0.0600015 0.0762786
vt 0.0614528 0.0645379
vt 0.0629606 0.0537275
vt 0.0644506 0.0438836
vt 0.0657754 0.0350258
vt 0.0667658 0.0271690
vt 0.0702741 0.1952589
vt 0.0708157 0.2127095
vt 0.0698731 0.1781470
vt 0.0696227 0.1614488
vt 0.0695330 0.1452392
vt 0.0696139 0.1295930
vt 0.0698754 0.1145850
vt 0.0703276 0.1002904
vt 0.0709700 0.0867766
vt 0.0717611 0.0740823
vt 0.0726488 0.0622394
vt 0.0735811 0.0512789
vt 0.0744960 0.0412300
vt 0.0752922 0.0321109
vt 0.0758584 0.0239373
vt 0.0865745 0.1929480
vt 0.0875077 0.2103464
vt 0.0857611 0.1758852
vt 0.0850770 0.1592300
vt 0.0845315 0.1430545
vt 0.0841342 0.1274305
vt 0.0838944 0.1124299
vt 0.0838215 0.0981246
vt 0.0839162 0.0845791
vt 0.0841446 0.0718277
vt 0.0844638 0.0598968
vt 0.0848311 0.0488130
vt 0.0851995 0.0386020
vt 0.0855056 0.0292846
vt 0.0856815 0.0208810
vt 0.1034745 0.1905837
vt 0.1048137 0.2079284
vt 0.1022340 0.1735725
vt 0.1011010 0.1569640
vt 0.1000845 0.1408277
vt 0.0991935 0.1252328
vt 0.0984370 0.1102488
vt 0.0978239 0.0959450
vt 0.0973569 0.0823832
vt 0.0970129 0.0695959
vt 0.0967623 0.0576076
vt 0.0965758 0.0464434
vt 0.0964225 0.0361276
vt 0.0962669 0.0266833
vt 0.0960721 0.0181335
vt 0.1207910 0.1881916
vt 0.1225460 0.2054809
vt 0.1191131 0.1712349
vt 0.1175209 0.1546784
vt 0.1160232 0.1385896
vt 0.1146287 0.1230361
vt 0.1133461 0.1080854
vt 0.1121840 0.0938049
vt 0.1111474 0.0802550
vt 0.1102265 0.0674670
vt 0.1094076 0.0554652
vt 0.1086771 0.0442738
vt 0.1080211 0.0339168
vt 0.1074253 0.0244183
vt 0.1068752 0.0158021
vt 0.1383404 0.1857968
vt 0.1405168 0.2030295
vt 0.1362197 0.1688984
vt 0.1341631 0.1524009
vt 0.1321793 0.1363713
vt 0.1302769 0.1208764
vt 0.1284645 0.1059829
vt 0.1267507 0.0917578
vt 0.1251431 0.0782605
vt 0.1236461 0.0655212
vt 0.1222629 0.0535627
vt 0.1209970 0.0424079
vt 0.1198515 0.0320797
vt 0.1188300 0.0226008
vt 0.1179357 0.0139942
vt 0.1559395 0.1834248
vt 0.1585384 0.2005997
vt 0.1533751 0.1665883
vt 0.1508536 0.1501578
vt 0.1483839 0.1342009
vt 0.1459746 0.1187851
vt 0.1436343 0.1039777
vt 0.1413717 0.0898465
vt 0.1391974 0.0764508
vt 0.1371296 0.0638184
vt 0.1351883 0.0519689
vt 0.1333937 0.0409217
vt 0.1317660 0.0306965
vt 0.1303261 0.0213125
vt 0.1290948 0.0127888
vt 0.1734047 0.1810998
vt 0.1764228 0.1982169
vt 0.1704001 0.1643279
vt 0.1674179 0.1479702
vt 0.1644669 0.1320962
vt 0.1615559 0.1167753
vt 0.1586938 0.1020769
vt 0.1558894 0.0880702
vt 0.1531561 0.0748158
vt 0.1505250 0.0623386
vt 0.1480316 0.0506546
vt 0.1457114 0.0397796
vt 0.1436011 0.0297293
vt 0.1417422 0.0205160
vt 0.1401770 0.0121520
vt 0.1905526 0.1788466
vt 0.1939824 0.1959064
vt 0.1871158 0.1621396
vt 0.1836812 0.1458575
vt 0.1802577 0.1300722
vt 0.1768544 0.1148558
vt 0.1734804 0.1002803
vt 0.1701448 0.0864176
vt 0.1668632 0.0733300
vt 0.1636778 0.0610415
vt 0.1606373 0.0495662
vt 0.1577902 0.0389183
vt 0.1551894 0.0291100
vt 0.1529029 0.0201442
vt 0.1510032 0.0120221
vt 0.2071997 0.1766892
vt 0.2110294 0.1936938
vt 0.2033430 0.1600460
vt 0.1994687 0.1438393
vt 0.1955858 0.1281440
vt 0.1917038 0.1130352
vt 0.1878317 0.0985880
vt 0.1839788 0.0848771
vt 0.1801627 0.0719680
vt 0.1764335 0.0598868
vt 0.1728500 0.0486501
vt 0.1694707 0.0382745
vt 0.1663634 0.0287711
vt 0.1636330 0.0201302
vt 0.1613939 0.0123371
vt 0.2231624 0.1746521
vt 0.2273758 0.1916044
vt 0.2189026 0.1580696
vt 0.2146057 0.1419351
vt 0.2102809 0.1263267
vt 0.2059376 0.1113222
vt 0.2015850 0.0969997
vt 0.1972324 0.0834373
vt 0.1928983 0.0707041
vt 0.1886377 0.0588331
vt 0.1845149 0.0478484
vt 0.1805941 0.0377742
vt 0.1769567 0.0286257
vt 0.1737534 0.0203819
vt 0.1711554 0.0130117
vt 0.2382573 0.1727596
vt 0.2428340 0.1896636
vt 0.2336154 0.1562331
vt 0.2289174 0.1401647
vt 0.2241724 0.1246352
vt 0.2193895 0.1097253
vt 0.2145778 0.0955156
vt 0.2097466 0.0820869
vt 0.2049142 0.0695121
vt 0.2001365 0.0578335
vt 0.1954786 0.0470855
vt 0.1910056 0.0373026
vt 0.1868072 0.0285114
vt 0.1830707 0.0207076
vt 0.1800358 0.0138681
vt 0.2523010 0.1710363
vt 0.2572161 0.1878969
vt 0.2473024 0.1545589
vt 0.2422291 0.1385475
vt 0.2370898 0.1230847
vt 0.2318930 0.1082532
vt 0.2266476 0.0941355
vt 0.2213623 0.0808143
vt 0.2160544 0.0683658
vt 0.2107760 0.0568403
vt 0.2055881 0.0462818
vt 0.2005514 0.0367342
vt 0.1957534 0.0282433
vt 0.1913878 0.0208626
vt 0.5695659 0.6027147
vt 0.5743908 0.5972911
vt 0.5776404 0.6045814
vt 0.5736982 0.6103004
vt 0.0133519 0.2390016
vt 0.0139443 0.2211009
vt 0.0259844 0.2370718
vt 0.0147372 0.2034615
vt 0.0157439 0.1861662
vt 0.0169779 0.1692975
vt 0.0184528 0.1529383
vt 0.0201818 0.1371711
vt 0.0221786 0.1220788
vt 0.0244565 0.1077441
vt 0.0270203 0.0942460
vt 0.0298395 0.0816494
vt 0.0328748 0.0700152
vt 0.0360870 0.0594047
vt 0.0394195 0.0498933
vt 0.8015517 0.0430948
vt 0.8062240 0.0515333
vt 0.7969763 0.0359996
vt 0.0530614 0.0273456
vt 0.1171721 0.0062827
vt 0.1280932 0.0051443
vt 0.1389482 0.0046493
vt 0.1495622 0.0047444
vt 0.5663759 0.5696284
vt 0.5687693 0.5794968
vt 0.5714505 0.5888140
vt 0.5697765 0.6170463
vt 0.2036343 0.0276227
vt 0.2090777 0.0359439
vt 0.2620391 0.2050583
vt 0.2473362 0.2068645
vt 0.2315335 0.2088487
vt 0.2148229 0.2109850
vt 0.1973962 0.2132472
vt 0.1794456 0.2156094
vt 0.1611629 0.2180456
vt 0.1427402 0.2205296
vt 0.1243694 0.2230355
vt 0.1062424 0.2255372
vt 0.0885513 0.2280087
vt 0.0714879 0.2304239
vt 0.0552444 0.2327569
vt 0.0400125 0.2349815
vt 0.0646954 0.4545622
vt 0.0606748 0.4468470
vt 0.0733197 0.4464207
vt 0.0765529 0.4548925
vt 0.0559516 0.4378332
vt 0.0693502 0.4368638
vt 0.0510786 0.4275367
vt 0.0650834 0.4261962
vt 0.0463908 0.4160367
vt 0.0608641 0.4144216
vt 0.0420387 0.4034107
vt 0.0568563 0.4015913
vt 0.0381270 0.3897358
vt 0.0531786 0.3877692
vt 0.0347604 0.3750889
vt 0.0499498 0.3730187
vt 0.0320159 0.3595567
vt 0.0472604 0.3574147
vt 0.0298613 0.3432642
vt 0.0450871 0.3410771
vt 0.0282371 0.3263457
vt 0.0433788 0.3241368
vt 0.0270836 0.3089359
vt 0.0420840 0.3067249
vt 0.0263412 0.2911690
vt 0.0411513 0.2889724
vt 0.0259503 0.2731798
vt 0.0405295 0.2710103
vt 0.0258512 0.2551025
vt 0.0401670 0.2529696
vt 0.0875117 0.4461901
vt 0.0902458 0.4553290
vt 0.0841166 0.4360858
vt 0.0803875 0.4249853
vt 0.0766122 0.4128730
vt 0.0729466 0.3997853
vt 0.0695133 0.3857721
vt 0.0664354 0.3708829
vt 0.0638079 0.3551803
vt 0.0616162 0.3387779
vt 0.0598179 0.3218024
vt 0.0583706 0.3043802
vt 0.0572319 0.2866381
vt 0.0563596 0.2687024
vt 0.0557112 0.2506998
vt 0.1030180 0.4458589
vt 0.1054461 0.4555112
vt 0.1000607 0.4352749
vt 0.0967974 0.4237536
vt 0.0934335 0.4112973
vt 0.0901030 0.3979381
vt 0.0869221 0.3837159
vt 0.0840068 0.3686705
vt 0.0814485 0.3528553
vt 0.0792394 0.3363782
vt 0.0773467 0.3193609
vt 0.0757378 0.3019249
vt 0.0743802 0.2841916
vt 0.0732411 0.2662826
vt 0.0722879 0.2483196
vt 0.1195900 0.4451992
vt 0.1217974 0.4552367
vt 0.1169806 0.4342356
vt 0.1141132 0.4223642
vt 0.1111237 0.4096065
vt 0.1081184 0.3959966
vt 0.1051957 0.3815721
vt 0.1024541 0.3663703
vt 0.0999720 0.3504418
vt 0.0977471 0.3338898
vt 0.0957573 0.3168310
vt 0.0939801 0.2993816
vt 0.0923933 0.2816583
vt 0.0909744 0.2637773
vt 0.0897012 0.2458553
vt 0.1369556 0.4441104
vt 0.1389899 0.4544172
vt 0.1346339 0.4328709
vt 0.1321103 0.4207337
vt 0.1294683 0.4077350
vt 0.1267823 0.3939146
vt 0.1241244 0.3793130
vt 0.1215670 0.3639712
vt 0.1191681 0.3479416
vt 0.1169303 0.3313243
vt 0.1148421 0.3142310
vt 0.1128920 0.2967735
vt 0.1110684 0.2790636
vt 0.1093600 0.2612130
vt 0.1077551 0.2433337
vt 0.1548370 0.4425233
vt 0.1567249 0.4529929
vt 0.1527675 0.4311077
vt 0.1505580 0.4187922
vt 0.1482500 0.4056232
vt 0.1458836 0.3916472
vt 0.1434987 0.3769113
vt 0.1411354 0.3614622
vt 0.1388268 0.3453569
vt 0.1365795 0.3286934
vt 0.1343933 0.3115796
vt 0.1322678 0.2941234
vt 0.1302029 0.2764329
vt 0.1281983 0.2586161
vt 0.1262539 0.2407810
vt 0.1729563 0.4403690
vt 0.1747040 0.4509038
vt 0.1711287 0.4288734
vt 0.1692256 0.4164699
vt 0.1672515 0.4032111
vt 0.1652111 0.3891501
vt 0.1631088 0.3743395
vt 0.1609492 0.3588321
vt 0.1587380 0.3426896
vt 0.1564855 0.3260088
vt 0.1542031 0.3088952
vt 0.1519020 0.2914543
vt 0.1495938 0.2737917
vt 0.1472899 0.2560131
vt 0.1450015 0.2382238
vt 0.1910396 0.4376135
vt 0.1926319 0.4481232
vt 0.1894687 0.4261303
vt 0.1878862 0.4137298
vt 0.1862593 0.4004684
vt 0.1845567 0.3864024
vt 0.1827473 0.3715884
vt 0.1808000 0.3560829
vt 0.1786927 0.3399504
vt 0.1764397 0.3232876
vt 0.1740641 0.3061994
vt 0.1715894 0.2887907
vt 0.1690386 0.2711661
vt 0.1664351 0.2534305
vt 0.1638021 0.2356887
vt 0.2088280 0.4343631
vt 0.2102262 0.4447562
vt 0.2075553 0.4229813
vt 0.2063296 0.4106682
vt 0.2050748 0.3974814
vt 0.2037250 0.3834797
vt 0.2022166 0.3687222
vt 0.2004862 0.3532682
vt 0.1984865 0.3371845
vt 0.1962363 0.3205689
vt 0.1937708 0.3035268
vt 0.1911253 0.2861636
vt 0.1883348 0.2685848
vt 0.1854346 0.2508959
vt 0.1824598 0.2332023
vt 0.2260665 0.4307590
vt 0.2272078 0.4409411
vt 0.2251603 0.4195644
vt 0.2243496 0.4074140
vt 0.2235032 0.3943657
vt 0.2225235 0.3804811
vt 0.2213214 0.3658232
vt 0.2198078 0.3504549
vt 0.2179160 0.3344463
vt 0.2156703 0.3178972
vt 0.2131179 0.3009146
vt 0.2103055 0.2836057
vt 0.2072802 0.2660774
vt 0.2040889 0.2484369
vt 0.2007786 0.2307911
vt 0.2425001 0.4269424
vt 0.2432977 0.4368159
vt 0.2420555 0.4160177
vt 0.2417400 0.4040967
vt 0.2413495 0.3912371
vt 0.2407598 0.3775062
vt 0.2398664 0.3629737
vt 0.2385649 0.3477094
vt 0.2367780 0.3317896
vt 0.2345369 0.3153169
vt 0.2319000 0.2984006
vt 0.2289258 0.2811497
vt 0.2256726 0.2636735
vt 0.2221987 0.2460811
vt 0.2185627 0.2284819
vt 0.2578888 0.4230837
vt 0.2582129 0.4325494
vt 0.2580302 0.4124998
vt 0.2583047 0.4008564
vt 0.2584233 0.3882160
vt 0.2582427 0.3746557
vt 0.2576564 0.3602563
vt 0.2565576 0.3450987
vt 0.2548692 0.3292687
vt 0.2526308 0.3128727
vt 0.2499120 0.2960220
vt 0.2467818 0.2788281
vt 0.2433096 0.2614024
vt 0.2395647 0.2438563
vt 0.2356162 0.2263013
vt 0.2720532 0.4194687
vt 0.2716552 0.4284328
vt 0.2729440 0.4092526
vt 0.2738888 0.3978783
vt 0.2745512 0.3854415
vt 0.2747862 0.3720359
vt 0.2744969 0.3577542
vt 0.2735861 0.3426893
vt 0.2719863 0.3269376
vt 0.2697473 0.3106089
vt 0.2669485 0.2938165
vt 0.2636693 0.2766737
vt 0.2599892 0.2592938
vt 0.2559873 0.2417901
vt 0.2517432 0.2242759
vt 0.2848510 0.4164445
vt 0.2834035 0.4249012
vt 0.2866766 0.4065424
vt 0.2883471 0.3953586
vt 0.2895641 0.3830578
vt 0.2902055 0.3697546
vt 0.2901935 0.3555508
vt 0.2894504 0.3405481
vt 0.2879260 0.3248504
vt 0.2856812 0.3085701
vt 0.2828043 0.2918216
vt 0.2793841 0.2747191
vt 0.2755089 0.2573772
vt 0.2712673 0.2399101
vt 0.2667479 0.2224323
vt 0.5495041 0.5484461
vt 0.5548774 0.5580993
vt 0.0548750 0.4546071
vt 0.0497701 0.4479110
vt 0.0441062 0.4392365
vt 0.0385667 0.4291570
vt 0.0333937 0.4178123
vt 0.0287003 0.4052983
vt 0.0245678 0.3917006
vt 0.0210771 0.3771046
vt 0.0182847 0.3616042
vt 0.0161481 0.3453274
vt 0.0146006 0.3284106
vt 0.0135750 0.3109902
vt 0.0130043 0.2932027
vt 0.0128216 0.2751845
vt 0.0129597 0.2570720
vt 0.2804343 0.2207973
vt 0.2852052 0.2382441
vt 0.2896666 0.2556820
vt 0.2937218 0.2729970
vt 0.2972742 0.2900747
vt 0.3002275 0.3068008
vt 0.3024851 0.3230612
vt 0.3039506 0.3387416
vt 0.3045520 0.3537294
vt 0.3043158 0.3679196
vt 0.3032931 0.3812088
vt 0.3015349 0.3934936
vt 0.2991188 0.4046519
vt 0.2962277 0.4144867
vt 0.2933323 0.4222678
vt 0.1763671 0.4604250
vt 0.1583896 0.4624703
vt 0.1406512 0.4637564
vt 0.1234593 0.4643298
vt 0.1071216 0.4642373
vt 0.0919675 0.4635417
vt 0.5596427 0.5697792
vt 0.5637589 0.5832103
vt 0.0133924 0.8158290
vt 0.0109473 0.8061587
vt 0.0200952 0.8049588
vt 0.0219202 0.8156794
vt 0.0081837 0.7954149
vt 0.0179291 0.7934905
vt 0.0055136 0.7836611
vt 0.0157483 0.7812626
vt 0.0031854 0.7710320
vt 0.0138086 0.7682974
vt 0.0013085 0.7576320
vt 0.0122281 0.7546597
vt 0.3169593 0.3666068
vt 0.3174067 0.3523500
vt 0.3287069 0.3513781
vt 0.3280860 0.3657647
vt 0.3169171 0.3373186
vt 0.3283017 0.3362560
vt 0.3154918 0.3216104
vt 0.3269002 0.3204831
vt 0.3132136 0.3053350
vt 0.3245955 0.3041641
vt 0.3101855 0.2886051
vt 0.3214959 0.2874087
vt 0.3065107 0.2715333
vt 0.3177101 0.2703269
vt 0.3022925 0.2542321
vt 0.3133466 0.2530283
vt 0.2976338 0.2368144
vt 0.3085140 0.2356228
vt 0.2926380 0.2193926
vt 0.3033209 0.2182201
vt 0.0304670 0.8045174
vt 0.0318718 0.8161138
vt 0.0287797 0.7923657
vt 0.0270516 0.7796254
vt 0.0254945 0.7662798
vt 0.0242196 0.7523678
vt 0.0110907 0.7404249
vt 0.0233126 0.7379422
vt 0.0104804 0.7256685
vt 0.0228595 0.7230556
vt 0.0104578 0.7104679
vt 0.0229234 0.7077657
vt 0.0109911 0.6949077
vt 0.0234779 0.6921497
vt 0.0120250 0.6790746
vt 0.0244737 0.6762899
vt 0.0135045 0.6630550
vt 0.0258617 0.6602684
vt 0.0153745 0.6469355
vt 0.0275928 0.6441674
vt 0.0175797 0.6308026
vt 0.0296176 0.6280689
vt 0.0200652 0.6147428
vt 0.0318872 0.6120554
vt 0.0419200 0.8045095
vt 0.0430453 0.8167549
vt 0.0406155 0.7917876
vt 0.0392933 0.7785743
vt 0.0381012 0.7648629
vt 0.0371326 0.7506791
vt 0.0364670 0.7360571
vt 0.0361841 0.7210310
vt 0.0363431 0.7056422
vt 0.0369218 0.6899610
vt 0.0378774 0.6740651
vt 0.0391674 0.6580324
vt 0.0407491 0.6419404
vt 0.0425798 0.6258668
vt 0.0446170 0.6098893
vt 0.0542955 0.8046906
vt 0.0552065 0.8174094
vt 0.0533061 0.7915363
vt 0.0523377 0.7779496
vt 0.0514840 0.7639367
vt 0.0508158 0.7495180
vt 0.0503978 0.7347171
vt 0.0502949 0.7195578
vt 0.0505553 0.7040719
vt 0.0511599 0.6883248
vt 0.0520733 0.6723899
vt 0.0532595 0.6563408
vt 0.0546831 0.6402509
vt 0.0563083 0.6241937
vt 0.0580994 0.6082428
vt 0.0674061 0.8049535
vt 0.0681419 0.8179918
vt 0.0666832 0.7915022
vt 0.0660269 0.7776518
vt 0.0654892 0.7634169
vt 0.0651152 0.7488165
vt 0.0649484 0.7338705
vt 0.0650322 0.7185988
vt 0.0653981 0.7030296
vt 0.0660297 0.6872247
vt 0.0668986 0.6712540
vt 0.0679764 0.6551876
vt 0.0692347 0.6390955
vt 0.0706451 0.6230477
vt 0.0721792 0.6071143
vt 0.0810574 0.8052251
vt 0.0816428 0.8184437
vt 0.0805692 0.7916031
vt 0.0801973 0.7775970
vt 0.0799603 0.7632257
vt 0.0798761 0.7485088
vt 0.0799623 0.7334660
vt 0.0802366 0.7181171
vt 0.0807101 0.7024899
vt 0.0813685 0.6866439
vt 0.0821908 0.6706469
vt 0.0831560 0.6545665
vt 0.0842435 0.6384705
vt 0.0854321 0.6224263
vt 0.0867011 0.6065019
vt 0.0950550 0.8054320
vt 0.0955008 0.8187065
vt 0.0947866 0.7917568
vt 0.0946854 0.7777011
vt 0.0947412 0.7632849
vt 0.0949438 0.7485286
vt 0.0952829 0.7334521
vt 0.0957484 0.7180757
vt 0.0963295 0.7024272
vt 0.0970135 0.6865658
vt 0.0977869 0.6705583
vt 0.0986366 0.6544715
vt 0.0995492 0.6383723
vt 0.1005115 0.6223275
vt 0.1015100 0.6064040
vt 0.1092005 0.8055248
vt 0.1095027 0.8187405
vt 0.1091544 0.7919077
vt 0.1093252 0.7779073
vt 0.1096738 0.7635422
vt 0.1101622 0.7488314
vt 0.1107528 0.7337940
vt 0.1114076 0.7184492
vt 0.1120943 0.7028242
vt 0.1128017 0.6869788
vt 0.1135243 0.6709807
vt 0.1142562 0.6548978
vt 0.1149917 0.6387980
vt 0.1157251 0.6227491
vt 0.1164507 0.6068188
vt 0.1232793 0.8055488
vt 0.1234160 0.8185806
vt 0.1234789 0.7921073
vt 0.1239406 0.7782688
vt 0.1245925 0.7640466
vt 0.1253699 0.7494585
vt 0.1262103 0.7345232
vt 0.1270511 0.7192595
vt 0.1278404 0.7036949
vt 0.1285692 0.6878909
vt 0.1292392 0.6719181
vt 0.1298524 0.6558468
vt 0.1304104 0.6397472
vt 0.1309149 0.6236898
vt 0.1313678 0.6077448
vt 0.1370728 0.8055725
vt 0.1370037 0.8182808
vt 0.1375630 0.7924340
vt 0.1383535 0.7788659
vt 0.1393300 0.7648726
vt 0.1404040 0.7504724
vt 0.1414932 0.7356876
vt 0.1425154 0.7205402
vt 0.1434034 0.7050611
vt 0.1441513 0.6893155
vt 0.1447681 0.6733775
vt 0.1452629 0.6573209
vt 0.1456448 0.6412199
vt 0.1459229 0.6251484
vt 0.1461063 0.6091804
vt 0.1503623 0.8056647
vt 0.1500288 0.8178946
vt 0.1512096 0.7929658
vt 0.1523852 0.7797791
vt 0.1537191 0.7660946
vt 0.1551017 0.7519358
vt 0.1564390 0.7373352
vt 0.1576367 0.7223249
vt 0.1586191 0.7069448
vt 0.1593838 0.6912656
vt 0.1599471 0.6753656
vt 0.1603253 0.6593231
vt 0.1605345 0.6432164
vt 0.1605910 0.6271240
vt 0.1605109 0.6111239
vt 0.1629368 0.8059286
vt 0.1622458 0.8175027
vt 0.1642327 0.7938088
vt 0.1658641 0.7811042
vt 0.1675950 0.7677937
vt 0.1693011 0.7539134
vt 0.1708855 0.7395143
vt 0.1722516 0.7246471
vt 0.1733228 0.7093679
vt 0.1741021 0.6937544
vt 0.1746126 0.6778894
vt 0.1748772 0.6618559
vt 0.1749190 0.6457369
vt 0.1747610 0.6296152
vt 0.1744263 0.6135739
vt 0.1746154 0.8066050
vt 0.1733767 0.8172929
vt 0.1764894 0.7951797
vt 0.1786440 0.7829980
vt 0.1808042 0.7700765
vt 0.1828432 0.7564772
vt 0.1846706 0.7422740
vt 0.1861964 0.7275404
vt 0.1873504 0.7123524
vt 0.1881420 0.6967950
vt 0.1886008 0.6809557
vt 0.1887562 0.6649220
vt 0.1886378 0.6487813
vt 0.1882751 0.6326210
vt 0.1876975 0.6165286
vt 0.1852386 0.8080155
vt 0.1831853 0.8176379
vt 0.1878498 0.7973289
vt 0.1905854 0.7856327
vt 0.1931958 0.7730563
vt 0.1955702 0.7597016
vt 0.1976327 0.7456639
vt 0.1993075 0.7310385
vt 0.2005373 0.7159200
vt 0.2013389 0.7004006
vt 0.2017480 0.6845715
vt 0.2018000 0.6685241
vt 0.2015305 0.6523499
vt 0.2009750 0.6361403
vt 0.2001690 0.6199867
vt 0.3012222 0.4228016
vt 0.3061908 0.4139305
vt 0.3101889 0.4037733
vt 0.3133309 0.3924170
vt 0.3155943 0.3799941
vt 0.3662392 0.2181598
vt 0.3773248 0.2220330
vt 0.3595820 0.2351621
vt 0.3708721 0.2391056
vt 0.3532864 0.2521548
vt 0.3647566 0.2561574
vt 0.3474693 0.2690296
vt 0.3590894 0.2730773
vt 0.3422475 0.2856785
vt 0.3539812 0.2897544
vt 0.3377382 0.3019932
vt 0.3495430 0.3060774
vt 0.3340580 0.3178654
vt 0.3458856 0.3219354
vt 0.3313240 0.3331871
vt 0.3431199 0.3372173
vt 0.2114212 0.7351748
vt 0.2096099 0.7497332
vt 0.2073240 0.7636604
vt 0.2046187 0.7768462
vt 0.2015490 0.7891806
vt 0.1981907 0.8005303
vt 0.1947032 0.8106697
vt 0.1915245 0.8188004
vt 0.3722859 0.5411348
vt 0.3697176 0.5320578
vt 0.3800469 0.5253384
vt 0.3818810 0.5359968
vt 0.3665806 0.5230792
vt 0.3775907 0.5152473
vt 0.3633080 0.5141644
vt 0.3748624 0.5056026
vt 0.3601558 0.5054124
vt 0.3721346 0.4963464
vt 0.6182889 0.4411257
vt 0.6241984 0.4294763
vt 0.6350613 0.4308622
vt 0.6288062 0.4426251
vt 0.6295554 0.4166342
vt 0.6406289 0.4179274
vt 0.6343101 0.4026695
vt 0.6454958 0.4038868
vt 0.6384299 0.3876657
vt 0.6496614 0.3888199
vt 0.6419541 0.3717577
vt 0.6531761 0.3728600
vt 0.6449395 0.3550935
vt 0.6561028 0.3561534
vt 0.6595814 0.3461798
vt 0.6589690 0.3295130
vt 0.6709148 0.3328149
vt 0.6716208 0.3495362
vt 0.6587198 0.3123369
vt 0.6705281 0.3155827
vt 0.6587942 0.2948053
vt 0.6704265 0.2979932
vt 0.6591526 0.2770723
vt 0.6705757 0.2802000
vt 0.3914950 0.5198678
vt 0.3928429 0.5317089
vt 0.3895692 0.5088539
vt 0.3873287 0.4985327
vt 0.3850051 0.4887969
vt 0.3695360 0.4874949
vt 0.3827224 0.4796239
vt 0.6809689 0.4202203
vt 0.6783016 0.4082558
vt 0.6911661 0.4112347
vt 0.6936117 0.4233000
vt 0.6759971 0.3950992
vt 0.6890095 0.3979876
vt 0.6741277 0.3808319
vt 0.6872174 0.3836402
vt 0.6726803 0.3655930
vt 0.6857818 0.3683305
vt 0.6846746 0.3522103
vt 0.6838675 0.3354317
vt 0.6833318 0.3181466
vt 0.6830395 0.3005070
vt 0.6829620 0.2826647
vt 0.4038901 0.5154583
vt 0.4049235 0.5281111
vt 0.4023757 0.5037414
vt 0.4005610 0.4928553
vt 0.3986124 0.4827076
vt 0.3966377 0.4732553
vt 0.7048651 0.4135831
vt 0.7070822 0.4257783
vt 0.7028665 0.4002228
vt 0.7011580 0.3857799
vt 0.6997361 0.3703904
vt 0.6985790 0.3542038
vt 0.6976644 0.3373696
vt 0.6969705 0.3200374
vt 0.6964750 0.3023566
vt 0.6961561 0.2844768
vt 0.4170434 0.5120058
vt 0.4178425 0.5252250
vt 0.4158593 0.4997864
vt 0.4144074 0.4884859
vt 0.4127991 0.4780287
vt 0.7094275 0.4367394
vt 0.7212189 0.4275886
vt 0.7232785 0.4387008
vt 0.7192352 0.4152564
vt 0.7174034 0.4017771
vt 0.7157844 0.3872360
vt 0.7143783 0.3717674
vt 0.7131696 0.3555180
vt 0.7121431 0.3386345
vt 0.7112833 0.3212636
vt 0.7105750 0.3035521
vt 0.7100027 0.2856465
vt 0.4307428 0.5095197
vt 0.4313559 0.5231079
vt 0.4298316 0.4969740
vt 0.4286936 0.4854020
vt 0.4273984 0.4747365
vt 0.7358581 0.4286681
vt 0.7376369 0.4399164
vt 0.7341124 0.4162109
vt 0.7324553 0.4026230
vt 0.7309315 0.3879938
vt 0.7295434 0.3724564
vt 0.7282826 0.3561546
vt 0.7271408 0.3392325
vt 0.7261097 0.3218341
vt 0.7251810 0.3041033
vt 0.7243465 0.2861841
vt 0.4447700 0.5080379
vt 0.4452284 0.5218262
vt 0.4440948 0.4953160
vt 0.4432397 0.4835960
vt 0.4422410 0.4728136
vt 0.7508352 0.4289549
vt 0.7523342 0.4403060
vt 0.7493330 0.4164026
vt 0.7478576 0.4027326
vt 0.7464340 0.3880384
vt 0.7450663 0.3724520
vt 0.7437536 0.3561151
vt 0.7424948 0.3391697
vt 0.7412890 0.3217575
vt 0.7401351 0.3040204
vt 0.7390320 0.2861001
vt 0.4589070 0.5075983
vt 0.4592249 0.5214463
vt 0.4584513 0.4948244
vt 0.4578657 0.4830606
vt 0.4571579 0.4722428
vt 0.7659858 0.4283871
vt 0.7672017 0.4397894
vt 0.7647329 0.4157878
vt 0.7634455 0.4020784
vt 0.7621267 0.3873549
vt 0.7607822 0.3717489
vt 0.7594187 0.3554011
vt 0.7580426 0.3384521
vt 0.7566605 0.3210426
vt 0.7552788 0.3033132
vt 0.7539040 0.2854046
vt 0.4729394 0.5082257
vt 0.4731142 0.5220122
vt 0.4727066 0.4955068
vt 0.4723946 0.4837904
vt 0.4719822 0.4730120
vt 0.7811473 0.4269270
vt 0.7820731 0.4383165
vt 0.7801498 0.4143409
vt 0.7790553 0.4006455
vt 0.7778450 0.3859370
vt 0.7765265 0.3703472
vt 0.7751140 0.3540171
vt 0.7736216 0.3370873
vt 0.7720636 0.3196987
vt 0.7704540 0.3019920
vt 0.7688070 0.2841081
vt 0.4866681 0.5098926
vt 0.4866815 0.5234768
vt 0.4866802 0.4973531
vt 0.4866613 0.4857885
vt 0.4865567 0.4751310
vt 0.7961645 0.4246336
vt 0.7967908 0.4359590
vt 0.7954268 0.4121089
vt 0.7945273 0.3984703
vt 0.7934272 0.3838128
vt 0.7921364 0.3682688
vt 0.7906766 0.3519804
vt 0.7890698 0.3350894
vt 0.7873378 0.3177379
vt 0.7855026 0.3000678
vt 0.7835858 0.2822210
vt 0.4998978 0.5125583
vt 0.4997159 0.5257709
vt 0.5001946 0.5003488
vt 0.5005033 0.4890600
vt 0.5007269 0.4786150
vt 0.8108839 0.4215899
vt 0.8111998 0.4328187
vt 0.8104087 0.4091568
vt 0.8097028 0.3956022
vt 0.8087121 0.3810191
vt 0.8074493 0.3655409
vt 0.8059439 0.3493113
vt 0.8042253 0.3324741
vt 0.8023229 0.3151730
vt 0.8002663 0.2975516
vt 0.7980850 0.2797537
vt 0.5124334 0.5161822
vt 0.5120066 0.5288252
vt 0.5130728 0.5044795
vt 0.5137584 0.4936101
vt 0.5143380 0.4834793
vt 0.8251525 0.4178793
vt 0.8251444 0.4289978
vt 0.8249399 0.4055500
vt 0.8244232 0.3920905
vt 0.8235387 0.3775925
vt 0.8223031 0.3621905
vt 0.8207533 0.3460302
vt 0.8189262 0.3292571
vt 0.8168585 0.3120168
vt 0.8145873 0.2944548
vt 0.8121493 0.2767167
vt 0.5240883 0.5207520
vt 0.5233384 0.5325791
vt 0.5251483 0.5097580
vt 0.5262705 0.4994593
vt 0.5272380 0.4897454
vt 0.8388175 0.4135856
vt 0.8384727 0.4246009
vt 0.8388653 0.4013535
vt 0.8385297 0.3879845
vt 0.8377456 0.3735697
vt 0.8365351 0.3582449
vt 0.8349421 0.3421573
vt 0.8330106 0.3254539
vt 0.8307843 0.3082819
vt 0.8283073 0.2907884
vt 0.8256233 0.2731206
vt 0.5347110 0.5263697
vt 0.5334787 0.5370077
vt 0.5362988 0.5163057
vt 0.5379097 0.5066898
vt 0.5392858 0.4974611
vt 0.8517302 0.4087962
vt 0.8510445 0.4197440
vt 0.8520303 0.3966332
vt 0.8518637 0.3833336
vt 0.8511718 0.3689875
vt 0.8499830 0.3537313
vt 0.8483478 0.3377130
vt 0.8463166 0.3210803
vt 0.8439398 0.3039813
vt 0.8412681 0.2865638
vt 0.8383516 0.2689756
vt 0.5441713 0.5332211
vt 0.5422370 0.5422682
vt 0.5464141 0.5242784
vt 0.5485523 0.5153996
vt 0.0184643 0.4334095
vt 0.0123305 0.4219332
vt 0.0220364 0.4198061
vt 0.0276999 0.4311540
vt 0.0069958 0.4093106
vt 0.0170112 0.4072855
vt 0.0024745 0.3956214
vt 0.0126739 0.3936776
vt 0.8642666 0.3781869
vt 0.8642799 0.3914547
vt 0.8636562 0.3638825
vt 0.8624844 0.3486769
vt 0.8608077 0.3327176
vt 0.8586824 0.3161520
vt 0.8561649 0.2991276
vt 0.8533117 0.2817919
vt 0.8501790 0.2642925
vt 0.3642119 0.5472106
vt 0.3606346 0.5404345
vt 0.3566735 0.5325343
vt 0.3528119 0.5243176
vt 0.6003277 0.4498393
vt 0.6062128 0.4394659
vt 0.6118771 0.4515119
vt 0.6117637 0.4278323
vt 0.6168973 0.4150085
vt 0.6215304 0.4010639
vt 0.6256021 0.3860816
vt 0.6291402 0.3701962
vt 0.6321949 0.3535559
vt 0.6348161 0.3363085
vt 0.6474430 0.3378213
vt 0.6370538 0.3186021
vt 0.6495215 0.3200891
vt 0.6389582 0.3005846
vt 0.6512320 0.3020449
vt 0.6405792 0.2824039
vt 0.6526313 0.2838368
vt 0.8609501 0.2590815
vt 0.8642799 0.2764842
vt 0.0013085 0.2950513
vt 0.0013085 0.2770017
vt 0.0017282 0.3128676
vt 0.0026412 0.3303139
vt 0.0041209 0.3472538
vt 0.0062406 0.3635507
vt 0.0090740 0.3790680
vt 0.0339468 0.4412370
vt 0.0407006 0.4499360
vt 0.5523874 0.5417132
vt 0.1979739 0.8234262
vt 0.2029737 0.8149477
vt 0.2102298 0.8205256
vt 0.2039878 0.8292753
vt 0.3560647 0.4147946
vt 0.3547211 0.4053968
vt 0.3675276 0.4102512
vt 0.3679861 0.4197681
vt 0.3536893 0.3946801
vt 0.3671863 0.3994832
vt 0.3532563 0.3828291
vt 0.3672833 0.3875979
vt 0.3535366 0.3699636
vt 0.3679540 0.3747019
vt 0.3546019 0.3561870
vt 0.3692878 0.3608948
vt 0.3565239 0.3416030
vt 0.3713739 0.3462766
vt 0.3593448 0.3263164
vt 0.3742709 0.3309491
vt 0.3629907 0.3104383
vt 0.3779149 0.3150229
vt 0.3673581 0.2940812
vt 0.3822115 0.2986108
vt 0.3723438 0.2773575
vt 0.3870663 0.2818254
vt 0.3778443 0.2603798
vt 0.3923847 0.2647794
vt 0.3837563 0.2432604
vt 0.3980725 0.2475856
vt 0.3899766 0.2261119
vt 0.4040349 0.2303567
vt 0.3681427 0.4278866
vt 0.3813003 0.4253309
vt 0.3807671 0.4337738
vt 0.3815627 0.4156021
vt 0.3818701 0.4046906
vt 0.3824964 0.3926970
vt 0.3835746 0.3797150
vt 0.3852023 0.3658364
vt 0.3874770 0.3511533
vt 0.3904661 0.3357610
vt 0.3941153 0.3197682
vt 0.3983402 0.3032871
vt 0.4030563 0.2864299
vt 0.4081792 0.2693087
vt 0.4136242 0.2520356
vt 0.4193071 0.2347230
vt 0.3958917 0.4311330
vt 0.3948998 0.4398658
vt 0.3967255 0.4211814
vt 0.3976111 0.4100981
vt 0.3987393 0.3979694
vt 0.4002239 0.3848792
vt 0.4021594 0.3709112
vt 0.4046402 0.3561487
vt 0.4077328 0.3406798
vt 0.4113917 0.3246112
vt 0.4155430 0.3080541
vt 0.4201132 0.2911199
vt 0.4250286 0.2739197
vt 0.4302155 0.2565648
vt 0.4356003 0.2391665
vt 0.4116067 0.4368750
vt 0.4102785 0.4458338
vt 0.4128946 0.4267410
vt 0.4142697 0.4155105
vt 0.4158513 0.4032617
vt 0.4177262 0.3900719
vt 0.4199730 0.3760183
vt 0.4226704 0.3611777
vt 0.4258737 0.3456330
vt 0.4295439 0.3294889
vt 0.4336190 0.3128559
vt 0.4380365 0.2958444
vt 0.4427343 0.2785648
vt 0.4476501 0.2611275
vt 0.4527217 0.2436430
vt 0.4282259 0.4423594
vt 0.4266447 0.4514730
vt 0.4298768 0.4321004
vt 0.4316646 0.4207685
vt 0.4336541 0.4084360
vt 0.4359004 0.3951750
vt 0.4384564 0.3810577
vt 0.4413747 0.3661560
vt 0.4446909 0.3505483
vt 0.4483718 0.3343385
vt 0.4523668 0.3176364
vt 0.4566255 0.3005523
vt 0.4610974 0.2831962
vt 0.4657319 0.2656781
vt 0.4704785 0.2481081
vt 0.4455139 0.4474145
vt 0.4437405 0.4566092
vt 0.4474612 0.4370963
vt 0.4496042 0.4257218
vt 0.4519651 0.4133579
vt 0.4545645 0.4000714
vt 0.4574226 0.3859294
vt 0.4605600 0.3709986
vt 0.4639871 0.3553533
vt 0.4676752 0.3390968
vt 0.4715856 0.3223397
vt 0.4756797 0.3051926
vt 0.4799189 0.2877662
vt 0.4842646 0.2701709
vt 0.4886780 0.2525176
vt 0.4632353 0.4518681
vt 0.4613081 0.4610687
vt 0.4654365 0.4415652
vt 0.4678970 0.4302202
vt 0.4706018 0.4178932
vt 0.4735360 0.4046443
vt 0.4766849 0.3905335
vt 0.4800334 0.3756210
vt 0.4835647 0.3599756
vt 0.4872539 0.3437010
vt 0.4910741 0.3269098
vt 0.4949985 0.3097143
vt 0.4990001 0.2922270
vt 0.5030520 0.2745605
vt 0.5071274 0.2568271
vt 0.4811454 0.4555857
vt 0.4790809 0.4647137
vt 0.4835833 0.4453800
vt 0.4863434 0.4341470
vt 0.4893748 0.4219369
vt 0.4926275 0.4088003
vt 0.4960520 0.3947881
vt 0.4995988 0.3799512
vt 0.5032240 0.3643514
vt 0.5069064 0.3480935
vt 0.5106305 0.3312937
vt 0.5143809 0.3140678
vt 0.5181419 0.2965316
vt 0.5218980 0.2788013
vt 0.5256338 0.2609925
vt 0.4989644 0.4585816
vt 0.4967570 0.4675516
vt 0.5016478 0.4485593
vt 0.5047129 0.4375203
vt 0.5080677 0.4255009
vt 0.5116292 0.4125416
vt 0.5153165 0.3986837
vt 0.5190488 0.3839687
vt 0.5227578 0.3684511
vt 0.5264266 0.3522384
vt 0.5300503 0.3354512
vt 0.5336245 0.3182101
vt 0.5371446 0.3006357
vt 0.5406061 0.2828487
vt 0.5440045 0.2649695
vt 0.5164033 0.4609075
vt 0.5140257 0.4696257
vt 0.5193674 0.4511579
vt 0.5227668 0.4403916
vt 0.5264577 0.4286266
vt 0.5303262 0.4158940
vt 0.5342666 0.4022287
vt 0.5381725 0.3876654
vt 0.5419568 0.3722539
vt 0.5456066 0.3561051
vt 0.5491278 0.3393450
vt 0.5525265 0.3220999
vt 0.5558086 0.3044956
vt 0.5589799 0.2866583
vt 0.5620466 0.2687140
vt 0.3397919 0.6121175
vt 0.3313240 0.6072695
vt 0.3354515 0.5915226
vt 0.3435149 0.5964785
vt 0.5364799 0.4532307
vt 0.5331731 0.4626151
vt 0.5402669 0.4428127
vt 0.5443216 0.4313551
vt 0.5485037 0.4188836
vt 0.5526906 0.4054318
vt 0.5567597 0.3910336
vt 0.5606115 0.3757388
vt 0.5642390 0.3596630
vt 0.5676579 0.3429379
vt 0.5708842 0.3256955
vt 0.5739340 0.3080675
vt 0.5768230 0.2901856
vt 0.5795673 0.2721818
vt 0.3404005 0.5766576
vt 0.3478758 0.5817708
vt 0.5527323 0.4548557
vt 0.5489892 0.4637862
vt 0.5569801 0.4448479
vt 0.5614389 0.4337331
vt 0.5659472 0.4215377
vt 0.5703769 0.4083017
vt 0.5745996 0.3940654
vt 0.5785128 0.3788849
vt 0.5821161 0.3628816
vt 0.5854350 0.3461927
vt 0.5884948 0.3289557
vt 0.5913209 0.3113078
vt 0.5939388 0.2933864
vt 0.5963736 0.2753289
vt 0.3461798 0.5629810
vt 0.3527741 0.5683997
vt 0.5679092 0.4562038
vt 0.5635840 0.4646237
vt 0.5726972 0.4466121
vt 0.5775988 0.4358287
vt 0.5824455 0.4238903
vt 0.5871142 0.4108480
vt 0.5914817 0.3967529
vt 0.5954511 0.3816714
vt 0.5990304 0.3657304
vt 0.6022538 0.3490721
vt 0.6051555 0.3318388
vt 0.6077698 0.3141727
vt 0.6101309 0.2962161
vt 0.6122730 0.2781110
vt 0.3528526 0.5508030
vt 0.3582239 0.5567879
vt 0.5818058 0.4574732
vt 0.5767039 0.4653929
vt 0.5872143 0.4482334
vt 0.5925929 0.4377151
vt 0.5977879 0.4259767
vt 0.6026914 0.4130803
vt 0.6071955 0.3990884
vt 0.6112173 0.3840772
vt 0.6147743 0.3681788
vt 0.6179089 0.3515389
vt 0.6206635 0.3343036
vt 0.6230807 0.3166187
vt 0.6252028 0.2986303
vt 0.6270725 0.2804841
vt 0.2074225 0.8049667
vt 0.2114212 0.7937484
vt 0.3415085 0.3904854
vt 0.3405718 0.3785475
vt 0.3404968 0.3656239
vt 0.3413305 0.3518140
vt 0.5942223 0.4588782
vt 0.3479665 0.5437312
vt 0.3368030 0.6283615
vt 0.3346431 0.6449042
vt 0.3334074 0.6614389
vt 0.3331634 0.6776736
vt 0.3338674 0.6933733
vt 0.3354481 0.7083172
vt 0.3935396 0.4472930
vt 0.4087828 0.4535391
vt 0.3796219 0.4408242
vt 0.2095368 0.8360152
vt 0.3458408 0.8014037
vt 0.3428139 0.7899256
vt 0.3547133 0.7838094
vt 0.3569433 0.7969214
vt 0.4657219 0.9045244
vt 0.4636538 0.8908068
vt 0.4755908 0.8943681
vt 0.4770986 0.9086096
vt 0.4626431 0.8752183
vt 0.4747722 0.8782407
vt 0.4630253 0.8586285
vt 0.4749388 0.8609890
vt 0.4645019 0.8420643
vt 0.4758256 0.8434335
vt 0.4664872 0.8265365
vt 0.4769760 0.8263670
vt 0.3678135 0.7801675
vt 0.3694819 0.7941912
vt 0.4888557 0.8967373
vt 0.4898669 0.9114979
vt 0.4882346 0.8800602
vt 0.4881809 0.8621901
vt 0.4885459 0.8438661
vt 0.4890930 0.8258252
vt 0.3814413 0.7788129
vt 0.3826419 0.7931123
vt 0.5028509 0.8975984
vt 0.5033959 0.9125862
vt 0.5024360 0.8806704
vt 0.5021660 0.8625290
vt 0.5020545 0.8439090
vt 0.5021151 0.8255472
vt 0.3949228 0.7796720
vt 0.3956161 0.7937137
vt 0.5169784 0.8967443
vt 0.5170387 0.9115046
vt 0.5167824 0.8800672
vt 0.5163037 0.8621971
vt 0.5157177 0.8438727
vt 0.5152874 0.8258317
vt 0.3405210 0.8158658
vt 0.3369183 0.8085333
vt 0.3477035 0.8138733
vt 0.3327239 0.7989854
vt 0.8309355 0.4987767
vt 0.8165840 0.4921311
vt 0.8183761 0.4810838
vt 0.8329929 0.4886343
vt 0.8005230 0.4869509
vt 0.8020591 0.4756067
vt 0.7837249 0.4838320
vt 0.7849407 0.4726392
vt 0.7673919 0.4827277
vt 0.7680929 0.4722427
vt 0.7529011 0.4833458
vt 0.7525985 0.4744510
vt 0.7429067 0.4847945
vt 0.7393324 0.4797271
vt 0.4677400 0.8127182
vt 0.4777278 0.8104113
vt 0.4895598 0.8087836
vt 0.5023615 0.8081802
vt 0.5153028 0.8087900
vt 0.3835922 0.8092715
vt 0.3963240 0.8095652
vt 0.3706402 0.8100346
vt 0.3583524 0.8116745
vt 0.6308206 0.8275664
vt 0.6304814 0.8096101
vt 0.6438769 0.8099203
vt 0.6437286 0.8281851
vt 0.6304814 0.7911761
vt 0.6443570 0.7911988
vt 0.6310339 0.7730207
vt 0.6451327 0.7727723
vt 0.6322644 0.7559003
vt 0.6461670 0.7553899
vt 0.6339719 0.7405518
vt 0.6474213 0.7397947
vt 0.4011613 0.9113771
vt 0.4023882 0.8977143
vt 0.4155543 0.8986178
vt 0.4148037 0.9125423
vt 0.6575660 0.8101310
vt 0.6569309 0.8280686
vt 0.6585139 0.7917153
vt 0.6594900 0.7735680
vt 0.6602969 0.7564395
vt 0.6610565 0.7410728
vt 0.4285654 0.8977567
vt 0.4283153 0.9114212
vt 0.6708830 0.8105517
vt 0.6696216 0.8275202
vt 0.6723467 0.7929107
vt 0.6735123 0.7753934
vt 0.6740693 0.7588277
vt 0.6742468 0.7440010
vt 0.4406780 0.8951593
vt 0.4410752 0.9079391
vt 0.6831716 0.8117337
vt 0.6809980 0.8271899
vt 0.6852469 0.7950789
vt 0.6866052 0.7782315
vt 0.6869076 0.7622219
vt 0.6863952 0.7479563
vt 0.6744658 0.7316797
vt 0.6855917 0.7363052
vt 0.4031501 0.8821265
vt 0.4161002 0.8827226
vt 0.4288761 0.8821682
vt 0.4406537 0.8806410
vt 0.4505689 0.8784673
vt 0.4511940 0.8907357
vt 0.7190191 0.6061079
vt 0.7098974 0.5951349
vt 0.7154034 0.5926285
vt 0.7234660 0.5987536
vt 0.7315611 0.6154749
vt 0.7358767 0.6062910
vt 0.7465446 0.6231810
vt 0.7507409 0.6131542
vt 0.7630072 0.6287199
vt 0.7669926 0.6184152
vt 0.6981744 0.7820659
vt 0.6966166 0.7985543
vt 0.6938602 0.8145536
vt 0.6903860 0.8287213
vt 0.6800430 0.8407715
vt 0.6873315 0.8384755
vt 0.6692828 0.8431877
vt 0.6569206 0.8448024
vt 0.6439487 0.8452419
vt 0.6312603 0.8443089
vt 0.8181338 0.6109242
vt 0.8042093 0.6101982
vt 0.8100698 0.5958142
vt 0.8247123 0.5978932
vt 0.7882770 0.6084222
vt 0.7936013 0.5930873
vt 0.7714651 0.6050667
vt 0.7762488 0.5893087
vt 0.7548416 0.5999776
vt 0.7589183 0.5843275
vt 0.7393092 0.5938066
vt 0.7423477 0.5787099
vt 0.7256493 0.5875658
vt 0.7271847 0.5732611
vt 0.8159665 0.5796647
vt 0.8311231 0.5827081
vt 0.7990294 0.5761073
vt 0.7811476 0.5719051
vt 0.7631326 0.5670410
vt 0.7456927 0.5619159
vt 0.7295046 0.5570427
vt 0.8210914 0.5623964
vt 0.8363432 0.5661299
vt 0.8040460 0.5581626
vt 0.7859650 0.5536198
vt 0.7676067 0.5489593
vt 0.7497313 0.5443733
vt 0.7330995 0.5400541
vt 0.8248730 0.5447447
vt 0.8397091 0.5490442
vt 0.8082474 0.5399652
vt 0.7905051 0.5352168
vt 0.7723507 0.5308989
vt 0.7545991 0.5269959
vt 0.7380908 0.5233788
vt 0.8274606 0.5276293
vt 0.8413784 0.5325496
vt 0.8116473 0.5223331
vt 0.7945738 0.5174610
vt 0.7769644 0.5135733
vt 0.7597384 0.5105249
vt 0.7438508 0.5079175
vt 0.8292540 0.5120041
vt 0.8418834 0.5178077
vt 0.8143722 0.5061093
vt 0.7979776 0.5011173
vt 0.7809368 0.4976647
vt 0.7643539 0.4956125
vt 0.7493989 0.4944492
vt 0.8225054 0.6196789
vt 0.8131852 0.6214136
vt 0.8288355 0.6120211
vt 0.7994204 0.6223399
vt 0.7836000 0.6214532
vt 0.7142112 0.5830709
vt 0.7138850 0.5690247
vt 0.7152212 0.5529640
vt 0.7184718 0.5361940
vt 0.7236593 0.5198804
vt 0.7302027 0.5050468
vt 0.7372507 0.4927384
vt 0.8426203 0.5060059
vt 0.8518751 0.5216886
vt 0.8500087 0.5118449
vt 0.8529273 0.5360429
vt 0.8521037 0.5523211
vt 0.8490437 0.5691721
vt 0.8436656 0.5854048
vt 0.8366095 0.6000208
vt 0.3971849 0.8268369
vt 0.3980123 0.8448995
vt 0.3845890 0.8452721
vt 0.3842411 0.8268777
vt 0.3985443 0.8630589
vt 0.3846489 0.8637343
vt 0.3985443 0.8805980
vt 0.3844339 0.8815437
vt 0.3978633 0.8967970
vt 0.3839576 0.8979822
vt 0.3966791 0.9109474
vt 0.3832352 0.9123408
vt 0.6320816 0.8718799
vt 0.6316332 0.8591877
vt 0.6445569 0.8604194
vt 0.6455073 0.8733660
vt 0.3709029 0.8453950
vt 0.3710507 0.8273145
vt 0.3704862 0.8635717
vt 0.3700622 0.8811185
vt 0.3698052 0.8973097
vt 0.3695697 0.9114428
vt 0.6577435 0.8596899
vt 0.6591662 0.8724009
vt 0.3576095 0.8449578
vt 0.3584084 0.8278531
vt 0.3566558 0.8623745
vt 0.3560234 0.8793162
vt 0.3559978 0.8949717
vt 0.3563247 0.9086073
vt 0.6703805 0.8570495
vt 0.6723832 0.8689274
vt 0.3453475 0.8434188
vt 0.3470945 0.8278729
vt 0.3437569 0.8598428
vt 0.3429124 0.8761326
vt 0.3431226 0.8912675
vt 0.3441163 0.9044161
vt 0.6816473 0.8524588
vt 0.6844839 0.8628014
vt 0.6908085 0.8451620
vt 0.6948642 0.8536208
vt 0.8529273 0.5878462
vt 0.8450739 0.6026914
vt 0.3317539 0.8865189
vt 0.3313240 0.8715639
vt 0.3323773 0.8556359
vt 0.3346621 0.8399081
vt 0.3377340 0.8257549
vt 0.4032254 0.8649830
vt 0.4028098 0.8469214
vt 0.4164833 0.8468694
vt 0.4164076 0.8652520
vt 0.4021968 0.8286520
vt 0.4163442 0.8283054
vt 0.4016522 0.8109061
vt 0.4160071 0.8102905
vt 0.4013548 0.7944170
vt 0.4154894 0.7935531
vt 0.4011613 0.7799008
vt 0.4148093 0.7788129
vt 0.5170387 0.7799830
vt 0.5159582 0.7933878
vt 0.5027990 0.7924743
vt 0.5034004 0.7788128
vt 0.4299638 0.8469655
vt 0.4294026 0.8650254
vt 0.4303011 0.8286975
vt 0.4301813 0.8109524
vt 0.4294590 0.7944626
vt 0.4283153 0.7799448
vt 0.4897638 0.7933813
vt 0.4898669 0.7799763
vt 0.4426206 0.8475143
vt 0.4414597 0.8645935
vt 0.4434788 0.8300164
vt 0.4435809 0.8128865
vt 0.4426652 0.7969391
vt 0.4410319 0.7829273
vt 0.4776025 0.7960696
vt 0.4770640 0.7835392
vt 0.4538494 0.8490557
vt 0.4518630 0.8645797
vt 0.4552937 0.8325554
vt 0.4556124 0.8160854
vt 0.4545094 0.8006679
vt 0.7032072 0.5132896
vt 0.7115604 0.4976758
vt 0.7194801 0.5014178
vt 0.7119934 0.5164186
vt 0.4670233 0.8006102
vt 0.4655853 0.7896681
vt 0.7285442 0.4888872
vt 0.7064962 0.5329589
vt 0.7034073 0.5500825
vt 0.7028140 0.5667614
vt 0.7047946 0.5820038
vt 0.4600261 0.8666070
vt 0.4570656 0.8764443
vt 0.2150530 0.7659292
vt 0.2903497 0.7646841
vt 0.2908964 0.7402848
vt 0.2156023 0.7415332
vt 0.2140383 0.8631853
vt 0.2903040 0.8631853
vt 0.2915280 0.8400263
vt 0.2143506 0.8388550
vt 0.2916045 0.8157615
vt 0.2144271 0.8145902
vt 0.2907821 0.7903197
vt 0.2145177 0.7903215
vn -0.5325037 -0.7877086 -0.3097660
vn -0.4662502 -0.8658622 0.1813654
vn -0.9295159 0.0000001 0.3687820
vn -0.8978573 -0.0000000 -0.4402866
vn -0.4662502 -0.8658622 0.1813654
vn -0.1524016 -0.7919165 0.5913053
vn -0.3280185 0.0000002 0.9446713
vn -0.9295159 0.0000001 0.3687820
vn -0.3280185 0.0000002 0.9446713
vn -0.1524017 0.7919167 0.5913051
vn -0.4662503 0.8658622 0.1813650
vn -0.5325035 0.7877086 -0.3097663
vn -0.5325035 0.7877086 -0.3097663
vn -0.4662503 0.8658622 0.1813650
vn -0.0716064 0.9969335 0.0315605
vn -0.3276251 0.8301985 -0.4510346
vn -0.1524017 0.7919167 0.5913051
vn 0.1382183 0.8290182 0.5418713
vn 0.2712171 0.8330926 0.4820768
vn -0.0029154 0.9999476 0.0098088
vn -0.2790268 0.8460970 -0.4541628
vn 0.0083613 0.9999394 0.0071648
vn -0.3350933 0.8451429 -0.4164685
vn 0.3546242 0.8270184 0.4362136
vn 0.4158647 0.8245649 0.3836005
vn 0.0109671 0.9999380 -0.0019161
vn -0.3876324 0.8348128 -0.3909330
vn -0.2790267 -0.8460972 -0.4541625
vn -0.0029152 -0.9999476 0.0098092
vn -0.0716064 -0.9969335 0.0315607
vn -0.3276250 -0.8301987 -0.4510343
vn 0.2712172 -0.8330924 0.4820770
vn 0.1382183 -0.8290182 0.5418713
vn -0.5325037 -0.7877086 -0.3097660
vn -0.5325035 0.7877086 -0.3097663
vn -0.3276251 0.8301985 -0.4510346
vn -0.5495200 -0.0000001 -0.8354806
vn -0.8978573 -0.0000000 -0.4402866
vn -0.2790268 0.8460970 -0.4541628
vn -0.5221945 -0.0000002 -0.8528264
vn -0.2790267 -0.8460972 -0.4541625
vn -0.3276250 -0.8301987 -0.4510343
vn -0.5325037 -0.7877086 -0.3097660
vn 0.2712171 0.8330926 0.4820768
vn 0.1382183 0.8290182 0.5418713
vn 0.2864257 0.0000000 0.9581025
vn 0.4903840 0.0000000 0.8715065
vn -0.1524017 0.7919167 0.5913051
vn -0.3280185 0.0000002 0.9446713
vn -0.1524016 -0.7919165 0.5913053
vn 0.1382183 -0.8290182 0.5418713
vn 0.2712172 -0.8330924 0.4820770
vn 0.4158648 -0.8245647 0.3836007
vn 0.0109672 -0.9999380 -0.0019159
vn 0.0494266 -0.9975451 -0.0496063
vn 0.4930600 -0.8137727 0.3076781
vn -0.3876321 -0.8348132 -0.3909326
vn -0.3624164 -0.8209697 -0.4412063
vn -0.1871088 -0.7874638 -0.5872742
vn 0.3027735 -0.8822601 -0.3604792
vn 0.6094816 -0.7862232 0.1019080
vn 0.0083615 -0.9999394 0.0071650
vn 0.3546244 -0.8270182 0.4362138
vn -0.3350932 -0.8451430 -0.4164683
vn -0.6333994 -0.0000002 -0.7738250
vn -0.3350932 -0.8451430 -0.4164683
vn -0.3350933 0.8451429 -0.4164685
vn -0.3876324 0.8348128 -0.3909330
vn -0.7089769 -0.0000003 -0.7052317
vn -0.3876321 -0.8348132 -0.3909326
vn 0.6239100 0.0000001 0.7814962
vn 0.3546242 0.8270184 0.4362136
vn 0.3546244 -0.8270182 0.4362138
vn 0.4158648 -0.8245647 0.3836007
vn 0.7283992 0.0000001 0.6851530
vn 0.4158647 0.8245649 0.3836005
vn -0.1871087 0.7874638 -0.5872743
vn 0.3027739 0.8822599 -0.3604795
vn 0.6368263 -0.0000003 -0.7710073
vn -0.2011643 0.0000000 -0.9795575
vn 0.6094816 0.7862232 0.1019079
vn 0.9998141 -0.0000002 0.0192810
vn 0.6368263 -0.0000003 -0.7710073
vn 0.9998141 -0.0000002 0.0192810
vn 0.6094816 -0.7862232 0.1019080
vn 0.3027735 -0.8822601 -0.3604792
vn -0.2011643 0.0000000 -0.9795575
vn 0.6368263 -0.0000003 -0.7710073
vn 0.3027735 -0.8822601 -0.3604792
vn -0.1871088 -0.7874638 -0.5872742
vn -0.6616840 0.0000000 -0.7497828
vn -0.3624164 -0.8209697 -0.4412063
vn -0.3624164 0.8209696 -0.4412065
vn -0.1871087 0.7874638 -0.5872743
vn 0.8284939 0.0000001 0.5599981
vn 0.4930599 0.8137728 0.3076780
vn 0.4930600 -0.8137727 0.3076781
vn 0.6094816 -0.7862232 0.1019080
vn 0.9998141 -0.0000002 0.0192810
vn 0.6094816 0.7862232 0.1019079
vn 0.0494263 0.9975451 -0.0496066
vn -0.3624164 0.8209696 -0.4412065
vn 0.4930599 0.8137728 0.3076780
vn -0.3670493 0.7624101 -0.5329218
vn 0.1299989 0.8299278 -0.5425128
vn 0.2309817 -0.0678533 -0.9705892
vn -0.5649205 -0.0420027 -0.8240756
vn 0.1299989 0.8299278 -0.5425128
vn 0.5792685 0.7632687 -0.2861274
vn 0.8873777 -0.0480170 -0.4585359
vn 0.2309817 -0.0678533 -0.9705892
vn 0.2309817 -0.0678533 -0.9705892
vn 0.8873777 -0.0480170 -0.4585359
vn 0.5468614 -0.8168950 -0.1833716
vn 0.0945661 -0.8977850 -0.4301619
vn 0.0945661 -0.8977850 -0.4301619
vn -0.3992839 -0.8093574 -0.4307122
vn -0.3992839 -0.8093574 -0.4307122
vn 0.0945661 -0.8977850 -0.4301619
vn 0.0005132 -0.9999443 -0.0105404
vn -0.5104105 -0.8350206 -0.2054794
vn 0.5468614 -0.8168950 -0.1833716
vn 0.5390519 -0.8346425 0.1131147
vn 0.4989660 -0.8287909 0.2532559
vn -0.0111753 -0.9980997 0.0605979
vn -0.5068311 -0.8478121 -0.1560029
vn -0.0121669 -0.9973224 0.0721116
vn -0.4775934 -0.8514095 -0.2168096
vn 0.4657279 -0.8162647 0.3417739
vn 0.4225451 -0.8085096 0.4095947
vn -0.0207760 -0.9968930 0.0759785
vn -0.4596853 -0.8450773 -0.2730086
vn -0.4722068 0.8404624 -0.2657889
vn 0.0297447 0.9971627 -0.0691510
vn 0.0413099 0.9893038 -0.1398982
vn -0.4764368 0.8215304 -0.3132024
vn 0.5330578 0.8335338 0.1451575
vn 0.5729770 0.8195527 0.0055449
vn -0.3670493 0.7624101 -0.5329218
vn -0.5104105 -0.8350206 -0.2054794
vn -0.9057394 -0.0089796 -0.4237399
vn -0.5068311 -0.8478121 -0.1560029
vn -0.9189651 -0.0067925 -0.3942804
vn -0.9057394 -0.0089796 -0.4237399
vn -0.9189651 -0.0067925 -0.3942804
vn -0.4722068 0.8404624 -0.2657889
vn -0.4764368 0.8215304 -0.3132024
vn -0.4764368 0.8215304 -0.3132024
vn 0.4989660 -0.8287909 0.2532559
vn 0.5390519 -0.8346425 0.1131147
vn 0.9891637 -0.0107649 0.1464218
vn 0.9328647 0.0042917 0.3602013
vn 0.5792685 0.7632687 -0.2861274
vn 0.5729770 0.8195527 0.0055449
vn 0.5330578 0.8335338 0.1451575
vn 0.4562879 0.8367992 0.3026027
vn 0.0201437 0.9983502 -0.0537689
vn -0.0215491 0.9997288 -0.0088352
vn 0.3920703 0.8330061 0.3903611
vn -0.4255232 0.8206809 -0.3813303
vn -0.4719134 0.8099004 -0.3483663
vn -0.5918634 0.7915307 -0.1522396
vn -0.2949842 0.9094213 0.2931504
vn 0.2046938 0.8187351 0.5364450
vn 0.0287526 0.9979235 -0.0576361
vn 0.4995712 0.8339397 0.2344636
vn -0.4430084 0.8349609 -0.3264718
vn -0.4722068 0.8404624 -0.2657889
vn -0.8568207 -0.0159414 -0.5153680
vn -0.4430084 0.8349609 -0.3264718
vn -0.4775934 -0.8514095 -0.2168096
vn -0.4596853 -0.8450773 -0.2730086
vn -0.7998426 -0.0225996 -0.5997842
vn -0.4255232 0.8206809 -0.3813303
vn 0.4989660 -0.8287909 0.2532559
vn 0.9328647 0.0042917 0.3602013
vn 0.8630436 0.0151333 0.5049027
vn 0.4657279 -0.8162647 0.3417739
vn 0.5330578 0.8335338 0.1451575
vn 0.4995712 0.8339397 0.2344636
vn 0.4562879 0.8367992 0.3026027
vn 0.7827747 0.0243831 0.6218274
vn 0.4225451 -0.8085096 0.4095947
vn -0.6240879 -0.7797488 -0.0500611
vn -0.3310880 -0.8510107 0.4076291
vn -0.6710838 0.0618064 0.7388007
vn -0.9981104 0.0166230 -0.0591556
vn -0.3310880 -0.8510107 0.4076291
vn 0.1725201 -0.7500687 0.6384620
vn 0.1630786 0.0606921 0.9847445
vn -0.6710838 0.0618064 0.7388007
vn -0.6710838 0.0618064 0.7388007
vn 0.1630786 0.0606921 0.9847445
vn -0.2949842 0.9094213 0.2931504
vn -0.5918634 0.7915307 -0.1522396
vn -0.8371080 -0.0183854 -0.5467286
vn -0.4719134 0.8099004 -0.3483663
vn -0.5055091 -0.8282353 -0.2418406
vn -0.6240879 -0.7797488 -0.0500611
vn -0.9981104 0.0166230 -0.0591556
vn -0.5918634 0.7915307 -0.1522396
vn 0.6733677 0.0342150 0.7385156
vn 0.3587692 -0.7907690 0.4959527
vn 0.3920703 0.8330061 0.3903611
vn 0.2046938 0.8187351 0.5364450
vn 0.1630786 0.0606921 0.9847445
vn 0.1725201 -0.7500687 0.6384620
vn -0.0623708 -0.9907397 0.1206018
vn -0.5055091 -0.8282353 -0.2418406
vn 0.3587692 -0.7907690 0.4959527
vn -0.6240879 -0.7797488 -0.0500611
vn 0.5325037 -0.7877086 -0.3097659
vn 0.8978573 0.0000000 -0.4402865
vn 0.9295159 0.0000001 0.3687821
vn 0.4662502 -0.8658622 0.1813653
vn 0.4662502 -0.8658622 0.1813653
vn 0.9295159 0.0000001 0.3687821
vn 0.3280185 0.0000002 0.9446713
vn 0.1524016 -0.7919165 0.5913054
vn 0.9295159 0.0000001 0.3687821
vn 0.4662503 0.8658622 0.1813650
vn 0.1524016 0.7919167 0.5913051
vn 0.3280185 0.0000002 0.9446713
vn 0.5325035 0.7877087 -0.3097663
vn 0.4662503 0.8658622 0.1813650
vn 0.5325035 0.7877087 -0.3097663
vn 0.3276251 0.8301985 -0.4510346
vn 0.0716064 0.9969335 0.0315605
vn 0.4662503 0.8658622 0.1813650
vn -0.1382183 0.8290183 0.5418712
vn 0.1524016 0.7919167 0.5913051
vn 0.0029154 0.9999476 0.0098088
vn -0.2712171 0.8330926 0.4820768
vn 0.2790268 0.8460970 -0.4541629
vn 0.3350933 0.8451429 -0.4164685
vn -0.0083613 0.9999394 0.0071648
vn -0.3546242 0.8270184 0.4362135
vn -0.0109671 0.9999380 -0.0019161
vn -0.4158647 0.8245649 0.3836005
vn 0.3876323 0.8348130 -0.3909329
vn 0.2790267 -0.8460972 -0.4541625
vn 0.3276250 -0.8301988 -0.4510342
vn 0.0716064 -0.9969335 0.0315607
vn 0.0029152 -0.9999476 0.0098092
vn -0.1382183 -0.8290181 0.5418714
vn -0.2712172 -0.8330924 0.4820770
vn 0.5325037 -0.7877086 -0.3097659
vn 0.5495200 -0.0000001 -0.8354806
vn 0.3276251 0.8301985 -0.4510346
vn 0.5495200 -0.0000001 -0.8354806
vn 0.5221945 -0.0000003 -0.8528264
vn 0.3276250 -0.8301988 -0.4510342
vn 0.2790267 -0.8460972 -0.4541625
vn 0.5221945 -0.0000003 -0.8528264
vn -0.2712171 0.8330926 0.4820768
vn -0.4903839 0.0000001 0.8715065
vn -0.2864256 0.0000002 0.9581025
vn -0.1382183 0.8290183 0.5418712
vn -0.1382183 0.8290183 0.5418712
vn -0.2864256 0.0000002 0.9581025
vn -0.1382183 -0.8290181 0.5418714
vn 0.1524016 -0.7919165 0.5913054
vn -0.4903839 0.0000001 0.8715065
vn -0.2864256 0.0000002 0.9581025
vn -0.4158647 -0.8245648 0.3836006
vn -0.4930600 -0.8137727 0.3076781
vn -0.0494266 -0.9975451 -0.0496063
vn -0.0109672 -0.9999380 -0.0019159
vn 0.3624165 -0.8209697 -0.4412064
vn 0.3876321 -0.8348132 -0.3909326
vn -0.3027735 -0.8822601 -0.3604792
vn 0.1871088 -0.7874637 -0.5872744
vn -0.6094816 -0.7862232 0.1019080
vn -0.3546243 -0.8270183 0.4362137
vn -0.0083616 -0.9999394 0.0071651
vn 0.3350931 -0.8451430 -0.4164683
vn 0.3350931 -0.8451430 -0.4164683
vn 0.6333994 -0.0000002 -0.7738250
vn 0.6333994 -0.0000002 -0.7738250
vn 0.7089769 -0.0000002 -0.7052317
vn 0.3876323 0.8348130 -0.3909329
vn 0.3350933 0.8451429 -0.4164685
vn 0.3876321 -0.8348132 -0.3909326
vn -0.3546242 0.8270184 0.4362135
vn -0.6239100 -0.0000000 0.7814962
vn -0.6239100 -0.0000000 0.7814962
vn -0.7283992 -0.0000001 0.6851530
vn -0.4158647 -0.8245648 0.3836006
vn -0.3546243 -0.8270183 0.4362137
vn -0.4158647 0.8245649 0.3836005
vn 0.1871086 0.7874640 -0.5872741
vn 0.2011643 0.0000004 -0.9795575
vn -0.6368263 -0.0000002 -0.7710073
vn -0.3027739 0.8822599 -0.3604794
vn -0.9998141 -0.0000002 0.0192810
vn -0.6094816 0.7862233 0.1019079
vn -0.6368263 -0.0000002 -0.7710073
vn -0.9998141 -0.0000002 0.0192810
vn 0.2011643 0.0000004 -0.9795575
vn 0.1871088 -0.7874637 -0.5872744
vn -0.3027735 -0.8822601 -0.3604792
vn -0.6368263 -0.0000002 -0.7710073
vn 0.3624165 -0.8209697 -0.4412064
vn 0.6616840 0.0000003 -0.7497828
vn 0.3624162 0.8209698 -0.4412064
vn 0.2011643 0.0000004 -0.9795575
vn 0.1871086 0.7874640 -0.5872741
vn 0.1871088 -0.7874637 -0.5872744
vn -0.4930599 0.8137728 0.3076780
vn -0.8284939 0.0000001 0.5599981
vn -0.4930600 -0.8137727 0.3076781
vn -0.9998141 -0.0000002 0.0192810
vn -0.6094816 -0.7862232 0.1019080
vn -0.6094816 0.7862233 0.1019079
vn 0.3624162 0.8209698 -0.4412064
vn -0.0494263 0.9975451 -0.0496066
vn -0.4930599 0.8137728 0.3076780
vn 0.3670493 0.7624101 -0.5329217
vn 0.5649205 -0.0420027 -0.8240756
vn -0.2309816 -0.0678533 -0.9705892
vn -0.1299988 0.8299279 -0.5425127
vn -0.1299988 0.8299279 -0.5425127
vn -0.2309816 -0.0678533 -0.9705892
vn -0.8873777 -0.0480170 -0.4585359
vn -0.5792685 0.7632687 -0.2861274
vn -0.0945661 -0.8977850 -0.4301620
vn -0.5468615 -0.8168950 -0.1833716
vn 0.5649205 -0.0420027 -0.8240756
vn 0.3992838 -0.8093574 -0.4307122
vn 0.3992838 -0.8093574 -0.4307122
vn 0.5104104 -0.8350206 -0.2054794
vn -0.0005132 -0.9999443 -0.0105404
vn -0.0945661 -0.8977850 -0.4301620
vn -0.5390519 -0.8346425 0.1131147
vn -0.5468615 -0.8168950 -0.1833716
vn 0.0111753 -0.9980997 0.0605979
vn -0.4989660 -0.8287909 0.2532559
vn 0.5068311 -0.8478121 -0.1560029
vn 0.4775934 -0.8514095 -0.2168097
vn 0.0121669 -0.9973224 0.0721116
vn -0.4657279 -0.8162647 0.3417739
vn 0.0207760 -0.9968930 0.0759785
vn -0.4225451 -0.8085096 0.4095947
vn 0.4596853 -0.8450773 -0.2730086
vn 0.4722067 0.8404624 -0.2657889
vn 0.4764368 0.8215305 -0.3132024
vn -0.0413099 0.9893038 -0.1398982
vn -0.0297447 0.9971627 -0.0691510
vn -0.5729771 0.8195526 0.0055449
vn -0.5330578 0.8335339 0.1451575
vn -0.5792685 0.7632687 -0.2861274
vn 0.3992838 -0.8093574 -0.4307122
vn 0.5649205 -0.0420027 -0.8240756
vn 0.9057394 -0.0089795 -0.4237400
vn 0.5104104 -0.8350206 -0.2054794
vn 0.9189651 -0.0067924 -0.3942804
vn 0.5068311 -0.8478121 -0.1560029
vn 0.4764368 0.8215305 -0.3132024
vn 0.4722067 0.8404624 -0.2657889
vn 0.3670493 0.7624101 -0.5329217
vn -0.4989660 -0.8287909 0.2532559
vn -0.9328647 0.0042917 0.3602013
vn -0.9891637 -0.0107649 0.1464218
vn -0.5390519 -0.8346425 0.1131147
vn -0.8873777 -0.0480170 -0.4585359
vn -0.5468615 -0.8168950 -0.1833716
vn -0.5729771 0.8195526 0.0055449
vn -0.5792685 0.7632687 -0.2861274
vn -0.5330578 0.8335339 0.1451575
vn -0.4562880 0.8367992 0.3026027
vn -0.3920703 0.8330060 0.3903611
vn 0.0215491 0.9997288 -0.0088352
vn -0.0201437 0.9983502 -0.0537689
vn 0.4719136 0.8099003 -0.3483663
vn 0.4255232 0.8206809 -0.3813304
vn 0.2949841 0.9094214 0.2931504
vn 0.5918636 0.7915306 -0.1522396
vn -0.2046938 0.8187351 0.5364450
vn -0.4995713 0.8339397 0.2344636
vn -0.0287527 0.9979235 -0.0576361
vn 0.4430083 0.8349610 -0.3264718
vn 0.4430083 0.8349610 -0.3264718
vn 0.8568207 -0.0159414 -0.5153680
vn 0.4775934 -0.8514095 -0.2168097
vn 0.7998426 -0.0225998 -0.5997842
vn 0.4596853 -0.8450773 -0.2730086
vn 0.4255232 0.8206809 -0.3813304
vn -0.4657279 -0.8162647 0.3417739
vn -0.8630436 0.0151334 0.5049027
vn -0.4995713 0.8339397 0.2344636
vn -0.7827747 0.0243830 0.6218274
vn -0.4562880 0.8367992 0.3026027
vn -0.4225451 -0.8085096 0.4095947
vn 0.6240881 -0.7797486 -0.0500611
vn 0.9981104 0.0166231 -0.0591556
vn 0.6710837 0.0618066 0.7388008
vn 0.3310881 -0.8510107 0.4076291
vn 0.3310881 -0.8510107 0.4076291
vn 0.6710837 0.0618066 0.7388008
vn -0.1630789 0.0606921 0.9847445
vn -0.1725201 -0.7500687 0.6384620
vn 0.6710837 0.0618066 0.7388008
vn -0.1630789 0.0606921 0.9847445
vn 0.9981104 0.0166231 -0.0591556
vn 0.4719136 0.8099003 -0.3483663
vn 0.8371081 -0.0183855 -0.5467285
vn 0.5055091 -0.8282352 -0.2418406
vn 0.5918636 0.7915306 -0.1522396
vn -0.3587691 -0.7907690 0.4959527
vn -0.6733677 0.0342149 0.7385156
vn -0.3920703 0.8330060 0.3903611
vn -0.1630789 0.0606921 0.9847445
vn -0.2046938 0.8187351 0.5364450
vn -0.1725201 -0.7500687 0.6384620
vn 0.5055091 -0.8282352 -0.2418406
vn 0.0623708 -0.9907397 0.1206018
vn -0.3587691 -0.7907690 0.4959527
vn 0.3310881 -0.8510107 0.4076291
vn -0.1725201 -0.7500687 0.6384620
vn 0.6240881 -0.7797486 -0.0500611
vn 0.4228898 0.5820313 0.6945529
vn 0.3674721 0.6019565 0.7089518
vn 0.3896931 0.5383847 0.7471822
vn 0.4500156 0.5218928 0.7246474
vn 0.3111402 0.6210524 0.7193648
vn 0.3284278 0.5555515 0.7638703
vn 0.2524690 0.6376362 0.7277908
vn 0.2660043 0.5709892 0.7766679
vn 0.1923406 0.6510941 0.7342218
vn 0.2025597 0.5836402 0.7863420
vn 0.1311350 0.6610401 0.7388029
vn 0.1379063 0.5930122 0.7932959
vn 0.0673196 0.6672763 0.7417617
vn 0.0706146 0.5988080 0.7977735
vn -0.0000013 0.6694489 0.7428581
vn -0.0000006 0.6007969 0.7994017
vn -0.0673193 0.6672762 0.7417618
vn -0.0706140 0.5988081 0.7977735
vn -0.1311351 0.6610401 0.7388028
vn -0.1379062 0.5930113 0.7932966
vn -0.1923406 0.6510937 0.7342221
vn -0.2025605 0.5836399 0.7863420
vn -0.2524692 0.6376357 0.7277912
vn -0.2660031 0.5709890 0.7766685
vn -0.3111425 0.6210533 0.7193630
vn -0.3284278 0.5555514 0.7638703
vn -0.3111425 0.6210533 0.7193630
vn -0.3674709 0.6019573 0.7089518
vn -0.3896934 0.5383850 0.7471818
vn -0.3284278 0.5555514 0.7638703
vn -0.4228896 0.5820304 0.6945538
vn -0.4500150 0.5218931 0.7246475
vn 0.4135457 0.4679145 0.7810480
vn 0.4777649 0.4551586 0.7513796
vn 0.3478458 0.4822416 0.8040188
vn 0.2812499 0.4957979 0.8216343
vn 0.2138511 0.5071371 0.8349129
vn 0.1451512 0.5155105 0.8444999
vn 0.0740053 0.5205786 0.8506005
vn 0.0000013 0.5222833 0.8527721
vn -0.0740053 0.5205794 0.8506000
vn -0.1451524 0.5155104 0.8444997
vn -0.2138510 0.5071371 0.8349130
vn -0.2812493 0.4957982 0.8216343
vn -0.3478459 0.4822418 0.8040187
vn -0.4135460 0.4679149 0.7810476
vn -0.3478459 0.4822418 0.8040187
vn -0.4777642 0.4551593 0.7513796
vn 0.4363942 0.3897459 0.8109613
vn 0.5038184 0.3796255 0.7759198
vn 0.3670170 0.4012138 0.8392413
vn 0.2965007 0.4123256 0.8614377
vn 0.2250314 0.4216745 0.8783800
vn 0.1521716 0.4284654 0.8906521
vn 0.0772032 0.4324538 0.8983448
vn 0.0000013 0.4337620 0.9010275
vn -0.0772039 0.4324533 0.8983450
vn -0.1521730 0.4284648 0.8906522
vn -0.2250309 0.4216737 0.8783806
vn -0.2965009 0.4123245 0.8614382
vn -0.3670175 0.4012137 0.8392412
vn -0.4363947 0.3897466 0.8109607
vn -0.3670175 0.4012137 0.8392412
vn -0.5038187 0.3796255 0.7759196
vn 0.4563385 0.3040080 0.8362621
vn 0.5264517 0.2961890 0.7969446
vn 0.3839654 0.3125877 0.8688265
vn 0.3100587 0.3207483 0.8949772
vn 0.2348755 0.3274586 0.9152073
vn 0.1582524 0.3321683 0.9298497
vn 0.0799204 0.3348226 0.9388858
vn 0.0000007 0.3356685 0.9419802
vn -0.0799211 0.3348226 0.9388857
vn -0.1582530 0.3321684 0.9298495
vn -0.2348749 0.3274589 0.9152073
vn -0.3100588 0.3207487 0.8949770
vn -0.3839654 0.3125875 0.8688266
vn -0.4563391 0.3040075 0.8362619
vn -0.3839654 0.3125875 0.8688266
vn -0.5264528 0.2961889 0.7969439
vn 0.4720227 0.2108854 0.8559918
vn 0.5441928 0.2057230 0.8133463
vn 0.3972920 0.2162202 0.8918564
vn 0.3206444 0.2210704 0.9210402
vn 0.2424483 0.2248890 0.9437392
vn 0.1628493 0.2274335 0.9600803
vn 0.0819416 0.2287823 0.9700228
vn 0.0000014 0.2291939 0.9733808
vn -0.0819417 0.2287828 0.9700227
vn -0.1628508 0.2274346 0.9600797
vn -0.2424474 0.2248896 0.9437393
vn -0.3206443 0.2210706 0.9210402
vn -0.3972927 0.2162200 0.8918562
vn -0.4720227 0.2108846 0.8559920
vn -0.3972927 0.2162200 0.8918562
vn -0.5441933 0.2057227 0.8133461
vn 0.4823017 0.1093195 0.8691573
vn 0.5558988 0.1069138 0.8243458
vn 0.4059175 0.1116058 0.9070695
vn 0.3273824 0.1135442 0.9380450
vn 0.2471796 0.1149664 0.9621252
vn 0.1656736 0.1158369 0.9793539
vn 0.0831652 0.1162495 0.9897321
vn 0.0000007 0.1163634 0.9932067
vn -0.0831648 0.1162482 0.9897323
vn -0.1656738 0.1158361 0.9793540
vn -0.2471796 0.1149658 0.9621253
vn -0.3273823 0.1135429 0.9380452
vn -0.4059181 0.1116052 0.9070693
vn -0.4823019 0.1093197 0.8691571
vn -0.4059181 0.1116052 0.9070693
vn -0.5558986 0.1069136 0.8243460
vn 0.4859812 0.0000011 0.8739693
vn 0.5601242 0.0000019 0.8284087
vn 0.4089680 0.0000009 0.9125487
vn 0.3297321 0.0000012 0.9440745
vn 0.2488072 0.0000011 0.9685530
vn 0.1666365 0.0000008 0.9860184
vn 0.0835796 0.0000012 0.9965011
vn 0.0000000 0.0000019 1.0000000
vn -0.0835782 0.0000019 0.9965012
vn -0.1666359 0.0000012 0.9860185
vn -0.2488093 0.0000011 0.9685525
vn -0.3297322 0.0000012 0.9440745
vn -0.4089675 0.0000008 0.9125489
vn -0.4859818 0.0000008 0.8739689
vn -0.4089675 0.0000008 0.9125489
vn -0.5601239 0.0000010 0.8284088
vn 0.4823010 -0.1093188 0.8691577
vn 0.5558973 -0.1069134 0.8243469
vn 0.4059178 -0.1116050 0.9070695
vn 0.3273822 -0.1135438 0.9380452
vn 0.2471793 -0.1149672 0.9621252
vn 0.1656751 -0.1158366 0.9793537
vn 0.0831651 -0.1162486 0.9897322
vn 0.0000000 -0.1163637 0.9932067
vn -0.0831644 -0.1162482 0.9897323
vn -0.1656764 -0.1158362 0.9793535
vn -0.2471814 -0.1149668 0.9621247
vn -0.3273816 -0.1135429 0.9380455
vn -0.4059178 -0.1116047 0.9070695
vn -0.4823015 -0.1093201 0.8691573
vn -0.4059178 -0.1116047 0.9070695
vn -0.5558972 -0.1069149 0.8243467
vn 0.4720223 -0.2108861 0.8559918
vn 0.5441917 -0.2057245 0.8133467
vn 0.3972922 -0.2162208 0.8918562
vn 0.3206441 -0.2210707 0.9210402
vn 0.2424474 -0.2248893 0.9437394
vn 0.1628501 -0.2274347 0.9600799
vn 0.0819406 -0.2287845 0.9700224
vn 0.0000003 -0.2291966 0.9733801
vn -0.0819405 -0.2287857 0.9700221
vn -0.1628519 -0.2274365 0.9600791
vn -0.2424473 -0.2248906 0.9437391
vn -0.3206431 -0.2210707 0.9210406
vn -0.3972935 -0.2162197 0.8918559
vn -0.4720233 -0.2108849 0.8559915
vn -0.3972935 -0.2162197 0.8918559
vn -0.5441919 -0.2057238 0.8133467
vn 0.4563372 -0.3040081 0.8362628
vn 0.5264516 -0.2961870 0.7969454
vn 0.3839644 -0.3125885 0.8688267
vn 0.3100588 -0.3207481 0.8949772
vn 0.2348757 -0.3274575 0.9152076
vn 0.1582513 -0.3321682 0.9298499
vn 0.0799198 -0.3348233 0.9388856
vn 0.0000009 -0.3356683 0.9419803
vn -0.0799198 -0.3348231 0.9388857
vn -0.1582521 -0.3321683 0.9298497
vn -0.2348747 -0.3274579 0.9152077
vn -0.3100584 -0.3207490 0.8949770
vn -0.3839654 -0.3125882 0.8688263
vn -0.4563388 -0.3040063 0.8362626
vn -0.3839654 -0.3125882 0.8688263
vn -0.5264517 -0.2961853 0.7969460
vn 0.4363923 -0.3897458 0.8109623
vn 0.5038162 -0.3796251 0.7759214
vn 0.3670180 -0.4012133 0.8392411
vn 0.2965008 -0.4123249 0.8614380
vn 0.2250313 -0.4216747 0.8783800
vn 0.1521718 -0.4284653 0.8906521
vn 0.0772035 -0.4324524 0.8983454
vn 0.0000010 -0.4337602 0.9010283
vn -0.0772036 -0.4324521 0.8983456
vn -0.1521717 -0.4284648 0.8906524
vn -0.2250314 -0.4216742 0.8783802
vn -0.2965011 -0.4123250 0.8614379
vn -0.3670180 -0.4012138 0.8392409
vn -0.4363933 -0.3897459 0.8109618
vn -0.3670180 -0.4012138 0.8392409
vn -0.5038163 -0.3796248 0.7759215
vn 0.4135456 -0.4679138 0.7810484
vn 0.4777630 -0.4551619 0.7513788
vn 0.3478484 -0.4822396 0.8040190
vn 0.2812492 -0.4957961 0.8216357
vn 0.2138489 -0.5071358 0.8349143
vn 0.1451507 -0.5155103 0.8445001
vn 0.0740055 -0.5205788 0.8506003
vn 0.0000009 -0.5222823 0.8527726
vn -0.0740067 -0.5205786 0.8506003
vn -0.1451507 -0.5155107 0.8444999
vn -0.2138488 -0.5071365 0.8349139
vn -0.2812498 -0.4957969 0.8216349
vn -0.3478476 -0.4822414 0.8040182
vn -0.4135454 -0.4679162 0.7810471
vn -0.3478476 -0.4822414 0.8040182
vn -0.4777617 -0.4551639 0.7513784
vn 0.3896936 -0.5383843 0.7471822
vn 0.4500170 -0.5218926 0.7246467
vn 0.3284275 -0.5555515 0.7638703
vn 0.2660032 -0.5709902 0.7766675
vn 0.2025585 -0.5836401 0.7863424
vn 0.1379043 -0.5930109 0.7932972
vn 0.0706131 -0.5988076 0.7977739
vn 0.0000013 -0.6007969 0.7994017
vn -0.0706144 -0.5988075 0.7977739
vn -0.1379052 -0.5930102 0.7932976
vn -0.1451507 -0.5155107 0.8444999
vn -0.2138488 -0.5071365 0.8349139
vn -0.2025584 -0.5836392 0.7863431
vn -0.1379052 -0.5930102 0.7932976
vn -0.2812498 -0.4957969 0.8216349
vn -0.2660031 -0.5709895 0.7766681
vn -0.3478476 -0.4822414 0.8040182
vn -0.3284281 -0.5555519 0.7638698
vn -0.4135454 -0.4679162 0.7810471
vn -0.3896932 -0.5383860 0.7471812
vn -0.4500139 -0.5218941 0.7246476
vn -0.3896932 -0.5383860 0.7471812
vn 0.3674703 -0.6019566 0.7089527
vn 0.4228923 -0.5820279 0.6945542
vn 0.3111387 -0.6210538 0.7193642
vn 0.2524700 -0.6376373 0.7277895
vn 0.1923426 -0.6510946 0.7342207
vn 0.1311343 -0.6610394 0.7388035
vn 0.1379043 -0.5930109 0.7932972
vn 0.0706131 -0.5988076 0.7977739
vn 0.0673185 -0.6672749 0.7417630
vn 0.1311343 -0.6610394 0.7388035
vn 0.0000013 -0.6007969 0.7994017
vn 0.0000006 -0.6694472 0.7428596
vn -0.0706144 -0.5988075 0.7977739
vn -0.0673183 -0.6672750 0.7417630
vn -0.1311349 -0.6610390 0.7388038
vn -0.1923420 -0.6510937 0.7342218
vn -0.2524692 -0.6376358 0.7277911
vn -0.3111427 -0.6210523 0.7193638
vn -0.3674724 -0.6019560 0.7089521
vn -0.4500139 -0.5218941 0.7246476
vn -0.4228887 -0.5820289 0.6945556
vn 0.4479273 0.6163511 0.6476670
vn 0.4025212 0.6368501 0.6575703
vn 0.4767147 0.5688302 0.6702054
vn 0.3522481 0.6581115 0.6654401
vn 0.2986860 0.6780394 0.6716020
vn 0.2421149 0.6954740 0.6765325
vn 0.1841446 0.7095178 0.6802024
vn 0.1254206 0.7198066 0.6827504
vn 0.0643804 0.7262825 0.6843748
vn -0.0000007 0.7285562 0.6849860
vn -0.0643806 0.7262828 0.6843745
vn -0.0643806 0.7262828 0.6843745
vn -0.1254205 0.7198071 0.6827499
vn -0.1311351 0.6610401 0.7388028
vn -0.0673193 0.6672762 0.7417618
vn -0.1841438 0.7095186 0.6802017
vn -0.1923406 0.6510937 0.7342221
vn -0.2421154 0.6954754 0.6765309
vn -0.2524692 0.6376357 0.7277912
vn -0.2986879 0.6780396 0.6716010
vn -0.3111425 0.6210533 0.7193630
vn -0.3522471 0.6581105 0.6654416
vn -0.3674709 0.6019573 0.7089518
vn -0.3522471 0.6581105 0.6654416
vn -0.4025217 0.6368494 0.6575706
vn -0.4479295 0.6163507 0.6476658
vn -0.4767160 0.5688296 0.6702050
vn -0.5076320 0.5122318 0.6927686
vn -0.5385370 0.4471326 0.7141781
vn -0.5677701 0.3725479 0.7340608
vn -0.5930091 0.2902041 0.7510804
vn -0.6126272 0.2013582 0.7642924
vn -0.6255589 0.1046313 0.7731289
vn -0.6302353 0.0000010 0.7764042
vn -0.6255583 -0.1046323 0.7731293
vn -0.6126267 -0.2013592 0.7642925
vn -0.5930103 -0.2902010 0.7510807
vn -0.5677719 -0.3725478 0.7340594
vn -0.5385368 -0.4471362 0.7141760
vn -0.5076324 -0.5122302 0.6927695
vn -0.4767162 -0.5688272 0.6702069
vn -0.4228887 -0.5820289 0.6945556
vn -0.4767162 -0.5688272 0.6702069
vn -0.4479289 -0.6163509 0.6476661
vn -0.4025196 -0.6368501 0.6575712
vn -0.3522480 -0.6581101 0.6654415
vn -0.2986892 -0.6780379 0.6716021
vn -0.2421156 -0.6954740 0.6765323
vn -0.1841455 -0.7095177 0.6802022
vn -0.1254208 -0.7198067 0.6827503
vn -0.0643807 -0.7262824 0.6843749
vn -0.0000005 -0.7285557 0.6849866
vn 0.0643809 -0.7262824 0.6843749
vn 0.1254208 -0.7198066 0.6827503
vn 0.1923426 -0.6510946 0.7342207
vn 0.1841464 -0.7095175 0.6802022
vn 0.2524700 -0.6376373 0.7277895
vn 0.2421160 -0.6954738 0.6765323
vn 0.3111387 -0.6210538 0.7193642
vn 0.2986849 -0.6780391 0.6716028
vn 0.2986849 -0.6780391 0.6716028
vn 0.3522473 -0.6581107 0.6654413
vn 0.4025232 -0.6368493 0.6575697
vn 0.4767168 -0.5688263 0.6702073
vn 0.4479277 -0.6163503 0.6476674
vn 0.5076317 -0.5122315 0.6927690
vn 0.5385356 -0.4471364 0.7141768
vn 0.5677710 -0.3725481 0.7340599
vn 0.5930100 -0.2902023 0.7510804
vn 0.6126264 -0.2013598 0.7642926
vn 0.6255585 -0.1046315 0.7731292
vn 0.6302360 0.0000025 0.7764037
vn 0.6255590 0.1046315 0.7731288
vn 0.6126277 0.2013575 0.7642922
vn 0.5930098 0.2902041 0.7510798
vn 0.5677708 0.3725487 0.7340598
vn 0.5385380 0.4471323 0.7141775
vn 0.5076332 0.5122304 0.6927688
vn 0.5144084 -0.8320500 0.2075496
vn 0.5115864 -0.8293469 0.2246400
vn 0.4252749 -0.8776814 0.2209448
vn 0.4276989 -0.8806716 0.2036939
vn 0.5081876 -0.8263316 0.2427375
vn 0.4223433 -0.8743293 0.2391118
vn 0.5041662 -0.8228616 0.2621358
vn 0.4188757 -0.8704775 0.2584803
vn 0.4994625 -0.8187461 0.2831820
vn 0.4148418 -0.8659382 0.2793876
vn 0.4939952 -0.8137266 0.3062967
vn 0.4102094 -0.8604528 0.3022403
vn 0.4876565 -0.8074449 0.3319998
vn 0.4049454 -0.8536606 0.3275407
vn 0.4803406 -0.7994965 0.3606637
vn 0.3990304 -0.8451409 0.3556847
vn 0.4720934 -0.7897933 0.3916050
vn 0.3925138 -0.8347397 0.3861898
vn 0.4630155 -0.7783147 0.4240790
vn 0.3854572 -0.8223589 0.4185076
vn 0.4530004 -0.7645718 0.4584983
vn 0.3778247 -0.8074695 0.4530359
vn 0.4419533 -0.7478346 0.4953995
vn 0.3697007 -0.7892058 0.4903831
vn 0.4300499 -0.7278686 0.5341015
vn 0.3613762 -0.7668024 0.5304916
vn 0.4175937 -0.7047784 0.5735006
vn 0.3536776 -0.7391278 0.5732384
vn 0.4060451 -0.6763578 0.6145466
vn 0.3487442 -0.7039987 0.6186788
vn 0.3443714 -0.9132215 0.2177955
vn 0.3463857 -0.9164384 0.2003935
vn 0.3419259 -0.9095983 0.2360457
vn 0.3390331 -0.9054376 0.2554198
vn 0.3356836 -0.9005594 0.2762412
vn 0.3318791 -0.8947160 0.2988972
vn 0.3276392 -0.8875602 0.3238665
vn 0.3230042 -0.8786738 0.3515688
vn 0.3180245 -0.8678204 0.3817699
vn 0.3127393 -0.8547896 0.4141605
vn 0.3071598 -0.8390208 0.4491069
vn 0.3015000 -0.8195892 0.4872076
vn 0.2962995 -0.7953195 0.5288417
vn 0.2927459 -0.7646715 0.5740883
vn 0.2928197 -0.7258843 0.6223734
vn 0.2686907 -0.9388633 0.2152695
vn 0.2702940 -0.9422548 0.1977299
vn 0.2667374 -0.9350284 0.2336086
vn 0.2644266 -0.9306253 0.2530122
vn 0.2617632 -0.9254836 0.2737886
vn 0.2587696 -0.9193705 0.2963040
vn 0.2554963 -0.9119619 0.3210094
vn 0.2520198 -0.9028522 0.3483445
vn 0.2484028 -0.8917221 0.3783222
vn 0.2446902 -0.8782422 0.4108738
vn 0.2409244 -0.8618230 0.4463368
vn 0.2373525 -0.8415604 0.4852214
vn 0.2345802 -0.8162007 0.5280044
vn 0.2336820 -0.7842417 0.5747674
vn 0.2358991 -0.7442785 0.6248209
vn 0.1974792 -0.9568058 0.2133651
vn 0.1986757 -0.9603261 0.1957083
vn 0.1960173 -0.9528123 0.2317885
vn 0.1942888 -0.9482270 0.2512318
vn 0.1923059 -0.9428894 0.2719890
vn 0.1901006 -0.9365823 0.2944067
vn 0.1877338 -0.9290070 0.3189076
vn 0.1852969 -0.9197766 0.3459423
vn 0.1828696 -0.9085067 0.3757317
vn 0.1805171 -0.8947699 0.4084120
vn 0.1783072 -0.8779492 0.4443103
vn 0.1764422 -0.8571854 0.4838402
vn 0.1753775 -0.8313188 0.5274009
vn 0.1758550 -0.7989631 0.5750939
vn 0.1786322 -0.7587224 0.6264430
vn 0.1297158 -0.9686121 0.2120480
vn 0.1305106 -0.9722212 0.1943013
vn 0.1287433 -0.9645084 0.2305402
vn 0.1275944 -0.9597964 0.2500209
vn 0.1262831 -0.9543244 0.2707721
vn 0.1248396 -0.9478889 0.2931239
vn 0.1233197 -0.9402139 0.3174746
vn 0.1218068 -0.9309333 0.3442764
vn 0.1203809 -0.9196247 0.3738969
vn 0.1191223 -0.9057962 0.4066239
vn 0.1181092 -0.8888104 0.4427938
vn 0.1174867 -0.8678334 0.4827650
vn 0.1175318 -0.8417878 0.5268583
vn 0.1186477 -0.8093710 0.5751881
vn 0.1212173 -0.7691411 0.6274778
vn 0.0642759 -0.9753103 0.2112780
vn 0.0646724 -0.9789715 0.1934742
vn 0.0637901 -0.9711416 0.2298149
vn 0.0632170 -0.9663551 0.2493219
vn 0.0625661 -0.9608052 0.2700719
vn 0.0618564 -0.9542984 0.2923838
vn 0.0611228 -0.9465746 0.3166395
vn 0.0604166 -0.9372847 0.3432889
vn 0.0597924 -0.9259913 0.3727802
vn 0.0593100 -0.9121715 0.4054941
vn 0.0590283 -0.8951788 0.4417812
vn 0.0590283 -0.8741889 0.4819848
vn 0.0594322 -0.8481603 0.5263953
vn 0.0603931 -0.8158173 0.5751477
vn 0.0620352 -0.7756678 0.6280853
vn 0.0000000 -0.9774807 0.2110250
vn 0.0000002 -0.9811591 0.1932016
vn -0.0000002 -0.9732904 0.2295774
vn -0.0000001 -0.9684794 0.2490938
vn 0.0000002 -0.9629041 0.2698440
vn 0.0000003 -0.9563747 0.2921428
vn 0.0000001 -0.9486374 0.3163656
vn 0.0000001 -0.9393493 0.3429619
vn 0.0000003 -0.9280703 0.3724050
vn -0.0000004 -0.9142700 0.4051053
vn -0.0000005 -0.8973002 0.4414209
vn 0.0000007 -0.8763388 0.4816952
vn 0.0000009 -0.8503513 0.5262155
vn 0.0000002 -0.8180638 0.5751275
vn -0.0000006 -0.7779589 0.6283152
vn -0.0642759 -0.9753103 0.2112780
vn -0.0646723 -0.9789715 0.1934742
vn -0.0637900 -0.9711416 0.2298148
vn -0.0632169 -0.9663552 0.2493218
vn -0.0625660 -0.9608052 0.2700719
vn -0.0618564 -0.9542983 0.2923842
vn -0.0611226 -0.9465747 0.3166392
vn -0.0604160 -0.9372847 0.3432888
vn -0.0597918 -0.9259910 0.3727808
vn -0.0593099 -0.9121714 0.4054945
vn -0.0590284 -0.8951789 0.4417809
vn -0.0590283 -0.8741894 0.4819839
vn -0.0594327 -0.8481599 0.5263958
vn -0.0603938 -0.8158169 0.5751481
vn -0.0620354 -0.7756678 0.6280852
vn -0.1297160 -0.9686121 0.2120479
vn -0.1305108 -0.9722211 0.1943014
vn -0.1287434 -0.9645084 0.2305399
vn -0.1275949 -0.9597963 0.2500212
vn -0.1262834 -0.9543244 0.2707721
vn -0.1248396 -0.9478890 0.2931238
vn -0.1233199 -0.9402139 0.3174744
vn -0.1218069 -0.9309331 0.3442769
vn -0.1203813 -0.9196246 0.3738969
vn -0.1191222 -0.9057961 0.4066243
vn -0.1181082 -0.8888105 0.4427938
vn -0.1174870 -0.8678336 0.4827646
vn -0.1175324 -0.8417875 0.5268585
vn -0.1186472 -0.8093714 0.5751876
vn -0.1212172 -0.7691411 0.6274777
vn -0.1974792 -0.9568057 0.2133653
vn -0.1986756 -0.9603261 0.1957083
vn -0.1960176 -0.9528122 0.2317885
vn -0.1942892 -0.9482269 0.2512320
vn -0.1923062 -0.9428895 0.2719886
vn -0.1901007 -0.9365824 0.2944065
vn -0.1877340 -0.9290068 0.3189079
vn -0.1852972 -0.9197763 0.3459428
vn -0.1828699 -0.9085067 0.3757314
vn -0.1805172 -0.8947700 0.4084117
vn -0.1783069 -0.8779492 0.4443105
vn -0.1764424 -0.8571852 0.4838405
vn -0.1753781 -0.8313186 0.5274010
vn -0.1758551 -0.7989639 0.5750927
vn -0.1786322 -0.7587225 0.6264428
vn -0.2686913 -0.9388631 0.2152699
vn -0.2702944 -0.9422547 0.1977297
vn -0.2667378 -0.9350283 0.2336088
vn -0.2644266 -0.9306253 0.2530121
vn -0.2617632 -0.9254837 0.2737881
vn -0.2587701 -0.9193705 0.2963038
vn -0.2554959 -0.9119621 0.3210094
vn -0.2520185 -0.9028525 0.3483447
vn -0.2484022 -0.8917222 0.3783223
vn -0.2446899 -0.8782425 0.4108734
vn -0.2409247 -0.8618229 0.4463369
vn -0.2373530 -0.8415600 0.4852218
vn -0.2345815 -0.8162002 0.5280045
vn -0.2336842 -0.7842422 0.5747659
vn -0.2359003 -0.7442786 0.6248203
vn -0.3443712 -0.9132215 0.2177956
vn -0.3463859 -0.9164384 0.2003934
vn -0.3419254 -0.9095986 0.2360455
vn -0.3390326 -0.9054379 0.2554196
vn -0.3356834 -0.9005595 0.2762412
vn -0.3318794 -0.8947160 0.2988969
vn -0.3276390 -0.8875604 0.3238660
vn -0.3230035 -0.8786740 0.3515689
vn -0.3180246 -0.8678201 0.3817705
vn -0.3127396 -0.8547895 0.4141605
vn -0.3071595 -0.8390208 0.4491071
vn -0.3014994 -0.8195892 0.4872081
vn -0.2962993 -0.7953194 0.5288419
vn -0.2927473 -0.7646713 0.5740878
vn -0.2928222 -0.7258835 0.6223731
vn -0.4252745 -0.8776817 0.2209444
vn -0.4276988 -0.8806717 0.2036938
vn -0.4223430 -0.8743295 0.2391115
vn -0.4188756 -0.8704775 0.2584804
vn -0.4148415 -0.8659383 0.2793876
vn -0.4102089 -0.8604532 0.3022399
vn -0.4049457 -0.8536606 0.3275403
vn -0.3990308 -0.8451406 0.3556850
vn -0.3925140 -0.8347394 0.3861901
vn -0.3854569 -0.8223593 0.4185071
vn -0.3778242 -0.8074696 0.4530362
vn -0.3697006 -0.7892057 0.4903833
vn -0.3613751 -0.7668030 0.5304914
vn -0.3536762 -0.7391279 0.5732391
vn -0.3487428 -0.7039980 0.6186803
vn -0.5115870 -0.8293466 0.2246396
vn -0.5144087 -0.8320498 0.2075495
vn -0.5081881 -0.8263312 0.2427376
vn -0.5041668 -0.8228612 0.2621359
vn -0.4994627 -0.8187461 0.2831816
vn -0.4939951 -0.8137269 0.3062963
vn -0.4876571 -0.8074445 0.3320000
vn -0.4803410 -0.7994962 0.3606639
vn -0.4720935 -0.7897931 0.3916050
vn -0.4630156 -0.7783147 0.4240788
vn -0.4530002 -0.7645716 0.4584987
vn -0.4419544 -0.7478342 0.4953991
vn -0.4300502 -0.7278687 0.5341011
vn -0.4175925 -0.7047781 0.5735018
vn -0.4060441 -0.6763567 0.6145485
vn 0.6072693 -0.7701180 0.1953005
vn 0.6046274 -0.7678626 0.2116902
vn 0.5167274 -0.8345956 0.1909002
vn 0.6014439 -0.7655086 0.2286086
vn 0.5976230 -0.7628960 0.2466503
vn 0.5930977 -0.7598811 0.2661124
vn 0.5877692 -0.7562793 0.2873483
vn 0.5814953 -0.7518484 0.3107847
vn 0.5740750 -0.7462596 0.3369487
vn 0.5652875 -0.7391555 0.3661954
vn 0.5551547 -0.7304861 0.3977353
vn 0.5437975 -0.7202584 0.4307112
vn 0.5310011 -0.7080503 0.4655132
vn 0.5164469 -0.6933082 0.5025996
vn 0.5002888 -0.6760687 0.5409641
vn 0.4831842 -0.6568681 0.5788413
vn 0.4655850 -0.6363239 0.6150793
vn 0.4655850 -0.6363239 0.6150793
vn 0.4060451 -0.6763578 0.6145466
vn 0.4025232 -0.6368493 0.6575697
vn 0.3522473 -0.6581107 0.6654413
vn -0.4655868 -0.6363231 0.6150788
vn -0.4831846 -0.6568672 0.5788420
vn -0.5002899 -0.6760678 0.5409643
vn -0.5164471 -0.6933078 0.5026000
vn -0.5310017 -0.7080500 0.4655131
vn -0.5437978 -0.7202581 0.4307113
vn -0.5551544 -0.7304860 0.3977359
vn -0.5652874 -0.7391556 0.3661955
vn -0.5740753 -0.7462594 0.3369487
vn -0.5814955 -0.7518485 0.3107841
vn -0.5877690 -0.7562797 0.2873477
vn -0.5930976 -0.7598812 0.2661124
vn -0.5976233 -0.7628958 0.2466504
vn -0.6014441 -0.7655084 0.2286086
vn -0.6046270 -0.7678629 0.2116901
vn -0.5167276 -0.8345955 0.1909006
vn -0.6072689 -0.7701183 0.1953006
vn -0.4296724 -0.8834477 0.1868201
vn -0.3480123 -0.9193907 0.1833251
vn -0.2715801 -0.9453386 0.1804971
vn -0.1996303 -0.9635047 0.1783436
vn -0.1311420 -0.9754638 0.1768392
vn -0.0649859 -0.9822513 0.1759521
vn 0.0000002 -0.9844511 0.1756590
vn 0.0649862 -0.9822514 0.1759519
vn 0.1311418 -0.9754639 0.1768390
vn 0.1996297 -0.9635048 0.1783436
vn 0.2715798 -0.9453386 0.1804975
vn 0.3480124 -0.9193907 0.1833253
vn 0.4296725 -0.8834477 0.1868198
vn -0.6913781 -0.6895947 0.2155352
vn -0.6879099 -0.6876293 0.2322625
vn -0.7643310 -0.6003874 0.2352299
vn -0.7679875 -0.6019657 0.2187062
vn -0.6837581 -0.6854571 0.2502467
vn -0.7599590 -0.5986462 0.2531501
vn -0.6788300 -0.6829392 0.2697848
vn -0.7547550 -0.5966131 0.2727595
vn -0.6729878 -0.6799060 0.2912305
vn -0.7485459 -0.5941410 0.2944069
vn -0.6660285 -0.6761469 0.3150101
vn -0.7410794 -0.5910594 0.3185123
vn -0.6576569 -0.6713897 0.3416479
vn -0.7319877 -0.5871658 0.3455870
vn -0.6475346 -0.6653498 0.3714951
vn -0.7208359 -0.5822571 0.3759951
vn -0.6356262 -0.6579803 0.4037836
vn -0.7074906 -0.5762681 0.4091114
vn -0.6220260 -0.6492599 0.4376588
vn -0.6919526 -0.5691119 0.4441995
vn -0.6064022 -0.6388369 0.4734594
vn -0.6737850 -0.5604919 0.4815212
vn -0.5881753 -0.6263328 0.5116221
vn -0.6521651 -0.5502108 0.5214871
vn -0.5672191 -0.6117716 0.5513601
vn -0.6263404 -0.5383987 0.5637593
vn -0.5437305 -0.5954488 0.5914371
vn -0.5952298 -0.5258707 0.6075867
vn -0.5156457 -0.5785985 0.6319283
vn -0.5567062 -0.5150168 0.6517944
vn -0.8287141 -0.5067844 0.2374921
vn -0.8324755 -0.5080052 0.2211681
vn -0.8242151 -0.5054371 0.2553485
vn -0.8188404 -0.5038486 0.2750219
vn -0.8123890 -0.5018988 0.2968531
vn -0.8045723 -0.4994612 0.3212505
vn -0.7949762 -0.4964042 0.3487058
vn -0.7830945 -0.4926065 0.3796076
vn -0.7686566 -0.4879944 0.4135558
vn -0.7514994 -0.4824338 0.4500070
vn -0.7310772 -0.4756832 0.4891336
vn -0.7064038 -0.4677369 0.5312400
vn -0.6761882 -0.4590651 0.5762193
vn -0.6388638 -0.4510268 0.6232398
vn -0.5929521 -0.4460836 0.6703859
vn -0.8807097 -0.4088579 0.2391351
vn -0.8845162 -0.4097628 0.2229922
vn -0.8761495 -0.4078565 0.2569339
vn -0.8706791 -0.4066634 0.2766637
vn -0.8640766 -0.4051880 0.2986542
vn -0.8560312 -0.4033464 0.3232991
vn -0.8461044 -0.4010712 0.3510686
vn -0.8337457 -0.3983160 0.3823774
vn -0.8185335 -0.3950330 0.4170754
vn -0.8000989 -0.3911016 0.4548421
vn -0.7777849 -0.3863517 0.4957651
vn -0.7505659 -0.3808834 0.5399803
vn -0.7170412 -0.3753344 0.5873466
vn -0.6757352 -0.3710633 0.6369411
vn -0.6257962 -0.3697319 0.6867878
vn -0.9204678 -0.3082384 0.2402667
vn -0.9242827 -0.3088724 0.2242751
vn -0.9158868 -0.3075358 0.2580178
vn -0.9103684 -0.3066915 0.2777944
vn -0.9036784 -0.3056422 0.2999137
vn -0.8954948 -0.3043421 0.3247536
vn -0.8853733 -0.3027747 0.3527629
vn -0.8727432 -0.3009544 0.3843771
vn -0.8570569 -0.2988815 0.4196704
vn -0.8377572 -0.2965034 0.4585288
vn -0.8140822 -0.2937392 0.5009865
vn -0.7850243 -0.2906983 0.5470205
vn -0.7493243 -0.2878885 0.5963500
vn -0.7057290 -0.2862722 0.6480700
vn -0.6534970 -0.2868592 0.7004666
vn -0.9483916 -0.2060993 0.2409905
vn -0.9521988 -0.2064992 0.2251121
vn -0.9438098 -0.2056551 0.2587064
vn -0.9382719 -0.2051187 0.2785178
vn -0.9315365 -0.2044526 0.3007307
vn -0.9232793 -0.2036407 0.3257082
vn -0.9130628 -0.2026944 0.3538803
vn -0.9003170 -0.2016607 0.3856970
vn -0.8844153 -0.2005834 0.4213976
vn -0.8646710 -0.1994808 0.4610331
vn -0.8402423 -0.1983518 0.5046281
vn -0.8101239 -0.1972926 0.5520642
vn -0.7731751 -0.1966039 0.6029487
vn -0.7282945 -0.1967878 0.6564005
vn -0.6747214 -0.1983161 0.7109302
vn -0.9649252 -0.1032015 0.2413893
vn -0.9687225 -0.1033930 0.2255806
vn -0.9603484 -0.1029869 0.2590843
vn -0.9548050 -0.1027269 0.2789168
vn -0.9480507 -0.1024079 0.3011851
vn -0.9397636 -0.1020277 0.3262433
vn -0.9295168 -0.1016017 0.3545077
vn -0.9167512 -0.1011713 0.3864346
vn -0.9008066 -0.1007852 0.4223623
vn -0.8809325 -0.1004846 0.4624508
vn -0.8562452 -0.1003028 0.5067381
vn -0.8257294 -0.1003030 0.5550767
vn -0.7882840 -0.1006059 0.6070311
vn -0.7428485 -0.1013764 0.6617393
vn -0.6886008 -0.1027300 0.7178269
vn -0.9703968 -0.0000002 0.2415163
vn -0.9741897 0.0000003 0.2257309
vn -0.9658224 -0.0000002 0.2592046
vn -0.9602782 0.0000001 0.2790443
vn -0.9535196 0.0000004 0.3013309
vn -0.9452262 0.0000004 0.3264161
vn -0.9349761 0.0000002 0.3547108
vn -0.9222168 0.0000000 0.3866732
vn -0.9062807 -0.0000001 0.4226763
vn -0.8864021 0.0000005 0.4629162
vn -0.8616862 0.0000002 0.5074415
vn -0.8311116 -0.0000004 0.5561056
vn -0.7935812 -0.0000009 0.6084644
vn -0.7480299 -0.0000012 0.6636651
vn -0.6935952 -0.0000002 0.7203649
vn -0.9649253 0.1032008 0.2413893
vn -0.9687225 0.1033928 0.2255805
vn -0.9603484 0.1029864 0.2590846
vn -0.9548049 0.1027276 0.2789170
vn -0.9480505 0.1024090 0.3011853
vn -0.9397634 0.1020283 0.3262438
vn -0.9295168 0.1016021 0.3545074
vn -0.9167516 0.1011714 0.3864335
vn -0.9008065 0.1007851 0.4223625
vn -0.8809326 0.1004843 0.4624508
vn -0.8562457 0.1003029 0.5067373
vn -0.8257292 0.1003034 0.5550770
vn -0.7882838 0.1006066 0.6070313
vn -0.7428487 0.1013775 0.6617389
vn -0.6886001 0.1027301 0.7178275
vn -0.9483916 0.2060997 0.2409903
vn -0.9521990 0.2064988 0.2251119
vn -0.9438098 0.2056550 0.2587066
vn -0.9382720 0.2051182 0.2785179
vn -0.9315364 0.2044527 0.3007308
vn -0.9232789 0.2036410 0.3257092
vn -0.9130627 0.2026954 0.3538800
vn -0.9003173 0.2016617 0.3856959
vn -0.8844153 0.2005841 0.4213972
vn -0.8646712 0.1994802 0.4610329
vn -0.8402425 0.1983511 0.5046280
vn -0.8101236 0.1972927 0.5520646
vn -0.7731752 0.1966043 0.6029485
vn -0.7282954 0.1967883 0.6563994
vn -0.6747211 0.1983158 0.7109306
vn -0.9204679 0.3082385 0.2402664
vn -0.9242829 0.3088718 0.2242752
vn -0.9158869 0.3075354 0.2580176
vn -0.9103685 0.3066910 0.2777945
vn -0.9036784 0.3056417 0.2999142
vn -0.8954947 0.3043413 0.3247547
vn -0.8853738 0.3027736 0.3527625
vn -0.8727436 0.3009541 0.3843764
vn -0.8570568 0.2988820 0.4196703
vn -0.8377576 0.2965033 0.4585281
vn -0.8140823 0.2937386 0.5009867
vn -0.7850239 0.2906986 0.5470208
vn -0.7493241 0.2878889 0.5963500
vn -0.7057304 0.2862714 0.6480689
vn -0.6534966 0.2868595 0.7004668
vn -0.8807099 0.4088578 0.2391346
vn -0.8845161 0.4097629 0.2229925
vn -0.8761497 0.4078564 0.2569336
vn -0.8706788 0.4066640 0.2766638
vn -0.8640761 0.4051887 0.2986545
vn -0.8560310 0.4033464 0.3232997
vn -0.8461051 0.4010703 0.3510681
vn -0.8337462 0.3983155 0.3823768
vn -0.8185332 0.3950334 0.4170754
vn -0.8000989 0.3911021 0.4548415
vn -0.7777844 0.3863526 0.4957652
vn -0.7505652 0.3808844 0.5399805
vn -0.7170404 0.3753360 0.5873465
vn -0.6757358 0.3710650 0.6369394
vn -0.6257957 0.3697327 0.6867878
vn -0.8287140 0.5067847 0.2374918
vn -0.8324752 0.5080056 0.2211681
vn -0.8242149 0.5054374 0.2553484
vn -0.8188400 0.5038491 0.2750220
vn -0.8123885 0.5018993 0.2968534
vn -0.8045722 0.4994614 0.3212505
vn -0.7949763 0.4964047 0.3487048
vn -0.7830942 0.4926072 0.3796071
vn -0.7686561 0.4879949 0.4135562
vn -0.7514988 0.4824350 0.4500066
vn -0.7310766 0.4756842 0.4891335
vn -0.7064043 0.4677362 0.5312399
vn -0.6761887 0.4590647 0.5762191
vn -0.6388643 0.4510271 0.6232391
vn -0.5929526 0.4460837 0.6703854
vn -0.7643312 0.6003872 0.2352298
vn -0.7679878 0.6019655 0.2187060
vn -0.7599591 0.5986461 0.2531501
vn -0.7547551 0.5966128 0.2727597
vn -0.7485459 0.5941409 0.2944073
vn -0.7410795 0.5910592 0.3185125
vn -0.7319879 0.5871659 0.3455863
vn -0.7208356 0.5822576 0.3759947
vn -0.7074904 0.5762684 0.4091113
vn -0.6919531 0.5691122 0.4441983
vn -0.6737848 0.5604920 0.4815212
vn -0.6521657 0.5502103 0.5214868
vn -0.6263424 0.5383975 0.5637582
vn -0.5952307 0.5258695 0.6075867
vn -0.5567059 0.5150181 0.6517936
vn -0.6879100 0.6876293 0.2322624
vn -0.6913786 0.6895943 0.2155349
vn -0.6837583 0.6854569 0.2502466
vn -0.6788304 0.6829387 0.2697851
vn -0.6729882 0.6799056 0.2912304
vn -0.6660287 0.6761467 0.3150101
vn -0.6576567 0.6713898 0.3416482
vn -0.6475345 0.6653499 0.3714951
vn -0.6356266 0.6579805 0.4037827
vn -0.6220267 0.6492598 0.4376579
vn -0.6064015 0.6388373 0.4734599
vn -0.5881752 0.6263334 0.5116214
vn -0.5672203 0.6117715 0.5513590
vn -0.5437314 0.5954480 0.5914370
vn -0.5156455 0.5785988 0.6319281
vn -0.6913781 -0.6895947 0.2155352
vn -0.6942841 -0.6915139 0.1994442
vn -0.6879099 -0.6876293 0.2322625
vn -0.6837581 -0.6854571 0.2502467
vn -0.6788300 -0.6829392 0.2697848
vn -0.6729878 -0.6799060 0.2912305
vn -0.6660285 -0.6761469 0.3150101
vn -0.6576569 -0.6713897 0.3416479
vn -0.6475346 -0.6653498 0.3714951
vn -0.6356262 -0.6579803 0.4037836
vn -0.6220260 -0.6492599 0.4376588
vn -0.6064022 -0.6388369 0.4734594
vn -0.5881753 -0.6263328 0.5116221
vn -0.5672191 -0.6117716 0.5513601
vn -0.5437305 -0.5954488 0.5914371
vn -0.5156457 -0.5785985 0.6319283
vn -0.4655876 0.6363228 0.6150784
vn -0.4831850 0.6568680 0.5788408
vn -0.5002881 0.6760692 0.5409642
vn -0.5164462 0.6933085 0.5025999
vn -0.5310008 0.7080509 0.4655127
vn -0.5437974 0.7202587 0.4307108
vn -0.5551546 0.7304860 0.3977355
vn -0.5652874 0.7391556 0.3661956
vn -0.5740752 0.7462595 0.3369487
vn -0.5814956 0.7518484 0.3107843
vn -0.5877690 0.7562795 0.2873480
vn -0.5930976 0.7598812 0.2661125
vn -0.5976233 0.7628959 0.2466502
vn -0.6014440 0.7655085 0.2286085
vn -0.6046271 0.7678629 0.2116900
vn -0.6942846 0.6915137 0.1994435
vn -0.6072692 0.7701182 0.1953000
vn -0.7710766 0.6035380 0.2029354
vn -0.8356733 0.5092460 0.2057152
vn -0.8877685 0.4106987 0.2078310
vn -0.9275538 0.3095361 0.2093593
vn -0.9554700 0.2069225 0.2103809
vn -0.9719884 0.1035986 0.2109640
vn -0.9774530 -0.0000002 0.2111529
vn -0.9719885 -0.1035986 0.2109635
vn -0.9554701 -0.2069225 0.2103805
vn -0.9275537 -0.3095366 0.2093591
vn -0.8877686 -0.4106983 0.2078313
vn -0.8356737 -0.5092451 0.2057156
vn -0.7710766 -0.6035378 0.2029359
vn -0.6942841 -0.6915139 0.1994442
vn -0.4160590 0.5418448 -0.7302733
vn -0.3566190 0.5476407 -0.7569099
vn -0.3619565 0.4718585 -0.8039509
vn -0.4286113 0.4738010 -0.7692886
vn -0.2993469 0.5533867 -0.7772738
vn -0.2993255 0.4721702 -0.8291318
vn -0.2415188 0.5576895 -0.7941354
vn -0.2391849 0.4726111 -0.8481918
vn -0.1834731 0.5608515 -0.8073309
vn -0.1805000 0.4727368 -0.8625194
vn -0.1250264 0.5630426 -0.8169158
vn -0.1222465 0.4726211 -0.8727457
vn -0.0642518 0.5643749 -0.8230144
vn -0.0624651 0.4723877 -0.8791746
vn -0.0000000 0.5648563 -0.8251893
vn 0.0000000 0.4722874 -0.8814446
vn 0.0642520 0.5643750 -0.8230143
vn 0.0624652 0.4723873 -0.8791748
vn 0.1250264 0.5630426 -0.8169158
vn 0.1222463 0.4726206 -0.8727460
vn 0.1834728 0.5608514 -0.8073310
vn 0.1804995 0.4727360 -0.8625199
vn 0.2415188 0.5576898 -0.7941352
vn 0.2391843 0.4726103 -0.8481924
vn 0.2993480 0.5533874 -0.7772729
vn 0.2993259 0.4721698 -0.8291319
vn 0.2993480 0.5533874 -0.7772729
vn 0.3566191 0.5476413 -0.7569094
vn 0.3619571 0.4718581 -0.8039508
vn 0.2993259 0.4721698 -0.8291319
vn 0.3566191 0.5476413 -0.7569094
vn 0.4160581 0.5418452 -0.7302735
vn 0.4286111 0.4738006 -0.7692890
vn 0.3619571 0.4718581 -0.8039508
vn -0.3681725 0.3968770 -0.8407958
vn -0.4406143 0.4045816 -0.8013568
vn -0.3009267 0.3926189 -0.8690763
vn -0.2380698 0.3899165 -0.8895437
vn -0.1782161 0.3878074 -0.9043475
vn -0.1197301 0.3860255 -0.9146852
vn -0.0607133 0.3846781 -0.9210519
vn 0.0000001 0.3841699 -0.9232624
vn 0.0607135 0.3846781 -0.9210519
vn 0.1197301 0.3860255 -0.9146852
vn 0.1782160 0.3878075 -0.9043475
vn 0.2380691 0.3899166 -0.8895438
vn 0.3009263 0.3926188 -0.8690764
vn 0.3619571 0.4718581 -0.8039508
vn 0.3681724 0.3968770 -0.8407959
vn 0.4406140 0.4045816 -0.8013570
vn 0.3681724 0.3968770 -0.8407959
vn -0.3735610 0.3215638 -0.8700856
vn -0.4506661 0.3312872 -0.8289444
vn -0.3027706 0.3148634 -0.8995504
vn -0.2375444 0.3101525 -0.9205314
vn -0.1763911 0.3065281 -0.9353752
vn -0.1174946 0.3036214 -0.9455205
vn -0.0590979 0.3015703 -0.9516106
vn -0.0000000 0.3008183 -0.9536815
vn 0.0590979 0.3015706 -0.9516105
vn 0.1174946 0.3036221 -0.9455203
vn 0.1763914 0.3065290 -0.9353748
vn 0.2375441 0.3101535 -0.9205311
vn 0.3027706 0.3148645 -0.8995501
vn 0.3735613 0.3215648 -0.8700851
vn 0.4506661 0.3312878 -0.8289442
vn 0.3735613 0.3215648 -0.8700851
vn -0.3776693 0.2453231 -0.8928508
vn -0.4587155 0.2547191 -0.8512921
vn -0.3041427 0.2381565 -0.9223767
vn -0.2370420 0.2326731 -0.9432255
vn -0.1747559 0.2283155 -0.9577747
vn -0.1155117 0.2248858 -0.9675140
vn -0.0576807 0.2225661 -0.9732098
vn -0.0000002 0.2217363 -0.9751067
vn 0.0576805 0.2225665 -0.9732097
vn 0.1155117 0.2248862 -0.9675139
vn 0.1747560 0.2283157 -0.9577747
vn 0.2370418 0.2326731 -0.9432255
vn 0.3041427 0.2381568 -0.9223766
vn 0.3776699 0.2453235 -0.8928504
vn 0.4587158 0.2547192 -0.8512919
vn 0.3776699 0.2453235 -0.8928504
vn -0.3805564 0.1674802 -0.9094653
vn -0.4647001 0.1751520 -0.8679721
vn -0.3049237 0.1611895 -0.9386371
vn -0.2363994 0.1560947 -0.9590359
vn -0.1732817 0.1519798 -0.9730753
vn -0.1138530 0.1488042 -0.9822906
vn -0.0565403 0.1467257 -0.9875600
vn -0.0000004 0.1459970 -0.9892850
vn 0.0565404 0.1467254 -0.9875600
vn 0.1138537 0.1488036 -0.9822906
vn 0.1732817 0.1519792 -0.9730754
vn 0.2363986 0.1560941 -0.9590361
vn 0.3049228 0.1611889 -0.9386374
vn 0.3805565 0.1674800 -0.9094653
vn 0.4647007 0.1751521 -0.8679718
vn 0.3805565 0.1674800 -0.9094653
vn -0.3822962 0.0860156 -0.9200277
vn -0.4685734 0.0905423 -0.8787725
vn -0.3052326 0.0821137 -0.9487310
vn -0.2357887 0.0788520 -0.9686001
vn -0.1721861 0.0762069 -0.9821122
vn -0.1127092 0.0742005 -0.9908536
vn -0.0557845 0.0729181 -0.9957766
vn -0.0000002 0.0724750 -0.9973702
vn 0.0557847 0.0729177 -0.9957766
vn 0.1127097 0.0742002 -0.9908536
vn 0.1721858 0.0762070 -0.9821123
vn 0.2357881 0.0788522 -0.9686002
vn 0.3052322 0.0821138 -0.9487311
vn 0.3822959 0.0860155 -0.9200278
vn 0.4685736 0.0905422 -0.8787724
vn 0.3822959 0.0860155 -0.9200278
vn -0.3829245 0.0000002 -0.9237796
vn -0.4700045 0.0000002 -0.8826640
vn -0.3053263 -0.0000001 -0.9522478
vn -0.2355516 -0.0000003 -0.9718619
vn -0.1717869 -0.0000002 -0.9851341
vn -0.1123047 -0.0000003 -0.9936738
vn -0.0555217 -0.0000003 -0.9984575
vn 0.0000000 -0.0000001 -1.0000000
vn 0.0555217 0.0000001 -0.9984575
vn 0.1123048 0.0000002 -0.9936738
vn 0.1717869 -0.0000001 -0.9851341
vn 0.2355514 -0.0000006 -0.9718619
vn 0.3053263 -0.0000004 -0.9522478
vn 0.3829241 0.0000002 -0.9237798
vn 0.4700046 0.0000004 -0.8826639
vn 0.3829241 0.0000002 -0.9237798
vn -0.3822964 -0.0860159 -0.9200276
vn -0.4685736 -0.0905425 -0.8787723
vn -0.3052320 -0.0821140 -0.9487311
vn -0.2357885 -0.0788521 -0.9686001
vn -0.1721864 -0.0762068 -0.9821122
vn -0.1127094 -0.0742002 -0.9908536
vn -0.0557845 -0.0729182 -0.9957766
vn 0.0000000 -0.0724755 -0.9973702
vn 0.0557843 -0.0729182 -0.9957766
vn 0.1127097 -0.0742004 -0.9908536
vn 0.1721867 -0.0762069 -0.9821121
vn 0.2357883 -0.0788521 -0.9686001
vn 0.3052320 -0.0821139 -0.9487311
vn 0.3822961 -0.0860158 -0.9200277
vn 0.4685739 -0.0905424 -0.8787722
vn 0.3822961 -0.0860158 -0.9200277
vn -0.3805562 -0.1674803 -0.9094654
vn -0.4647009 -0.1751522 -0.8679716
vn -0.3049229 -0.1611896 -0.9386373
vn -0.2363998 -0.1560946 -0.9590358
vn -0.1732824 -0.1519794 -0.9730753
vn -0.1138530 -0.1488039 -0.9822906
vn -0.0565404 -0.1467255 -0.9875600
vn 0.0000000 -0.1459970 -0.9892850
vn 0.0565403 -0.1467257 -0.9875600
vn 0.1138533 -0.1488041 -0.9822906
vn 0.1732820 -0.1519796 -0.9730753
vn 0.2363993 -0.1560945 -0.9590359
vn 0.3049231 -0.1611897 -0.9386372
vn 0.3805558 -0.1674809 -0.9094655
vn 0.4647008 -0.1751530 -0.8679716
vn 0.3805558 -0.1674809 -0.9094655
vn -0.3776688 -0.2453235 -0.8928508
vn -0.4587162 -0.2547189 -0.8512918
vn -0.3041425 -0.2381571 -0.9223766
vn -0.2370430 -0.2326735 -0.9432251
vn -0.1747561 -0.2283165 -0.9577745
vn -0.1155114 -0.2248867 -0.9675139
vn -0.0576808 -0.2225664 -0.9732097
vn 0.0000002 -0.2217362 -0.9751067
vn 0.0576806 -0.2225664 -0.9732097
vn 0.1155117 -0.2248868 -0.9675138
vn 0.1747559 -0.2283168 -0.9577744
vn 0.2370420 -0.2326741 -0.9432252
vn 0.3041426 -0.2381575 -0.9223764
vn 0.3776686 -0.2453238 -0.8928509
vn 0.4587159 -0.2547192 -0.8512919
vn 0.3776686 -0.2453238 -0.8928509
vn -0.3735606 -0.3215648 -0.8700854
vn -0.4506659 -0.3312879 -0.8289442
vn -0.3027710 -0.3148640 -0.8995501
vn -0.2375444 -0.3101533 -0.9205311
vn -0.1763908 -0.3065295 -0.9353748
vn -0.1174949 -0.3036222 -0.9455202
vn -0.0590980 -0.3015707 -0.9516105
vn 0.0000001 -0.3008187 -0.9536813
vn 0.0590979 -0.3015708 -0.9516105
vn 0.1174952 -0.3036222 -0.9455202
vn 0.1763910 -0.3065292 -0.9353748
vn 0.2375438 -0.3101531 -0.9205314
vn 0.3027709 -0.3148636 -0.8995503
vn 0.3735606 -0.3215642 -0.8700856
vn 0.4506658 -0.3312875 -0.8289445
vn 0.3735606 -0.3215642 -0.8700856
vn -0.3681725 -0.3968771 -0.8407958
vn -0.4406137 -0.4045826 -0.8013567
vn -0.3009271 -0.3926189 -0.8690761
vn -0.2380692 -0.3899170 -0.8895436
vn -0.1782158 -0.3878077 -0.9043475
vn -0.1197305 -0.3860254 -0.9146852
vn -0.0607134 -0.3846784 -0.9210518
vn 0.0000000 -0.3841707 -0.9232621
vn 0.0607135 -0.3846786 -0.9210517
vn 0.1197307 -0.3860252 -0.9146853
vn 0.1782160 -0.3878073 -0.9043476
vn 0.2380690 -0.3899168 -0.8895437
vn 0.3009272 -0.3926190 -0.8690760
vn 0.3681725 -0.3968776 -0.8407956
vn 0.4406140 -0.4045832 -0.8013562
vn 0.3681725 -0.3968776 -0.8407956
vn -0.3619575 -0.4718584 -0.8039505
vn -0.4286117 -0.4738009 -0.7692884
vn -0.2993261 -0.4721702 -0.8291316
vn -0.2391842 -0.4726112 -0.8481919
vn -0.1805002 -0.4727369 -0.8625193
vn -0.1222468 -0.4726215 -0.8727454
vn -0.0624649 -0.4723883 -0.8791743
vn 0.0000001 -0.4722880 -0.8814443
vn 0.0624650 -0.4723881 -0.8791744
vn 0.1222468 -0.4726215 -0.8727455
vn 0.1805002 -0.4727369 -0.8625193
vn 0.2391841 -0.4726110 -0.8481921
vn 0.2993265 -0.4721703 -0.8291314
vn 0.3619575 -0.4718586 -0.8039504
vn 0.4286116 -0.4738011 -0.7692884
vn 0.3619575 -0.4718586 -0.8039504
vn -0.3566194 -0.5476407 -0.7569097
vn -0.4160594 -0.5418444 -0.7302734
vn -0.2993471 -0.5533870 -0.7772736
vn -0.2415186 -0.5576897 -0.7941353
vn -0.1834733 -0.5608518 -0.8073307
vn -0.1250263 -0.5630430 -0.8169155
vn -0.0642513 -0.5643752 -0.8230142
vn 0.0000001 -0.5648562 -0.8251894
vn 0.0642516 -0.5643752 -0.8230142
vn 0.1250265 -0.5630434 -0.8169153
vn 0.1834732 -0.5608522 -0.8073304
vn 0.2415185 -0.5576898 -0.7941353
vn 0.2993477 -0.5533871 -0.7772732
vn 0.3566199 -0.5476412 -0.7569091
vn 0.4160591 -0.5418449 -0.7302732
vn 0.3566199 -0.5476412 -0.7569091
vn -0.4573177 0.5969618 -0.6591640
vn -0.4094135 0.6108848 -0.6776432
vn -0.4787303 0.5447468 -0.6885261
vn -0.3574626 0.6231923 -0.6955946
vn -0.3026757 0.6338018 -0.7118165
vn -0.2454637 0.6427256 -0.7257075
vn -0.1871251 0.6497268 -0.7367762
vn -0.1278986 0.6548166 -0.7448874
vn -0.0658959 0.6580844 -0.7500551
vn -0.0000000 0.6592768 -0.7519003
vn 0.0658962 0.6580849 -0.7500547
vn 0.0658962 0.6580849 -0.7500547
vn 0.1278987 0.6548169 -0.7448871
vn 0.1250264 0.5630426 -0.8169158
vn 0.0642520 0.5643750 -0.8230143
vn 0.1871251 0.6497273 -0.7367758
vn 0.1834728 0.5608514 -0.8073310
vn 0.2454638 0.6427262 -0.7257069
vn 0.2415188 0.5576898 -0.7941352
vn 0.3026764 0.6338020 -0.7118160
vn 0.3574624 0.6231927 -0.6955944
vn 0.4094124 0.6108851 -0.6776436
vn 0.4160581 0.5418452 -0.7302735
vn 0.4573177 0.5969621 -0.6591637
vn 0.4787293 0.5447475 -0.6885262
vn 0.4787293 0.5447475 -0.6885262
vn 0.4985717 0.4844960 -0.7188115
vn 0.5167591 0.4178643 -0.7472279
vn 0.5331083 0.3446181 -0.7726797
vn 0.5466789 0.2664447 -0.7938195
vn 0.5569993 0.1840765 -0.8098565
vn 0.5638263 0.0955077 -0.8203525
vn 0.5663550 0.0000004 -0.8241614
vn 0.5638263 -0.0955077 -0.8203525
vn 0.5569998 -0.1840776 -0.8098559
vn 0.5466798 -0.2664447 -0.7938189
vn 0.5331088 -0.3446177 -0.7726795
vn 0.5167589 -0.4178665 -0.7472268
vn 0.4985724 -0.4844962 -0.7188108
vn 0.4787307 -0.5447458 -0.6885266
vn 0.4573172 -0.5969631 -0.6591631
vn 0.4094132 -0.6108854 -0.6776429
vn 0.3574630 -0.6231925 -0.6955942
vn 0.2993477 -0.5533871 -0.7772732
vn 0.3026759 -0.6338020 -0.7118162
vn 0.3026759 -0.6338020 -0.7118162
vn 0.2454640 -0.6427260 -0.7257071
vn 0.1871252 -0.6497270 -0.7367761
vn 0.1278984 -0.6548167 -0.7448873
vn 0.0658960 -0.6580846 -0.7500549
vn 0.0000003 -0.6592766 -0.7519005
vn -0.0658958 -0.6580848 -0.7500547
vn -0.1278987 -0.6548169 -0.7448871
vn -0.1871253 -0.6497270 -0.7367761
vn -0.2454637 -0.6427259 -0.7257072
vn -0.3026756 -0.6338022 -0.7118161
vn -0.3574626 -0.6231929 -0.6955940
vn -0.4094133 -0.6108852 -0.6776430
vn -0.4787302 -0.5447466 -0.6885263
vn -0.4573177 -0.5969621 -0.6591637
vn -0.4985714 -0.4844965 -0.7188113
vn -0.5167586 -0.4178653 -0.7472276
vn -0.5331090 -0.3446176 -0.7726794
vn -0.5466799 -0.2664447 -0.7938188
vn -0.5569995 -0.1840774 -0.8098562
vn -0.5638259 -0.0955078 -0.8203528
vn -0.5663545 0.0000000 -0.8241618
vn -0.5638256 0.0955075 -0.8203530
vn -0.5569994 0.1840769 -0.8098564
vn -0.5466791 0.2664450 -0.7938192
vn -0.5331082 0.3446181 -0.7726797
vn -0.5167591 0.4178647 -0.7472276
vn -0.4985725 0.4844960 -0.7188109
vn 0.6913782 0.6895946 0.2155352
vn 0.6879099 0.6876294 0.2322624
vn 0.7643311 0.6003874 0.2352295
vn 0.7679877 0.6019655 0.2187061
vn 0.6837584 0.6854569 0.2502465
vn 0.7599588 0.5986467 0.2531498
vn 0.6788303 0.6829388 0.2697852
vn 0.7547549 0.5966131 0.2727597
vn 0.6729877 0.6799061 0.2912305
vn 0.7485459 0.5941409 0.2944072
vn 0.6660287 0.6761468 0.3150101
vn 0.7410796 0.5910589 0.3185127
vn 0.6576568 0.6713897 0.3416480
vn 0.7319878 0.5871660 0.3455865
vn 0.6475345 0.6653500 0.3714949
vn 0.7208358 0.5822577 0.3759943
vn 0.6475345 0.6653500 0.3714949
vn 0.6356263 0.6579804 0.4037833
vn 0.7074901 0.5762688 0.4091112
vn 0.7208358 0.5822577 0.3759943
vn 0.6220264 0.6492597 0.4376585
vn 0.6919524 0.5691123 0.4441995
vn 0.6064026 0.6388367 0.4734592
vn 0.6737852 0.5604916 0.4815211
vn 0.5881749 0.6263334 0.5116217
vn 0.6521650 0.5502109 0.5214871
vn 0.5672192 0.6117717 0.5513599
vn 0.6263409 0.5383985 0.5637590
vn 0.5437318 0.5954485 0.5914363
vn 0.5952303 0.5258709 0.6075860
vn 0.5156456 0.5785997 0.6319273
vn 0.5567062 0.5150177 0.6517936
vn 0.7679877 0.6019655 0.2187061
vn 0.7643311 0.6003874 0.2352295
vn 0.8287142 0.5067847 0.2374914
vn 0.8324751 0.5080058 0.2211682
vn 0.7599588 0.5986467 0.2531498
vn 0.8242152 0.5054372 0.2553479
vn 0.7547549 0.5966131 0.2727597
vn 0.8188399 0.5038493 0.2750220
vn 0.7547549 0.5966131 0.2727597
vn 0.7485459 0.5941409 0.2944072
vn 0.8123883 0.5018996 0.2968535
vn 0.8188399 0.5038493 0.2750220
vn 0.7410796 0.5910589 0.3185127
vn 0.8045719 0.4994618 0.3212506
vn 0.7319878 0.5871660 0.3455865
vn 0.7949762 0.4964047 0.3487049
vn 0.7830946 0.4926069 0.3796067
vn 0.7686562 0.4879952 0.4135557
vn 0.7514988 0.4824346 0.4500071
vn 0.7310765 0.4756839 0.4891338
vn 0.7064037 0.4677373 0.5312398
vn 0.6761879 0.4590662 0.5762188
vn 0.6388634 0.4510281 0.6232393
vn 0.5929525 0.4460832 0.6703857
vn 0.8807097 0.4088582 0.2391348
vn 0.8845159 0.4097634 0.2229924
vn 0.8761499 0.4078562 0.2569334
vn 0.8706791 0.4066635 0.2766636
vn 0.8123883 0.5018996 0.2968535
vn 0.8640762 0.4051884 0.2986547
vn 0.8045719 0.4994618 0.3212506
vn 0.8560311 0.4033463 0.3232995
vn 0.8461052 0.4010703 0.3510678
vn 0.8560311 0.4033463 0.3232995
vn 0.8337464 0.3983155 0.3823764
vn 0.8185332 0.3950335 0.4170753
vn 0.8000986 0.3911021 0.4548420
vn 0.7777843 0.3863525 0.4957653
vn 0.7505659 0.3808839 0.5399799
vn 0.7170406 0.3753355 0.5873466
vn 0.6757347 0.3710642 0.6369411
vn 0.6257959 0.3697323 0.6867878
vn 0.9204678 0.3082386 0.2402666
vn 0.9242830 0.3088716 0.2242749
vn 0.9158867 0.3075357 0.2580180
vn 0.9103685 0.3066908 0.2777947
vn 0.9036784 0.3056418 0.2999141
vn 0.8954944 0.3043426 0.3247544
vn 0.8461052 0.4010703 0.3510678
vn 0.8853734 0.3027749 0.3527623
vn 0.8727438 0.3009543 0.3843759
vn 0.8853734 0.3027749 0.3527623
vn 0.8570568 0.2988817 0.4196704
vn 0.8377573 0.2965030 0.4585288
vn 0.8140825 0.2937384 0.5009865
vn 0.7850244 0.2906985 0.5470201
vn 0.7493239 0.2878890 0.5963503
vn 0.7057288 0.2862718 0.6480705
vn 0.6534971 0.2868598 0.7004663
vn 0.9483917 0.2060991 0.2409905
vn 0.9521991 0.2064987 0.2251116
vn 0.9438097 0.2056550 0.2587069
vn 0.9382719 0.2051182 0.2785182
vn 0.9315365 0.2044527 0.3007305
vn 0.9232788 0.2036413 0.3257091
vn 0.9130626 0.2026952 0.3538803
vn 0.9003176 0.2016614 0.3856954
vn 0.9130626 0.2026952 0.3538803
vn 0.8844153 0.2005836 0.4213974
vn 0.8646711 0.1994806 0.4610329
vn 0.8402428 0.1983515 0.5046273
vn 0.8101240 0.1972928 0.5520639
vn 0.7731751 0.1966043 0.6029486
vn 0.7282943 0.1967884 0.6564006
vn 0.6747212 0.1983157 0.7109305
vn 0.9649252 0.1032008 0.2413895
vn 0.9687225 0.1033931 0.2255804
vn 0.9603484 0.1029864 0.2590846
vn 0.9548049 0.1027273 0.2789171
vn 0.9480507 0.1024086 0.3011850
vn 0.9397635 0.1020275 0.3262437
vn 0.9295168 0.1016014 0.3545075
vn 0.9003176 0.2016614 0.3856954
vn 0.9167515 0.1011716 0.3864337
vn 0.9008065 0.1007853 0.4223624
vn 0.9167515 0.1011716 0.3864337
vn 0.8809326 0.1004850 0.4624506
vn 0.8562454 0.1003033 0.5067376
vn 0.8257295 0.1003032 0.5550766
vn 0.7882846 0.1006059 0.6070304
vn 0.7428484 0.1013768 0.6617394
vn 0.6885996 0.1027301 0.7178280
vn 0.9703967 0.0000003 0.2415166
vn 0.9741897 0.0000003 0.2257309
vn 0.9658224 -0.0000002 0.2592046
vn 0.9602782 -0.0000003 0.2790444
vn 0.9535196 0.0000000 0.3013311
vn 0.9452261 0.0000004 0.3264162
vn 0.9349761 0.0000002 0.3547107
vn 0.9222168 -0.0000001 0.3866732
vn 0.9062806 0.0000000 0.4226765
vn 0.9222168 -0.0000001 0.3866732
vn 0.8864021 -0.0000004 0.4629161
vn 0.8616863 -0.0000001 0.5074414
vn 0.8311118 0.0000009 0.5561053
vn 0.7935816 0.0000011 0.6084638
vn 0.7480296 0.0000009 0.6636654
vn 0.6935949 0.0000016 0.7203653
vn 0.9649252 -0.1032007 0.2413895
vn 0.9687225 -0.1033927 0.2255806
vn 0.9603484 -0.1029863 0.2590847
vn 0.9548049 -0.1027275 0.2789170
vn 0.9480505 -0.1024089 0.3011854
vn 0.9397634 -0.1020281 0.3262439
vn 0.9295168 -0.1016022 0.3545074
vn 0.9167515 -0.1011717 0.3864337
vn 0.9062806 0.0000000 0.4226765
vn 0.9008064 -0.1007851 0.4223626
vn 0.8809325 -0.1004841 0.4624509
vn 0.9008064 -0.1007851 0.4223626
vn 0.8562456 -0.1003027 0.5067374
vn 0.8257292 -0.1003032 0.5550771
vn 0.7882840 -0.1006064 0.6070310
vn 0.7428492 -0.1013772 0.6617384
vn 0.6886011 -0.1027298 0.7178267
vn 0.9483916 -0.2060996 0.2409905
vn 0.9521989 -0.2064991 0.2251120
vn 0.9438098 -0.2056546 0.2587068
vn 0.9382720 -0.2051180 0.2785178
vn 0.9315363 -0.2044527 0.3007310
vn 0.9232788 -0.2036410 0.3257093
vn 0.9130628 -0.2026952 0.3538800
vn 0.9003172 -0.2016617 0.3856961
vn 0.8844153 -0.2005839 0.4213972
vn 0.8646713 -0.1994800 0.4610329
vn 0.8844153 -0.2005839 0.4213972
vn 0.8402425 -0.1983509 0.5046281
vn 0.8101235 -0.1972927 0.5520648
vn 0.7731752 -0.1966040 0.6029485
vn 0.7282959 -0.1967877 0.6563990
vn 0.6747217 -0.1983161 0.7109300
vn 0.9204679 -0.3082384 0.2402665
vn 0.9242828 -0.3088720 0.2242752
vn 0.9158869 -0.3075353 0.2580177
vn 0.9103686 -0.3066908 0.2777945
vn 0.9036784 -0.3056416 0.2999143
vn 0.8954946 -0.3043413 0.3247550
vn 0.8853737 -0.3027737 0.3527627
vn 0.8727435 -0.3009542 0.3843765
vn 0.8570570 -0.2988818 0.4196701
vn 0.8377576 -0.2965033 0.4585282
vn 0.8570570 -0.2988818 0.4196701
vn 0.8140821 -0.2937387 0.5009869
vn 0.7850241 -0.2906983 0.5470208
vn 0.7493242 -0.2878887 0.5963501
vn 0.7057302 -0.2862713 0.6480692
vn 0.6534972 -0.2868592 0.7004664
vn 0.8807097 -0.4088581 0.2391348
vn 0.8845160 -0.4097631 0.2229926
vn 0.8761497 -0.4078564 0.2569336
vn 0.8706787 -0.4066639 0.2766640
vn 0.8640762 -0.4051885 0.2986547
vn 0.8560310 -0.4033462 0.3233000
vn 0.8461049 -0.4010702 0.3510685
vn 0.8337461 -0.3983153 0.3823772
vn 0.8185335 -0.3950329 0.4170754
vn 0.8000992 -0.3911018 0.4548414
vn 0.8185335 -0.3950329 0.4170754
vn 0.7777842 -0.3863526 0.4957655
vn 0.7505655 -0.3808841 0.5399804
vn 0.7170402 -0.3753359 0.5873468
vn 0.6757353 -0.3710651 0.6369400
vn 0.6257968 -0.3697324 0.6867870
vn 0.8287139 -0.5067848 0.2374918
vn 0.8324752 -0.5080055 0.2211682
vn 0.8242149 -0.5054375 0.2553484
vn 0.8188399 -0.5038492 0.2750222
vn 0.8123885 -0.5018992 0.2968535
vn 0.8045721 -0.4994615 0.3212506
vn 0.7949760 -0.4964050 0.3487051
vn 0.7830942 -0.4926071 0.3796075
vn 0.7686566 -0.4879944 0.4135560
vn 0.7514993 -0.4824342 0.4500066
vn 0.7686566 -0.4879944 0.4135560
vn 0.7310767 -0.4756836 0.4891338
vn 0.7064041 -0.4677361 0.5312402
vn 0.6761880 -0.4590648 0.5762199
vn 0.6388640 -0.4510271 0.6232394
vn 0.5929521 -0.4460847 0.6703852
vn 0.7643313 -0.6003870 0.2352299
vn 0.7679877 -0.6019656 0.2187060
vn 0.7599593 -0.5986459 0.2531502
vn 0.7547551 -0.5966128 0.2727597
vn 0.7485459 -0.5941409 0.2944073
vn 0.7410793 -0.5910593 0.3185128
vn 0.7319876 -0.5871660 0.3455867
vn 0.7208357 -0.5822576 0.3759947
vn 0.7074906 -0.5762681 0.4091114
vn 0.6919525 -0.5691122 0.4441994
vn 0.7074906 -0.5762681 0.4091114
vn 0.6737847 -0.5604917 0.4815218
vn 0.6521658 -0.5502100 0.5214870
vn 0.6263419 -0.5383973 0.5637590
vn 0.5952306 -0.5258692 0.6075871
vn 0.5567052 -0.5150179 0.6517944
vn 0.6879102 -0.6876291 0.2322625
vn 0.6913785 -0.6895944 0.2155351
vn 0.6837584 -0.6854569 0.2502467
vn 0.7599593 -0.5986459 0.2531502
vn 0.7547551 -0.5966128 0.2727597
vn 0.6788304 -0.6829387 0.2697850
vn 0.6837584 -0.6854569 0.2502467
vn 0.7485459 -0.5941409 0.2944073
vn 0.6729879 -0.6799058 0.2912307
vn 0.7410793 -0.5910593 0.3185128
vn 0.6660285 -0.6761467 0.3150107
vn 0.7319876 -0.5871660 0.3455867
vn 0.6576569 -0.6713895 0.3416482
vn 0.7208357 -0.5822576 0.3759947
vn 0.6475348 -0.6653498 0.3714948
vn 0.7074906 -0.5762681 0.4091114
vn 0.6356267 -0.6579803 0.4037830
vn 0.6919525 -0.5691122 0.4441994
vn 0.6220260 -0.6492599 0.4376588
vn 0.6737847 -0.5604917 0.4815218
vn 0.6064013 -0.6388370 0.4734603
vn 0.5881759 -0.6263329 0.5116212
vn 0.6064013 -0.6388370 0.4734603
vn 0.5672203 -0.6117713 0.5513592
vn 0.5437312 -0.5954479 0.5914374
vn 0.5156451 -0.5785976 0.6319296
vn 0.6072690 0.7701183 0.1953003
vn 0.6046268 0.7678630 0.2116902
vn 0.6942843 0.6915139 0.1994437
vn 0.6014437 0.7655087 0.2286085
vn 0.5976233 0.7628959 0.2466499
vn 0.5930975 0.7598812 0.2661125
vn 0.5877687 0.7562797 0.2873480
vn 0.5814953 0.7518488 0.3107839
vn 0.5740752 0.7462596 0.3369485
vn 0.5652875 0.7391555 0.3661956
vn 0.5551548 0.7304859 0.3977355
vn 0.6356263 0.6579804 0.4037833
vn 0.5437980 0.7202580 0.4307112
vn 0.6220264 0.6492597 0.4376585
vn 0.5310015 0.7080500 0.4655132
vn 0.6064026 0.6388367 0.4734592
vn 0.5310015 0.7080500 0.4655132
vn 0.5164470 0.6933083 0.5025994
vn 0.5002897 0.6760679 0.5409643
vn 0.4831855 0.6568670 0.5788416
vn 0.4655869 0.6363233 0.6150785
vn 0.4831842 -0.6568681 0.5788413
vn 0.5672203 -0.6117713 0.5513592
vn 0.5437312 -0.5954479 0.5914374
vn 0.5881759 -0.6263329 0.5116212
vn 0.6879102 -0.6876291 0.2322625
vn 0.6913785 -0.6895944 0.2155351
vn 0.6942843 -0.6915138 0.1994440
vn 0.7710764 -0.6035381 0.2029357
vn 0.6942843 -0.6915138 0.1994440
vn 0.8356735 -0.5092453 0.2057156
vn 0.8877684 -0.4106987 0.2078314
vn 0.9275536 -0.3095364 0.2093597
vn 0.9554700 -0.2069224 0.2103811
vn 0.9719885 -0.1035983 0.2109639
vn 0.9774531 0.0000000 0.2111528
vn 0.9719885 0.1035986 0.2109638
vn 0.9554700 0.2069227 0.2103807
vn 0.9275539 0.3095361 0.2093590
vn 0.8877685 0.4106987 0.2078309
vn 0.8356734 0.5092457 0.2057155
vn 0.7710765 0.6035381 0.2029356
vn 0.7710765 0.6035381 0.2029356
vn -0.5144082 0.8320501 0.2075494
vn -0.5115863 0.8293470 0.2246398
vn -0.4252747 0.8776816 0.2209445
vn -0.4276989 0.8806716 0.2036936
vn -0.5081876 0.8263316 0.2427376
vn -0.4223433 0.8743294 0.2391114
vn -0.5041662 0.8228616 0.2621358
vn -0.4188758 0.8704775 0.2584801
vn -0.4994622 0.8187464 0.2831817
vn -0.4148417 0.8659383 0.2793872
vn -0.4939950 0.8137269 0.3062963
vn -0.4102091 0.8604531 0.3022401
vn -0.4876565 0.8074451 0.3319993
vn -0.4049453 0.8536608 0.3275403
vn -0.4803405 0.7994967 0.3606633
vn -0.3990304 0.8451410 0.3556845
vn -0.4720934 0.7897933 0.3916049
vn -0.3925137 0.8347398 0.3861897
vn -0.4630157 0.7783147 0.4240786
vn -0.3854572 0.8223590 0.4185074
vn -0.4530006 0.7645720 0.4584977
vn -0.3778250 0.8074695 0.4530356
vn -0.4419539 0.7478344 0.4953994
vn -0.3697012 0.7892056 0.4903830
vn -0.4300498 0.7278689 0.5341012
vn -0.3613767 0.7668023 0.5304914
vn -0.4175942 0.7047786 0.5735000
vn -0.3536781 0.7391279 0.5732380
vn -0.4060458 0.6763572 0.6145468
vn -0.3487443 0.7039979 0.6186795
vn -0.3443715 0.9132215 0.2177952
vn -0.3463857 0.9164385 0.2003933
vn -0.3419262 0.9095983 0.2360452
vn -0.3390333 0.9054376 0.2554195
vn -0.3356837 0.9005594 0.2762410
vn -0.3318792 0.8947160 0.2988970
vn -0.3276391 0.8875603 0.3238663
vn -0.3230037 0.8786739 0.3515690
vn -0.3180243 0.8678206 0.3817695
vn -0.3127395 0.8547897 0.4141601
vn -0.3071592 0.8390211 0.4491068
vn -0.3014994 0.8195894 0.4872076
vn -0.2962993 0.7953196 0.5288417
vn -0.2927468 0.7646714 0.5740879
vn -0.2928208 0.7258839 0.6223734
vn -0.2686908 0.9388634 0.2152691
vn -0.2702940 0.9422549 0.1977293
vn -0.2667375 0.9350284 0.2336086
vn -0.2644270 0.9306251 0.2530124
vn -0.2617637 0.9254835 0.2737884
vn -0.2587698 0.9193706 0.2963038
vn -0.2554961 0.9119620 0.3210096
vn -0.2520194 0.9028524 0.3483443
vn -0.2484029 0.8917223 0.3783217
vn -0.2446904 0.8782423 0.4108736
vn -0.2409249 0.8618232 0.4463363
vn -0.2373527 0.8415604 0.4852213
vn -0.2345802 0.8162009 0.5280039
vn -0.2336820 0.7842422 0.5747668
vn -0.2358985 0.7442793 0.6248202
vn -0.1974791 0.9568059 0.2133646
vn -0.1986756 0.9603263 0.1957075
vn -0.1960173 0.9528123 0.2317887
vn -0.1942890 0.9482268 0.2512323
vn -0.1923063 0.9428895 0.2719885
vn -0.1901007 0.9365825 0.2944062
vn -0.1877336 0.9290070 0.3189077
vn -0.1852971 0.9197767 0.3459420
vn -0.1828698 0.9085067 0.3757316
vn -0.1805176 0.8947699 0.4084119
vn -0.1783078 0.8779493 0.4443099
vn -0.1764425 0.8571854 0.4838400
vn -0.1753774 0.8313191 0.5274006
vn -0.1758544 0.7989636 0.5750933
vn -0.1786318 0.7587228 0.6264427
vn -0.1297159 0.9686122 0.2120476
vn -0.1305107 0.9722213 0.1943006
vn -0.1287432 0.9645085 0.2305397
vn -0.1275945 0.9597965 0.2500207
vn -0.1262833 0.9543245 0.2707718
vn -0.1248397 0.9478890 0.2931237
vn -0.1233198 0.9402140 0.3174742
vn -0.1218068 0.9309333 0.3442765
vn -0.1203810 0.9196247 0.3738968
vn -0.1191228 0.9057963 0.4066236
vn -0.1181094 0.8888103 0.4427938
vn -0.1174872 0.8678334 0.4827650
vn -0.1175321 0.8417878 0.5268581
vn -0.1186471 0.8093713 0.5751877
vn -0.1212169 0.7691411 0.6274779
vn -0.0642756 0.9753104 0.2112779
vn -0.0646722 0.9789716 0.1934737
vn -0.0637898 0.9711417 0.2298146
vn -0.0632168 0.9663553 0.2493212
vn -0.0625660 0.9608053 0.2700718
vn -0.0618562 0.9542984 0.2923841
vn -0.0611226 0.9465747 0.3166392
vn -0.0604166 0.9372847 0.3432888
vn -0.0597924 0.9259915 0.3727795
vn -0.0593104 0.9121718 0.4054934
vn -0.0590286 0.8951786 0.4417815
vn -0.0590288 0.8741891 0.4819845
vn -0.0594328 0.8481604 0.5263950
vn -0.0603935 0.8158177 0.5751471
vn -0.0620350 0.7756676 0.6280855
vn -0.0000000 0.9774807 0.2110249
vn 0.0000001 0.9811592 0.1932009
vn -0.0000001 0.9732905 0.2295771
vn -0.0000001 0.9684795 0.2490932
vn -0.0000001 0.9629041 0.2698438
vn 0.0000002 0.9563746 0.2921430
vn 0.0000003 0.9486374 0.3163654
vn -0.0000002 0.9393495 0.3429613
vn -0.0000001 0.9280706 0.3724042
vn 0.0000005 0.9142703 0.4051047
vn 0.0000007 0.8973000 0.4414212
vn -0.0000000 0.8763389 0.4816951
vn -0.0000007 0.8503516 0.5262149
vn -0.0000010 0.8180641 0.5751271
vn -0.0000005 0.7779584 0.6283158
vn 0.0642756 0.9753104 0.2112776
vn 0.0646723 0.9789717 0.1934734
vn 0.0637899 0.9711417 0.2298144
vn 0.0632171 0.9663553 0.2493210
vn 0.0625661 0.9608053 0.2700715
vn 0.0618565 0.9542983 0.2923843
vn 0.0611226 0.9465748 0.3166388
vn 0.0604161 0.9372850 0.3432881
vn 0.0597922 0.9259911 0.3727806
vn 0.0593104 0.9121713 0.4054944
vn 0.0590290 0.8951790 0.4417807
vn 0.0590288 0.8741893 0.4819841
vn 0.0594325 0.8481604 0.5263951
vn 0.0603938 0.8158174 0.5751475
vn 0.0620355 0.7756674 0.6280857
vn 0.1297165 0.9686120 0.2120480
vn 0.1305108 0.9722213 0.1943007
vn 0.1287440 0.9645083 0.2305399
vn 0.1275953 0.9597965 0.2500204
vn 0.1262837 0.9543244 0.2707716
vn 0.1248396 0.9478890 0.2931237
vn 0.1233197 0.9402142 0.3174737
vn 0.1218069 0.9309334 0.3442762
vn 0.1203812 0.9196245 0.3738971
vn 0.1191222 0.9057962 0.4066240
vn 0.1181084 0.8888107 0.4427933
vn 0.1174868 0.8678335 0.4827647
vn 0.1175322 0.8417879 0.5268579
vn 0.1186471 0.8093717 0.5751872
vn 0.1212166 0.7691411 0.6274779
vn 0.1974792 0.9568057 0.2133653
vn 0.1986756 0.9603262 0.1957082
vn 0.1960173 0.9528124 0.2317884
vn 0.1942889 0.9482270 0.2512317
vn 0.1923060 0.9428896 0.2719883
vn 0.1901003 0.9365824 0.2944065
vn 0.1877338 0.9290071 0.3189073
vn 0.1852973 0.9197767 0.3459418
vn 0.1828699 0.9085067 0.3757315
vn 0.1805172 0.8947701 0.4084116
vn 0.1783069 0.8779494 0.4443102
vn 0.1764422 0.8571853 0.4838403
vn 0.1753781 0.8313189 0.5274006
vn 0.1758549 0.7989641 0.5750925
vn 0.1786315 0.7587226 0.6264430
vn 0.2686904 0.9388635 0.2152693
vn 0.2702942 0.9422548 0.1977294
vn 0.2667371 0.9350286 0.2336085
vn 0.2644266 0.9306253 0.2530121
vn 0.2617634 0.9254837 0.2737879
vn 0.2587702 0.9193703 0.2963042
vn 0.2554961 0.9119622 0.3210090
vn 0.2520191 0.9028527 0.3483437
vn 0.2484022 0.8917224 0.3783221
vn 0.2446898 0.8782424 0.4108737
vn 0.2409248 0.8618229 0.4463367
vn 0.2373531 0.8415603 0.4852214
vn 0.2345812 0.8162005 0.5280041
vn 0.2336843 0.7842425 0.5747654
vn 0.2359004 0.7442790 0.6248198
vn 0.3443715 0.9132215 0.2177952
vn 0.3463859 0.9164386 0.2003926
vn 0.3419262 0.9095983 0.2360454
vn 0.3390333 0.9054376 0.2554197
vn 0.3356838 0.9005595 0.2762409
vn 0.3318796 0.8947159 0.2988968
vn 0.3276391 0.8875605 0.3238655
vn 0.3230037 0.8786743 0.3515680
vn 0.3180247 0.8678203 0.3817699
vn 0.3127395 0.8547897 0.4141602
vn 0.3071599 0.8390207 0.4491071
vn 0.3014998 0.8195893 0.4872076
vn 0.2962994 0.7953194 0.5288418
vn 0.2927475 0.7646712 0.5740878
vn 0.2928212 0.7258850 0.6223718
vn 0.4252752 0.8776813 0.2209446
vn 0.4276991 0.8806716 0.2036934
vn 0.4223433 0.8743294 0.2391115
vn 0.4188756 0.8704776 0.2584800
vn 0.4148414 0.8659384 0.2793874
vn 0.4102090 0.8604532 0.3022397
vn 0.4049452 0.8536610 0.3275396
vn 0.3990308 0.8451411 0.3556839
vn 0.3925145 0.8347394 0.3861897
vn 0.3854572 0.8223593 0.4185068
vn 0.3778247 0.8074694 0.4530361
vn 0.3697010 0.7892058 0.4903828
vn 0.3613754 0.7668031 0.5304910
vn 0.3536764 0.7391277 0.5732393
vn 0.3487431 0.7039990 0.6186790
vn 0.5115867 0.8293467 0.2246398
vn 0.5144086 0.8320499 0.2075495
vn 0.5081877 0.8263316 0.2427372
vn 0.5041665 0.8228616 0.2621354
vn 0.4994626 0.8187461 0.2831816
vn 0.4939953 0.8137269 0.3062961
vn 0.4876571 0.8074449 0.3319989
vn 0.4803411 0.7994964 0.3606633
vn 0.4720937 0.7897931 0.3916048
vn 0.4630153 0.7783148 0.4240788
vn 0.4530000 0.7645718 0.4584987
vn 0.4419548 0.7478343 0.4953986
vn 0.4300500 0.7278689 0.5341010
vn 0.4175920 0.7047786 0.5735015
vn 0.3536764 0.7391277 0.5732393
vn 0.3487431 0.7039990 0.6186790
vn 0.4060444 0.6763570 0.6145479
vn 0.4175920 0.7047786 0.5735015
vn -0.6072692 0.7701182 0.1953000
vn -0.6046271 0.7678629 0.2116900
vn -0.5167274 0.8345957 0.1909002
vn -0.6014440 0.7655085 0.2286085
vn -0.5976233 0.7628959 0.2466502
vn -0.5930976 0.7598812 0.2661125
vn -0.5877690 0.7562795 0.2873480
vn -0.5814956 0.7518484 0.3107843
vn -0.5740752 0.7462595 0.3369487
vn -0.5652874 0.7391556 0.3661956
vn -0.5551546 0.7304860 0.3977355
vn -0.5437974 0.7202587 0.4307108
vn -0.5310008 0.7080509 0.4655127
vn -0.5164462 0.6933085 0.5025999
vn -0.5002881 0.6760692 0.5409642
vn -0.4175942 0.7047786 0.5735000
vn -0.4300498 0.7278689 0.5341012
vn -0.4060458 0.6763572 0.6145468
vn -0.4025217 0.6368494 0.6575706
vn -0.0000007 0.7285562 0.6849860
vn 0.0643804 0.7262825 0.6843748
vn 0.1254206 0.7198066 0.6827504
vn 0.1841446 0.7095178 0.6802024
vn 0.1786315 0.7587226 0.6264430
vn 0.2359004 0.7442790 0.6248198
vn 0.2928212 0.7258850 0.6223718
vn 0.4300500 0.7278689 0.5341010
vn 0.5002897 0.6760679 0.5409643
vn 0.5164470 0.6933083 0.5025994
vn 0.5167273 0.8345958 0.1908999
vn 0.4296724 0.8834479 0.1868194
vn 0.3480124 0.9193908 0.1833250
vn 0.2715800 0.9453386 0.1804969
vn 0.1996296 0.9635050 0.1783430
vn 0.1311417 0.9754640 0.1768386
vn 0.0649863 0.9822515 0.1759512
vn 0.0000002 0.9844512 0.1756583
vn -0.0649861 0.9822514 0.1759514
vn -0.1311420 0.9754640 0.1768384
vn -0.1996297 0.9635049 0.1783430
vn -0.2715798 0.9453387 0.1804971
vn -0.3480125 0.9193907 0.1833249
vn -0.4296725 0.8834477 0.1868197
vn -0.4269952 0.6691848 -0.6081668
vn -0.4493810 0.7150240 -0.5355346
vn -0.3837678 0.7477192 -0.5418840
vn -0.3680129 0.6915401 -0.6215616
vn -0.4701521 0.7528037 -0.4606990
vn -0.3990810 0.7926589 -0.4608972
vn -0.4875511 0.7844659 -0.3832848
vn -0.4119082 0.8279864 -0.3804867
vn -0.5012222 0.8091969 -0.3065561
vn -0.4216470 0.8547322 -0.3027320
vn -0.5112707 0.8272049 -0.2330973
vn -0.4285063 0.8739890 -0.2291845
vn -0.5182309 0.8396191 -0.1627157
vn -0.4329318 0.8871904 -0.1595720
vn -0.5225775 0.8472305 -0.0954639
vn -0.4354419 0.8953014 -0.0939449
vn -0.5246775 0.8505929 -0.0347164
vn -0.4364831 0.8990291 -0.0350595
vn -0.5251992 0.8508151 0.0167188
vn -0.4365931 0.8995359 0.0148849
vn -0.5247469 0.8491603 0.0597279
vn -0.4361286 0.8980883 0.0568262
vn -0.5236945 0.8465032 0.0957934
vn -0.4352839 0.8955628 0.0921694
vn -0.5222661 0.8434088 0.1260940
vn -0.4341706 0.8925268 0.1220318
vn -0.5205926 0.8402474 0.1515508
vn -0.4328507 0.8893516 0.1472891
vn -0.5187438 0.8372692 0.1728731
vn -0.4313537 0.8862853 0.1686187
vn -0.3200776 0.7716409 -0.5496551
vn -0.3100998 0.7082445 -0.6342143
vn -0.3303183 0.8221662 -0.4636082
vn -0.3391234 0.8607309 -0.3796546
vn -0.3456769 0.8891055 -0.2999983
vn -0.3499948 0.9091848 -0.2255804
vn -0.3524329 0.9227040 -0.1562319
vn -0.3535375 0.9308829 -0.0920230
vn -0.3537849 0.9346737 -0.0349477
vn -0.3535881 0.9353031 0.0135513
vn -0.3531177 0.9339916 0.0544761
vn -0.3524372 0.9315805 0.0891392
vn -0.3515794 0.9286163 0.1185904
vn -0.3505577 0.9254578 0.1436566
vn -0.3493743 0.9223443 0.1649806
vn -0.2574734 0.7899068 -0.5565562
vn -0.2510293 0.7220481 -0.6446943
vn -0.2638949 0.8440577 -0.4668255
vn -0.2693836 0.8849866 -0.3797779
vn -0.2732931 0.9146203 -0.2979607
vn -0.2755531 0.9352208 -0.2223343
vn -0.2764850 0.9487626 -0.1529889
vn -0.2766059 0.9567601 -0.0899958
vn -0.2763359 0.9604394 -0.0345623
vn -0.2759536 0.9610879 0.0126359
vn -0.2755017 0.9598573 0.0526576
vn -0.2749618 0.9575358 0.0867252
vn -0.2743155 0.9546396 0.1158202
vn -0.2735466 0.9515094 0.1407198
vn -0.2726416 0.9483729 0.1620355
vn -0.1953313 0.8037673 -0.5619642
vn -0.1912305 0.7328566 -0.6529564
vn -0.1990450 0.8602119 -0.4694854
vn -0.2019509 0.9026911 -0.3799533
vn -0.2037315 0.9331518 -0.2961777
vn -0.2044185 0.9539726 -0.2194298
vn -0.2043221 0.9673334 -0.1500617
vn -0.2038611 0.9750274 -0.0881029
vn -0.2033330 0.9785170 -0.0340609
vn -0.2028871 0.9791280 0.0120485
vn -0.2024886 0.9779387 0.0513245
vn -0.2020784 0.9756820 0.0849060
vn -0.2016136 0.9728419 0.1137130
vn -0.2010641 0.9697404 0.1384801
vn -0.2004094 0.9665937 0.1597894
vn -0.1328121 0.8137803 -0.5657937
vn -0.1305866 0.7407448 -0.6589722
vn -0.1344704 0.8717035 -0.4712226
vn -0.1354738 0.9151017 -0.3797839
vn -0.1357826 0.9459503 -0.2945183
vn -0.1355163 0.9667241 -0.2169789
vn -0.1349205 0.9797906 -0.1476715
vn -0.1342670 0.9871585 -0.0865475
vn -0.1337168 0.9904506 -0.0335779
vn -0.1333209 0.9910038 0.0117057
vn -0.1330153 0.9898305 0.0504233
vn -0.1327339 0.9876160 0.0836438
vn -0.1324317 0.9848168 0.1122393
vn -0.1320781 0.9817386 0.1369115
vn -0.1316535 0.9785880 0.1582177
vn -0.0680326 0.8201771 -0.5680503
vn -0.0671975 0.7458329 -0.6627351
vn -0.0684309 0.8789066 -0.4720597
vn -0.0684537 0.9227023 -0.3793871
vn -0.0681725 0.9536106 -0.2932222
vn -0.0676965 0.9742063 -0.2152657
vn -0.0671600 0.9869918 -0.1460712
vn -0.0666852 0.9941029 -0.0855131
vn -0.0663273 0.9972445 -0.0332292
vn -0.0660874 0.9977472 0.0115361
vn -0.0659165 0.9965764 0.0499052
vn -0.0657707 0.9943849 0.0829028
vn -0.0656206 0.9916102 0.1113698
vn -0.0654475 0.9885469 0.1359841
vn -0.0652391 0.9853953 0.1572893
vn 0.0000004 0.8224667 -0.5688133
vn 0.0000001 0.7476779 -0.6640615
vn 0.0000001 0.8814381 -0.4722996
vn -0.0000004 0.9253184 -0.3791910
vn -0.0000004 0.9561964 -0.2927260
vn 0.0000002 0.9766921 -0.2146450
vn 0.0000005 0.9893571 -0.1455076
vn 0.0000003 0.9963680 -0.0851513
vn 0.0000003 0.9994519 -0.0331033
vn -0.0000000 0.9999341 0.0114842
vn 0.0000000 0.9987624 0.0497361
vn 0.0000004 0.9965779 0.0826591
vn 0.0000001 0.9938112 0.1110824
vn -0.0000003 0.9907531 0.1356773
vn 0.0000000 0.9876014 0.1569824
vn 0.0680323 0.8201767 -0.5680508
vn 0.0671976 0.7458336 -0.6627343
vn 0.0684307 0.8789061 -0.4720606
vn 0.0684536 0.9227021 -0.3793877
vn 0.0681725 0.9536109 -0.2932213
vn 0.0676965 0.9742067 -0.2152637
vn 0.0671601 0.9869917 -0.1460716
vn 0.0666855 0.9941028 -0.0855138
vn 0.0663274 0.9972444 -0.0332294
vn 0.0660872 0.9977472 0.0115347
vn 0.0659162 0.9965764 0.0499054
vn 0.0657705 0.9943848 0.0829040
vn 0.0656206 0.9916102 0.1113694
vn 0.0654475 0.9885469 0.1359841
vn 0.0652392 0.9853952 0.1572899
vn 0.1328117 0.8137803 -0.5657939
vn 0.1305863 0.7407450 -0.6589719
vn 0.1344706 0.8717033 -0.4712229
vn 0.1354742 0.9151014 -0.3797844
vn 0.1357828 0.9459504 -0.2945179
vn 0.1355159 0.9667244 -0.2169780
vn 0.1349200 0.9797907 -0.1476709
vn 0.1342667 0.9871585 -0.0865479
vn 0.1337164 0.9904506 -0.0335787
vn 0.1333207 0.9910038 0.0117055
vn 0.1330152 0.9898305 0.0504236
vn 0.1327334 0.9876160 0.0836447
vn 0.1324314 0.9848169 0.1122392
vn 0.1320781 0.9817386 0.1369115
vn 0.1316533 0.9785879 0.1582183
vn 0.1953316 0.8037675 -0.5619638
vn 0.1912305 0.7328568 -0.6529562
vn 0.1990452 0.8602118 -0.4694855
vn 0.2019510 0.9026911 -0.3799535
vn 0.2037317 0.9331517 -0.2961777
vn 0.2044190 0.9539724 -0.2194301
vn 0.2043226 0.9673334 -0.1500615
vn 0.2038612 0.9750274 -0.0881028
vn 0.2033329 0.9785170 -0.0340608
vn 0.2028872 0.9791280 0.0120484
vn 0.2024888 0.9779387 0.0513245
vn 0.2020782 0.9756820 0.0849063
vn 0.2016134 0.9728419 0.1137127
vn 0.2010642 0.9697404 0.1384800
vn 0.2004095 0.9665936 0.1597897
vn 0.2574737 0.7899069 -0.5565558
vn 0.2510296 0.7220482 -0.6446941
vn 0.2638947 0.8440575 -0.4668259
vn 0.2693835 0.8849866 -0.3797780
vn 0.2732934 0.9146203 -0.2979604
vn 0.2755532 0.9352208 -0.2223342
vn 0.2764850 0.9487626 -0.1529891
vn 0.2766060 0.9567601 -0.0899960
vn 0.2763360 0.9604394 -0.0345619
vn 0.2759539 0.9610878 0.0126355
vn 0.2755020 0.9598572 0.0526574
vn 0.2749622 0.9575357 0.0867253
vn 0.2743158 0.9546395 0.1158200
vn 0.2735469 0.9515093 0.1407197
vn 0.2726419 0.9483727 0.1620358
vn 0.3200780 0.7716404 -0.5496554
vn 0.3101002 0.7082439 -0.6342148
vn 0.3303181 0.8221660 -0.4636087
vn 0.3391233 0.8607310 -0.3796545
vn 0.3456771 0.8891056 -0.2999977
vn 0.3499944 0.9091851 -0.2255801
vn 0.3524323 0.9227041 -0.1562325
vn 0.3535372 0.9308830 -0.0920236
vn 0.3537849 0.9346737 -0.0349479
vn 0.3535879 0.9353031 0.0135507
vn 0.3531175 0.9339917 0.0544761
vn 0.3524374 0.9315804 0.0891395
vn 0.3515796 0.9286163 0.1185903
vn 0.3505577 0.9254578 0.1436567
vn 0.3493742 0.9223443 0.1649807
vn 0.3837674 0.7477189 -0.5418847
vn 0.3680126 0.6915398 -0.6215621
vn 0.3990810 0.7926587 -0.4608975
vn 0.4119084 0.8279863 -0.3804867
vn 0.4216472 0.8547322 -0.3027318
vn 0.4285065 0.8739890 -0.2291841
vn 0.4329320 0.8871903 -0.1595723
vn 0.4354421 0.8953013 -0.0939455
vn 0.4364832 0.8990290 -0.0350600
vn 0.4365930 0.8995360 0.0148842
vn 0.4361286 0.8980883 0.0568265
vn 0.4352837 0.8955629 0.0921698
vn 0.4341709 0.8925267 0.1220314
vn 0.4328509 0.8893514 0.1472894
vn 0.4313535 0.8862855 0.1686186
vn 0.4493804 0.7150244 -0.5355346
vn 0.4269946 0.6691851 -0.6081669
vn 0.4701524 0.7528038 -0.4606986
vn 0.4875509 0.7844659 -0.3832850
vn 0.5012218 0.8091973 -0.3065557
vn 0.5112703 0.8272053 -0.2330969
vn 0.5182306 0.8396193 -0.1627158
vn 0.5225774 0.8472305 -0.0954639
vn 0.5246776 0.8505928 -0.0347169
vn 0.5251993 0.8508150 0.0167185
vn 0.5247469 0.8491603 0.0597280
vn 0.5236944 0.8465033 0.0957935
vn 0.5222662 0.8434088 0.1260940
vn 0.5205925 0.8402474 0.1515510
vn 0.5187435 0.8372694 0.1728732
vn -0.4865045 0.6320986 -0.6031292
vn -0.4269952 0.6691848 -0.6081668
vn -0.4865045 0.6320986 -0.6031292
vn -0.5150325 0.6677279 -0.5374766
vn -0.5412506 0.7002665 -0.4654832
vn -0.5642879 0.7283346 -0.3887261
vn -0.5828593 0.7504860 -0.3115218
vn -0.5967992 0.7665768 -0.2370458
vn -0.6067708 0.7775121 -0.1652398
vn -0.6132553 0.7840015 -0.0962265
vn -0.6165690 0.7865775 -0.0337407
vn -0.6175399 0.7863081 0.0190824
vn -0.6170674 0.7843759 0.0631050
vn -0.6157448 0.7815921 0.0998605
vn -0.6139346 0.7784821 0.1305751
vn -0.6118531 0.7753936 0.1562069
vn -0.6096216 0.7725666 0.1774890
vn 0.6096215 0.7725667 0.1774891
vn 0.6118529 0.7753938 0.1562068
vn 0.6139348 0.7784819 0.1305754
vn 0.6157452 0.7815918 0.0998605
vn 0.6170676 0.7843757 0.0631052
vn 0.6175399 0.7863081 0.0190824
vn 0.6165689 0.7865776 -0.0337414
vn 0.6132554 0.7840016 -0.0962258
vn 0.6067706 0.7775123 -0.1652396
vn 0.5967989 0.7665769 -0.2370462
vn 0.5828593 0.7504861 -0.3115215
vn 0.5642879 0.7283343 -0.3887265
vn 0.5412509 0.7002665 -0.4654828
vn 0.5150323 0.6677283 -0.5374762
vn 0.4865040 0.6320986 -0.6031295
vn -0.0000000 0.6592768 -0.7519003
vn -0.0658959 0.6580844 -0.7500551
vn -0.1278986 0.6548166 -0.7448874
vn -0.1871251 0.6497268 -0.7367762
vn -0.2454637 0.6427256 -0.7257075
vn -0.3026757 0.6338018 -0.7118165
vn -0.3680129 0.6915401 -0.6215616
vn -0.3100998 0.7082445 -0.6342143
vn 0.5313466 0.5728261 -0.6241322
vn 0.5729245 0.6055868 -0.5522881
vn 0.6199656 0.5350819 -0.5738728
vn 0.5641890 0.5071744 -0.6515097
vn 0.6078056 0.6353739 -0.4763113
vn 0.6660609 0.5612631 -0.4912705
vn 0.6376591 0.6602418 -0.3968269
vn 0.7033755 0.5829412 -0.4067461
vn 0.6615609 0.6794571 -0.3172935
vn 0.7324190 0.5991733 -0.3233479
vn 0.6795220 0.6930936 -0.2405641
vn 0.7539663 0.6101921 -0.2433112
vn 0.6795220 0.6930936 -0.2405641
vn 0.6924400 0.7019560 -0.1666873
vn 0.7692545 0.6167612 -0.1668929
vn 0.7539663 0.6101921 -0.2433112
vn 0.7008890 0.7067884 -0.0959412
vn 0.7790729 0.6197561 -0.0945932
vn 0.7052466 0.7082364 -0.0320705
vn 0.7840297 0.6200069 -0.0298159
vn 0.7065382 0.7073378 0.0218404
vn 0.7853847 0.6185120 0.0247734
vn 0.7059505 0.7051165 0.0666682
vn 0.7845497 0.6160889 0.0701160
vn 0.7042889 0.7022591 0.1039678
vn 0.7824927 0.6132646 0.1077576
vn 0.7020522 0.6992137 0.1349924
vn 0.7798194 0.6103883 0.1389524
vn 0.6995424 0.6962823 0.1607214
vn 0.7769020 0.6077025 0.1646841
vn 0.6969361 0.6936800 0.1819014
vn 0.7739640 0.6053884 0.1857001
vn 0.6588952 0.4593549 -0.5956930
vn 0.5916027 0.4371031 -0.6774564
vn 0.7151220 0.4807640 -0.5074116
vn 0.7597178 0.4986306 -0.4173685
vn 0.7935690 0.5116926 -0.3292703
vn 0.8181913 0.5200057 -0.2452692
vn 0.7692545 0.6167612 -0.1668929
vn 0.8351894 0.5242861 -0.1660805
vn 0.7790729 0.6197561 -0.0945932
vn 0.8457247 0.5255475 -0.0924639
vn 0.7840297 0.6200069 -0.0298159
vn 0.8508146 0.5247605 -0.0272207
vn 0.7853847 0.6185120 0.0247734
vn 0.8519853 0.5228335 0.0276785
vn 0.7845497 0.6160889 0.0701160
vn 0.8507976 0.5203599 0.0732738
vn 0.7824927 0.6132646 0.1077576
vn 0.8483205 0.5177011 0.1110761
vn 0.7798194 0.6103883 0.1389524
vn 0.8452296 0.5151034 0.1423214
vn 0.7769020 0.6077025 0.1646841
vn 0.8419472 0.5127445 0.1679822
vn 0.7739640 0.6053884 0.1857001
vn 0.8387328 0.5107671 0.1887968
vn 0.6914434 0.3786102 -0.6152726
vn 0.6157379 0.3610289 -0.7003749
vn 0.7555548 0.3951896 -0.5224578
vn 0.8063349 0.4088589 -0.4273855
vn 0.8443951 0.4184714 -0.3344825
vn 0.8714959 0.4239950 -0.2464206
vn 0.8895598 0.4261458 -0.1645696
vn 0.9002491 0.4259863 -0.0899290
vn 0.9051034 0.4244813 -0.0245645
vn 0.9059138 0.4223718 0.0303684
vn 0.9043183 0.4200351 0.0760186
vn 0.9014321 0.4176828 0.1138475
vn 0.8979678 0.4154653 0.1450600
vn 0.8943770 0.4135007 0.1706075
vn 0.8909444 0.4118932 0.1912120
vn 0.7179081 0.2930216 -0.6314637
vn 0.6357663 0.2797143 -0.7194173
vn 0.7879058 0.3049642 -0.5349778
vn 0.8434636 0.3143223 -0.4356268
vn 0.8847761 0.3203868 -0.3384134
vn 0.9135649 0.3232719 -0.2467681
vn 0.9320677 0.3236937 -0.1627029
vn 0.9424909 0.3226087 -0.0873754
vn 0.9468852 0.3208098 -0.0221222
vn 0.9472547 0.3188120 0.0326725
vn 0.9452553 0.3168101 0.0782540
vn 0.9420068 0.3148976 0.1160287
vn 0.9382327 0.3131488 0.1471638
vn 0.9343981 0.3116316 0.1725861
vn 0.9308031 0.3104147 0.1929982
vn 0.7380450 0.2022568 -0.6437249
vn 0.6510768 0.1934833 -0.7339368
vn 0.8122952 0.2095644 -0.5442970
vn 0.8711674 0.2148021 -0.4415058
vn 0.9145490 0.2177235 -0.3408762
vn 0.9441695 0.2185801 -0.2465091
vn 0.9626046 0.2179725 -0.1608739
vn 0.9725379 0.2165984 -0.0851770
vn 0.9764115 0.2149762 -0.0201450
vn 0.9763593 0.2133917 0.0344459
vn 0.9740167 0.2119109 0.0799078
vn 0.9704835 0.2105536 0.1175970
vn 0.9664778 0.2093442 0.1486461
vn 0.9624677 0.2083133 0.1739581
vn 0.9587617 0.2074987 0.1942171
vn 0.7513116 0.1046132 -0.6516034
vn 0.6612371 0.1003993 -0.7434282
vn 0.8281220 0.1078042 -0.5500839
vn 0.8888024 0.1098046 -0.4449419
vn 0.9331312 0.1106323 -0.3420915
vn 0.9629366 0.1105111 -0.2460494
vn 0.9810711 0.1097890 -0.1595176
vn 0.9905335 0.1088182 -0.0836774
vn 0.9939905 0.1078317 -0.0188497
vn 0.9936293 0.1069374 0.0355686
vn 0.9910526 0.1061409 0.0809250
vn 0.9873357 0.1054332 0.1185412
vn 0.9831867 0.1048132 0.1495260
vn 0.9790717 0.1042910 0.1747629
vn 0.9753016 0.1038831 0.1949235
vn 0.7561332 0.0000001 -0.6544178
vn 0.6649756 0.0000003 -0.7468651
vn 0.8337772 -0.0000001 -0.5521010
vn 0.8949867 -0.0000004 -0.4460929
vn 0.9395338 -0.0000012 -0.3424561
vn 0.9693093 -0.0000012 -0.2458444
vn 0.9872751 -0.0000003 -0.1590215
vn 0.9965372 0.0000002 -0.0831475
vn 0.9998307 0.0000003 -0.0184003
vn 0.9993535 -0.0000002 0.0359525
vn 0.9966923 0.0000000 0.0812679
vn 0.9929114 0.0000003 0.1188565
vn 0.9887137 0.0000000 0.1498176
vn 0.9845635 0.0000000 0.1750279
vn 0.9807725 0.0000000 0.1951546
vn 0.7513119 -0.1046134 -0.6516030
vn 0.6612370 -0.1003992 -0.7434283
vn 0.8281219 -0.1078043 -0.5500839
vn 0.8888024 -0.1098046 -0.4449418
vn 0.9331315 -0.1106328 -0.3420907
vn 0.9629364 -0.1105119 -0.2460500
vn 0.9810710 -0.1097895 -0.1595177
vn 0.9905336 -0.1088175 -0.0836777
vn 0.9939905 -0.1078309 -0.0188501
vn 0.9936293 -0.1069374 0.0355691
vn 0.9910526 -0.1061409 0.0809247
vn 0.9873357 -0.1054331 0.1185418
vn 0.9831867 -0.1048135 0.1495264
vn 0.9790717 -0.1042914 0.1747626
vn 0.9753016 -0.1038830 0.1949234
vn 0.7380450 -0.2022574 -0.6437248
vn 0.6510764 -0.1934842 -0.7339369
vn 0.8122954 -0.2095646 -0.5442967
vn 0.8711676 -0.2148018 -0.4415056
vn 0.9145496 -0.2177226 -0.3408753
vn 0.9441695 -0.2185794 -0.2465096
vn 0.9626045 -0.2179726 -0.1608743
vn 0.9725378 -0.2165986 -0.0851774
vn 0.9764113 -0.2149771 -0.0201451
vn 0.9763592 -0.2133919 0.0344469
vn 0.9740167 -0.2119109 0.0799073
vn 0.9704833 -0.2105540 0.1175971
vn 0.9664777 -0.2093442 0.1486468
vn 0.9624678 -0.2083132 0.1739576
vn 0.9587618 -0.2074983 0.1942169
vn 0.7179078 -0.2930224 -0.6314635
vn 0.6357658 -0.2797148 -0.7194175
vn 0.7879059 -0.3049643 -0.5349776
vn 0.8434636 -0.3143223 -0.4356267
vn 0.8847763 -0.3203868 -0.3384126
vn 0.9135648 -0.3232719 -0.2467682
vn 0.9320675 -0.3236939 -0.1627035
vn 0.9424908 -0.3226092 -0.0873754
vn 0.9468850 -0.3208107 -0.0221221
vn 0.9472546 -0.3188123 0.0326729
vn 0.9452553 -0.3168101 0.0782539
vn 0.9420069 -0.3148973 0.1160285
vn 0.9382330 -0.3131479 0.1471642
vn 0.9343983 -0.3116312 0.1725859
vn 0.9308030 -0.3104151 0.1929982
vn 0.6914434 -0.3786103 -0.6152725
vn 0.6157381 -0.3610291 -0.7003746
vn 0.7555549 -0.3951890 -0.5224581
vn 0.8063352 -0.4088585 -0.4273855
vn 0.8443954 -0.4184712 -0.3344820
vn 0.8714961 -0.4239949 -0.2464202
vn 0.8895596 -0.4261459 -0.1645702
vn 0.9002492 -0.4259860 -0.0899292
vn 0.9051039 -0.4244804 -0.0245642
vn 0.9059140 -0.4223715 0.0303683
vn 0.9043184 -0.4200351 0.0760186
vn 0.9014322 -0.4176825 0.1138475
vn 0.8979679 -0.4154650 0.1450602
vn 0.8943769 -0.4135009 0.1706077
vn 0.8909441 -0.4118937 0.1912124
vn 0.6588951 -0.4593543 -0.5956936
vn 0.5916020 -0.4371044 -0.6774562
vn 0.7151224 -0.4807633 -0.5074117
vn 0.7597178 -0.4986309 -0.4173680
vn 0.7935691 -0.5116926 -0.3292701
vn 0.8181915 -0.5200057 -0.2452687
vn 0.8351895 -0.5242858 -0.1660809
vn 0.8457248 -0.5255472 -0.0924644
vn 0.8508147 -0.5247604 -0.0272203
vn 0.8519855 -0.5228333 0.0276788
vn 0.8507977 -0.5203597 0.0732740
vn 0.8483204 -0.5177013 0.1110761
vn 0.8452296 -0.5151034 0.1423216
vn 0.8419471 -0.5127445 0.1679826
vn 0.8387328 -0.5107670 0.1887973
vn 0.6199647 -0.5350821 -0.5738736
vn 0.5641881 -0.5071748 -0.6515101
vn 0.6660609 -0.5612634 -0.4912700
vn 0.7033757 -0.5829416 -0.4067453
vn 0.7324191 -0.5991733 -0.3233475
vn 0.7539661 -0.6101925 -0.2433110
vn 0.7692543 -0.6167613 -0.1668934
vn 0.7790726 -0.6197564 -0.0945934
vn 0.7840292 -0.6200074 -0.0298153
vn 0.7853848 -0.6185119 0.0247737
vn 0.7845499 -0.6160886 0.0701163
vn 0.7824927 -0.6132645 0.1077578
vn 0.7798196 -0.6103881 0.1389527
vn 0.7769024 -0.6077020 0.1646844
vn 0.7739640 -0.6053883 0.1857005
vn 0.5729244 -0.6055870 -0.5522880
vn 0.5313477 -0.5728251 -0.6241322
vn 0.6078053 -0.6353743 -0.4763110
vn 0.6376593 -0.6602420 -0.3968264
vn 0.6615612 -0.6794571 -0.3172930
vn 0.6795221 -0.6930937 -0.2405635
vn 0.6924393 -0.7019565 -0.1666878
vn 0.7008884 -0.7067889 -0.0959416
vn 0.7052465 -0.7082365 -0.0320699
vn 0.7065383 -0.7073377 0.0218406
vn 0.7059504 -0.7051165 0.0666684
vn 0.7042886 -0.7022594 0.1039683
vn 0.7020521 -0.6992137 0.1349926
vn 0.6995425 -0.6962821 0.1607217
vn 0.6969360 -0.6936800 0.1819018
vn 0.5313466 0.5728261 -0.6241322
vn 0.5729245 0.6055868 -0.5522881
vn 0.6078056 0.6353739 -0.4763113
vn 0.6376591 0.6602418 -0.3968269
vn 0.6615609 0.6794571 -0.3172935
vn 0.6969360 -0.6936800 0.1819018
vn 0.6096214 -0.7725666 0.1774896
vn 0.6995425 -0.6962821 0.1607217
vn 0.6118530 -0.7753936 0.1562072
vn 0.7020521 -0.6992137 0.1349926
vn 0.6139348 -0.7784820 0.1305752
vn 0.7042886 -0.7022594 0.1039683
vn 0.6157450 -0.7815918 0.0998610
vn 0.7059504 -0.7051165 0.0666684
vn 0.6170675 -0.7843758 0.0631057
vn 0.7065383 -0.7073377 0.0218406
vn 0.6175398 -0.7863081 0.0190826
vn 0.7052465 -0.7082365 -0.0320699
vn 0.6165690 -0.7865776 -0.0337408
vn 0.7008884 -0.7067889 -0.0959416
vn 0.6132554 -0.7840015 -0.0962260
vn 0.6132554 -0.7840015 -0.0962260
vn 0.6067709 -0.7775121 -0.1652395
vn 0.5967991 -0.7665770 -0.2370456
vn 0.5828593 -0.7504861 -0.3115215
vn 0.5642878 -0.7283347 -0.3887259
vn 0.5412508 -0.7002667 -0.4654826
vn 0.5150328 -0.6677277 -0.5374765
vn 0.4865041 -0.6320988 -0.6031293
vn -0.5313470 -0.5728261 -0.6241319
vn -0.5729241 -0.6055873 -0.5522880
vn -0.6199652 -0.5350823 -0.5738729
vn -0.5641883 -0.5071751 -0.6515098
vn -0.6078054 -0.6353744 -0.4763108
vn -0.6660610 -0.5612633 -0.4912700
vn -0.6376592 -0.6602421 -0.3968263
vn -0.7033757 -0.5829417 -0.4067453
vn -0.6615610 -0.6794573 -0.3172931
vn -0.7324191 -0.5991733 -0.3233475
vn -0.6615610 -0.6794573 -0.3172931
vn -0.6795220 -0.6930937 -0.2405637
vn -0.7539662 -0.6101924 -0.2433110
vn -0.7324191 -0.5991733 -0.3233475
vn -0.6924397 -0.7019561 -0.1666878
vn -0.7692543 -0.6167612 -0.1668935
vn -0.7008887 -0.7067887 -0.0959415
vn -0.7790728 -0.6197562 -0.0945932
vn -0.7052469 -0.7082361 -0.0320699
vn -0.7840292 -0.6200074 -0.0298153
vn -0.7065386 -0.7073374 0.0218406
vn -0.7853845 -0.6185123 0.0247733
vn -0.7059502 -0.7051167 0.0666686
vn -0.7845497 -0.6160888 0.0701164
vn -0.7059502 -0.7051167 0.0666686
vn -0.7042886 -0.7022593 0.1039681
vn -0.7824929 -0.6132643 0.1077580
vn -0.7845497 -0.6160888 0.0701164
vn -0.7020523 -0.6992136 0.1349927
vn -0.7798198 -0.6103878 0.1389527
vn -0.6995424 -0.6962823 0.1607218
vn -0.7769025 -0.6077020 0.1646841
vn -0.6969359 -0.6936801 0.1819017
vn -0.7739642 -0.6053882 0.1857003
vn -0.6588953 -0.4593544 -0.5956933
vn -0.5916025 -0.4371034 -0.6774563
vn -0.7151223 -0.4807637 -0.5074114
vn -0.7597182 -0.4986307 -0.4173677
vn -0.7935692 -0.5116924 -0.3292701
vn -0.7539662 -0.6101924 -0.2433110
vn -0.8181915 -0.5200056 -0.2452690
vn -0.7539662 -0.6101924 -0.2433110
vn -0.7692543 -0.6167612 -0.1668935
vn -0.8351894 -0.5242859 -0.1660810
vn -0.8181915 -0.5200056 -0.2452690
vn -0.7790728 -0.6197562 -0.0945932
vn -0.8457248 -0.5255474 -0.0924641
vn -0.7840292 -0.6200074 -0.0298153
vn -0.8508144 -0.5247608 -0.0272205
vn -0.7853845 -0.6185123 0.0247733
vn -0.8519852 -0.5228338 0.0276789
vn -0.8507978 -0.5203594 0.0732744
vn -0.8483207 -0.5177007 0.1110764
vn -0.8452297 -0.5151033 0.1423215
vn -0.8419474 -0.5127442 0.1679822
vn -0.8387329 -0.5107668 0.1887973
vn -0.6914433 -0.3786099 -0.6152728
vn -0.6157382 -0.3610285 -0.7003749
vn -0.7555552 -0.3951893 -0.5224574
vn -0.8063352 -0.4088587 -0.4273853
vn -0.8443951 -0.4184714 -0.3344825
vn -0.8714959 -0.4239951 -0.2464204
vn -0.8895597 -0.4261459 -0.1645700
vn -0.8714959 -0.4239951 -0.2464204
vn -0.9002490 -0.4259864 -0.0899294
vn -0.9051036 -0.4244809 -0.0245645
vn -0.9059139 -0.4223714 0.0303692
vn -0.9043186 -0.4200344 0.0760193
vn -0.9014325 -0.4176819 0.1138475
vn -0.8979680 -0.4154649 0.1450599
vn -0.8943772 -0.4135004 0.1706074
vn -0.8909444 -0.4118929 0.1912126
vn -0.7179078 -0.2930220 -0.6314637
vn -0.6357659 -0.2797146 -0.7194175
vn -0.7879062 -0.3049642 -0.5349773
vn -0.8434636 -0.3143223 -0.4356267
vn -0.8847759 -0.3203873 -0.3384134
vn -0.8443951 -0.4184714 -0.3344825
vn -0.9135648 -0.3232724 -0.2467679
vn -0.8847759 -0.3203873 -0.3384134
vn -0.9320675 -0.3236941 -0.1627031
vn -0.9424908 -0.3226090 -0.0873758
vn -0.9468851 -0.3208102 -0.0221225
vn -0.9472545 -0.3188123 0.0326740
vn -0.9452553 -0.3168099 0.0782550
vn -0.9420070 -0.3148973 0.1160282
vn -0.9382328 -0.3131485 0.1471637
vn -0.9343982 -0.3116314 0.1725861
vn -0.9308031 -0.3104146 0.1929984
vn -0.7380450 -0.2022572 -0.6437248
vn -0.6510768 -0.1934842 -0.7339366
vn -0.8122954 -0.2095645 -0.5442967
vn -0.8711674 -0.2148022 -0.4415058
vn -0.9145490 -0.2177237 -0.3408762
vn -0.9441695 -0.2185802 -0.2465089
vn -0.9145490 -0.2177237 -0.3408762
vn -0.9626045 -0.2179726 -0.1608740
vn -0.9725379 -0.2165984 -0.0851778
vn -0.9764114 -0.2149766 -0.0201457
vn -0.9763592 -0.2133919 0.0344476
vn -0.9740165 -0.2119113 0.0799090
vn -0.9704834 -0.2105543 0.1175965
vn -0.9664778 -0.2093442 0.1486464
vn -0.9624678 -0.2083130 0.1739583
vn -0.9587619 -0.2074980 0.1942167
vn -0.7513115 -0.1046134 -0.6516034
vn -0.6612374 -0.1003994 -0.7434279
vn -0.8281219 -0.1078044 -0.5500839
vn -0.8888023 -0.1098047 -0.4449419
vn -0.9331312 -0.1106324 -0.3420915
vn -0.9629367 -0.1105112 -0.2460493
vn -0.9331312 -0.1106324 -0.3420915
vn -0.9810711 -0.1097887 -0.1595176
vn -0.9905336 -0.1088175 -0.0836780
vn -0.9939905 -0.1078310 -0.0188504
vn -0.9936293 -0.1069372 0.0355696
vn -0.9910525 -0.1061411 0.0809262
vn -0.9873357 -0.1054331 0.1185415
vn -0.9831867 -0.1048133 0.1495261
vn -0.9790716 -0.1042916 0.1747630
vn -0.9753016 -0.1038835 0.1949232
vn -0.7561331 -0.0000001 -0.6544178
vn -0.6649755 -0.0000002 -0.7468652
vn -0.8337773 -0.0000001 -0.5521009
vn -0.8949867 0.0000002 -0.4460928
vn -0.9395338 0.0000011 -0.3424561
vn -0.9693093 0.0000011 -0.2458444
vn -0.9395338 0.0000011 -0.3424561
vn -0.9872751 0.0000002 -0.1590215
vn -0.9965372 -0.0000000 -0.0831477
vn -0.9998307 0.0000002 -0.0184003
vn -0.9993535 0.0000007 0.0359528
vn -0.9966923 0.0000005 0.0812684
vn -0.9929114 -0.0000002 0.1188567
vn -0.9887137 -0.0000004 0.1498173
vn -0.9845635 -0.0000007 0.1750279
vn -0.9807725 -0.0000009 0.1951546
vn -0.7513118 0.1046131 -0.6516031
vn -0.6612366 0.1003989 -0.7434287
vn -0.8281220 0.1078041 -0.5500839
vn -0.8888024 0.1098045 -0.4449418
vn -0.9331314 0.1106326 -0.3420908
vn -0.9629364 0.1105119 -0.2460501
vn -0.9331314 0.1106326 -0.3420908
vn -0.9810710 0.1097895 -0.1595178
vn -0.9905335 0.1088180 -0.0836776
vn -0.9939905 0.1078314 -0.0188498
vn -0.9936293 0.1069374 0.0355693
vn -0.9910527 0.1061407 0.0809245
vn -0.9873357 0.1054327 0.1185415
vn -0.9831867 0.1048134 0.1495262
vn -0.9790717 0.1042914 0.1747626
vn -0.9753015 0.1038833 0.1949235
vn -0.7380449 0.2022572 -0.6437249
vn -0.6510764 0.1934839 -0.7339370
vn -0.8122954 0.2095644 -0.5442967
vn -0.8711676 0.2148017 -0.4415057
vn -0.9145496 0.2177224 -0.3408752
vn -0.9441695 0.2185793 -0.2465097
vn -0.9145496 0.2177224 -0.3408752
vn -0.9626045 0.2179725 -0.1608744
vn -0.9725379 0.2165986 -0.0851772
vn -0.9764114 0.2149768 -0.0201450
vn -0.9763592 0.2133919 0.0344466
vn -0.9740168 0.2119107 0.0799070
vn -0.9704835 0.2105536 0.1175969
vn -0.9664777 0.2093442 0.1486468
vn -0.9624678 0.2083132 0.1739578
vn -0.9587618 0.2074986 0.1942170
vn -0.7179079 0.2930222 -0.6314635
vn -0.6357660 0.2797148 -0.7194173
vn -0.7879060 0.3049641 -0.5349776
vn -0.8434636 0.3143222 -0.4356268
vn -0.8847763 0.3203868 -0.3384128
vn -0.9135649 0.3232718 -0.2467683
vn -0.8847763 0.3203868 -0.3384128
vn -0.9320676 0.3236936 -0.1627035
vn -0.9424910 0.3226086 -0.0873753
vn -0.9468850 0.3208104 -0.0221221
vn -0.9472544 0.3188128 0.0326726
vn -0.9452553 0.3168102 0.0782536
vn -0.9420070 0.3148971 0.1160283
vn -0.9382329 0.3131480 0.1471642
vn -0.9343982 0.3116313 0.1725861
vn -0.9308030 0.3104149 0.1929981
vn -0.6914434 0.3786098 -0.6152728
vn -0.6157381 0.3610293 -0.7003745
vn -0.7555549 0.3951888 -0.5224583
vn -0.8063352 0.4088583 -0.4273855
vn -0.8443954 0.4184711 -0.3344822
vn -0.8714960 0.4239948 -0.2464204
vn -0.8443954 0.4184711 -0.3344822
vn -0.8895596 0.4261459 -0.1645702
vn -0.9002492 0.4259861 -0.0899293
vn -0.9051037 0.4244808 -0.0245643
vn -0.9059139 0.4223715 0.0303682
vn -0.9043185 0.4200350 0.0760182
vn -0.9014322 0.4176827 0.1138471
vn -0.8979678 0.4154653 0.1450602
vn -0.8943769 0.4135008 0.1706078
vn -0.8909442 0.4118936 0.1912121
vn -0.6588947 0.4593544 -0.5956940
vn -0.5916026 0.4371038 -0.6774560
vn -0.7151219 0.4807635 -0.5074122
vn -0.7597180 0.4986308 -0.4173679
vn -0.7935692 0.5116923 -0.3292702
vn -0.8181916 0.5200054 -0.2452688
vn -0.7935692 0.5116923 -0.3292702
vn -0.8351897 0.5242855 -0.1660808
vn -0.8457248 0.5255473 -0.0924644
vn -0.8508148 0.5247601 -0.0272206
vn -0.8519856 0.5228331 0.0276786
vn -0.8507977 0.5203597 0.0732738
vn -0.8483204 0.5177013 0.1110759
vn -0.8452296 0.5151035 0.1423214
vn -0.8419471 0.5127445 0.1679825
vn -0.8387325 0.5107675 0.1887970
vn -0.6199646 0.5350822 -0.5738736
vn -0.5641889 0.5071744 -0.6515098
vn -0.6660605 0.5612637 -0.4912702
vn -0.7033755 0.5829417 -0.4067455
vn -0.7324190 0.5991732 -0.3233479
vn -0.7539662 0.6101923 -0.2433111
vn -0.7324190 0.5991732 -0.3233479
vn -0.7692542 0.6167614 -0.1668932
vn -0.7790727 0.6197562 -0.0945935
vn -0.7840296 0.6200069 -0.0298157
vn -0.7853850 0.6185116 0.0247734
vn -0.7845500 0.6160885 0.0701160
vn -0.7824929 0.6132644 0.1077577
vn -0.7798196 0.6103880 0.1389526
vn -0.7769022 0.6077023 0.1646842
vn -0.7739639 0.6053886 0.1857001
vn -0.5729240 0.6055870 -0.5522884
vn -0.5313475 0.5728255 -0.6241320
vn -0.6078051 0.6353745 -0.4763110
vn -0.6376591 0.6602420 -0.3968266
vn -0.7033755 0.5829417 -0.4067455
vn -0.7324190 0.5991732 -0.3233479
vn -0.6615612 0.6794569 -0.3172934
vn -0.6376591 0.6602420 -0.3968266
vn -0.7539662 0.6101923 -0.2433111
vn -0.6795219 0.6930938 -0.2405637
vn -0.7692542 0.6167614 -0.1668932
vn -0.6924392 0.7019567 -0.1666878
vn -0.7008884 0.7067889 -0.0959418
vn -0.6924392 0.7019567 -0.1666878
vn -0.7052465 0.7082365 -0.0320699
vn -0.7065382 0.7073378 0.0218403
vn -0.7059502 0.7051168 0.0666678
vn -0.7042884 0.7022596 0.1039680
vn -0.7020519 0.6992140 0.1349926
vn -0.6995425 0.6962822 0.1607215
vn -0.6969363 0.6936798 0.1819014
vn -0.4865039 -0.6320990 -0.6031291
vn -0.5150319 -0.6677286 -0.5374762
vn -0.5412504 -0.7002673 -0.4654822
vn -0.5642878 -0.7283347 -0.3887258
vn -0.5642878 -0.7283347 -0.3887258
vn -0.5828592 -0.7504862 -0.3115213
vn -0.6376592 -0.6602421 -0.3968263
vn -0.5967989 -0.7665770 -0.2370460
vn -0.6067707 -0.7775122 -0.1652396
vn -0.6132553 -0.7840016 -0.0962261
vn -0.6165691 -0.7865775 -0.0337410
vn -0.6175399 -0.7863080 0.0190831
vn -0.6170673 -0.7843759 0.0631058
vn -0.6157448 -0.7815921 0.0998607
vn -0.7042886 -0.7022593 0.1039681
vn -0.6139347 -0.7784820 0.1305754
vn -0.7020523 -0.6992136 0.1349927
vn -0.6118528 -0.7753937 0.1562075
vn -0.6995424 -0.6962823 0.1607218
vn -0.6096212 -0.7725668 0.1774896
vn -0.6969359 -0.6936801 0.1819017
vn -0.6096216 0.7725666 0.1774890
vn -0.6118531 0.7753936 0.1562069
vn -0.7020519 0.6992140 0.1349926
vn -0.6995425 0.6962822 0.1607215
vn -0.7042884 0.7022596 0.1039680
vn -0.7059502 0.7051168 0.0666678
vn -0.7065382 0.7073378 0.0218403
vn -0.7052465 0.7082365 -0.0320699
vn -0.7008884 0.7067889 -0.0959418
vn -0.6078051 0.6353745 -0.4763110
vn -0.5729240 0.6055870 -0.5522884
vn -0.5150325 0.6677279 -0.5374766
vn 0.4269949 -0.6691850 -0.6081667
vn 0.4493802 -0.7150245 -0.5355346
vn 0.3837673 -0.7477193 -0.5418842
vn 0.3680128 -0.6915400 -0.6215617
vn 0.4493802 -0.7150245 -0.5355346
vn 0.4701518 -0.7528040 -0.4606989
vn 0.3990809 -0.7926587 -0.4608977
vn 0.3837673 -0.7477193 -0.5418842
vn 0.4875512 -0.7844660 -0.3832844
vn 0.4119081 -0.8279866 -0.3804865
vn 0.5012224 -0.8091970 -0.3065558
vn 0.4216469 -0.8547325 -0.3027314
vn 0.5112708 -0.8272049 -0.2330970
vn 0.4285063 -0.8739892 -0.2291840
vn 0.5182310 -0.8396191 -0.1627156
vn 0.4329317 -0.8871905 -0.1595721
vn 0.5225775 -0.8472305 -0.0954632
vn 0.4354418 -0.8953015 -0.0939447
vn 0.5246775 -0.8505929 -0.0347164
vn 0.4364831 -0.8990291 -0.0350594
vn 0.5251991 -0.8508152 0.0167186
vn 0.4365930 -0.8995360 0.0148848
vn 0.5247468 -0.8491604 0.0597284
vn 0.4361287 -0.8980883 0.0568263
vn 0.5236945 -0.8465032 0.0957938
vn 0.4352838 -0.8955628 0.0921697
vn 0.5222663 -0.8434087 0.1260942
vn 0.4341705 -0.8925268 0.1220325
vn 0.5205927 -0.8402473 0.1515513
vn 0.4328505 -0.8893516 0.1472896
vn 0.5187437 -0.8372692 0.1728736
vn 0.4313536 -0.8862854 0.1686189
vn 0.3680128 -0.6915400 -0.6215617
vn 0.3200779 -0.7716407 -0.5496551
vn 0.3100997 -0.7082441 -0.6342148
vn 0.3303183 -0.8221661 -0.4636083
vn 0.3391231 -0.8607312 -0.3796543
vn 0.3456768 -0.8891056 -0.2999978
vn 0.3499948 -0.9091850 -0.2255801
vn 0.3524326 -0.9227041 -0.1562318
vn 0.3535374 -0.9308830 -0.0920232
vn 0.3537849 -0.9346737 -0.0349476
vn 0.3535881 -0.9353030 0.0135515
vn 0.3531177 -0.9339916 0.0544760
vn 0.3524371 -0.9315805 0.0891396
vn 0.3515793 -0.9286163 0.1185911
vn 0.3505577 -0.9254577 0.1436569
vn 0.3493743 -0.9223443 0.1649807
vn 0.2574737 -0.7899069 -0.5565558
vn 0.2510298 -0.7220480 -0.6446942
vn 0.2638951 -0.8440580 -0.4668249
vn 0.2693838 -0.8849867 -0.3797774
vn 0.2732933 -0.9146202 -0.2979610
vn 0.2755532 -0.9352208 -0.2223342
vn 0.2764850 -0.9487627 -0.1529883
vn 0.2766061 -0.9567601 -0.0899958
vn 0.2763361 -0.9604394 -0.0345621
vn 0.2759538 -0.9610878 0.0126360
vn 0.2755017 -0.9598573 0.0526581
vn 0.2749619 -0.9575357 0.0867257
vn 0.2743157 -0.9546395 0.1158203
vn 0.2735467 -0.9515094 0.1407200
vn 0.2726417 -0.9483728 0.1620357
vn 0.1953312 -0.8037677 -0.5619636
vn 0.1912308 -0.7328571 -0.6529558
vn 0.1990450 -0.8602119 -0.4694854
vn 0.2019513 -0.9026913 -0.3799527
vn 0.2037315 -0.9331517 -0.2961779
vn 0.2044185 -0.9539726 -0.2194296
vn 0.2043222 -0.9673335 -0.1500610
vn 0.2038613 -0.9750274 -0.0881030
vn 0.2033331 -0.9785170 -0.0340608
vn 0.2028871 -0.9791280 0.0120491
vn 0.2024886 -0.9779387 0.0513253
vn 0.2020784 -0.9756819 0.0849061
vn 0.2016136 -0.9728419 0.1137131
vn 0.2010641 -0.9697404 0.1384803
vn 0.2004093 -0.9665937 0.1597896
vn 0.1328118 -0.8137807 -0.5657932
vn 0.1305862 -0.7407454 -0.6589715
vn 0.1344704 -0.8717033 -0.4712230
vn 0.1354740 -0.9151017 -0.3797838
vn 0.1357827 -0.9459506 -0.2945175
vn 0.1355163 -0.9667242 -0.2169783
vn 0.1349205 -0.9797907 -0.1476710
vn 0.1342669 -0.9871585 -0.0865478
vn 0.1337165 -0.9904506 -0.0335781
vn 0.1333207 -0.9910038 0.0117065
vn 0.1330151 -0.9898305 0.0504236
vn 0.1327337 -0.9876160 0.0836440
vn 0.1324316 -0.9848167 0.1122402
vn 0.1320780 -0.9817385 0.1369117
vn 0.1316534 -0.9785880 0.1582178
vn 0.0680328 -0.8201773 -0.5680499
vn 0.0671977 -0.7458333 -0.6627346
vn 0.0684310 -0.8789067 -0.4720596
vn 0.0684534 -0.9227023 -0.3793870
vn 0.0681724 -0.9536108 -0.2932217
vn 0.0676966 -0.9742064 -0.2152651
vn 0.0671603 -0.9869918 -0.1460710
vn 0.0666856 -0.9941029 -0.0855132
vn 0.0663276 -0.9972445 -0.0332289
vn 0.0660874 -0.9977471 0.0115366
vn 0.0659163 -0.9965764 0.0499053
vn 0.0657708 -0.9943849 0.0829033
vn 0.0656212 -0.9916101 0.1113704
vn 0.0654481 -0.9885468 0.1359844
vn 0.0652393 -0.9853953 0.1572895
vn -0.0000003 -0.8224670 -0.5688128
vn -0.0000000 -0.7476781 -0.6640613
vn -0.0000003 -0.8814385 -0.4722989
vn -0.0000000 -0.9253185 -0.3791908
vn 0.0000001 -0.9561963 -0.2927263
vn -0.0000002 -0.9766921 -0.2146451
vn -0.0000003 -0.9893572 -0.1455073
vn 0.0000001 -0.9963680 -0.0851512
vn 0.0000003 -0.9994520 -0.0331026
vn 0.0000006 -0.9999340 0.0114854
vn 0.0000006 -0.9987624 0.0497366
vn 0.0000002 -0.9965779 0.0826591
vn 0.0000001 -0.9938112 0.1110825
vn 0.0000003 -0.9907530 0.1356777
vn 0.0000004 -0.9876013 0.1569828
vn -0.0680323 -0.8201773 -0.5680501
vn -0.0671973 -0.7458337 -0.6627342
vn -0.0684309 -0.8789066 -0.4720597
vn -0.0684536 -0.9227022 -0.3793873
vn -0.0681725 -0.9536108 -0.2932217
vn -0.0676965 -0.9742066 -0.2152643
vn -0.0671602 -0.9869917 -0.1460715
vn -0.0666853 -0.9941029 -0.0855136
vn -0.0663272 -0.9972445 -0.0332291
vn -0.0660872 -0.9977472 0.0115358
vn -0.0659162 -0.9965764 0.0499058
vn -0.0657706 -0.9943848 0.0829038
vn -0.0656213 -0.9916101 0.1113700
vn -0.0654482 -0.9885468 0.1359841
vn -0.0652391 -0.9853953 0.1572894
vn -0.1328115 -0.8137807 -0.5657933
vn -0.1305864 -0.7407455 -0.6589714
vn -0.1344704 -0.8717034 -0.4712227
vn -0.1354742 -0.9151015 -0.3797841
vn -0.1357829 -0.9459504 -0.2945179
vn -0.1355159 -0.9667243 -0.2169781
vn -0.1349201 -0.9797907 -0.1476710
vn -0.1342671 -0.9871584 -0.0865481
vn -0.1337170 -0.9904505 -0.0335784
vn -0.1333211 -0.9910038 0.0117061
vn -0.1330156 -0.9898304 0.0504239
vn -0.1327342 -0.9876159 0.0836449
vn -0.1324318 -0.9848168 0.1122398
vn -0.1320781 -0.9817386 0.1369110
vn -0.1316536 -0.9785880 0.1582179
vn -0.1953316 -0.8037677 -0.5619636
vn -0.1912309 -0.7328572 -0.6529557
vn -0.1990452 -0.8602121 -0.4694850
vn -0.2019512 -0.9026912 -0.3799529
vn -0.2037318 -0.9331515 -0.2961783
vn -0.2044190 -0.9539725 -0.2194297
vn -0.2043226 -0.9673334 -0.1500609
vn -0.2038617 -0.9750273 -0.0881030
vn -0.2033334 -0.9785169 -0.0340611
vn -0.2028874 -0.9791279 0.0120490
vn -0.2024888 -0.9779386 0.0513254
vn -0.2020783 -0.9756819 0.0849068
vn -0.2016133 -0.9728420 0.1137127
vn -0.2010642 -0.9697404 0.1384799
vn -0.2004100 -0.9665935 0.1597903
vn -0.1912309 -0.7328572 -0.6529557
vn -0.1953316 -0.8037677 -0.5619636
vn -0.2574737 -0.7899068 -0.5565559
vn -0.2510295 -0.7220483 -0.6446940
vn -0.2638948 -0.8440579 -0.4668252
vn -0.2574737 -0.7899068 -0.5565559
vn -0.2693836 -0.8849868 -0.3797773
vn -0.2732934 -0.9146201 -0.2979610
vn -0.2755535 -0.9352207 -0.2223341
vn -0.2764853 -0.9487626 -0.1529883
vn -0.2766061 -0.9567600 -0.0899960
vn -0.2763360 -0.9604394 -0.0345625
vn -0.2759539 -0.9610878 0.0126361
vn -0.2755017 -0.9598572 0.0526581
vn -0.2749615 -0.9575358 0.0867258
vn -0.2743155 -0.9546396 0.1158203
vn -0.2735471 -0.9515092 0.1407201
vn -0.2726421 -0.9483726 0.1620363
vn -0.3200780 -0.7716404 -0.5496555
vn -0.3101001 -0.7082446 -0.6342141
vn -0.3303182 -0.8221660 -0.4636085
vn -0.3200780 -0.7716404 -0.5496555
vn -0.3391236 -0.8607311 -0.3796540
vn -0.3456773 -0.8891055 -0.2999978
vn -0.3499947 -0.9091850 -0.2255801
vn -0.3524325 -0.9227042 -0.1562318
vn -0.3535371 -0.9308831 -0.0920232
vn -0.3537849 -0.9346737 -0.0349477
vn -0.3535880 -0.9353031 0.0135513
vn -0.3531174 -0.9339917 0.0544759
vn -0.3524372 -0.9315805 0.0891396
vn -0.3515794 -0.9286162 0.1185914
vn -0.3505576 -0.9254577 0.1436572
vn -0.3493740 -0.9223443 0.1649809
vn -0.3837675 -0.7477191 -0.5418844
vn -0.3680130 -0.6915409 -0.6215607
vn -0.3990813 -0.7926586 -0.4608974
vn -0.3837675 -0.7477191 -0.5418844
vn -0.4119087 -0.8279864 -0.3804861
vn -0.4216473 -0.8547322 -0.3027314
vn -0.4285064 -0.8739891 -0.2291842
vn -0.4329318 -0.8871903 -0.1595724
vn -0.4354419 -0.8953015 -0.0939446
vn -0.4364831 -0.8990291 -0.0350591
vn -0.4365931 -0.8995360 0.0148846
vn -0.4361288 -0.8980882 0.0568264
vn -0.4352839 -0.8955627 0.0921698
vn -0.4341706 -0.8925267 0.1220326
vn -0.4328505 -0.8893515 0.1472898
vn -0.4313534 -0.8862855 0.1686188
vn -0.4493802 -0.7150247 -0.5355343
vn -0.4269945 -0.6691858 -0.6081661
vn -0.4701522 -0.7528041 -0.4606983
vn -0.4493802 -0.7150247 -0.5355343
vn -0.4875510 -0.7844662 -0.3832842
vn -0.5012220 -0.8091972 -0.3065556
vn -0.5112703 -0.8272052 -0.2330972
vn -0.5182307 -0.8396192 -0.1627159
vn -0.5225775 -0.8472305 -0.0954634
vn -0.5246771 -0.8505931 -0.0347163
vn -0.5251990 -0.8508152 0.0167189
vn -0.5247469 -0.8491603 0.0597284
vn -0.5236944 -0.8465033 0.0957936
vn -0.5222663 -0.8434086 0.1260943
vn -0.5205926 -0.8402473 0.1515516
vn -0.5187438 -0.8372691 0.1728736
vn 0.4701518 -0.7528040 -0.4606989
vn 0.4875512 -0.7844660 -0.3832844
vn 0.5642878 -0.7283347 -0.3887259
vn 0.5828593 -0.7504861 -0.3115215
vn 0.5967991 -0.7665770 -0.2370456
vn 0.6067709 -0.7775121 -0.1652395
vn -0.5412504 -0.7002673 -0.4654822
vn -0.4701522 -0.7528041 -0.4606983
vn -0.1305864 -0.7407455 -0.6589714
vn -0.0671973 -0.7458337 -0.6627342
vn -0.0000000 -0.7476781 -0.6640613
vn 0.0671977 -0.7458333 -0.6627346
vn 0.1305862 -0.7407454 -0.6589715
vn 0.1912308 -0.7328571 -0.6529558
vn 0.2454640 -0.6427260 -0.7257071
vn 0.1871252 -0.6497270 -0.7367761
vn 0.3026759 -0.6338020 -0.7118162
vn 0.3100997 -0.7082441 -0.6342148
vn -0.6778523 -0.5859836 -0.4440039
vn -0.7301555 -0.6123067 -0.3032382
vn -0.8421032 -0.4295616 -0.3260968
vn -0.7654421 -0.4195881 -0.4878979
vn -0.7301555 -0.6123067 -0.3032382
vn -0.7619091 -0.6284641 -0.1566125
vn -0.8846592 -0.4360796 -0.1649627
vn -0.8421032 -0.4295616 -0.3260968
vn -0.7731955 -0.6341678 0.0000003
vn -0.8988534 -0.4382495 0.0000000
vn -0.7619092 -0.6284638 0.1566126
vn -0.8846590 -0.4360801 0.1649627
vn -0.7301557 -0.6123064 0.3032383
vn -0.8421029 -0.4295619 0.3260970
vn -0.6778522 -0.5859835 0.4440042
vn -0.7654420 -0.4195880 0.4878980
vn -0.9124931 -0.2242777 -0.3421342
vn -0.8252464 -0.2238898 -0.5184996
vn -0.9596537 -0.2238664 -0.1701431
vn -0.9124931 -0.2242777 -0.3421342
vn -0.9746960 -0.2235347 -0.0000002
vn -0.9596536 -0.2238665 0.1701431
vn -0.9124930 -0.2242774 0.3421346
vn -0.8252463 -0.2238894 0.5184998
vn -0.9374462 0.0000001 -0.3481302
vn -0.8478012 0.0000003 -0.5303142
vn -0.9851086 -0.0000001 -0.1719335
vn -0.9374462 0.0000001 -0.3481302
vn -1.0000000 -0.0000001 -0.0000001
vn -0.9851086 0.0000000 0.1719335
vn -0.9374462 0.0000004 0.3481303
vn -0.8478011 0.0000004 0.5303143
vn -0.9316819 0.1161940 -0.3441916
vn -0.8425887 0.1187451 -0.5253036
vn -0.9789136 0.1136280 -0.1697553
vn -0.9316819 0.1161940 -0.3441916
vn -0.9936498 0.1125167 -0.0000001
vn -0.9789137 0.1136275 0.1697552
vn -0.9316820 0.1161934 0.3441913
vn -0.8425888 0.1187446 0.5253036
vn -0.5154188 -0.6846065 -0.5154197
vn -0.5524518 -0.7271095 -0.4075645
vn -0.5817804 -0.5683862 -0.5817806
vn -0.5809501 -0.7632779 -0.2826727
vn -0.5809501 -0.7632779 -0.2826727
vn -0.5996647 -0.7865908 -0.1472317
vn -0.7619091 -0.6284641 -0.1566125
vn -0.7301555 -0.6123067 -0.3032382
vn -0.6066005 -0.7950068 0.0000004
vn -0.7731955 -0.6341678 0.0000003
vn -0.5996650 -0.7865905 0.1472319
vn -0.7619092 -0.6284638 0.1566126
vn -0.5809499 -0.7632778 0.2826732
vn -0.7301557 -0.6123064 0.3032383
vn -0.5524513 -0.7271099 0.4075645
vn -0.6778522 -0.5859835 0.4440042
vn -0.5154188 -0.6846064 0.5154197
vn -0.5817799 -0.5683859 0.5817814
vn -0.5817799 -0.5683859 0.5817814
vn -0.6436572 -0.4140174 0.6436575
vn -0.6892280 -0.2234487 0.6892281
vn -0.7071067 0.0000004 0.7071069
vn -0.7020066 0.1198887 0.7020067
vn -0.7071068 0.0000002 -0.7071067
vn -0.7020068 0.1198888 -0.7020065
vn -0.6892280 -0.2234490 -0.6892280
vn -0.6436573 -0.4140171 -0.6436576
vn 0.8425889 0.1187443 -0.5253035
vn 0.9316820 0.1161938 -0.3441913
vn 0.9374462 -0.0000001 -0.3481301
vn 0.8478012 -0.0000003 -0.5303142
vn 0.9789136 0.1136278 -0.1697555
vn 0.9851086 0.0000000 -0.1719335
vn 0.9936499 0.1125165 -0.0000003
vn 1.0000000 -0.0000000 -0.0000002
vn 0.9789137 0.1136274 0.1697553
vn 0.9851086 -0.0000001 0.1719335
vn 0.9316820 0.1161927 0.3441915
vn 0.9374462 -0.0000001 0.3481303
vn 0.9316820 0.1161927 0.3441915
vn 0.8425890 0.1187439 0.5253034
vn 0.8478011 -0.0000001 0.5303143
vn 0.9374462 -0.0000001 0.3481303
vn 0.9124930 -0.2242779 -0.3421343
vn 0.8252462 -0.2238900 -0.5184998
vn 0.9596537 -0.2238665 -0.1701430
vn 0.9746960 -0.2235346 0.0000000
vn 0.9596537 -0.2238664 0.1701430
vn 0.9124931 -0.2242774 0.3421345
vn 0.8252461 -0.2238894 0.5185001
vn 0.9124931 -0.2242774 0.3421345
vn 0.8421030 -0.4295617 -0.3260970
vn 0.7654420 -0.4195881 -0.4878979
vn 0.8846590 -0.4360801 -0.1649626
vn 0.8988532 -0.4382498 0.0000001
vn 0.8846589 -0.4360802 0.1649627
vn 0.8421027 -0.4295621 0.3260972
vn 0.7654417 -0.4195885 0.4878981
vn 0.8421027 -0.4295621 0.3260972
vn 0.7301555 -0.6123068 -0.3032380
vn 0.6778522 -0.5859837 -0.4440041
vn 0.7619092 -0.6284640 -0.1566124
vn 0.7731954 -0.6341679 0.0000001
vn 0.7619091 -0.6284640 0.1566127
vn 0.7301553 -0.6123067 0.3032388
vn 0.7654417 -0.4195885 0.4878981
vn 0.6778523 -0.5859834 0.4440042
vn 0.7020066 0.1198883 0.7020068
vn 0.7071066 0.0000000 0.7071069
vn 0.6892278 -0.2234488 0.6892283
vn 0.6436573 -0.4140176 0.6436573
vn 0.5817811 -0.5683857 0.5817805
vn 0.6778523 -0.5859834 0.4440042
vn 0.6778523 -0.5859834 0.4440042
vn 0.5817811 -0.5683857 0.5817805
vn 0.5154211 -0.6846049 0.5154195
vn 0.5524526 -0.7271087 0.4075648
vn 0.7301553 -0.6123067 0.3032388
vn 0.5809507 -0.7632772 0.2826733
vn 0.7619091 -0.6284640 0.1566127
vn 0.5996652 -0.7865904 0.1472319
vn 0.7731954 -0.6341679 0.0000001
vn 0.6066007 -0.7950067 0.0000002
vn 0.6066007 -0.7950067 0.0000002
vn 0.5996650 -0.7865905 -0.1472317
vn 0.5809501 -0.7632780 -0.2826726
vn 0.5524518 -0.7271097 -0.4075642
vn 0.5817803 -0.5683857 -0.5817812
vn 0.5154201 -0.6846050 -0.5154203
vn 0.6436573 -0.4140177 -0.6436572
vn 0.6892283 -0.2234490 -0.6892278
vn 0.7071067 -0.0000004 -0.7071068
vn 0.7020066 0.1198882 -0.7020068
vn 0.4064077 -0.8183311 -0.4064074
vn 0.4196745 -0.8655377 -0.2733457
vn 0.2718431 -0.9231483 -0.2718430
vn 0.2733453 -0.8655378 -0.4196745
vn 0.4271852 -0.8932728 -0.1399163
vn 0.2715621 -0.9528740 -0.1352230
vn 0.4298811 -0.9028855 -0.0000001
vn 0.2714894 -0.9624414 -0.0000002
vn 0.4271851 -0.8932728 0.1399161
vn 0.2715616 -0.9528741 0.1352231
vn 0.4196747 -0.8655375 0.2733458
vn 0.2718426 -0.9231484 0.2718432
vn 0.4064082 -0.8183306 0.4064080
vn 0.2733450 -0.8655377 0.4196748
vn 0.1352231 -0.9528739 -0.2715621
vn 0.1399165 -0.8932729 -0.4271849
vn 0.1323199 -0.9823354 -0.1323198
vn 0.1312892 -0.9913441 -0.0000001
vn 0.1323199 -0.9823354 0.1323199
vn 0.1352230 -0.9528739 0.2715622
vn 0.1399161 -0.8932728 0.4271853
vn 0.0000001 -0.9624415 -0.2714893
vn 0.0000005 -0.9028858 -0.4298804
vn -0.0000001 -0.9913441 -0.1312894
vn 0.0000002 -1.0000000 0.0000001
vn 0.0000002 -0.9913441 0.1312893
vn 0.0000003 -0.9624415 0.2714893
vn 0.0000006 -0.9028856 0.4298808
vn -0.1352234 -0.9528740 -0.2715617
vn -0.1399166 -0.8932731 -0.4271843
vn -0.1323200 -0.9823354 -0.1323203
vn -0.1312892 -0.9913441 0.0000005
vn -0.1323200 -0.9823353 0.1323205
vn -0.1352234 -0.9528740 0.2715619
vn -0.1399164 -0.8932730 0.4271847
vn -0.2718428 -0.9231483 -0.2718430
vn -0.2733459 -0.8655377 -0.4196743
vn -0.2715619 -0.9528740 -0.1352232
vn -0.2714896 -0.9624414 0.0000005
vn -0.2715620 -0.9528738 0.1352239
vn -0.2718433 -0.9231481 0.2718432
vn -0.2733463 -0.8655377 0.4196739
vn -0.4196741 -0.8655379 -0.2733455
vn -0.4064073 -0.8183308 -0.4064084
vn -0.4271849 -0.8932730 -0.1399160
vn -0.4298811 -0.9028855 0.0000004
vn -0.4271849 -0.8932729 0.1399168
vn -0.4196740 -0.8655378 0.2733461
vn -0.4064077 -0.8183312 0.4064072
vn 0.5154201 -0.6846050 -0.5154203
vn 0.5524518 -0.7271097 -0.4075642
vn 0.4075645 -0.7271093 -0.5524521
vn 0.5809501 -0.7632780 -0.2826726
vn 0.5996650 -0.7865905 -0.1472317
vn 0.4075646 -0.7271093 0.5524520
vn 0.2826723 -0.7632778 0.5809505
vn 0.1472318 -0.7865904 0.5996652
vn 0.0000005 -0.7950063 0.6066011
vn -0.1472318 -0.7865904 0.5996651
vn -0.2826735 -0.7632775 0.5809503
vn -0.4075644 -0.7271092 0.5524523
vn -0.5524518 -0.7271095 -0.4075645
vn -0.4075640 -0.7271099 -0.5524517
vn -0.5154188 -0.6846065 -0.5154197
vn -0.2826731 -0.7632777 -0.5809501
vn -0.1472320 -0.7865905 -0.5996650
vn 0.0000003 -0.7950067 -0.6066006
vn 0.1472322 -0.7865907 -0.5996647
vn 0.2826726 -0.7632779 -0.5809502
vn -0.5253036 0.1187441 -0.8425888
vn -0.3441917 0.1161931 -0.9316819
vn -0.3481303 -0.0000003 -0.9374462
vn -0.5303142 -0.0000001 -0.8478012
vn -0.1697554 0.1136275 -0.9789136
vn -0.1719336 -0.0000003 -0.9851085
vn 0.0000000 0.1125165 -0.9936499
vn 0.0000001 -0.0000001 -1.0000000
vn 0.1697554 0.1136275 -0.9789136
vn 0.1719337 -0.0000001 -0.9851085
vn 0.3441916 0.1161933 -0.9316819
vn 0.3481303 -0.0000000 -0.9374462
vn 0.3441916 0.1161933 -0.9316819
vn 0.5253032 0.1187441 -0.8425891
vn 0.5303141 -0.0000001 -0.8478013
vn 0.3481303 -0.0000000 -0.9374462
vn -0.3421343 -0.2242780 -0.9124930
vn -0.5184996 -0.2238897 -0.8252464
vn -0.1701431 -0.2238670 -0.9596535
vn -0.0000000 -0.2235352 -0.9746959
vn 0.1701432 -0.2238669 -0.9596535
vn 0.3421343 -0.2242779 -0.9124930
vn 0.5184998 -0.2238897 -0.8252462
vn 0.3421343 -0.2242779 -0.9124930
vn -0.3260968 -0.4295619 -0.8421030
vn -0.4878979 -0.4195881 -0.7654420
vn -0.1649625 -0.4360803 -0.8846589
vn -0.0000001 -0.4382501 -0.8988531
vn 0.1649626 -0.4360805 -0.8846588
vn 0.3260970 -0.4295623 -0.8421027
vn 0.4878979 -0.4195888 -0.7654416
vn 0.3260970 -0.4295623 -0.8421027
vn -0.3032382 -0.6123068 -0.7301554
vn -0.4440040 -0.5859840 -0.6778519
vn -0.1566125 -0.6284636 -0.7619095
vn 0.0000000 -0.6341676 -0.7731956
vn 0.1566126 -0.6284639 -0.7619092
vn 0.3032383 -0.6123067 -0.7301554
vn 0.4440041 -0.5859834 -0.6778524
vn 0.3032383 -0.6123067 -0.7301554
vn 0.4075645 -0.7271093 -0.5524521
vn 0.2826726 -0.7632779 -0.5809502
vn 0.1566126 -0.6284639 -0.7619092
vn 0.3032383 -0.6123067 -0.7301554
vn 0.1472322 -0.7865907 -0.5996647
vn 0.0000003 -0.7950067 -0.6066006
vn -0.1472320 -0.7865905 -0.5996650
vn -0.2826731 -0.7632777 -0.5809501
vn -0.4075640 -0.7271099 -0.5524517
vn 0.5253032 0.1187447 0.8425890
vn 0.3441918 0.1161947 0.9316817
vn 0.3481305 0.0000004 0.9374461
vn 0.5303140 0.0000003 0.8478013
vn 0.1697558 0.1136289 0.9789134
vn 0.1719339 0.0000003 0.9851085
vn 0.0000000 0.1125170 0.9936498
vn -0.0000001 -0.0000000 1.0000000
vn -0.1697556 0.1136279 0.9789136
vn -0.1719338 -0.0000002 0.9851085
vn -0.3441918 0.1161940 0.9316818
vn -0.3481304 0.0000001 0.9374461
vn -0.3441918 0.1161940 0.9316818
vn -0.5253037 0.1187449 0.8425887
vn -0.5303142 0.0000006 0.8478012
vn -0.3481304 0.0000001 0.9374461
vn 0.3421344 -0.2242780 0.9124930
vn 0.5184996 -0.2238897 0.8252464
vn 0.1701432 -0.2238670 0.9596535
vn -0.0000003 -0.2235350 0.9746959
vn -0.1701432 -0.2238667 0.9596536
vn -0.3421342 -0.2242776 0.9124931
vn -0.5184997 -0.2238895 0.8252464
vn -0.3421342 -0.2242776 0.9124931
vn 0.3260968 -0.4295619 0.8421030
vn 0.4878980 -0.4195881 0.7654419
vn 0.1649626 -0.4360802 0.8846589
vn -0.0000000 -0.4382498 0.8988532
vn -0.1649626 -0.4360799 0.8846591
vn -0.3260969 -0.4295618 0.8421030
vn -0.4878979 -0.4195886 0.7654417
vn -0.3260969 -0.4295618 0.8421030
vn 0.3032381 -0.6123064 0.7301558
vn 0.4440043 -0.5859831 0.6778525
vn 0.1566126 -0.6284636 0.7619094
vn 0.0000003 -0.6341674 0.7731958
vn -0.1566124 -0.6284634 0.7619096
vn -0.1649626 -0.4360799 0.8846591
vn -0.3260969 -0.4295618 0.8421030
vn -0.3032386 -0.6123063 0.7301557
vn -0.1566124 -0.6284634 0.7619096
vn -0.4440039 -0.5859832 0.6778527
vn -0.3032386 -0.6123063 0.7301557
vn -0.4440039 -0.5859832 0.6778527
vn 0.0000003 -0.6341674 0.7731958
vn 0.1566126 -0.6284636 0.7619094
vn 0.3032381 -0.6123064 0.7301558
vn 0.4440043 -0.5859831 0.6778525
vn 0.4075646 -0.7271093 0.5524520
vn 0.5154211 -0.6846049 0.5154195
vn -0.0671508 0.9947808 0.0768241
vn -0.0676633 0.9946226 0.0784059
vn -0.0803040 0.9898161 0.1175385
vn -0.0803040 0.9898161 0.1175385
vn -0.0930577 0.9955442 0.0152346
vn -0.0930577 0.9955442 0.0152346
vn -0.0392264 0.9962311 -0.0773619
vn -0.0394591 0.9962526 -0.0769653
vn 0.0364739 0.9826300 -0.1819558
vn 0.0374894 0.9824685 -0.1826204
vn 0.0040439 0.9965681 -0.0826780
vn 0.0035210 0.9966584 -0.0816064
f 1/1/1 2/2/2 3/3/3
f 1/1/1 3/3/3 4/4/4
f 5/5/5 6/6/6 7/7/7
f 5/5/5 7/7/7 8/8/8
f 3/3/3 9/9/9 10/10/10
f 3/3/3 10/10/10 11/11/11
f 4/4/4 3/3/3 11/11/11
f 4/4/4 11/11/11 12/12/12
f 13/13/13 14/14/14 15/15/15
f 13/13/13 15/15/15 16/16/16
f 14/14/14 17/17/17 18/18/18
f 14/14/14 18/18/18 15/15/15
f 15/15/15 18/18/18 19/19/19
f 15/15/15 19/19/19 20/20/20
f 16/16/16 15/15/15 20/20/20
f 16/16/16 20/20/20 21/21/21
f 21/21/21 20/20/20 22/22/22
f 21/21/21 22/22/22 23/23/23
f 20/20/20 19/19/19 24/24/24
f 20/20/20 24/24/24 22/22/22
f 22/22/22 24/24/24 25/25/25
f 22/22/22 25/25/25 26/26/26
f 23/23/23 22/22/22 26/26/26
f 23/23/23 26/26/26 27/27/27
f 28/28/28 29/29/29 30/30/30
f 28/28/28 30/30/30 31/31/31
f 29/29/29 32/32/32 33/33/33
f 29/29/29 33/33/33 30/30/30
f 30/30/30 33/33/33 6/6/6
f 30/30/30 6/6/6 5/5/5
f 31/31/31 30/30/30 5/5/5
f 31/31/31 5/5/5 34/34/34
f 35/35/35 36/36/36 37/37/37
f 35/35/35 37/37/37 38/38/38
f 36/36/36 39/39/39 40/40/40
f 36/36/36 40/40/40 37/37/37
f 37/37/37 40/40/40 41/41/41
f 37/37/37 41/41/41 42/42/42
f 38/38/38 37/37/37 42/42/42
f 38/38/38 42/42/42 43/43/43
f 44/44/44 45/45/45 46/46/46
f 44/44/44 46/46/46 47/47/47
f 45/45/45 48/48/48 49/49/49
f 45/45/45 49/49/49 46/46/46
f 46/46/46 49/49/49 50/50/50
f 46/46/46 50/50/50 51/51/51
f 47/47/47 46/46/46 51/51/51
f 47/47/47 51/51/51 52/52/52
f 53/53/53 54/54/54 55/55/55
f 53/53/53 55/55/55 56/56/56
f 54/54/54 57/57/57 58/58/58
f 54/54/54 58/58/58 55/55/55
f 55/55/55 58/58/58 59/59/59
f 55/55/55 59/59/59 60/60/60
f 56/56/56 55/55/55 60/60/60
f 56/56/56 60/60/60 61/61/61
f 32/32/32 29/29/29 62/62/62
f 32/32/32 62/62/62 63/63/63
f 29/29/29 28/28/28 64/64/64
f 29/29/29 64/64/64 62/62/62
f 62/62/62 64/64/64 57/57/57
f 62/62/62 57/57/57 54/54/54
f 63/63/63 62/62/62 54/54/54
f 63/63/63 54/54/54 53/53/53
f 41/41/41 40/40/40 65/65/65
f 41/41/41 65/65/65 66/66/66
f 40/40/40 39/39/39 67/67/67
f 40/40/40 67/67/67 65/65/65
f 65/65/65 67/67/67 68/68/68
f 65/65/65 68/68/68 69/69/69
f 66/66/66 65/65/65 69/69/69
f 66/66/66 69/69/69 70/70/70
f 44/44/44 47/47/47 71/71/71
f 44/44/44 71/71/71 72/72/72
f 47/47/47 52/52/52 73/73/73
f 47/47/47 73/73/73 71/71/71
f 71/71/71 73/73/73 74/74/74
f 71/71/71 74/74/74 75/75/75
f 72/72/72 71/71/71 75/75/75
f 72/72/72 75/75/75 76/76/76
f 77/77/77 78/78/78 79/79/79
f 77/77/77 79/79/79 80/80/80
f 78/78/78 81/81/81 82/82/82
f 78/78/78 82/82/82 79/79/79
f 83/83/83 84/84/84 85/85/85
f 83/83/83 85/85/85 86/86/86
f 87/87/87 88/88/88 89/89/89
f 87/87/87 89/89/89 90/90/90
f 70/70/70 69/69/69 91/91/91
f 70/70/70 91/91/91 92/92/92
f 69/69/69 68/68/68 93/93/93
f 69/69/69 93/93/93 91/91/91
f 91/91/91 93/93/93 94/94/94
f 91/91/91 94/94/94 87/87/87
f 92/92/92 91/91/91 87/87/87
f 92/92/92 87/87/87 90/90/90
f 76/76/76 75/75/75 95/95/95
f 76/76/76 95/95/95 96/96/96
f 75/75/75 74/74/74 97/97/97
f 75/75/75 97/97/97 95/95/95
f 95/95/95 97/97/97 98/98/98
f 95/95/95 98/98/98 99/99/99
f 96/96/96 95/95/95 99/99/99
f 96/96/96 99/99/99 100/100/100
f 27/27/27 26/26/26 101/101/101
f 27/27/27 101/101/101 102/102/102
f 26/26/26 25/25/25 103/103/103
f 26/26/26 103/103/103 101/101/101
f 101/101/101 103/103/103 81/81/81
f 101/101/101 81/81/81 78/78/78
f 102/102/102 101/101/101 78/78/78
f 102/102/102 78/78/78 77/77/77
f 104/104/104 105/105/105 106/106/106
f 104/104/104 106/106/106 107/107/107
f 108/108/108 109/109/109 110/110/110
f 108/108/108 110/110/110 111/111/111
f 112/112/112 113/113/113 114/114/114
f 112/112/112 114/114/114 115/115/115
f 107/107/107 106/106/106 116/116/116
f 107/107/107 116/116/116 117/117/117
f 118/118/118 119/119/119 120/120/120
f 118/118/118 120/120/120 121/121/121
f 119/119/119 122/122/122 123/123/123
f 119/119/119 123/123/123 120/120/120
f 120/120/120 123/123/123 124/124/124
f 120/120/120 124/124/124 125/125/125
f 121/121/121 120/120/120 125/125/125
f 121/121/121 125/125/125 126/126/126
f 126/126/126 125/125/125 127/127/127
f 126/126/126 127/127/127 128/128/128
f 125/125/125 124/124/124 129/129/129
f 125/125/125 129/129/129 127/127/127
f 127/127/127 129/129/129 130/130/130
f 127/127/127 130/130/130 131/131/131
f 128/128/128 127/127/127 131/131/131
f 128/128/128 131/131/131 132/132/132
f 133/133/133 134/134/134 135/135/135
f 133/133/133 135/135/135 136/136/136
f 134/134/134 137/137/137 138/138/138
f 134/134/134 138/138/138 135/135/135
f 135/135/135 138/138/138 109/109/109
f 135/135/135 109/109/109 108/108/108
f 136/136/136 135/135/135 108/108/108
f 136/136/136 108/108/108 139/139/139
f 117/117/117 140/140/140 141/141/141
f 117/117/117 141/141/141 107/107/107
f 140/140/140 142/142/142 143/143/143
f 140/140/140 143/143/143 141/141/141
f 144/144/144 145/145/145 146/146/146
f 144/144/144 146/146/146 147/147/147
f 107/107/107 141/141/141 148/148/148
f 107/107/107 148/148/148 104/104/104
f 149/149/149 150/150/150 151/151/151
f 149/149/149 151/151/151 152/152/152
f 150/150/150 114/114/114 113/113/113
f 150/150/150 113/113/113 151/151/151
f 151/151/151 113/113/113 153/153/153
f 151/151/151 153/153/153 154/154/154
f 152/152/152 151/151/151 154/154/154
f 152/152/152 154/154/154 155/155/155
f 156/156/156 157/157/157 158/158/158
f 156/156/156 158/158/158 159/159/159
f 157/157/157 160/160/160 161/161/161
f 157/157/157 161/161/161 158/158/158
f 158/158/158 161/161/161 162/162/162
f 158/158/158 162/162/162 163/163/163
f 159/159/159 158/158/158 163/163/163
f 159/159/159 163/163/163 164/164/164
f 137/137/137 134/134/134 165/165/165
f 137/137/137 165/165/165 166/166/166
f 134/134/134 133/133/133 167/167/167
f 134/134/134 167/167/167 165/165/165
f 165/165/165 167/167/167 160/160/160
f 165/165/165 160/160/160 157/157/157
f 166/166/166 165/165/165 157/157/157
f 166/166/166 157/157/157 156/156/156
f 168/168/168 143/143/143 169/169/169
f 168/168/168 169/169/169 170/170/170
f 143/143/143 142/142/142 171/171/171
f 143/143/143 171/171/171 169/169/169
f 169/169/169 171/171/171 172/172/172
f 169/169/169 172/172/172 173/173/173
f 170/170/170 169/169/169 173/173/173
f 170/170/170 173/173/173 174/174/174
f 175/175/175 176/176/176 177/177/177
f 175/175/175 177/177/177 178/178/178
f 176/176/176 179/179/179 180/180/180
f 176/176/176 180/180/180 177/177/177
f 177/177/177 180/180/180 181/181/181
f 177/177/177 181/181/181 182/182/182
f 178/178/178 177/177/177 182/182/182
f 178/178/178 182/182/182 183/183/183
f 184/184/184 185/185/185 186/186/186
f 184/184/184 186/186/186 187/187/187
f 188/188/188 189/189/189 190/190/190
f 188/188/188 190/190/190 191/191/191
f 192/192/192 193/193/193 164/164/164
f 192/192/192 164/164/164 163/163/163
f 187/187/187 186/186/186 194/194/194
f 187/187/187 194/194/194 195/195/195
f 174/174/174 173/173/173 196/196/196
f 174/174/174 196/196/196 197/197/197
f 173/173/173 172/172/172 198/198/198
f 173/173/173 198/198/198 196/196/196
f 196/196/196 198/198/198 199/199/199
f 196/196/196 199/199/199 200/200/200
f 197/197/197 196/196/196 200/200/200
f 197/197/197 200/200/200 201/201/201
f 183/183/183 182/182/182 202/202/202
f 183/183/183 202/202/202 203/203/203
f 182/182/182 181/181/181 204/204/204
f 182/182/182 204/204/204 202/202/202
f 202/202/202 204/204/204 205/205/205
f 202/202/202 205/205/205 206/206/206
f 203/203/203 202/202/202 206/206/206
f 203/203/203 206/206/206 207/207/207
f 132/132/132 131/131/131 208/208/208
f 132/132/132 208/208/208 209/209/209
f 131/131/131 130/130/130 210/210/210
f 131/131/131 210/210/210 208/208/208
f 208/208/208 210/210/210 189/189/189
f 208/208/208 189/189/189 188/188/188
f 209/209/209 208/208/208 188/188/188
f 209/209/209 188/188/188 211/211/211
f 212/212/212 213/213/213 214/214/214
f 212/212/212 214/214/214 215/215/215
f 216/216/216 217/217/217 218/218/218
f 216/216/216 218/218/218 219/219/219
f 220/220/220 221/221/221 222/222/222
f 220/220/220 222/222/222 223/223/223
f 213/213/213 224/224/224 225/225/225
f 213/213/213 225/225/225 214/214/214
f 226/226/226 227/227/227 228/228/228
f 226/226/226 228/228/228 229/229/229
f 229/229/229 228/228/228 230/230/230
f 229/229/229 230/230/230 231/231/231
f 228/228/228 232/232/232 233/233/233
f 228/228/228 233/233/233 230/230/230
f 227/227/227 234/234/234 232/232/232
f 227/227/227 232/232/232 228/228/228
f 234/234/234 235/235/235 236/236/236
f 234/234/234 236/236/236 232/232/232
f 232/232/232 236/236/236 237/237/237
f 232/232/232 237/237/237 233/233/233
f 236/236/236 238/238/238 239/239/239
f 236/236/236 239/239/239 237/237/237
f 235/235/235 240/240/240 238/238/238
f 235/235/235 238/238/238 236/236/236
f 241/241/241 242/242/242 243/243/243
f 241/241/241 243/243/243 244/244/244
f 244/244/244 243/243/243 245/245/245
f 244/244/244 245/245/245 246/246/246
f 243/243/243 216/216/216 219/219/219
f 243/243/243 219/219/219 245/245/245
f 242/242/242 247/247/247 216/216/216
f 242/242/242 216/216/216 243/243/243
f 224/224/224 213/213/213 248/248/248
f 224/224/224 248/248/248 249/249/249
f 227/227/227 250/250/250 251/251/251
f 227/227/227 251/251/251 234/234/234
f 248/248/248 252/252/252 253/253/253
f 248/248/248 253/253/253 254/254/254
f 213/213/213 212/212/212 252/252/252
f 213/213/213 252/252/252 248/248/248
f 255/255/255 256/256/256 257/257/257
f 255/255/255 257/257/257 258/258/258
f 259/259/259 260/260/260 223/223/223
f 259/259/259 223/223/223 222/222/222
f 260/260/260 261/261/261 262/262/262
f 260/260/260 262/262/262 223/223/223
f 263/263/263 246/246/246 245/245/245
f 263/263/263 245/245/245 264/264/264
f 265/265/265 266/266/266 267/267/267
f 265/265/265 267/267/267 268/268/268
f 268/268/268 267/267/267 269/269/269
f 268/268/268 269/269/269 270/270/270
f 267/267/267 271/271/271 272/272/272
f 267/267/267 272/272/272 269/269/269
f 266/266/266 273/273/273 271/271/271
f 266/266/266 271/271/271 267/267/267
f 246/246/246 274/274/274 275/275/275
f 246/246/246 275/275/275 244/244/244
f 244/244/244 275/275/275 276/276/276
f 244/244/244 276/276/276 241/241/241
f 275/275/275 268/268/268 270/270/270
f 275/275/275 270/270/270 276/276/276
f 274/274/274 265/265/265 268/268/268
f 274/274/274 268/268/268 275/275/275
f 253/253/253 277/277/277 278/278/278
f 253/253/253 278/278/278 254/254/254
f 251/251/251 279/279/279 235/235/235
f 251/251/251 235/235/235 234/234/234
f 278/278/278 280/280/280 281/281/281
f 278/278/278 281/281/281 282/282/282
f 277/277/277 283/283/283 280/280/280
f 277/277/277 280/280/280 278/278/278
f 255/255/255 284/284/284 285/285/285
f 255/255/255 285/285/285 256/256/256
f 263/263/263 286/286/286 274/274/274
f 263/263/263 274/274/274 246/246/246
f 285/285/285 287/287/287 288/288/288
f 285/285/285 288/288/288 289/289/289
f 284/284/284 290/290/290 287/287/287
f 284/284/284 287/287/287 285/285/285
f 291/291/291 292/292/292 293/293/293
f 291/291/291 293/293/293 294/294/294
f 294/294/294 293/293/293 295/295/295
f 294/294/294 295/295/295 296/296/296
f 297/297/297 271/271/271 273/273/273
f 297/297/297 273/273/273 298/298/298
f 299/299/299 300/300/300 301/301/301
f 299/299/299 301/301/301 302/302/302
f 283/283/283 303/303/303 304/304/304
f 283/283/283 304/304/304 280/280/280
f 280/280/280 304/304/304 305/305/305
f 280/280/280 305/305/305 281/281/281
f 304/304/304 306/306/306 307/307/307
f 304/304/304 307/307/307 305/305/305
f 303/303/303 308/308/308 306/306/306
f 303/303/303 306/306/306 304/304/304
f 290/290/290 309/309/309 310/310/310
f 290/290/290 310/310/310 287/287/287
f 287/287/287 310/310/310 311/311/311
f 287/287/287 311/311/311 288/288/288
f 310/310/310 312/312/312 313/313/313
f 310/310/310 313/313/313 311/311/311
f 309/309/309 314/314/314 312/312/312
f 309/309/309 312/312/312 310/310/310
f 240/240/240 315/315/315 316/316/316
f 240/240/240 316/316/316 238/238/238
f 238/238/238 316/316/316 317/317/317
f 238/238/238 317/317/317 239/239/239
f 316/316/316 294/294/294 296/296/296
f 316/316/316 296/296/296 317/317/317
f 315/315/315 291/291/291 294/294/294
f 315/315/315 294/294/294 316/316/316
f 318/318/318 319/319/319 320/320/320
f 318/318/318 320/320/320 321/321/321
f 322/322/322 323/323/323 324/324/324
f 322/322/322 324/324/324 325/325/325
f 323/323/323 326/326/326 327/327/327
f 323/323/323 327/327/327 324/324/324
f 328/328/328 329/329/329 326/326/326
f 328/328/328 326/326/326 323/323/323
f 330/330/330 331/331/331 332/332/332
f 330/330/330 332/332/332 333/333/333
f 333/333/333 332/332/332 334/334/334
f 333/333/333 334/334/334 335/335/335
f 332/332/332 336/336/336 337/337/337
f 332/332/332 337/337/337 334/334/334
f 331/331/331 338/338/338 336/336/336
f 331/331/331 336/336/336 332/332/332
f 338/338/338 339/339/339 340/340/340
f 338/338/338 340/340/340 336/336/336
f 336/336/336 340/340/340 341/341/341
f 336/336/336 341/341/341 337/337/337
f 340/340/340 342/342/342 343/343/343
f 340/340/340 343/343/343 341/341/341
f 339/339/339 344/344/344 342/342/342
f 339/339/339 342/342/342 340/340/340
f 345/345/345 346/346/346 347/347/347
f 345/345/345 347/347/347 348/348/348
f 348/348/348 347/347/347 349/349/349
f 348/348/348 349/349/349 350/350/350
f 347/347/347 321/321/321 351/351/351
f 347/347/347 351/351/351 349/349/349
f 346/346/346 318/318/318 321/321/321
f 346/346/346 321/321/321 347/347/347
f 352/352/352 353/353/353 354/354/354
f 352/352/352 354/354/354 355/355/355
f 355/355/355 354/354/354 356/356/356
f 355/355/355 356/356/356 357/357/357
f 354/354/354 358/358/358 359/359/359
f 354/354/354 359/359/359 356/356/356
f 353/353/353 360/360/360 358/358/358
f 353/353/353 358/358/358 354/354/354
f 361/361/361 362/362/362 363/363/363
f 361/361/361 363/363/363 364/364/364
f 364/364/364 363/363/363 365/365/365
f 364/364/364 365/365/365 366/366/366
f 363/363/363 367/367/367 368/368/368
f 363/363/363 368/368/368 365/365/365
f 362/362/362 369/369/369 367/367/367
f 362/362/362 367/367/367 363/363/363
f 370/370/370 371/371/371 372/372/372
f 370/370/370 372/372/372 373/373/373
f 373/373/373 372/372/372 374/374/374
f 373/373/373 374/374/374 375/375/375
f 372/372/372 376/376/376 377/377/377
f 372/372/372 377/377/377 374/374/374
f 371/371/371 378/378/378 376/376/376
f 371/371/371 376/376/376 372/372/372
f 350/350/350 379/379/379 380/380/380
f 350/350/350 380/380/380 348/348/348
f 348/348/348 380/380/380 381/381/381
f 348/348/348 381/381/381 345/345/345
f 380/380/380 373/373/373 375/375/375
f 380/380/380 375/375/375 381/381/381
f 379/379/379 370/370/370 373/373/373
f 379/379/379 373/373/373 380/380/380
f 359/359/359 382/382/382 383/383/383
f 359/359/359 383/383/383 356/356/356
f 356/356/356 383/383/383 384/384/384
f 356/356/356 384/384/384 357/357/357
f 383/383/383 385/385/385 386/386/386
f 383/383/383 386/386/386 384/384/384
f 382/382/382 387/387/387 385/385/385
f 382/382/382 385/385/385 383/383/383
f 361/361/361 388/388/388 389/389/389
f 361/361/361 389/389/389 362/362/362
f 362/362/362 389/389/389 390/390/390
f 362/362/362 390/390/390 369/369/369
f 389/389/389 391/391/391 392/392/392
f 389/389/389 392/392/392 390/390/390
f 388/388/388 393/393/393 391/391/391
f 388/388/388 391/391/391 389/389/389
f 394/394/394 395/395/395 396/396/396
f 394/394/394 396/396/396 397/397/397
f 398/398/398 399/399/399 400/400/400
f 398/398/398 400/400/400 401/401/401
f 402/402/402 376/376/376 378/378/378
f 402/402/402 378/378/378 403/403/403
f 404/404/404 377/377/377 376/376/376
f 404/404/404 376/376/376 402/402/402
f 387/387/387 405/405/405 406/406/406
f 387/387/387 406/406/406 385/385/385
f 385/385/385 406/406/406 407/407/407
f 385/385/385 407/407/407 386/386/386
f 406/406/406 395/395/395 394/394/394
f 406/406/406 394/394/394 407/407/407
f 405/405/405 408/408/408 395/395/395
f 405/405/405 395/395/395 406/406/406
f 393/393/393 409/409/409 410/410/410
f 393/393/393 410/410/410 391/391/391
f 391/391/391 410/410/410 411/411/411
f 391/391/391 411/411/411 392/392/392
f 410/410/410 412/412/412 413/413/413
f 410/410/410 413/413/413 411/411/411
f 409/409/409 414/414/414 412/412/412
f 409/409/409 412/412/412 410/410/410
f 344/344/344 415/415/415 416/416/416
f 344/344/344 416/416/416 342/342/342
f 342/342/342 416/416/416 417/417/417
f 342/342/342 417/417/417 343/343/343
f 416/416/416 418/418/418 419/419/419
f 416/416/416 419/419/419 417/417/417
f 415/415/415 420/420/420 418/418/418
f 415/415/415 418/418/418 416/416/416
f 421/421/421 422/422/422 423/423/423
f 421/421/421 423/423/423 424/424/424
f 422/422/422 425/425/425 426/426/426
f 422/422/422 426/426/426 423/423/423
f 425/425/425 427/427/427 428/428/428
f 425/425/425 428/428/428 426/426/426
f 427/427/427 429/429/429 430/430/430
f 427/427/427 430/430/430 428/428/428
f 429/429/429 431/431/431 432/432/432
f 429/429/429 432/432/432 430/430/430
f 431/431/431 433/433/433 434/434/434
f 431/431/431 434/434/434 432/432/432
f 433/433/433 435/435/435 436/436/436
f 433/433/433 436/436/436 434/434/434
f 435/435/435 437/437/437 438/438/438
f 435/435/435 438/438/438 436/436/436
f 437/437/437 439/439/439 440/440/440
f 437/437/437 440/440/440 438/438/438
f 439/439/439 441/441/441 442/442/442
f 439/439/439 442/442/442 440/440/440
f 441/441/441 443/443/443 444/444/444
f 441/441/441 444/444/444 442/442/442
f 443/443/443 445/445/445 446/446/446
f 443/443/443 446/446/446 444/444/444
f 447/447/447 448/448/448 449/449/449
f 447/447/447 449/449/449 450/450/450
f 448/448/448 451/451/451 452/452/452
f 448/448/448 452/452/452 449/449/449
f 424/424/424 423/423/423 453/453/453
f 424/424/424 453/453/453 454/454/454
f 423/423/423 426/426/426 455/455/455
f 423/423/423 455/455/455 453/453/453
f 426/426/426 428/428/428 456/456/456
f 426/426/426 456/456/456 455/455/455
f 428/428/428 430/430/430 457/457/457
f 428/428/428 457/457/457 456/456/456
f 430/430/430 432/432/432 458/458/458
f 430/430/430 458/458/458 457/457/457
f 432/432/432 434/434/434 459/459/459
f 432/432/432 459/459/459 458/458/458
f 434/434/434 436/436/436 460/460/460
f 434/434/434 460/460/460 459/459/459
f 436/436/436 438/438/438 461/461/461
f 436/436/436 461/461/461 460/460/460
f 438/438/438 440/440/440 462/462/462
f 438/438/438 462/462/462 461/461/461
f 440/440/440 442/442/442 463/463/463
f 440/440/440 463/463/463 462/462/462
f 442/442/442 444/444/444 464/464/464
f 442/442/442 464/464/464 463/463/463
f 444/444/444 446/446/446 465/465/465
f 444/444/444 465/465/465 464/464/464
f 450/450/450 449/449/449 466/466/466
f 450/450/450 466/466/466 467/467/467
f 449/449/449 452/452/452 468/468/468
f 449/449/449 468/468/468 466/466/466
f 454/454/454 453/453/453 469/469/469
f 454/454/454 469/469/469 470/470/470
f 453/453/453 455/455/455 471/471/471
f 453/453/453 471/471/471 469/469/469
f 455/455/455 456/456/456 472/472/472
f 455/455/455 472/472/472 471/471/471
f 456/456/456 457/457/457 473/473/473
f 456/456/456 473/473/473 472/472/472
f 457/457/457 458/458/458 474/474/474
f 457/457/457 474/474/474 473/473/473
f 458/458/458 459/459/459 475/475/475
f 458/458/458 475/475/475 474/474/474
f 459/459/459 460/460/460 476/476/476
f 459/459/459 476/476/476 475/475/475
f 460/460/460 461/461/461 477/477/477
f 460/460/460 477/477/477 476/476/476
f 461/461/461 462/462/462 478/478/478
f 461/461/461 478/478/478 477/477/477
f 462/462/462 463/463/463 479/479/479
f 462/462/462 479/479/479 478/478/478
f 463/463/463 464/464/464 480/480/480
f 463/463/463 480/480/480 479/479/479
f 464/464/464 465/465/465 481/481/481
f 464/464/464 481/481/481 480/480/480
f 467/467/467 466/466/466 482/482/482
f 467/467/467 482/482/482 483/483/483
f 466/466/466 468/468/468 484/484/484
f 466/466/466 484/484/484 482/482/482
f 470/470/470 469/469/469 485/485/485
f 470/470/470 485/485/485 486/486/486
f 469/469/469 471/471/471 487/487/487
f 469/469/469 487/487/487 485/485/485
f 471/471/471 472/472/472 488/488/488
f 471/471/471 488/488/488 487/487/487
f 472/472/472 473/473/473 489/489/489
f 472/472/472 489/489/489 488/488/488
f 473/473/473 474/474/474 490/490/490
f 473/473/473 490/490/490 489/489/489
f 474/474/474 475/475/475 491/491/491
f 474/474/474 491/491/491 490/490/490
f 475/475/475 476/476/476 492/492/492
f 475/475/475 492/492/492 491/491/491
f 476/476/476 477/477/477 493/493/493
f 476/476/476 493/493/493 492/492/492
f 477/477/477 478/478/478 494/494/494
f 477/477/477 494/494/494 493/493/493
f 478/478/478 479/479/479 495/495/495
f 478/478/478 495/495/495 494/494/494
f 479/479/479 480/480/480 496/496/496
f 479/479/479 496/496/496 495/495/495
f 480/480/480 481/481/481 497/497/497
f 480/480/480 497/497/497 496/496/496
f 483/483/483 482/482/482 498/498/498
f 483/483/483 498/498/498 499/499/499
f 482/482/482 484/484/484 500/500/500
f 482/482/482 500/500/500 498/498/498
f 486/486/486 485/485/485 501/501/501
f 486/486/486 501/501/501 502/502/502
f 485/485/485 487/487/487 503/503/503
f 485/485/485 503/503/503 501/501/501
f 487/487/487 488/488/488 504/504/504
f 487/487/487 504/504/504 503/503/503
f 488/488/488 489/489/489 505/505/505
f 488/488/488 505/505/505 504/504/504
f 489/489/489 490/490/490 506/506/506
f 489/489/489 506/506/506 505/505/505
f 490/490/490 491/491/491 507/507/507
f 490/490/490 507/507/507 506/506/506
f 491/491/491 492/492/492 508/508/508
f 491/491/491 508/508/508 507/507/507
f 492/492/492 493/493/493 509/509/509
f 492/492/492 509/509/509 508/508/508
f 493/493/493 494/494/494 510/510/510
f 493/493/493 510/510/510 509/509/509
f 494/494/494 495/495/495 511/511/511
f 494/494/494 511/511/511 510/510/510
f 495/495/495 496/496/496 512/512/512
f 495/495/495 512/512/512 511/511/511
f 496/496/496 497/497/497 513/513/513
f 496/496/496 513/513/513 512/512/512
f 499/499/499 498/498/498 514/514/514
f 499/499/499 514/514/514 515/515/515
f 498/498/498 500/500/500 516/516/516
f 498/498/498 516/516/516 514/514/514
f 502/502/502 501/501/501 517/517/517
f 502/502/502 517/517/517 518/518/518
f 501/501/501 503/503/503 519/519/519
f 501/501/501 519/519/519 517/517/517
f 503/503/503 504/504/504 520/520/520
f 503/503/503 520/520/520 519/519/519
f 504/504/504 505/505/505 521/521/521
f 504/504/504 521/521/521 520/520/520
f 505/505/505 506/506/506 522/522/522
f 505/505/505 522/522/522 521/521/521
f 506/506/506 507/507/507 523/523/523
f 506/506/506 523/523/523 522/522/522
f 507/507/507 508/508/508 524/524/524
f 507/507/507 524/524/524 523/523/523
f 508/508/508 509/509/509 525/525/525
f 508/508/508 525/525/525 524/524/524
f 509/509/509 510/510/510 526/526/526
f 509/509/509 526/526/526 525/525/525
f 510/510/510 511/511/511 527/527/527
f 510/510/510 527/527/527 526/526/526
f 511/511/511 512/512/512 528/528/528
f 511/511/511 528/528/528 527/527/527
f 512/512/512 513/513/513 529/529/529
f 512/512/512 529/529/529 528/528/528
f 515/515/515 514/514/514 530/530/530
f 515/515/515 530/530/530 531/531/531
f 514/514/514 516/516/516 532/532/532
f 514/514/514 532/532/532 530/530/530
f 518/518/518 517/517/517 533/533/533
f 518/518/518 533/533/533 534/534/534
f 517/517/517 519/519/519 535/535/535
f 517/517/517 535/535/535 533/533/533
f 519/519/519 520/520/520 536/536/536
f 519/519/519 536/536/536 535/535/535
f 520/520/520 521/521/521 537/537/537
f 520/520/520 537/537/537 536/536/536
f 521/521/521 522/522/522 538/538/538
f 521/521/521 538/538/538 537/537/537
f 522/522/522 523/523/523 539/539/539
f 522/522/522 539/539/539 538/538/538
f 523/523/523 524/524/524 540/540/540
f 523/523/523 540/540/540 539/539/539
f 524/524/524 525/525/525 541/541/541
f 524/524/524 541/541/541 540/540/540
f 525/525/525 526/526/526 542/542/542
f 525/525/525 542/542/542 541/541/541
f 526/526/526 527/527/527 543/543/543
f 526/526/526 543/543/543 542/542/542
f 527/527/527 528/528/528 544/544/544
f 527/527/527 544/544/544 543/543/543
f 528/528/528 529/529/529 545/545/545
f 528/528/528 545/545/545 544/544/544
f 531/531/531 530/530/530 546/546/546
f 531/531/531 546/546/546 547/547/547
f 530/530/530 532/532/532 548/548/548
f 530/530/530 548/548/548 546/546/546
f 534/534/534 533/533/533 549/549/549
f 534/534/534 549/549/549 550/550/550
f 533/533/533 535/535/535 551/551/551
f 533/533/533 551/551/551 549/549/549
f 535/535/535 536/536/536 552/552/552
f 535/535/535 552/552/552 551/551/551
f 536/536/536 537/537/537 553/553/553
f 536/536/536 553/553/553 552/552/552
f 537/537/537 538/538/538 554/554/554
f 537/537/537 554/554/554 553/553/553
f 538/538/538 539/539/539 555/555/555
f 538/538/538 555/555/555 554/554/554
f 539/539/539 540/540/540 556/556/556
f 539/539/539 556/556/556 555/555/555
f 540/540/540 541/541/541 557/557/557
f 540/540/540 557/557/557 556/556/556
f 541/541/541 542/542/542 558/558/558
f 541/541/541 558/558/558 557/557/557
f 542/542/542 543/543/543 559/559/559
f 542/542/542 559/559/559 558/558/558
f 543/543/543 544/544/544 560/560/560
f 543/543/543 560/560/560 559/559/559
f 544/544/544 545/545/545 561/561/561
f 544/544/544 561/561/561 560/560/560
f 547/547/547 546/546/546 562/562/562
f 547/547/547 562/562/562 563/563/563
f 546/546/546 548/548/548 564/564/564
f 546/546/546 564/564/564 562/562/562
f 550/550/550 549/549/549 565/565/565
f 550/550/550 565/565/565 566/566/566
f 549/549/549 551/551/551 567/567/567
f 549/549/549 567/567/567 565/565/565
f 551/551/551 552/552/552 568/568/568
f 551/551/551 568/568/568 567/567/567
f 552/552/552 553/553/553 569/569/569
f 552/552/552 569/569/569 568/568/568
f 553/553/553 554/554/554 570/570/570
f 553/553/553 570/570/570 569/569/569
f 554/554/554 555/555/555 571/571/571
f 554/554/554 571/571/571 570/570/570
f 555/555/555 556/556/556 572/572/572
f 555/555/555 572/572/572 571/571/571
f 556/556/556 557/557/557 573/573/573
f 556/556/556 573/573/573 572/572/572
f 557/557/557 558/558/558 574/574/574
f 557/557/557 574/574/574 573/573/573
f 558/558/558 559/559/559 575/575/575
f 558/558/558 575/575/575 574/574/574
f 559/559/559 560/560/560 576/576/576
f 559/559/559 576/576/576 575/575/575
f 560/560/560 561/561/561 577/577/577
f 560/560/560 577/577/577 576/576/576
f 563/563/563 562/562/562 578/578/578
f 563/563/563 578/578/578 579/579/579
f 562/562/562 564/564/564 580/580/580
f 562/562/562 580/580/580 578/578/578
f 566/566/566 565/565/565 581/581/581
f 566/566/566 581/581/581 582/582/582
f 565/565/565 567/567/567 583/583/583
f 565/565/565 583/583/583 581/581/581
f 567/567/567 568/568/568 584/584/584
f 567/567/567 584/584/584 583/583/583
f 568/568/568 569/569/569 585/585/585
f 568/568/568 585/585/585 584/584/584
f 569/569/569 570/570/570 586/586/586
f 569/569/569 586/586/586 585/585/585
f 570/570/570 571/571/571 587/587/587
f 570/570/570 587/587/587 586/586/586
f 571/571/571 572/572/572 588/588/588
f 571/571/571 588/588/588 587/587/587
f 572/572/572 573/573/573 589/589/589
f 572/572/572 589/589/589 588/588/588
f 573/573/573 574/574/574 590/590/590
f 573/573/573 590/590/590 589/589/589
f 574/574/574 575/575/575 591/591/591
f 574/574/574 591/591/591 590/590/590
f 575/575/575 576/576/576 592/592/592
f 575/575/575 592/592/592 591/591/591
f 576/576/576 577/577/577 593/593/593
f 576/576/576 593/593/593 592/592/592
f 579/579/579 578/578/578 594/594/594
f 579/579/579 594/594/594 595/595/595
f 578/578/578 580/580/580 596/596/596
f 578/578/578 596/596/596 594/594/594
f 582/582/582 581/581/581 597/597/597
f 582/582/582 597/597/597 598/598/598
f 581/581/581 583/583/583 599/599/599
f 581/581/581 599/599/599 597/597/597
f 583/583/583 584/584/584 600/600/600
f 583/583/583 600/600/600 599/599/599
f 584/584/584 585/585/585 601/601/601
f 584/584/584 601/601/601 600/600/600
f 585/585/585 586/586/586 602/602/602
f 585/585/585 602/602/602 601/601/601
f 586/586/586 587/587/587 603/603/603
f 586/586/586 603/603/603 602/602/602
f 587/587/587 588/588/588 604/604/604
f 587/587/587 604/604/604 603/603/603
f 588/588/588 589/589/589 605/605/605
f 588/588/588 605/605/605 604/604/604
f 589/589/589 590/590/590 606/606/606
f 589/589/589 606/606/606 605/605/605
f 590/590/590 591/591/591 607/607/607
f 590/590/590 607/607/607 606/606/606
f 591/591/591 592/592/592 608/608/608
f 591/591/591 608/608/608 607/607/607
f 592/592/592 593/593/593 609/609/609
f 592/592/592 609/609/609 608/608/608
f 595/595/595 594/594/594 610/610/610
f 595/595/595 610/610/610 611/611/611
f 594/594/594 596/596/596 612/612/612
f 594/594/594 612/612/612 610/610/610
f 598/598/598 597/597/597 613/613/613
f 598/598/598 613/613/613 614/614/614
f 597/597/597 599/599/599 615/615/615
f 597/597/597 615/615/615 613/613/613
f 599/599/599 600/600/600 616/616/616
f 599/599/599 616/616/616 615/615/615
f 600/600/600 601/601/601 617/617/617
f 600/600/600 617/617/617 616/616/616
f 601/601/601 602/602/602 618/618/618
f 601/601/601 618/618/618 617/617/617
f 602/602/602 603/603/603 619/619/619
f 602/602/602 619/619/619 618/618/618
f 603/603/603 604/604/604 620/620/620
f 603/603/603 620/620/620 619/619/619
f 604/604/604 605/605/605 621/621/621
f 604/604/604 621/621/621 620/620/620
f 605/605/605 606/606/606 622/622/622
f 605/605/605 622/622/622 621/621/621
f 606/606/606 607/607/607 623/623/623
f 606/606/606 623/623/623 622/622/622
f 607/607/607 608/608/608 624/624/624
f 607/607/607 624/624/624 623/623/623
f 608/608/608 609/609/609 625/625/625
f 608/608/608 625/625/625 624/624/624
f 611/611/611 610/610/610 626/626/626
f 611/611/611 626/626/626 627/627/627
f 610/610/610 612/612/612 628/628/628
f 610/610/610 628/628/628 626/626/626
f 614/614/614 613/613/613 629/629/629
f 614/614/614 629/629/629 630/630/630
f 613/613/613 615/615/615 631/631/631
f 613/613/613 631/631/631 629/629/629
f 615/615/615 616/616/616 632/632/632
f 615/615/615 632/632/632 631/631/631
f 616/616/616 617/617/617 633/633/633
f 616/616/616 633/633/633 632/632/632
f 617/617/617 618/618/618 634/634/634
f 617/617/617 634/634/634 633/633/633
f 618/618/618 619/619/619 635/635/635
f 618/618/618 635/635/635 634/634/634
f 619/619/619 620/620/620 636/636/636
f 619/619/619 636/636/636 635/635/635
f 620/620/620 621/621/621 637/637/637
f 620/620/620 637/637/637 636/636/636
f 621/621/621 622/622/622 638/638/638
f 621/621/621 638/638/638 637/637/637
f 639/639/639 640/640/640 641/641/641
f 639/639/639 641/641/641 642/642/642
f 640/640/640 643/643/643 644/644/644
f 640/640/640 644/644/644 641/641/641
f 643/643/643 645/645/645 646/646/646
f 643/643/643 646/646/646 644/644/644
f 645/645/645 647/647/647 648/648/648
f 645/645/645 648/648/648 646/646/646
f 626/626/626 628/628/628 649/649/649
f 626/626/626 649/649/649 650/650/650
f 630/630/630 629/629/629 651/651/651
f 630/630/630 651/651/651 652/652/652
f 629/629/629 631/631/631 653/653/653
f 629/629/629 653/653/653 651/651/651
f 631/631/631 632/632/632 654/654/654
f 631/631/631 654/654/654 653/653/653
f 632/632/632 633/633/633 655/655/655
f 632/632/632 655/655/655 654/654/654
f 633/633/633 634/634/634 656/656/656
f 633/633/633 656/656/656 655/655/655
f 657/657/657 658/658/658 659/659/659
f 657/657/657 659/659/659 660/660/660
f 658/658/658 661/661/661 662/662/662
f 658/658/658 662/662/662 659/659/659
f 661/661/661 663/663/663 664/664/664
f 661/661/661 664/664/664 662/662/662
f 663/663/663 642/642/642 665/665/665
f 663/663/663 665/665/665 664/664/664
f 642/642/642 641/641/641 666/666/666
f 642/642/642 666/666/666 665/665/665
f 641/641/641 644/644/644 667/667/667
f 641/641/641 667/667/667 666/666/666
f 644/644/644 646/646/646 668/668/668
f 644/644/644 668/668/668 667/667/667
f 646/646/646 648/648/648 669/669/669
f 646/646/646 669/669/669 668/668/668
f 648/648/648 670/670/670 671/671/671
f 648/648/648 671/671/671 669/669/669
f 672/672/672 673/673/673 421/421/421
f 672/672/672 421/421/421 674/674/674
f 673/673/673 675/675/675 422/422/422
f 673/673/673 422/422/422 421/421/421
f 675/675/675 676/676/676 425/425/425
f 675/675/675 425/425/425 422/422/422
f 676/676/676 677/677/677 427/427/427
f 676/676/676 427/427/427 425/425/425
f 677/677/677 678/678/678 429/429/429
f 677/677/677 429/429/429 427/427/427
f 678/678/678 679/679/679 431/431/431
f 678/678/678 431/431/431 429/429/429
f 679/679/679 680/680/680 433/433/433
f 679/679/679 433/433/433 431/431/431
f 680/680/680 681/681/681 435/435/435
f 680/680/680 435/435/435 433/433/433
f 681/681/681 682/682/682 437/437/437
f 681/681/681 437/437/437 435/435/435
f 683/683/683 684/684/684 685/685/685
f 683/683/683 685/685/685 686/686/686
f 684/684/684 687/687/687 688/688/688
f 684/684/684 688/688/688 685/685/685
f 687/687/687 689/689/689 690/690/690
f 687/687/687 690/690/690 688/688/688
f 689/689/689 691/691/691 692/692/692
f 689/689/689 692/692/692 690/690/690
f 691/691/691 693/693/693 694/694/694
f 691/691/691 694/694/694 692/692/692
f 695/695/695 696/696/696 451/451/451
f 695/695/695 451/451/451 448/448/448
f 696/696/696 697/697/697 698/698/698
f 696/696/696 698/698/698 451/451/451
f 451/451/451 698/698/698 699/699/699
f 451/451/451 699/699/699 452/452/452
f 452/452/452 699/699/699 700/700/700
f 452/452/452 700/700/700 468/468/468
f 468/468/468 700/700/700 701/701/701
f 468/468/468 701/701/701 484/484/484
f 484/484/484 701/701/701 702/702/702
f 484/484/484 702/702/702 500/500/500
f 500/500/500 702/702/702 703/703/703
f 500/500/500 703/703/703 516/516/516
f 516/516/516 703/703/703 704/704/704
f 516/516/516 704/704/704 532/532/532
f 532/532/532 704/704/704 705/705/705
f 532/532/532 705/705/705 548/548/548
f 548/548/548 705/705/705 706/706/706
f 548/548/548 706/706/706 564/564/564
f 564/564/564 706/706/706 707/707/707
f 564/564/564 707/707/707 580/580/580
f 580/580/580 707/707/707 708/708/708
f 580/580/580 708/708/708 596/596/596
f 596/596/596 708/708/708 709/709/709
f 596/596/596 709/709/709 612/612/612
f 612/612/612 709/709/709 710/710/710
f 612/612/612 710/710/710 628/628/628
f 628/628/628 710/710/710 711/711/711
f 628/628/628 711/711/711 649/649/649
f 649/649/649 711/711/711 712/712/712
f 649/649/649 712/712/712 713/713/713
f 671/671/671 714/714/714 715/715/715
f 671/671/671 715/715/715 716/716/716
f 669/669/669 671/671/671 716/716/716
f 669/669/669 716/716/716 717/717/717
f 668/668/668 669/669/669 717/717/717
f 668/668/668 717/717/717 718/718/718
f 667/667/667 668/668/668 718/718/718
f 667/667/667 718/718/718 719/719/719
f 666/666/666 667/667/667 719/719/719
f 666/666/666 719/719/719 720/720/720
f 665/665/665 666/666/666 720/720/720
f 665/665/665 720/720/720 721/721/721
f 664/664/664 665/665/665 721/721/721
f 664/664/664 721/721/721 722/722/722
f 662/662/662 664/664/664 722/722/722
f 662/662/662 722/722/722 723/723/723
f 659/659/659 662/662/662 723/723/723
f 659/659/659 723/723/723 724/724/724
f 660/660/660 659/659/659 724/724/724
f 660/660/660 724/724/724 725/725/725
f 726/726/726 660/660/660 725/725/725
f 726/726/726 725/725/725 727/727/727
f 728/728/728 726/726/726 727/727/727
f 728/728/728 727/727/727 729/729/729
f 730/730/730 728/728/728 729/729/729
f 730/730/730 729/729/729 731/731/731
f 651/651/651 653/653/653 732/732/732
f 651/651/651 732/732/732 733/733/733
f 652/652/652 651/651/651 733/733/733
f 652/652/652 733/733/733 734/734/734
f 735/735/735 652/652/652 734/734/734
f 735/735/735 734/734/734 736/736/736
f 737/737/737 630/630/630 652/652/652
f 737/737/737 652/652/652 735/735/735
f 738/738/738 614/614/614 630/630/630
f 738/738/738 630/630/630 737/737/737
f 739/739/739 598/598/598 614/614/614
f 739/739/739 614/614/614 738/738/738
f 740/740/740 582/582/582 598/598/598
f 740/740/740 598/598/598 739/739/739
f 741/741/741 566/566/566 582/582/582
f 741/741/741 582/582/582 740/740/740
f 742/742/742 550/550/550 566/566/566
f 742/742/742 566/566/566 741/741/741
f 743/743/743 534/534/534 550/550/550
f 743/743/743 550/550/550 742/742/742
f 744/744/744 518/518/518 534/534/534
f 744/744/744 534/534/534 743/743/743
f 745/745/745 502/502/502 518/518/518
f 745/745/745 518/518/518 744/744/744
f 746/746/746 486/486/486 502/502/502
f 746/746/746 502/502/502 745/745/745
f 747/747/747 470/470/470 486/486/486
f 747/747/747 486/486/486 746/746/746
f 748/748/748 454/454/454 470/470/470
f 748/748/748 470/470/470 747/747/747
f 749/749/749 424/424/424 454/454/454
f 749/749/749 454/454/454 748/748/748
f 674/674/674 421/421/421 424/424/424
f 674/674/674 424/424/424 749/749/749
f 750/750/750 751/751/751 752/752/752
f 750/750/750 752/752/752 753/753/753
f 751/751/751 754/754/754 755/755/755
f 751/751/751 755/755/755 752/752/752
f 754/754/754 756/756/756 757/757/757
f 754/754/754 757/757/757 755/755/755
f 756/756/756 758/758/758 759/759/759
f 756/756/756 759/759/759 757/757/757
f 758/758/758 760/760/760 761/761/761
f 758/758/758 761/761/761 759/759/759
f 760/760/760 762/762/762 763/763/763
f 760/760/760 763/763/763 761/761/761
f 762/762/762 764/764/764 765/765/765
f 762/762/762 765/765/765 763/763/763
f 764/764/764 766/766/766 767/767/767
f 764/764/764 767/767/767 765/765/765
f 766/766/766 768/768/768 769/769/769
f 766/766/766 769/769/769 767/767/767
f 768/768/768 770/770/770 771/771/771
f 768/768/768 771/771/771 769/769/769
f 770/770/770 772/772/772 773/773/773
f 770/770/770 773/773/773 771/771/771
f 772/772/772 774/774/774 775/775/775
f 772/772/772 775/775/775 773/773/773
f 774/774/774 776/776/776 777/777/777
f 774/774/774 777/777/777 775/775/775
f 776/776/776 778/778/778 779/779/779
f 776/776/776 779/779/779 777/777/777
f 753/753/753 752/752/752 780/780/780
f 753/753/753 780/780/780 781/781/781
f 752/752/752 755/755/755 782/782/782
f 752/752/752 782/782/782 780/780/780
f 755/755/755 757/757/757 783/783/783
f 755/755/755 783/783/783 782/782/782
f 757/757/757 759/759/759 784/784/784
f 757/757/757 784/784/784 783/783/783
f 759/759/759 761/761/761 785/785/785
f 759/759/759 785/785/785 784/784/784
f 761/761/761 763/763/763 786/786/786
f 761/761/761 786/786/786 785/785/785
f 763/763/763 765/765/765 787/787/787
f 763/763/763 787/787/787 786/786/786
f 765/765/765 767/767/767 788/788/788
f 765/765/765 788/788/788 787/787/787
f 767/767/767 769/769/769 789/789/789
f 767/767/767 789/789/789 788/788/788
f 769/769/769 771/771/771 790/790/790
f 769/769/769 790/790/790 789/789/789
f 771/771/771 773/773/773 791/791/791
f 771/771/771 791/791/791 790/790/790
f 773/773/773 775/775/775 792/792/792
f 773/773/773 792/792/792 791/791/791
f 775/775/775 777/777/777 793/793/793
f 775/775/775 793/793/793 792/792/792
f 777/777/777 779/779/779 794/794/794
f 777/777/777 794/794/794 793/793/793
f 781/781/781 780/780/780 795/795/795
f 781/781/781 795/795/795 796/796/796
f 780/780/780 782/782/782 797/797/797
f 780/780/780 797/797/797 795/795/795
f 782/782/782 783/783/783 798/798/798
f 782/782/782 798/798/798 797/797/797
f 783/783/783 784/784/784 799/799/799
f 783/783/783 799/799/799 798/798/798
f 784/784/784 785/785/785 800/800/800
f 784/784/784 800/800/800 799/799/799
f 785/785/785 786/786/786 801/801/801
f 785/785/785 801/801/801 800/800/800
f 786/786/786 787/787/787 802/802/802
f 786/786/786 802/802/802 801/801/801
f 787/787/787 788/788/788 803/803/803
f 787/787/787 803/803/803 802/802/802
f 788/788/788 789/789/789 804/804/804
f 788/788/788 804/804/804 803/803/803
f 789/789/789 790/790/790 805/805/805
f 789/789/789 805/805/805 804/804/804
f 790/790/790 791/791/791 806/806/806
f 790/790/790 806/806/806 805/805/805
f 791/791/791 792/792/792 807/807/807
f 791/791/791 807/807/807 806/806/806
f 792/792/792 793/793/793 808/808/808
f 792/792/792 808/808/808 807/807/807
f 793/793/793 794/794/794 809/809/809
f 793/793/793 809/809/809 808/808/808
f 796/796/796 795/795/795 810/810/810
f 796/796/796 810/810/810 811/811/811
f 795/795/795 797/797/797 812/812/812
f 795/795/795 812/812/812 810/810/810
f 797/797/797 798/798/798 813/813/813
f 797/797/797 813/813/813 812/812/812
f 798/798/798 799/799/799 814/814/814
f 798/798/798 814/814/814 813/813/813
f 799/799/799 800/800/800 815/815/815
f 799/799/799 815/815/815 814/814/814
f 800/800/800 801/801/801 816/816/816
f 800/800/800 816/816/816 815/815/815
f 801/801/801 802/802/802 817/817/817
f 801/801/801 817/817/817 816/816/816
f 802/802/802 803/803/803 818/818/818
f 802/802/802 818/818/818 817/817/817
f 803/803/803 804/804/804 819/819/819
f 803/803/803 819/819/819 818/818/818
f 804/804/804 805/805/805 820/820/820
f 804/804/804 820/820/820 819/819/819
f 805/805/805 806/806/806 821/821/821
f 805/805/805 821/821/821 820/820/820
f 806/806/806 807/807/807 822/822/822
f 806/806/806 822/822/822 821/821/821
f 807/807/807 808/808/808 823/823/823
f 807/807/807 823/823/823 822/822/822
f 808/808/808 809/809/809 824/824/824
f 808/808/808 824/824/824 823/823/823
f 811/811/811 810/810/810 825/825/825
f 811/811/811 825/825/825 826/826/826
f 810/810/810 812/812/812 827/827/827
f 810/810/810 827/827/827 825/825/825
f 812/812/812 813/813/813 828/828/828
f 812/812/812 828/828/828 827/827/827
f 813/813/813 814/814/814 829/829/829
f 813/813/813 829/829/829 828/828/828
f 814/814/814 815/815/815 830/830/830
f 814/814/814 830/830/830 829/829/829
f 815/815/815 816/816/816 831/831/831
f 815/815/815 831/831/831 830/830/830
f 816/816/816 817/817/817 832/832/832
f 816/816/816 832/832/832 831/831/831
f 817/817/817 818/818/818 833/833/833
f 817/817/817 833/833/833 832/832/832
f 818/818/818 819/819/819 834/834/834
f 818/818/818 834/834/834 833/833/833
f 819/819/819 820/820/820 835/835/835
f 819/819/819 835/835/835 834/834/834
f 820/820/820 821/821/821 836/836/836
f 820/820/820 836/836/836 835/835/835
f 821/821/821 822/822/822 837/837/837
f 821/821/821 837/837/837 836/836/836
f 822/822/822 823/823/823 838/838/838
f 822/822/822 838/838/838 837/837/837
f 823/823/823 824/824/824 839/839/839
f 823/823/823 839/839/839 838/838/838
f 826/826/826 825/825/825 840/840/840
f 826/826/826 840/840/840 841/841/841
f 825/825/825 827/827/827 842/842/842
f 825/825/825 842/842/842 840/840/840
f 827/827/827 828/828/828 843/843/843
f 827/827/827 843/843/843 842/842/842
f 828/828/828 829/829/829 844/844/844
f 828/828/828 844/844/844 843/843/843
f 829/829/829 830/830/830 845/845/845
f 829/829/829 845/845/845 844/844/844
f 830/830/830 831/831/831 846/846/846
f 830/830/830 846/846/846 845/845/845
f 831/831/831 832/832/832 847/847/847
f 831/831/831 847/847/847 846/846/846
f 832/832/832 833/833/833 848/848/848
f 832/832/832 848/848/848 847/847/847
f 833/833/833 834/834/834 849/849/849
f 833/833/833 849/849/849 848/848/848
f 834/834/834 835/835/835 850/850/850
f 834/834/834 850/850/850 849/849/849
f 835/835/835 836/836/836 851/851/851
f 835/835/835 851/851/851 850/850/850
f 836/836/836 837/837/837 852/852/852
f 836/836/836 852/852/852 851/851/851
f 837/837/837 838/838/838 853/853/853
f 837/837/837 853/853/853 852/852/852
f 838/838/838 839/839/839 854/854/854
f 838/838/838 854/854/854 853/853/853
f 841/841/841 840/840/840 855/855/855
f 841/841/841 855/855/855 856/856/856
f 840/840/840 842/842/842 857/857/857
f 840/840/840 857/857/857 855/855/855
f 842/842/842 843/843/843 858/858/858
f 842/842/842 858/858/858 857/857/857
f 843/843/843 844/844/844 859/859/859
f 843/843/843 859/859/859 858/858/858
f 844/844/844 845/845/845 860/860/860
f 844/844/844 860/860/860 859/859/859
f 845/845/845 846/846/846 861/861/861
f 845/845/845 861/861/861 860/860/860
f 846/846/846 847/847/847 862/862/862
f 846/846/846 862/862/862 861/861/861
f 847/847/847 848/848/848 863/863/863
f 847/847/847 863/863/863 862/862/862
f 848/848/848 849/849/849 864/864/864
f 848/848/848 864/864/864 863/863/863
f 849/849/849 850/850/850 865/865/865
f 849/849/849 865/865/865 864/864/864
f 850/850/850 851/851/851 866/866/866
f 850/850/850 866/866/866 865/865/865
f 851/851/851 852/852/852 867/867/867
f 851/851/851 867/867/867 866/866/866
f 852/852/852 853/853/853 868/868/868
f 852/852/852 868/868/868 867/867/867
f 853/853/853 854/854/854 869/869/869
f 853/853/853 869/869/869 868/868/868
f 856/856/856 855/855/855 870/870/870
f 856/856/856 870/870/870 871/871/871
f 855/855/855 857/857/857 872/872/872
f 855/855/855 872/872/872 870/870/870
f 857/857/857 858/858/858 873/873/873
f 857/857/857 873/873/873 872/872/872
f 858/858/858 859/859/859 874/874/874
f 858/858/858 874/874/874 873/873/873
f 859/859/859 860/860/860 875/875/875
f 859/859/859 875/875/875 874/874/874
f 860/860/860 861/861/861 876/876/876
f 860/860/860 876/876/876 875/875/875
f 861/861/861 862/862/862 877/877/877
f 861/861/861 877/877/877 876/876/876
f 862/862/862 863/863/863 878/878/878
f 862/862/862 878/878/878 877/877/877
f 863/863/863 864/864/864 879/879/879
f 863/863/863 879/879/879 878/878/878
f 864/864/864 865/865/865 880/880/880
f 864/864/864 880/880/880 879/879/879
f 865/865/865 866/866/866 881/881/881
f 865/865/865 881/881/881 880/880/880
f 866/866/866 867/867/867 882/882/882
f 866/866/866 882/882/882 881/881/881
f 867/867/867 868/868/868 883/883/883
f 867/867/867 883/883/883 882/882/882
f 868/868/868 869/869/869 884/884/884
f 868/868/868 884/884/884 883/883/883
f 871/871/871 870/870/870 885/885/885
f 871/871/871 885/885/885 886/886/886
f 870/870/870 872/872/872 887/887/887
f 870/870/870 887/887/887 885/885/885
f 872/872/872 873/873/873 888/888/888
f 872/872/872 888/888/888 887/887/887
f 873/873/873 874/874/874 889/889/889
f 873/873/873 889/889/889 888/888/888
f 874/874/874 875/875/875 890/890/890
f 874/874/874 890/890/890 889/889/889
f 875/875/875 876/876/876 891/891/891
f 875/875/875 891/891/891 890/890/890
f 876/876/876 877/877/877 892/892/892
f 876/876/876 892/892/892 891/891/891
f 877/877/877 878/878/878 893/893/893
f 877/877/877 893/893/893 892/892/892
f 878/878/878 879/879/879 894/894/894
f 878/878/878 894/894/894 893/893/893
f 879/879/879 880/880/880 895/895/895
f 879/879/879 895/895/895 894/894/894
f 880/880/880 881/881/881 896/896/896
f 880/880/880 896/896/896 895/895/895
f 881/881/881 882/882/882 897/897/897
f 881/881/881 897/897/897 896/896/896
f 882/882/882 883/883/883 898/898/898
f 882/882/882 898/898/898 897/897/897
f 883/883/883 884/884/884 899/899/899
f 883/883/883 899/899/899 898/898/898
f 886/886/886 885/885/885 900/900/900
f 886/886/886 900/900/900 901/901/901
f 885/885/885 887/887/887 902/902/902
f 885/885/885 902/902/902 900/900/900
f 887/887/887 888/888/888 903/903/903
f 887/887/887 903/903/903 902/902/902
f 888/888/888 889/889/889 904/904/904
f 888/888/888 904/904/904 903/903/903
f 889/889/889 890/890/890 905/905/905
f 889/889/889 905/905/905 904/904/904
f 890/890/890 891/891/891 906/906/906
f 890/890/890 906/906/906 905/905/905
f 891/891/891 892/892/892 907/907/907
f 891/891/891 907/907/907 906/906/906
f 892/892/892 893/893/893 908/908/908
f 892/892/892 908/908/908 907/907/907
f 893/893/893 894/894/894 909/909/909
f 893/893/893 909/909/909 908/908/908
f 894/894/894 895/895/895 910/910/910
f 894/894/894 910/910/910 909/909/909
f 895/895/895 896/896/896 911/911/911
f 895/895/895 911/911/911 910/910/910
f 896/896/896 897/897/897 912/912/912
f 896/896/896 912/912/912 911/911/911
f 897/897/897 898/898/898 913/913/913
f 897/897/897 913/913/913 912/912/912
f 898/898/898 899/899/899 914/914/914
f 898/898/898 914/914/914 913/913/913
f 901/901/901 900/900/900 915/915/915
f 901/901/901 915/915/915 916/916/916
f 900/900/900 902/902/902 917/917/917
f 900/900/900 917/917/917 915/915/915
f 902/902/902 903/903/903 918/918/918
f 902/902/902 918/918/918 917/917/917
f 903/903/903 904/904/904 919/919/919
f 903/903/903 919/919/919 918/918/918
f 904/904/904 905/905/905 920/920/920
f 904/904/904 920/920/920 919/919/919
f 905/905/905 906/906/906 921/921/921
f 905/905/905 921/921/921 920/920/920
f 906/906/906 907/907/907 922/922/922
f 906/906/906 922/922/922 921/921/921
f 907/907/907 908/908/908 923/923/923
f 907/907/907 923/923/923 922/922/922
f 908/908/908 909/909/909 924/924/924
f 908/908/908 924/924/924 923/923/923
f 909/909/909 910/910/910 925/925/925
f 909/909/909 925/925/925 924/924/924
f 910/910/910 911/911/911 926/926/926
f 910/910/910 926/926/926 925/925/925
f 911/911/911 912/912/912 927/927/927
f 911/911/911 927/927/927 926/926/926
f 912/912/912 913/913/913 928/928/928
f 912/912/912 928/928/928 927/927/927
f 913/913/913 914/914/914 929/929/929
f 913/913/913 929/929/929 928/928/928
f 916/916/916 915/915/915 930/930/930
f 916/916/916 930/930/930 931/931/931
f 915/915/915 917/917/917 932/932/932
f 915/915/915 932/932/932 930/930/930
f 917/917/917 918/918/918 933/933/933
f 917/917/917 933/933/933 932/932/932
f 918/918/918 919/919/919 934/934/934
f 918/918/918 934/934/934 933/933/933
f 919/919/919 920/920/920 935/935/935
f 919/919/919 935/935/935 934/934/934
f 920/920/920 921/921/921 936/936/936
f 920/920/920 936/936/936 935/935/935
f 921/921/921 922/922/922 937/937/937
f 921/921/921 937/937/937 936/936/936
f 922/922/922 923/923/923 938/938/938
f 922/922/922 938/938/938 937/937/937
f 923/923/923 924/924/924 939/939/939
f 923/923/923 939/939/939 938/938/938
f 924/924/924 925/925/925 940/940/940
f 924/924/924 940/940/940 939/939/939
f 925/925/925 926/926/926 941/941/941
f 925/925/925 941/941/941 940/940/940
f 926/926/926 927/927/927 942/942/942
f 926/926/926 942/942/942 941/941/941
f 927/927/927 928/928/928 943/943/943
f 927/927/927 943/943/943 942/942/942
f 928/928/928 929/929/929 944/944/944
f 928/928/928 944/944/944 943/943/943
f 931/931/931 930/930/930 945/945/945
f 931/931/931 945/945/945 946/946/946
f 930/930/930 932/932/932 947/947/947
f 930/930/930 947/947/947 945/945/945
f 932/932/932 933/933/933 948/948/948
f 932/932/932 948/948/948 947/947/947
f 933/933/933 934/934/934 949/949/949
f 933/933/933 949/949/949 948/948/948
f 934/934/934 935/935/935 950/950/950
f 934/934/934 950/950/950 949/949/949
f 935/935/935 936/936/936 951/951/951
f 935/935/935 951/951/951 950/950/950
f 936/936/936 937/937/937 952/952/952
f 936/936/936 952/952/952 951/951/951
f 937/937/937 938/938/938 953/953/953
f 937/937/937 953/953/953 952/952/952
f 938/938/938 939/939/939 954/954/954
f 938/938/938 954/954/954 953/953/953
f 939/939/939 940/940/940 955/955/955
f 939/939/939 955/955/955 954/954/954
f 940/940/940 941/941/941 956/956/956
f 940/940/940 956/956/956 955/955/955
f 941/941/941 942/942/942 957/957/957
f 941/941/941 957/957/957 956/956/956
f 942/942/942 943/943/943 958/958/958
f 942/942/942 958/958/958 957/957/957
f 943/943/943 944/944/944 959/959/959
f 943/943/943 959/959/959 958/958/958
f 946/946/946 945/945/945 960/960/960
f 946/946/946 960/960/960 961/961/961
f 945/945/945 947/947/947 962/962/962
f 945/945/945 962/962/962 960/960/960
f 947/947/947 948/948/948 963/963/963
f 947/947/947 963/963/963 962/962/962
f 948/948/948 949/949/949 964/964/964
f 948/948/948 964/964/964 963/963/963
f 949/949/949 950/950/950 965/965/965
f 949/949/949 965/965/965 964/964/964
f 950/950/950 951/951/951 966/966/966
f 950/950/950 966/966/966 965/965/965
f 951/951/951 952/952/952 967/967/967
f 951/951/951 967/967/967 966/966/966
f 952/952/952 953/953/953 968/968/968
f 952/952/952 968/968/968 967/967/967
f 953/953/953 954/954/954 969/969/969
f 953/953/953 969/969/969 968/968/968
f 954/954/954 955/955/955 970/970/970
f 954/954/954 970/970/970 969/969/969
f 955/955/955 956/956/956 971/971/971
f 955/955/955 971/971/971 970/970/970
f 956/956/956 957/957/957 972/972/972
f 956/956/956 972/972/972 971/971/971
f 957/957/957 958/958/958 973/973/973
f 957/957/957 973/973/973 972/972/972
f 958/958/958 959/959/959 974/974/974
f 958/958/958 974/974/974 973/973/973
f 975/975/975 976/976/976 750/750/750
f 975/975/975 750/750/750 977/977/977
f 976/976/976 978/978/978 751/751/751
f 976/976/976 751/751/751 750/750/750
f 978/978/978 979/979/979 754/754/754
f 978/978/978 754/754/754 751/751/751
f 979/979/979 980/980/980 756/756/756
f 979/979/979 756/756/756 754/754/754
f 980/980/980 981/981/981 758/758/758
f 980/980/980 758/758/758 756/756/756
f 981/981/981 982/982/982 760/760/760
f 981/981/981 760/760/760 758/758/758
f 982/982/982 983/983/983 762/762/762
f 982/982/982 762/762/762 760/760/760
f 983/983/983 984/984/984 764/764/764
f 983/983/983 764/764/764 762/762/762
f 984/984/984 985/985/985 766/766/766
f 984/984/984 766/766/766 764/764/764
f 985/985/985 986/986/986 768/768/768
f 985/985/985 768/768/768 766/766/766
f 986/986/986 987/987/987 770/770/770
f 986/986/986 770/770/770 768/768/768
f 987/987/987 988/988/988 772/772/772
f 987/987/987 772/772/772 770/770/770
f 988/988/988 989/989/989 774/774/774
f 988/988/988 774/774/774 772/772/772
f 989/989/989 990/990/990 776/776/776
f 989/989/989 776/776/776 774/774/774
f 990/990/990 991/991/991 778/778/778
f 990/990/990 778/778/778 776/776/776
f 992/992/992 736/736/736 734/734/734
f 992/992/992 734/734/734 993/993/993
f 778/778/778 994/994/994 995/995/995
f 778/778/778 995/995/995 779/779/779
f 779/779/779 995/995/995 731/731/731
f 779/779/779 731/731/731 794/794/794
f 794/794/794 731/731/731 729/729/729
f 794/794/794 729/729/729 809/809/809
f 809/809/809 729/729/729 727/727/727
f 809/809/809 727/727/727 824/824/824
f 824/824/824 727/727/727 725/725/725
f 824/824/824 725/725/725 839/839/839
f 839/839/839 725/725/725 724/724/724
f 839/839/839 724/724/724 854/854/854
f 854/854/854 724/724/724 723/723/723
f 854/854/854 723/723/723 869/869/869
f 869/869/869 723/723/723 722/722/722
f 869/869/869 722/722/722 884/884/884
f 884/884/884 722/722/722 721/721/721
f 884/884/884 721/721/721 899/899/899
f 899/899/899 721/721/721 720/720/720
f 899/899/899 720/720/720 914/914/914
f 914/914/914 720/720/720 719/719/719
f 914/914/914 719/719/719 929/929/929
f 929/929/929 719/719/719 718/718/718
f 929/929/929 718/718/718 944/944/944
f 944/944/944 718/718/718 717/717/717
f 944/944/944 717/717/717 959/959/959
f 959/959/959 717/717/717 716/716/716
f 959/959/959 716/716/716 974/974/974
f 974/974/974 716/716/716 715/715/715
f 974/974/974 715/715/715 996/996/996
f 973/973/973 974/974/974 996/996/996
f 973/973/973 996/996/996 997/997/997
f 972/972/972 973/973/973 997/997/997
f 972/972/972 997/997/997 998/998/998
f 971/971/971 972/972/972 998/998/998
f 971/971/971 998/998/998 999/999/999
f 970/970/970 971/971/971 999/999/999
f 970/970/970 999/999/999 1000/1000/1000
f 969/969/969 970/970/970 1000/1000/1000
f 969/969/969 1000/1000/1000 1001/1001/1001
f 968/968/968 969/969/969 1001/1001/1001
f 968/968/968 1001/1001/1001 1002/1002/1002
f 967/967/967 968/968/968 1002/1002/1002
f 967/967/967 1002/1002/1002 1003/1003/1003
f 966/966/966 967/967/967 1003/1003/1003
f 966/966/966 1003/1003/1003 1004/1004/1004
f 965/965/965 966/966/966 1004/1004/1004
f 965/965/965 1004/1004/1004 1005/1005/1005
f 964/964/964 965/965/965 1005/1005/1005
f 964/964/964 1005/1005/1005 1006/1006/1006
f 963/963/963 964/964/964 1006/1006/1006
f 963/963/963 1006/1006/1006 1007/1007/1007
f 962/962/962 963/963/963 1007/1007/1007
f 962/962/962 1007/1007/1007 1008/1008/1008
f 960/960/960 962/962/962 1008/1008/1008
f 960/960/960 1008/1008/1008 1009/1009/1009
f 961/961/961 960/960/960 1009/1009/1009
f 961/961/961 1009/1009/1009 1010/1010/1010
f 1011/1011/1011 961/961/961 1010/1010/1010
f 1011/1011/1011 1010/1010/1010 1012/1012/1012
f 1013/1013/1013 946/946/946 961/961/961
f 1013/1013/1013 961/961/961 1011/1011/1011
f 1014/1014/1014 931/931/931 946/946/946
f 1014/1014/1014 946/946/946 1013/1013/1013
f 1015/1015/1015 916/916/916 931/931/931
f 1015/1015/1015 931/931/931 1014/1014/1014
f 1016/1016/1016 901/901/901 916/916/916
f 1016/1016/1016 916/916/916 1015/1015/1015
f 1017/1017/1017 886/886/886 901/901/901
f 1017/1017/1017 901/901/901 1016/1016/1016
f 1018/1018/1018 871/871/871 886/886/886
f 1018/1018/1018 886/886/886 1017/1017/1017
f 1019/1019/1019 856/856/856 871/871/871
f 1019/1019/1019 871/871/871 1018/1018/1018
f 1020/1020/1020 841/841/841 856/856/856
f 1020/1020/1020 856/856/856 1019/1019/1019
f 1021/1021/1021 826/826/826 841/841/841
f 1021/1021/1021 841/841/841 1020/1020/1020
f 1022/1022/1022 811/811/811 826/826/826
f 1022/1022/1022 826/826/826 1021/1021/1021
f 1023/1023/1023 796/796/796 811/811/811
f 1023/1023/1023 811/811/811 1022/1022/1022
f 1024/1024/1024 781/781/781 796/796/796
f 1024/1024/1024 796/796/796 1023/1023/1023
f 1025/1025/1025 753/753/753 781/781/781
f 1025/1025/1025 781/781/781 1024/1024/1024
f 977/977/977 750/750/750 753/753/753
f 977/977/977 753/753/753 1025/1025/1025
f 1026/1026/1026 1027/1027/1027 1028/1028/1028
f 1026/1026/1026 1028/1028/1028 1029/1029/1029
f 1027/1027/1027 1030/1030/1030 1031/1031/1031
f 1027/1027/1027 1031/1031/1031 1028/1028/1028
f 1030/1030/1030 1032/1032/1032 1033/1033/1033
f 1030/1030/1030 1033/1033/1033 1031/1031/1031
f 1032/1032/1032 1034/1034/1034 1035/1035/1035
f 1032/1032/1032 1035/1035/1035 1033/1033/1033
f 1034/1034/1034 1036/1036/1036 1037/1037/1037
f 1034/1034/1034 1037/1037/1037 1035/1035/1035
f 1036/1036/1036 1038/1038/1038 1039/1039/1039
f 1036/1036/1036 1039/1039/1039 1037/1037/1037
f 1038/1038/1038 1040/1040/1040 1041/1041/1041
f 1038/1038/1038 1041/1041/1041 1039/1039/1039
f 1040/1040/1040 1042/1042/1042 1043/1043/1043
f 1040/1040/1040 1043/1043/1043 1041/1041/1041
f 1042/1042/1042 1044/1044/1044 1045/1045/1045
f 1042/1042/1042 1045/1045/1045 1043/1043/1043
f 1044/1044/1044 1046/1046/1046 1047/1047/1047
f 1044/1044/1044 1047/1047/1047 1045/1045/1045
f 1046/1046/1046 1048/1048/1048 1049/1049/1049
f 1046/1046/1046 1049/1049/1049 1047/1047/1047
f 1048/1048/1048 1050/1050/1050 1051/1051/1051
f 1048/1048/1048 1051/1051/1051 1049/1049/1049
f 1050/1050/1050 1052/1052/1052 1053/1053/1053
f 1050/1050/1050 1053/1053/1053 1051/1051/1051
f 1052/1052/1052 1054/1054/1054 1055/1055/1055
f 1052/1052/1052 1055/1055/1055 1053/1053/1053
f 1029/1029/1029 1028/1028/1028 1056/1056/1056
f 1029/1029/1029 1056/1056/1056 1057/1057/1057
f 1028/1028/1028 1031/1031/1031 1058/1058/1058
f 1028/1028/1028 1058/1058/1058 1056/1056/1056
f 1031/1031/1031 1033/1033/1033 1059/1059/1059
f 1031/1031/1031 1059/1059/1059 1058/1058/1058
f 1033/1033/1033 1035/1035/1035 1060/1060/1060
f 1033/1033/1033 1060/1060/1060 1059/1059/1059
f 1035/1035/1035 1037/1037/1037 1061/1061/1061
f 1035/1035/1035 1061/1061/1061 1060/1060/1060
f 1037/1037/1037 1039/1039/1039 1062/1062/1062
f 1037/1037/1037 1062/1062/1062 1061/1061/1061
f 1039/1039/1039 1041/1041/1041 1063/1063/1063
f 1039/1039/1039 1063/1063/1063 1062/1062/1062
f 1041/1041/1041 1043/1043/1043 1064/1064/1064
f 1041/1041/1041 1064/1064/1064 1063/1063/1063
f 1043/1043/1043 1045/1045/1045 1065/1065/1065
f 1043/1043/1043 1065/1065/1065 1064/1064/1064
f 1045/1045/1045 1047/1047/1047 1066/1066/1066
f 1045/1045/1045 1066/1066/1066 1065/1065/1065
f 1047/1047/1047 1049/1049/1049 1067/1067/1067
f 1047/1047/1047 1067/1067/1067 1066/1066/1066
f 1049/1049/1049 1051/1051/1051 1068/1068/1068
f 1049/1049/1049 1068/1068/1068 1067/1067/1067
f 1051/1051/1051 1053/1053/1053 1069/1069/1069
f 1051/1051/1051 1069/1069/1069 1068/1068/1068
f 1053/1053/1053 1055/1055/1055 1070/1070/1070
f 1053/1053/1053 1070/1070/1070 1069/1069/1069
f 1057/1057/1057 1056/1056/1056 1071/1071/1071
f 1057/1057/1057 1071/1071/1071 1072/1072/1072
f 1056/1056/1056 1058/1058/1058 1073/1073/1073
f 1056/1056/1056 1073/1073/1073 1071/1071/1071
f 1058/1058/1058 1059/1059/1059 1074/1074/1074
f 1058/1058/1058 1074/1074/1074 1073/1073/1073
f 1059/1059/1059 1060/1060/1060 1075/1075/1075
f 1059/1059/1059 1075/1075/1075 1074/1074/1074
f 1060/1060/1060 1061/1061/1061 1076/1076/1076
f 1060/1060/1060 1076/1076/1076 1075/1075/1075
f 1061/1061/1061 1062/1062/1062 1077/1077/1077
f 1061/1061/1061 1077/1077/1077 1076/1076/1076
f 1062/1062/1062 1063/1063/1063 1078/1078/1078
f 1062/1062/1062 1078/1078/1078 1077/1077/1077
f 1063/1063/1063 1064/1064/1064 1079/1079/1079
f 1063/1063/1063 1079/1079/1079 1078/1078/1078
f 1064/1064/1064 1065/1065/1065 1080/1080/1080
f 1064/1064/1064 1080/1080/1080 1079/1079/1079
f 1065/1065/1065 1066/1066/1066 1081/1081/1081
f 1065/1065/1065 1081/1081/1081 1080/1080/1080
f 1066/1066/1066 1067/1067/1067 1082/1082/1082
f 1066/1066/1066 1082/1082/1082 1081/1081/1081
f 1067/1067/1067 1068/1068/1068 1083/1083/1083
f 1067/1067/1067 1083/1083/1083 1082/1082/1082
f 1068/1068/1068 1069/1069/1069 1084/1084/1084
f 1068/1068/1068 1084/1084/1084 1083/1083/1083
f 1069/1069/1069 1070/1070/1070 1085/1085/1085
f 1069/1069/1069 1085/1085/1085 1084/1084/1084
f 1072/1072/1072 1071/1071/1071 1086/1086/1086
f 1072/1072/1072 1086/1086/1086 1087/1087/1087
f 1071/1071/1071 1073/1073/1073 1088/1088/1088
f 1071/1071/1071 1088/1088/1088 1086/1086/1086
f 1073/1073/1073 1074/1074/1074 1089/1089/1089
f 1073/1073/1073 1089/1089/1089 1088/1088/1088
f 1074/1074/1074 1075/1075/1075 1090/1090/1090
f 1074/1074/1074 1090/1090/1090 1089/1089/1089
f 1075/1075/1075 1076/1076/1076 1091/1091/1091
f 1075/1075/1075 1091/1091/1091 1090/1090/1090
f 1076/1076/1076 1077/1077/1077 1092/1092/1092
f 1076/1076/1076 1092/1092/1092 1091/1091/1091
f 1077/1077/1077 1078/1078/1078 1093/1093/1093
f 1077/1077/1077 1093/1093/1093 1092/1092/1092
f 1078/1078/1078 1079/1079/1079 1094/1094/1094
f 1078/1078/1078 1094/1094/1094 1093/1093/1093
f 1079/1079/1079 1080/1080/1080 1095/1095/1095
f 1079/1079/1079 1095/1095/1095 1094/1094/1094
f 1080/1080/1080 1081/1081/1081 1096/1096/1096
f 1080/1080/1080 1096/1096/1096 1095/1095/1095
f 1081/1081/1081 1082/1082/1082 1097/1097/1097
f 1081/1081/1081 1097/1097/1097 1096/1096/1096
f 1082/1082/1082 1083/1083/1083 1098/1098/1098
f 1082/1082/1082 1098/1098/1098 1097/1097/1097
f 1083/1083/1083 1084/1084/1084 1099/1099/1099
f 1083/1083/1083 1099/1099/1099 1098/1098/1098
f 1084/1084/1084 1085/1085/1085 1100/1100/1100
f 1084/1084/1084 1100/1100/1100 1099/1099/1099
f 1087/1087/1087 1086/1086/1086 1101/1101/1101
f 1087/1087/1087 1101/1101/1101 1102/1102/1102
f 1086/1086/1086 1088/1088/1088 1103/1103/1103
f 1086/1086/1086 1103/1103/1103 1101/1101/1101
f 1088/1088/1088 1089/1089/1089 1104/1104/1104
f 1088/1088/1088 1104/1104/1104 1103/1103/1103
f 1089/1089/1089 1090/1090/1090 1105/1105/1105
f 1089/1089/1089 1105/1105/1105 1104/1104/1104
f 1090/1090/1090 1091/1091/1091 1106/1106/1106
f 1090/1090/1090 1106/1106/1106 1105/1105/1105
f 1091/1091/1091 1092/1092/1092 1107/1107/1107
f 1091/1091/1091 1107/1107/1107 1106/1106/1106
f 1092/1092/1092 1093/1093/1093 1108/1108/1108
f 1092/1092/1092 1108/1108/1108 1107/1107/1107
f 1093/1093/1093 1094/1094/1094 1109/1109/1109
f 1093/1093/1093 1109/1109/1109 1108/1108/1108
f 1094/1094/1094 1095/1095/1095 1110/1110/1110
f 1094/1094/1094 1110/1110/1110 1109/1109/1109
f 1095/1095/1095 1096/1096/1096 1111/1111/1111
f 1095/1095/1095 1111/1111/1111 1110/1110/1110
f 1096/1096/1096 1097/1097/1097 1112/1112/1112
f 1096/1096/1096 1112/1112/1112 1111/1111/1111
f 1097/1097/1097 1098/1098/1098 1113/1113/1113
f 1097/1097/1097 1113/1113/1113 1112/1112/1112
f 1098/1098/1098 1099/1099/1099 1114/1114/1114
f 1098/1098/1098 1114/1114/1114 1113/1113/1113
f 1099/1099/1099 1100/1100/1100 1115/1115/1115
f 1099/1099/1099 1115/1115/1115 1114/1114/1114
f 1102/1102/1102 1101/1101/1101 1116/1116/1116
f 1102/1102/1102 1116/1116/1116 1117/1117/1117
f 1101/1101/1101 1103/1103/1103 1118/1118/1118
f 1101/1101/1101 1118/1118/1118 1116/1116/1116
f 1103/1103/1103 1104/1104/1104 1119/1119/1119
f 1103/1103/1103 1119/1119/1119 1118/1118/1118
f 1104/1104/1104 1105/1105/1105 1120/1120/1120
f 1104/1104/1104 1120/1120/1120 1119/1119/1119
f 1105/1105/1105 1106/1106/1106 1121/1121/1121
f 1105/1105/1105 1121/1121/1121 1120/1120/1120
f 1106/1106/1106 1107/1107/1107 1122/1122/1122
f 1106/1106/1106 1122/1122/1122 1121/1121/1121
f 1107/1107/1107 1108/1108/1108 1123/1123/1123
f 1107/1107/1107 1123/1123/1123 1122/1122/1122
f 1108/1108/1108 1109/1109/1109 1124/1124/1124
f 1108/1108/1108 1124/1124/1124 1123/1123/1123
f 1109/1109/1109 1110/1110/1110 1125/1125/1125
f 1109/1109/1109 1125/1125/1125 1124/1124/1124
f 1110/1110/1110 1111/1111/1111 1126/1126/1126
f 1110/1110/1110 1126/1126/1126 1125/1125/1125
f 1111/1111/1111 1112/1112/1112 1127/1127/1127
f 1111/1111/1111 1127/1127/1127 1126/1126/1126
f 1112/1112/1112 1113/1113/1113 1128/1128/1128
f 1112/1112/1112 1128/1128/1128 1127/1127/1127
f 1113/1113/1113 1114/1114/1114 1129/1129/1129
f 1113/1113/1113 1129/1129/1129 1128/1128/1128
f 1114/1114/1114 1115/1115/1115 1130/1130/1130
f 1114/1114/1114 1130/1130/1130 1129/1129/1129
f 1117/1117/1117 1116/1116/1116 1131/1131/1131
f 1117/1117/1117 1131/1131/1131 1132/1132/1132
f 1116/1116/1116 1118/1118/1118 1133/1133/1133
f 1116/1116/1116 1133/1133/1133 1131/1131/1131
f 1118/1118/1118 1119/1119/1119 1134/1134/1134
f 1118/1118/1118 1134/1134/1134 1133/1133/1133
f 1119/1119/1119 1120/1120/1120 1135/1135/1135
f 1119/1119/1119 1135/1135/1135 1134/1134/1134
f 1120/1120/1120 1121/1121/1121 1136/1136/1136
f 1120/1120/1120 1136/1136/1136 1135/1135/1135
f 1121/1121/1121 1122/1122/1122 1137/1137/1137
f 1121/1121/1121 1137/1137/1137 1136/1136/1136
f 1122/1122/1122 1123/1123/1123 1138/1138/1138
f 1122/1122/1122 1138/1138/1138 1137/1137/1137
f 1123/1123/1123 1124/1124/1124 1139/1139/1139
f 1123/1123/1123 1139/1139/1139 1138/1138/1138
f 1124/1124/1124 1125/1125/1125 1140/1140/1140
f 1124/1124/1124 1140/1140/1140 1139/1139/1139
f 1125/1125/1125 1126/1126/1126 1141/1141/1141
f 1125/1125/1125 1141/1141/1141 1140/1140/1140
f 1126/1126/1126 1127/1127/1127 1142/1142/1142
f 1126/1126/1126 1142/1142/1142 1141/1141/1141
f 1127/1127/1127 1128/1128/1128 1143/1143/1143
f 1127/1127/1127 1143/1143/1143 1142/1142/1142
f 1128/1128/1128 1129/1129/1129 1144/1144/1144
f 1128/1128/1128 1144/1144/1144 1143/1143/1143
f 1129/1129/1129 1130/1130/1130 1145/1145/1145
f 1129/1129/1129 1145/1145/1145 1144/1144/1144
f 1132/1132/1132 1131/1131/1131 1146/1146/1146
f 1132/1132/1132 1146/1146/1146 1147/1147/1147
f 1131/1131/1131 1133/1133/1133 1148/1148/1148
f 1131/1131/1131 1148/1148/1148 1146/1146/1146
f 1133/1133/1133 1134/1134/1134 1149/1149/1149
f 1133/1133/1133 1149/1149/1149 1148/1148/1148
f 1134/1134/1134 1135/1135/1135 1150/1150/1150
f 1134/1134/1134 1150/1150/1150 1149/1149/1149
f 1135/1135/1135 1136/1136/1136 1151/1151/1151
f 1135/1135/1135 1151/1151/1151 1150/1150/1150
f 1136/1136/1136 1137/1137/1137 1152/1152/1152
f 1136/1136/1136 1152/1152/1152 1151/1151/1151
f 1137/1137/1137 1138/1138/1138 1153/1153/1153
f 1137/1137/1137 1153/1153/1153 1152/1152/1152
f 1138/1138/1138 1139/1139/1139 1154/1154/1154
f 1138/1138/1138 1154/1154/1154 1153/1153/1153
f 1139/1139/1139 1140/1140/1140 1155/1155/1155
f 1139/1139/1139 1155/1155/1155 1154/1154/1154
f 1140/1140/1140 1141/1141/1141 1156/1156/1156
f 1140/1140/1140 1156/1156/1156 1155/1155/1155
f 1141/1141/1141 1142/1142/1142 1157/1157/1157
f 1141/1141/1141 1157/1157/1157 1156/1156/1156
f 1142/1142/1142 1143/1143/1143 1158/1158/1158
f 1142/1142/1142 1158/1158/1158 1157/1157/1157
f 1143/1143/1143 1144/1144/1144 1159/1159/1159
f 1143/1143/1143 1159/1159/1159 1158/1158/1158
f 1144/1144/1144 1145/1145/1145 1160/1160/1160
f 1144/1144/1144 1160/1160/1160 1159/1159/1159
f 1147/1147/1147 1146/1146/1146 1161/1161/1161
f 1147/1147/1147 1161/1161/1161 1162/1162/1162
f 1146/1146/1146 1148/1148/1148 1163/1163/1163
f 1146/1146/1146 1163/1163/1163 1161/1161/1161
f 1148/1148/1148 1149/1149/1149 1164/1164/1164
f 1148/1148/1148 1164/1164/1164 1163/1163/1163
f 1149/1149/1149 1150/1150/1150 1165/1165/1165
f 1149/1149/1149 1165/1165/1165 1164/1164/1164
f 1150/1150/1150 1151/1151/1151 1166/1166/1166
f 1150/1150/1150 1166/1166/1166 1165/1165/1165
f 1151/1151/1151 1152/1152/1152 1167/1167/1167
f 1151/1151/1151 1167/1167/1167 1166/1166/1166
f 1152/1152/1152 1153/1153/1153 1168/1168/1168
f 1152/1152/1152 1168/1168/1168 1167/1167/1167
f 1153/1153/1153 1154/1154/1154 1169/1169/1169
f 1153/1153/1153 1169/1169/1169 1168/1168/1168
f 1154/1154/1154 1155/1155/1155 1170/1170/1170
f 1154/1154/1154 1170/1170/1170 1169/1169/1169
f 1155/1155/1155 1156/1156/1156 1171/1171/1171
f 1155/1155/1155 1171/1171/1171 1170/1170/1170
f 1156/1156/1156 1157/1157/1157 1172/1172/1172
f 1156/1156/1156 1172/1172/1172 1171/1171/1171
f 1157/1157/1157 1158/1158/1158 1173/1173/1173
f 1157/1157/1157 1173/1173/1173 1172/1172/1172
f 1158/1158/1158 1159/1159/1159 1174/1174/1174
f 1158/1158/1158 1174/1174/1174 1173/1173/1173
f 1159/1159/1159 1160/1160/1160 1175/1175/1175
f 1159/1159/1159 1175/1175/1175 1174/1174/1174
f 1162/1162/1162 1161/1161/1161 1176/1176/1176
f 1162/1162/1162 1176/1176/1176 1177/1177/1177
f 1161/1161/1161 1163/1163/1163 1178/1178/1178
f 1161/1161/1161 1178/1178/1178 1176/1176/1176
f 1163/1163/1163 1164/1164/1164 1179/1179/1179
f 1163/1163/1163 1179/1179/1179 1178/1178/1178
f 1164/1164/1164 1165/1165/1165 1180/1180/1180
f 1164/1164/1164 1180/1180/1180 1179/1179/1179
f 1165/1165/1165 1166/1166/1166 1181/1181/1181
f 1165/1165/1165 1181/1181/1181 1180/1180/1180
f 1166/1166/1166 1167/1167/1167 1182/1182/1182
f 1166/1166/1166 1182/1182/1182 1181/1181/1181
f 1167/1167/1167 1168/1168/1168 1183/1183/1183
f 1167/1167/1167 1183/1183/1183 1182/1182/1182
f 1168/1168/1168 1169/1169/1169 1184/1184/1184
f 1168/1168/1168 1184/1184/1184 1183/1183/1183
f 1169/1169/1169 1170/1170/1170 1185/1185/1185
f 1169/1169/1169 1185/1185/1185 1184/1184/1184
f 1170/1170/1170 1171/1171/1171 1186/1186/1186
f 1170/1170/1170 1186/1186/1186 1185/1185/1185
f 1171/1171/1171 1172/1172/1172 1187/1187/1187
f 1171/1171/1171 1187/1187/1187 1186/1186/1186
f 1172/1172/1172 1173/1173/1173 1188/1188/1188
f 1172/1172/1172 1188/1188/1188 1187/1187/1187
f 1173/1173/1173 1174/1174/1174 1189/1189/1189
f 1173/1173/1173 1189/1189/1189 1188/1188/1188
f 1174/1174/1174 1175/1175/1175 1190/1190/1190
f 1174/1174/1174 1190/1190/1190 1189/1189/1189
f 1177/1177/1177 1176/1176/1176 1191/1191/1191
f 1177/1177/1177 1191/1191/1191 1192/1192/1192
f 1176/1176/1176 1178/1178/1178 1193/1193/1193
f 1176/1176/1176 1193/1193/1193 1191/1191/1191
f 1178/1178/1178 1179/1179/1179 1194/1194/1194
f 1178/1178/1178 1194/1194/1194 1193/1193/1193
f 1179/1179/1179 1180/1180/1180 1195/1195/1195
f 1179/1179/1179 1195/1195/1195 1194/1194/1194
f 1180/1180/1180 1181/1181/1181 1196/1196/1196
f 1180/1180/1180 1196/1196/1196 1195/1195/1195
f 1181/1181/1181 1182/1182/1182 1197/1197/1197
f 1181/1181/1181 1197/1197/1197 1196/1196/1196
f 1182/1182/1182 1183/1183/1183 1198/1198/1198
f 1182/1182/1182 1198/1198/1198 1197/1197/1197
f 1183/1183/1183 1184/1184/1184 1199/1199/1199
f 1183/1183/1183 1199/1199/1199 1198/1198/1198
f 1184/1184/1184 1185/1185/1185 1200/1200/1200
f 1184/1184/1184 1200/1200/1200 1199/1199/1199
f 1185/1185/1185 1186/1186/1186 1201/1201/1201
f 1185/1185/1185 1201/1201/1201 1200/1200/1200
f 1186/1186/1186 1187/1187/1187 1202/1202/1202
f 1186/1186/1186 1202/1202/1202 1201/1201/1201
f 1187/1187/1187 1188/1188/1188 1203/1203/1203
f 1187/1187/1187 1203/1203/1203 1202/1202/1202
f 1188/1188/1188 1189/1189/1189 1204/1204/1204
f 1188/1188/1188 1204/1204/1204 1203/1203/1203
f 1189/1189/1189 1190/1190/1190 1205/1205/1205
f 1189/1189/1189 1205/1205/1205 1204/1204/1204
f 1192/1192/1192 1191/1191/1191 1206/1206/1206
f 1192/1192/1192 1206/1206/1206 1207/1207/1207
f 1191/1191/1191 1193/1193/1193 1208/1208/1208
f 1191/1191/1191 1208/1208/1208 1206/1206/1206
f 1193/1193/1193 1194/1194/1194 1209/1209/1209
f 1193/1193/1193 1209/1209/1209 1208/1208/1208
f 1194/1194/1194 1195/1195/1195 1210/1210/1210
f 1194/1194/1194 1210/1210/1210 1209/1209/1209
f 1195/1195/1195 1196/1196/1196 1211/1211/1211
f 1195/1195/1195 1211/1211/1211 1210/1210/1210
f 1196/1196/1196 1197/1197/1197 1212/1212/1212
f 1196/1196/1196 1212/1212/1212 1211/1211/1211
f 1197/1197/1197 1198/1198/1198 1213/1213/1213
f 1197/1197/1197 1213/1213/1213 1212/1212/1212
f 1198/1198/1198 1199/1199/1199 1214/1214/1214
f 1198/1198/1198 1214/1214/1214 1213/1213/1213
f 1199/1199/1199 1200/1200/1200 1215/1215/1215
f 1199/1199/1199 1215/1215/1215 1214/1214/1214
f 1200/1200/1200 1201/1201/1201 1216/1216/1216
f 1200/1200/1200 1216/1216/1216 1215/1215/1215
f 1201/1201/1201 1202/1202/1202 1217/1217/1217
f 1201/1201/1201 1217/1217/1217 1216/1216/1216
f 1202/1202/1202 1203/1203/1203 1218/1218/1218
f 1202/1202/1202 1218/1218/1218 1217/1217/1217
f 1203/1203/1203 1204/1204/1204 1219/1219/1219
f 1203/1203/1203 1219/1219/1219 1218/1218/1218
f 1204/1204/1204 1205/1205/1205 1220/1220/1220
f 1204/1204/1204 1220/1220/1220 1219/1219/1219
f 1207/1207/1207 1206/1206/1206 1221/1221/1221
f 1207/1207/1207 1221/1221/1221 1222/1222/1222
f 1206/1206/1206 1208/1208/1208 1223/1223/1223
f 1206/1206/1206 1223/1223/1223 1221/1221/1221
f 1208/1208/1208 1209/1209/1209 1224/1224/1224
f 1208/1208/1208 1224/1224/1224 1223/1223/1223
f 1209/1209/1209 1210/1210/1210 1225/1225/1225
f 1209/1209/1209 1225/1225/1225 1224/1224/1224
f 1210/1210/1210 1211/1211/1211 1226/1226/1226
f 1210/1210/1210 1226/1226/1226 1225/1225/1225
f 1211/1211/1211 1212/1212/1212 1227/1227/1227
f 1211/1211/1211 1227/1227/1227 1226/1226/1226
f 1212/1212/1212 1213/1213/1213 1228/1228/1228
f 1212/1212/1212 1228/1228/1228 1227/1227/1227
f 1213/1213/1213 1214/1214/1214 1229/1229/1229
f 1213/1213/1213 1229/1229/1229 1228/1228/1228
f 1214/1214/1214 1215/1215/1215 1230/1230/1230
f 1214/1214/1214 1230/1230/1230 1229/1229/1229
f 1215/1215/1215 1216/1216/1216 1231/1231/1231
f 1215/1215/1215 1231/1231/1231 1230/1230/1230
f 1216/1216/1216 1217/1217/1217 1232/1232/1232
f 1216/1216/1216 1232/1232/1232 1231/1231/1231
f 1217/1217/1217 1218/1218/1218 1233/1233/1233
f 1217/1217/1217 1233/1233/1233 1232/1232/1232
f 1218/1218/1218 1219/1219/1219 1234/1234/1234
f 1218/1218/1218 1234/1234/1234 1233/1233/1233
f 1219/1219/1219 1220/1220/1220 1235/1235/1235
f 1219/1219/1219 1235/1235/1235 1234/1234/1234
f 1222/1222/1222 1221/1221/1221 1236/1236/1236
f 1222/1222/1222 1236/1236/1236 1237/1237/1237
f 1221/1221/1221 1223/1223/1223 1238/1238/1238
f 1221/1221/1221 1238/1238/1238 1236/1236/1236
f 1223/1223/1223 1224/1224/1224 1239/1239/1239
f 1223/1223/1223 1239/1239/1239 1238/1238/1238
f 1224/1224/1224 1225/1225/1225 1240/1240/1240
f 1224/1224/1224 1240/1240/1240 1239/1239/1239
f 1225/1225/1225 1226/1226/1226 1241/1241/1241
f 1225/1225/1225 1241/1241/1241 1240/1240/1240
f 1226/1226/1226 1227/1227/1227 1242/1242/1242
f 1226/1226/1226 1242/1242/1242 1241/1241/1241
f 1227/1227/1227 1228/1228/1228 1243/1243/1243
f 1227/1227/1227 1243/1243/1243 1242/1242/1242
f 1228/1228/1228 1229/1229/1229 1244/1244/1244
f 1228/1228/1228 1244/1244/1244 1243/1243/1243
f 1229/1229/1229 1230/1230/1230 1245/1245/1245
f 1229/1229/1229 1245/1245/1245 1244/1244/1244
f 1230/1230/1230 1231/1231/1231 1246/1246/1246
f 1230/1230/1230 1246/1246/1246 1245/1245/1245
f 1231/1231/1231 1232/1232/1232 1247/1247/1247
f 1231/1231/1231 1247/1247/1247 1246/1246/1246
f 1232/1232/1232 1233/1233/1233 1248/1248/1248
f 1232/1232/1232 1248/1248/1248 1247/1247/1247
f 1233/1233/1233 1234/1234/1234 1249/1249/1249
f 1233/1233/1233 1249/1249/1249 1248/1248/1248
f 1234/1234/1234 1235/1235/1235 1250/1250/1250
f 1234/1234/1234 1250/1250/1250 1249/1249/1249
f 1012/1012/1012 1010/1010/1010 1251/1251/1251
f 1012/1012/1012 1251/1251/1251 1252/1252/1252
f 1010/1010/1010 1009/1009/1009 1253/1253/1253
f 1010/1010/1010 1253/1253/1253 1251/1251/1251
f 1009/1009/1009 1008/1008/1008 1254/1254/1254
f 1009/1009/1009 1254/1254/1254 1253/1253/1253
f 1008/1008/1008 1007/1007/1007 1255/1255/1255
f 1008/1008/1008 1255/1255/1255 1254/1254/1254
f 1007/1007/1007 1006/1006/1006 1256/1256/1256
f 1007/1007/1007 1256/1256/1256 1255/1255/1255
f 1006/1006/1006 1005/1005/1005 1257/1257/1257
f 1006/1006/1006 1257/1257/1257 1256/1256/1256
f 1005/1005/1005 1004/1004/1004 1258/1258/1258
f 1005/1005/1005 1258/1258/1258 1257/1257/1257
f 1004/1004/1004 1003/1003/1003 1259/1259/1259
f 1004/1004/1004 1259/1259/1259 1258/1258/1258
f 1003/1003/1003 1002/1002/1002 1260/1260/1260
f 1003/1003/1003 1260/1260/1260 1259/1259/1259
f 1002/1002/1002 1001/1001/1001 1261/1261/1261
f 1002/1002/1002 1261/1261/1261 1260/1260/1260
f 1001/1001/1001 1000/1000/1000 1262/1262/1262
f 1001/1001/1001 1262/1262/1262 1261/1261/1261
f 1000/1000/1000 999/999/999 1263/1263/1263
f 1000/1000/1000 1263/1263/1263 1262/1262/1262
f 999/999/999 998/998/998 1264/1264/1264
f 999/999/999 1264/1264/1264 1263/1263/1263
f 998/998/998 997/997/997 1265/1265/1265
f 998/998/998 1265/1265/1265 1264/1264/1264
f 997/997/997 996/996/996 1266/1266/1266
f 997/997/997 1266/1266/1266 1265/1265/1265
f 996/996/996 715/715/715 714/714/714
f 996/996/996 714/714/714 1266/1266/1266
f 1054/1054/1054 712/712/712 711/711/711
f 1054/1054/1054 711/711/711 1055/1055/1055
f 1055/1055/1055 711/711/711 710/710/710
f 1055/1055/1055 710/710/710 1070/1070/1070
f 1070/1070/1070 710/710/710 709/709/709
f 1070/1070/1070 709/709/709 1085/1085/1085
f 1085/1085/1085 709/709/709 708/708/708
f 1085/1085/1085 708/708/708 1100/1100/1100
f 1100/1100/1100 708/708/708 707/707/707
f 1100/1100/1100 707/707/707 1115/1115/1115
f 1115/1115/1115 707/707/707 706/706/706
f 1115/1115/1115 706/706/706 1130/1130/1130
f 1130/1130/1130 706/706/706 705/705/705
f 1130/1130/1130 705/705/705 1145/1145/1145
f 1145/1145/1145 705/705/705 704/704/704
f 1145/1145/1145 704/704/704 1160/1160/1160
f 1160/1160/1160 704/704/704 703/703/703
f 1160/1160/1160 703/703/703 1175/1175/1175
f 1175/1175/1175 703/703/703 702/702/702
f 1175/1175/1175 702/702/702 1190/1190/1190
f 1190/1190/1190 702/702/702 701/701/701
f 1190/1190/1190 701/701/701 1205/1205/1205
f 1205/1205/1205 701/701/701 700/700/700
f 1205/1205/1205 700/700/700 1220/1220/1220
f 1220/1220/1220 700/700/700 699/699/699
f 1220/1220/1220 699/699/699 1235/1235/1235
f 1235/1235/1235 699/699/699 698/698/698
f 1235/1235/1235 698/698/698 1250/1250/1250
f 1250/1250/1250 698/698/698 697/697/697
f 1250/1250/1250 697/697/697 1267/1267/1267
f 1249/1249/1249 1250/1250/1250 1267/1267/1267
f 1249/1249/1249 1267/1267/1267 1268/1268/1268
f 1248/1248/1248 1249/1249/1249 1268/1268/1268
f 1248/1248/1248 1268/1268/1268 1269/1269/1269
f 1247/1247/1247 1248/1248/1248 1269/1269/1269
f 1247/1247/1247 1269/1269/1269 1270/1270/1270
f 1246/1246/1246 1247/1247/1247 1270/1270/1270
f 1246/1246/1246 1270/1270/1270 1271/1271/1271
f 1245/1245/1245 1246/1246/1246 1271/1271/1271
f 1245/1245/1245 1271/1271/1271 1272/1272/1272
f 1244/1244/1244 1245/1245/1245 1272/1272/1272
f 1244/1244/1244 1272/1272/1272 1273/1273/1273
f 1243/1243/1243 1244/1244/1244 1273/1273/1273
f 1243/1243/1243 1273/1273/1273 1274/1274/1274
f 1242/1242/1242 1243/1243/1243 1274/1274/1274
f 1242/1242/1242 1274/1274/1274 1275/1275/1275
f 1241/1241/1241 1242/1242/1242 1275/1275/1275
f 1241/1241/1241 1275/1275/1275 1276/1276/1276
f 1240/1240/1240 1241/1241/1241 1276/1276/1276
f 1240/1240/1240 1276/1276/1276 1277/1277/1277
f 1239/1239/1239 1240/1240/1240 1277/1277/1277
f 1239/1239/1239 1277/1277/1277 1278/1278/1278
f 1238/1238/1238 1239/1239/1239 1278/1278/1278
f 1238/1238/1238 1278/1278/1278 1279/1279/1279
f 1236/1236/1236 1238/1238/1238 1279/1279/1279
f 1236/1236/1236 1279/1279/1279 1280/1280/1280
f 1237/1237/1237 1236/1236/1236 1280/1280/1280
f 1237/1237/1237 1280/1280/1280 1281/1281/1281
f 1282/1282/1282 1237/1237/1237 1281/1281/1281
f 1282/1282/1282 1281/1281/1281 1283/1283/1283
f 1284/1284/1284 1222/1222/1222 1237/1237/1237
f 1284/1284/1284 1237/1237/1237 1282/1282/1282
f 1285/1285/1285 1207/1207/1207 1222/1222/1222
f 1285/1285/1285 1222/1222/1222 1284/1284/1284
f 1286/1286/1286 1192/1192/1192 1207/1207/1207
f 1286/1286/1286 1207/1207/1207 1285/1285/1285
f 1287/1287/1287 1177/1177/1177 1192/1192/1192
f 1287/1287/1287 1192/1192/1192 1286/1286/1286
f 1288/1288/1288 1162/1162/1162 1177/1177/1177
f 1288/1288/1288 1177/1177/1177 1287/1287/1287
f 1289/1289/1289 1147/1147/1147 1162/1162/1162
f 1289/1289/1289 1162/1162/1162 1288/1288/1288
f 1290/1290/1290 1132/1132/1132 1147/1147/1147
f 1290/1290/1290 1147/1147/1147 1289/1289/1289
f 1291/1291/1291 1117/1117/1117 1132/1132/1132
f 1291/1291/1291 1132/1132/1132 1290/1290/1290
f 1292/1292/1292 1102/1102/1102 1117/1117/1117
f 1292/1292/1292 1117/1117/1117 1291/1291/1291
f 1293/1293/1293 1087/1087/1087 1102/1102/1102
f 1293/1293/1293 1102/1102/1102 1292/1292/1292
f 1294/1294/1294 1072/1072/1072 1087/1087/1087
f 1294/1294/1294 1087/1087/1087 1293/1293/1293
f 1295/1295/1295 1057/1057/1057 1072/1072/1072
f 1295/1295/1295 1072/1072/1072 1294/1294/1294
f 1296/1296/1296 1029/1029/1029 1057/1057/1057
f 1296/1296/1296 1057/1057/1057 1295/1295/1295
f 1297/1297/1297 1026/1026/1026 1029/1029/1029
f 1297/1297/1297 1029/1029/1029 1296/1296/1296
f 1298/1298/1298 1299/1299/1299 1300/1300/1300
f 1298/1298/1298 1300/1300/1300 1301/1301/1301
f 1299/1299/1299 1302/1302/1302 1303/1303/1303
f 1299/1299/1299 1303/1303/1303 1300/1300/1300
f 1302/1302/1302 1304/1304/1304 1305/1305/1305
f 1302/1302/1302 1305/1305/1305 1303/1303/1303
f 1304/1304/1304 1306/1306/1306 1307/1307/1307
f 1304/1304/1304 1307/1307/1307 1305/1305/1305
f 1306/1306/1306 1308/1308/1308 1309/1309/1309
f 1306/1306/1306 1309/1309/1309 1307/1307/1307
f 1308/1308/1308 1310/1310/1310 1311/1311/1311
f 1308/1308/1308 1311/1311/1311 1309/1309/1309
f 1310/1310/1310 1312/1312/1312 1313/1313/1313
f 1310/1310/1310 1313/1313/1313 1311/1311/1311
f 1312/1312/1312 1314/1314/1314 1315/1315/1315
f 1312/1312/1312 1315/1315/1315 1313/1313/1313
f 1314/1314/1314 1316/1316/1316 1317/1317/1317
f 1314/1314/1314 1317/1317/1317 1315/1315/1315
f 1316/1316/1316 1318/1318/1318 1319/1319/1319
f 1316/1316/1316 1319/1319/1319 1317/1317/1317
f 1318/1318/1318 1320/1320/1320 1321/1321/1321
f 1318/1318/1318 1321/1321/1321 1319/1319/1319
f 1320/1320/1320 1322/1322/1322 1323/1323/1323
f 1320/1320/1320 1323/1323/1323 1321/1321/1321
f 1324/1324/1324 1325/1325/1325 1326/1326/1326
f 1324/1324/1324 1326/1326/1326 1327/1327/1327
f 1328/1328/1328 1329/1329/1329 1330/1330/1330
f 1328/1328/1328 1330/1330/1330 1331/1331/1331
f 1301/1301/1301 1300/1300/1300 1332/1332/1332
f 1301/1301/1301 1332/1332/1332 1333/1333/1333
f 1300/1300/1300 1303/1303/1303 1334/1334/1334
f 1300/1300/1300 1334/1334/1334 1332/1332/1332
f 1303/1303/1303 1305/1305/1305 1335/1335/1335
f 1303/1303/1303 1335/1335/1335 1334/1334/1334
f 1305/1305/1305 1307/1307/1307 1336/1336/1336
f 1305/1305/1305 1336/1336/1336 1335/1335/1335
f 1307/1307/1307 1309/1309/1309 1337/1337/1337
f 1307/1307/1307 1337/1337/1337 1336/1336/1336
f 1309/1309/1309 1311/1311/1311 1338/1338/1338
f 1309/1309/1309 1338/1338/1338 1337/1337/1337
f 1311/1311/1311 1313/1313/1313 1339/1339/1339
f 1311/1311/1311 1339/1339/1339 1338/1338/1338
f 1313/1313/1313 1315/1315/1315 1340/1340/1340
f 1313/1313/1313 1340/1340/1340 1339/1339/1339
f 1315/1315/1315 1317/1317/1317 1341/1341/1341
f 1315/1315/1315 1341/1341/1341 1340/1340/1340
f 1317/1317/1317 1319/1319/1319 1342/1342/1342
f 1317/1317/1317 1342/1342/1342 1341/1341/1341
f 1319/1319/1319 1321/1321/1321 1343/1343/1343
f 1319/1319/1319 1343/1343/1343 1342/1342/1342
f 1321/1321/1321 1323/1323/1323 1344/1344/1344
f 1321/1321/1321 1344/1344/1344 1343/1343/1343
f 1323/1323/1323 1345/1345/1345 1346/1346/1346
f 1323/1323/1323 1346/1346/1346 1344/1344/1344
f 1331/1331/1331 1330/1330/1330 1347/1347/1347
f 1331/1331/1331 1347/1347/1347 1348/1348/1348
f 1333/1333/1333 1332/1332/1332 1349/1349/1349
f 1333/1333/1333 1349/1349/1349 1350/1350/1350
f 1332/1332/1332 1334/1334/1334 1351/1351/1351
f 1332/1332/1332 1351/1351/1351 1349/1349/1349
f 1334/1334/1334 1335/1335/1335 1352/1352/1352
f 1334/1334/1334 1352/1352/1352 1351/1351/1351
f 1335/1335/1335 1336/1336/1336 1353/1353/1353
f 1335/1335/1335 1353/1353/1353 1352/1352/1352
f 1336/1336/1336 1337/1337/1337 1354/1354/1354
f 1336/1336/1336 1354/1354/1354 1353/1353/1353
f 1337/1337/1337 1338/1338/1338 1355/1355/1355
f 1337/1337/1337 1355/1355/1355 1354/1354/1354
f 1338/1338/1338 1339/1339/1339 1356/1356/1356
f 1338/1338/1338 1356/1356/1356 1355/1355/1355
f 1339/1339/1339 1340/1340/1340 1357/1357/1357
f 1339/1339/1339 1357/1357/1357 1356/1356/1356
f 1340/1340/1340 1341/1341/1341 1358/1358/1358
f 1340/1340/1340 1358/1358/1358 1357/1357/1357
f 1341/1341/1341 1342/1342/1342 1359/1359/1359
f 1341/1341/1341 1359/1359/1359 1358/1358/1358
f 1342/1342/1342 1343/1343/1343 1360/1360/1360
f 1342/1342/1342 1360/1360/1360 1359/1359/1359
f 1343/1343/1343 1344/1344/1344 1361/1361/1361
f 1343/1343/1343 1361/1361/1361 1360/1360/1360
f 1344/1344/1344 1346/1346/1346 1362/1362/1362
f 1344/1344/1344 1362/1362/1362 1361/1361/1361
f 1348/1348/1348 1347/1347/1347 1363/1363/1363
f 1348/1348/1348 1363/1363/1363 1364/1364/1364
f 1350/1350/1350 1349/1349/1349 1365/1365/1365
f 1350/1350/1350 1365/1365/1365 1366/1366/1366
f 1349/1349/1349 1351/1351/1351 1367/1367/1367
f 1349/1349/1349 1367/1367/1367 1365/1365/1365
f 1351/1351/1351 1352/1352/1352 1368/1368/1368
f 1351/1351/1351 1368/1368/1368 1367/1367/1367
f 1352/1352/1352 1353/1353/1353 1369/1369/1369
f 1352/1352/1352 1369/1369/1369 1368/1368/1368
f 1353/1353/1353 1354/1354/1354 1370/1370/1370
f 1353/1353/1353 1370/1370/1370 1369/1369/1369
f 1354/1354/1354 1355/1355/1355 1371/1371/1371
f 1354/1354/1354 1371/1371/1371 1370/1370/1370
f 1355/1355/1355 1356/1356/1356 1372/1372/1372
f 1355/1355/1355 1372/1372/1372 1371/1371/1371
f 1356/1356/1356 1357/1357/1357 1373/1373/1373
f 1356/1356/1356 1373/1373/1373 1372/1372/1372
f 1357/1357/1357 1358/1358/1358 1374/1374/1374
f 1357/1357/1357 1374/1374/1374 1373/1373/1373
f 1358/1358/1358 1359/1359/1359 1375/1375/1375
f 1358/1358/1358 1375/1375/1375 1374/1374/1374
f 1359/1359/1359 1360/1360/1360 1376/1376/1376
f 1359/1359/1359 1376/1376/1376 1375/1375/1375
f 1360/1360/1360 1361/1361/1361 1377/1377/1377
f 1360/1360/1360 1377/1377/1377 1376/1376/1376
f 1361/1361/1361 1362/1362/1362 1378/1378/1378
f 1361/1361/1361 1378/1378/1378 1377/1377/1377
f 1364/1364/1364 1363/1363/1363 1379/1379/1379
f 1364/1364/1364 1379/1379/1379 1380/1380/1380
f 1366/1366/1366 1365/1365/1365 1381/1381/1381
f 1366/1366/1366 1381/1381/1381 1382/1382/1382
f 1365/1365/1365 1367/1367/1367 1383/1383/1383
f 1365/1365/1365 1383/1383/1383 1381/1381/1381
f 1367/1367/1367 1368/1368/1368 1384/1384/1384
f 1367/1367/1367 1384/1384/1384 1383/1383/1383
f 1368/1368/1368 1369/1369/1369 1385/1385/1385
f 1368/1368/1368 1385/1385/1385 1384/1384/1384
f 1369/1369/1369 1370/1370/1370 1386/1386/1386
f 1369/1369/1369 1386/1386/1386 1385/1385/1385
f 1370/1370/1370 1371/1371/1371 1387/1387/1387
f 1370/1370/1370 1387/1387/1387 1386/1386/1386
f 1371/1371/1371 1372/1372/1372 1388/1388/1388
f 1371/1371/1371 1388/1388/1388 1387/1387/1387
f 1372/1372/1372 1373/1373/1373 1389/1389/1389
f 1372/1372/1372 1389/1389/1389 1388/1388/1388
f 1373/1373/1373 1374/1374/1374 1390/1390/1390
f 1373/1373/1373 1390/1390/1390 1389/1389/1389
f 1374/1374/1374 1375/1375/1375 1391/1391/1391
f 1374/1374/1374 1391/1391/1391 1390/1390/1390
f 1375/1375/1375 1376/1376/1376 1392/1392/1392
f 1375/1375/1375 1392/1392/1392 1391/1391/1391
f 1376/1376/1376 1377/1377/1377 1393/1393/1393
f 1376/1376/1376 1393/1393/1393 1392/1392/1392
f 1377/1377/1377 1378/1378/1378 1394/1394/1394
f 1377/1377/1377 1394/1394/1394 1393/1393/1393
f 1380/1380/1380 1379/1379/1379 1395/1395/1395
f 1380/1380/1380 1395/1395/1395 1396/1396/1396
f 1382/1382/1382 1381/1381/1381 1397/1397/1397
f 1382/1382/1382 1397/1397/1397 1398/1398/1398
f 1381/1381/1381 1383/1383/1383 1399/1399/1399
f 1381/1381/1381 1399/1399/1399 1397/1397/1397
f 1383/1383/1383 1384/1384/1384 1400/1400/1400
f 1383/1383/1383 1400/1400/1400 1399/1399/1399
f 1384/1384/1384 1385/1385/1385 1401/1401/1401
f 1384/1384/1384 1401/1401/1401 1400/1400/1400
f 1385/1385/1385 1386/1386/1386 1402/1402/1402
f 1385/1385/1385 1402/1402/1402 1401/1401/1401
f 1386/1386/1386 1387/1387/1387 1403/1403/1403
f 1386/1386/1386 1403/1403/1403 1402/1402/1402
f 1387/1387/1387 1388/1388/1388 1404/1404/1404
f 1387/1387/1387 1404/1404/1404 1403/1403/1403
f 1388/1388/1388 1389/1389/1389 1405/1405/1405
f 1388/1388/1388 1405/1405/1405 1404/1404/1404
f 1389/1389/1389 1390/1390/1390 1406/1406/1406
f 1389/1389/1389 1406/1406/1406 1405/1405/1405
f 1390/1390/1390 1391/1391/1391 1407/1407/1407
f 1390/1390/1390 1407/1407/1407 1406/1406/1406
f 1391/1391/1391 1392/1392/1392 1408/1408/1408
f 1391/1391/1391 1408/1408/1408 1407/1407/1407
f 1392/1392/1392 1393/1393/1393 1409/1409/1409
f 1392/1392/1392 1409/1409/1409 1408/1408/1408
f 1393/1393/1393 1394/1394/1394 1410/1410/1410
f 1393/1393/1393 1410/1410/1410 1409/1409/1409
f 1396/1396/1396 1395/1395/1395 1411/1411/1411
f 1396/1396/1396 1411/1411/1411 1412/1412/1412
f 1398/1398/1398 1397/1397/1397 1413/1413/1413
f 1398/1398/1398 1413/1413/1413 1414/1414/1414
f 1397/1397/1397 1399/1399/1399 1415/1415/1415
f 1397/1397/1397 1415/1415/1415 1413/1413/1413
f 1399/1399/1399 1400/1400/1400 1416/1416/1416
f 1399/1399/1399 1416/1416/1416 1415/1415/1415
f 1400/1400/1400 1401/1401/1401 1417/1417/1417
f 1400/1400/1400 1417/1417/1417 1416/1416/1416
f 1401/1401/1401 1402/1402/1402 1418/1418/1418
f 1401/1401/1401 1418/1418/1418 1417/1417/1417
f 1402/1402/1402 1403/1403/1403 1419/1419/1419
f 1402/1402/1402 1419/1419/1419 1418/1418/1418
f 1403/1403/1403 1404/1404/1404 1420/1420/1420
f 1403/1403/1403 1420/1420/1420 1419/1419/1419
f 1404/1404/1404 1405/1405/1405 1421/1421/1421
f 1404/1404/1404 1421/1421/1421 1420/1420/1420
f 1405/1405/1405 1406/1406/1406 1422/1422/1422
f 1405/1405/1405 1422/1422/1422 1421/1421/1421
f 1406/1406/1406 1407/1407/1407 1423/1423/1423
f 1406/1406/1406 1423/1423/1423 1422/1422/1422
f 1407/1407/1407 1408/1408/1408 1424/1424/1424
f 1407/1407/1407 1424/1424/1424 1423/1423/1423
f 1408/1408/1408 1409/1409/1409 1425/1425/1425
f 1408/1408/1408 1425/1425/1425 1424/1424/1424
f 1409/1409/1409 1410/1410/1410 1426/1426/1426
f 1409/1409/1409 1426/1426/1426 1425/1425/1425
f 1412/1412/1412 1411/1411/1411 1427/1427/1427
f 1412/1412/1412 1427/1427/1427 1428/1428/1428
f 1414/1414/1414 1413/1413/1413 1429/1429/1429
f 1414/1414/1414 1429/1429/1429 1430/1430/1430
f 1413/1413/1413 1415/1415/1415 1431/1431/1431
f 1413/1413/1413 1431/1431/1431 1429/1429/1429
f 1415/1415/1415 1416/1416/1416 1432/1432/1432
f 1415/1415/1415 1432/1432/1432 1431/1431/1431
f 1416/1416/1416 1417/1417/1417 1433/1433/1433
f 1416/1416/1416 1433/1433/1433 1432/1432/1432
f 1417/1417/1417 1418/1418/1418 1434/1434/1434
f 1417/1417/1417 1434/1434/1434 1433/1433/1433
f 1418/1418/1418 1419/1419/1419 1435/1435/1435
f 1418/1418/1418 1435/1435/1435 1434/1434/1434
f 1419/1419/1419 1420/1420/1420 1436/1436/1436
f 1419/1419/1419 1436/1436/1436 1435/1435/1435
f 1420/1420/1420 1421/1421/1421 1437/1437/1437
f 1420/1420/1420 1437/1437/1437 1436/1436/1436
f 1421/1421/1421 1422/1422/1422 1438/1438/1438
f 1421/1421/1421 1438/1438/1438 1437/1437/1437
f 1422/1422/1422 1423/1423/1423 1439/1439/1439
f 1422/1422/1422 1439/1439/1439 1438/1438/1438
f 1423/1423/1423 1424/1424/1424 1440/1440/1440
f 1423/1423/1423 1440/1440/1440 1439/1439/1439
f 1424/1424/1424 1425/1425/1425 1441/1441/1441
f 1424/1424/1424 1441/1441/1441 1440/1440/1440
f 1425/1425/1425 1426/1426/1426 1442/1442/1442
f 1425/1425/1425 1442/1442/1442 1441/1441/1441
f 1428/1428/1428 1427/1427/1427 1443/1443/1443
f 1428/1428/1428 1443/1443/1443 1444/1444/1444
f 1430/1430/1430 1429/1429/1429 1445/1445/1445
f 1430/1430/1430 1445/1445/1445 1446/1446/1446
f 1429/1429/1429 1431/1431/1431 1447/1447/1447
f 1429/1429/1429 1447/1447/1447 1445/1445/1445
f 1431/1431/1431 1432/1432/1432 1448/1448/1448
f 1431/1431/1431 1448/1448/1448 1447/1447/1447
f 1432/1432/1432 1433/1433/1433 1449/1449/1449
f 1432/1432/1432 1449/1449/1449 1448/1448/1448
f 1433/1433/1433 1434/1434/1434 1450/1450/1450
f 1433/1433/1433 1450/1450/1450 1449/1449/1449
f 1434/1434/1434 1435/1435/1435 1451/1451/1451
f 1434/1434/1434 1451/1451/1451 1450/1450/1450
f 1435/1435/1435 1436/1436/1436 1452/1452/1452
f 1435/1435/1435 1452/1452/1452 1451/1451/1451
f 1436/1436/1436 1437/1437/1437 1453/1453/1453
f 1436/1436/1436 1453/1453/1453 1452/1452/1452
f 1437/1437/1437 1438/1438/1438 1454/1454/1454
f 1437/1437/1437 1454/1454/1454 1453/1453/1453
f 1438/1438/1438 1439/1439/1439 1455/1455/1455
f 1438/1438/1438 1455/1455/1455 1454/1454/1454
f 1439/1439/1439 1440/1440/1440 1456/1456/1456
f 1439/1439/1439 1456/1456/1456 1455/1455/1455
f 1440/1440/1440 1441/1441/1441 1457/1457/1457
f 1440/1440/1440 1457/1457/1457 1456/1456/1456
f 1441/1441/1441 1442/1442/1442 1458/1458/1458
f 1441/1441/1441 1458/1458/1458 1457/1457/1457
f 1444/1444/1444 1443/1443/1443 1459/1459/1459
f 1444/1444/1444 1459/1459/1459 1460/1460/1460
f 1446/1446/1446 1445/1445/1445 1461/1461/1461
f 1446/1446/1446 1461/1461/1461 1462/1462/1462
f 1445/1445/1445 1447/1447/1447 1463/1463/1463
f 1445/1445/1445 1463/1463/1463 1461/1461/1461
f 1447/1447/1447 1448/1448/1448 1464/1464/1464
f 1447/1447/1447 1464/1464/1464 1463/1463/1463
f 1448/1448/1448 1449/1449/1449 1465/1465/1465
f 1448/1448/1448 1465/1465/1465 1464/1464/1464
f 1449/1449/1449 1450/1450/1450 1466/1466/1466
f 1449/1449/1449 1466/1466/1466 1465/1465/1465
f 1450/1450/1450 1451/1451/1451 1467/1467/1467
f 1450/1450/1450 1467/1467/1467 1466/1466/1466
f 1451/1451/1451 1452/1452/1452 1468/1468/1468
f 1451/1451/1451 1468/1468/1468 1467/1467/1467
f 1452/1452/1452 1453/1453/1453 1469/1469/1469
f 1452/1452/1452 1469/1469/1469 1468/1468/1468
f 1453/1453/1453 1454/1454/1454 1470/1470/1470
f 1453/1453/1453 1470/1470/1470 1469/1469/1469
f 1454/1454/1454 1455/1455/1455 1471/1471/1471
f 1454/1454/1454 1471/1471/1471 1470/1470/1470
f 1455/1455/1455 1456/1456/1456 1472/1472/1472
f 1455/1455/1455 1472/1472/1472 1471/1471/1471
f 1456/1456/1456 1457/1457/1457 1473/1473/1473
f 1456/1456/1456 1473/1473/1473 1472/1472/1472
f 1457/1457/1457 1458/1458/1458 1474/1474/1474
f 1457/1457/1457 1474/1474/1474 1473/1473/1473
f 1460/1460/1460 1459/1459/1459 1475/1475/1475
f 1460/1460/1460 1475/1475/1475 1476/1476/1476
f 1462/1462/1462 1461/1461/1461 1477/1477/1477
f 1462/1462/1462 1477/1477/1477 1478/1478/1478
f 1461/1461/1461 1463/1463/1463 1479/1479/1479
f 1461/1461/1461 1479/1479/1479 1477/1477/1477
f 1463/1463/1463 1464/1464/1464 1480/1480/1480
f 1463/1463/1463 1480/1480/1480 1479/1479/1479
f 1464/1464/1464 1465/1465/1465 1481/1481/1481
f 1464/1464/1464 1481/1481/1481 1480/1480/1480
f 1465/1465/1465 1466/1466/1466 1482/1482/1482
f 1465/1465/1465 1482/1482/1482 1481/1481/1481
f 1466/1466/1466 1467/1467/1467 1483/1483/1483
f 1466/1466/1466 1483/1483/1483 1482/1482/1482
f 1467/1467/1467 1468/1468/1468 1484/1484/1484
f 1467/1467/1467 1484/1484/1484 1483/1483/1483
f 1468/1468/1468 1469/1469/1469 1485/1485/1485
f 1468/1468/1468 1485/1485/1485 1484/1484/1484
f 1469/1469/1469 1470/1470/1470 1486/1486/1486
f 1469/1469/1469 1486/1486/1486 1485/1485/1485
f 1470/1470/1470 1471/1471/1471 1487/1487/1487
f 1470/1470/1470 1487/1487/1487 1486/1486/1486
f 1471/1471/1471 1472/1472/1472 1488/1488/1488
f 1471/1471/1471 1488/1488/1488 1487/1487/1487
f 1472/1472/1472 1473/1473/1473 1489/1489/1489
f 1472/1472/1472 1489/1489/1489 1488/1488/1488
f 1473/1473/1473 1474/1474/1474 1490/1490/1490
f 1473/1473/1473 1490/1490/1490 1489/1489/1489
f 1476/1476/1476 1475/1475/1475 1491/1491/1491
f 1476/1476/1476 1491/1491/1491 1492/1492/1492
f 1478/1478/1478 1477/1477/1477 1493/1493/1493
f 1478/1478/1478 1493/1493/1493 1494/1494/1494
f 1477/1477/1477 1479/1479/1479 1495/1495/1495
f 1477/1477/1477 1495/1495/1495 1493/1493/1493
f 1479/1479/1479 1480/1480/1480 1496/1496/1496
f 1479/1479/1479 1496/1496/1496 1495/1495/1495
f 1480/1480/1480 1481/1481/1481 1497/1497/1497
f 1480/1480/1480 1497/1497/1497 1496/1496/1496
f 1481/1481/1481 1482/1482/1482 1498/1498/1498
f 1481/1481/1481 1498/1498/1498 1497/1497/1497
f 1482/1482/1482 1483/1483/1483 1499/1499/1499
f 1482/1482/1482 1499/1499/1499 1498/1498/1498
f 1483/1483/1483 1484/1484/1484 1500/1500/1500
f 1483/1483/1483 1500/1500/1500 1499/1499/1499
f 1484/1484/1484 1485/1485/1485 1501/1501/1501
f 1484/1484/1484 1501/1501/1501 1500/1500/1500
f 1485/1485/1485 1486/1486/1486 1502/1502/1502
f 1485/1485/1485 1502/1502/1502 1501/1501/1501
f 1486/1486/1486 1487/1487/1487 1503/1503/1503
f 1486/1486/1486 1503/1503/1503 1502/1502/1502
f 1487/1487/1487 1488/1488/1488 1504/1504/1504
f 1487/1487/1487 1504/1504/1504 1503/1503/1503
f 1488/1488/1488 1489/1489/1489 1505/1505/1505
f 1488/1488/1488 1505/1505/1505 1504/1504/1504
f 1489/1489/1489 1490/1490/1490 1506/1506/1506
f 1489/1489/1489 1506/1506/1506 1505/1505/1505
f 1492/1492/1492 1491/1491/1491 1507/1507/1507
f 1492/1492/1492 1507/1507/1507 1508/1508/1508
f 1494/1494/1494 1493/1493/1493 1509/1509/1509
f 1494/1494/1494 1509/1509/1509 1510/1510/1510
f 1493/1493/1493 1495/1495/1495 1511/1511/1511
f 1493/1493/1493 1511/1511/1511 1509/1509/1509
f 1495/1495/1495 1496/1496/1496 1512/1512/1512
f 1495/1495/1495 1512/1512/1512 1511/1511/1511
f 1496/1496/1496 1497/1497/1497 1513/1513/1513
f 1496/1496/1496 1513/1513/1513 1512/1512/1512
f 1497/1497/1497 1498/1498/1498 1514/1514/1514
f 1497/1497/1497 1514/1514/1514 1513/1513/1513
f 1498/1498/1498 1499/1499/1499 1515/1515/1515
f 1498/1498/1498 1515/1515/1515 1514/1514/1514
f 1499/1499/1499 1500/1500/1500 1516/1516/1516
f 1499/1499/1499 1516/1516/1516 1515/1515/1515
f 1500/1500/1500 1501/1501/1501 1517/1517/1517
f 1500/1500/1500 1517/1517/1517 1516/1516/1516
f 1501/1501/1501 1502/1502/1502 1518/1518/1518
f 1501/1501/1501 1518/1518/1518 1517/1517/1517
f 1502/1502/1502 1503/1503/1503 1519/1519/1519
f 1502/1502/1502 1519/1519/1519 1518/1518/1518
f 1503/1503/1503 1504/1504/1504 1520/1520/1520
f 1503/1503/1503 1520/1520/1520 1519/1519/1519
f 1504/1504/1504 1505/1505/1505 1521/1521/1521
f 1504/1504/1504 1521/1521/1521 1520/1520/1520
f 1505/1505/1505 1506/1506/1506 1522/1522/1522
f 1505/1505/1505 1522/1522/1522 1521/1521/1521
f 1508/1508/1508 1507/1507/1507 1523/1523/1523
f 1508/1508/1508 1523/1523/1523 1524/1524/1524
f 1510/1510/1510 1509/1509/1509 1525/1525/1525
f 1510/1510/1510 1525/1525/1525 1526/1526/1526
f 1509/1509/1509 1511/1511/1511 1527/1527/1527
f 1509/1509/1509 1527/1527/1527 1525/1525/1525
f 1511/1511/1511 1512/1512/1512 1528/1528/1528
f 1511/1511/1511 1528/1528/1528 1527/1527/1527
f 1512/1512/1512 1513/1513/1513 1529/1529/1529
f 1512/1512/1512 1529/1529/1529 1528/1528/1528
f 1513/1513/1513 1514/1514/1514 1530/1530/1530
f 1513/1513/1513 1530/1530/1530 1529/1529/1529
f 1514/1514/1514 1515/1515/1515 1531/1531/1531
f 1514/1514/1514 1531/1531/1531 1530/1530/1530
f 1515/1515/1515 1516/1516/1516 1532/1532/1532
f 1515/1515/1515 1532/1532/1532 1531/1531/1531
f 1516/1516/1516 1517/1517/1517 1533/1533/1533
f 1516/1516/1516 1533/1533/1533 1532/1532/1532
f 1517/1517/1517 1518/1518/1518 1534/1534/1534
f 1517/1517/1517 1534/1534/1534 1533/1533/1533
f 1518/1518/1518 1519/1519/1519 1535/1535/1535
f 1518/1518/1518 1535/1535/1535 1534/1534/1534
f 1519/1519/1519 1520/1520/1520 1536/1536/1536
f 1519/1519/1519 1536/1536/1536 1535/1535/1535
f 1520/1520/1520 1521/1521/1521 1537/1537/1537
f 1520/1520/1520 1537/1537/1537 1536/1536/1536
f 1521/1521/1521 1522/1522/1522 1538/1538/1538
f 1521/1521/1521 1538/1538/1538 1537/1537/1537
f 1524/1524/1524 1523/1523/1523 1539/1539/1539
f 1524/1524/1524 1539/1539/1539 1540/1540/1540
f 1541/1541/1541 1542/1542/1542 1298/1298/1298
f 1541/1541/1541 1298/1298/1298 1543/1543/1543
f 1542/1542/1542 1544/1544/1544 1299/1299/1299
f 1542/1542/1542 1299/1299/1299 1298/1298/1298
f 1544/1544/1544 1545/1545/1545 1302/1302/1302
f 1544/1544/1544 1302/1302/1302 1299/1299/1299
f 1545/1545/1545 1546/1546/1546 1304/1304/1304
f 1545/1545/1545 1304/1304/1304 1302/1302/1302
f 1546/1546/1546 1547/1547/1547 1306/1306/1306
f 1546/1546/1546 1306/1306/1306 1304/1304/1304
f 1547/1547/1547 1548/1548/1548 1308/1308/1308
f 1547/1547/1547 1308/1308/1308 1306/1306/1306
f 1548/1548/1548 1549/1549/1549 1310/1310/1310
f 1548/1548/1548 1310/1310/1310 1308/1308/1308
f 1549/1549/1549 1550/1550/1550 1312/1312/1312
f 1549/1549/1549 1312/1312/1312 1310/1310/1310
f 1550/1550/1550 1551/1551/1551 1314/1314/1314
f 1550/1550/1550 1314/1314/1314 1312/1312/1312
f 1552/1552/1552 1553/1553/1553 1554/1554/1554
f 1552/1552/1552 1554/1554/1554 1555/1555/1555
f 1553/1553/1553 1556/1556/1556 1557/1557/1557
f 1553/1553/1553 1557/1557/1557 1554/1554/1554
f 1556/1556/1556 1558/1558/1558 1559/1559/1559
f 1556/1556/1556 1559/1559/1559 1557/1557/1557
f 1558/1558/1558 1560/1560/1560 1324/1324/1324
f 1558/1558/1558 1324/1324/1324 1559/1559/1559
f 1560/1560/1560 1561/1561/1561 1325/1325/1325
f 1560/1560/1560 1325/1325/1325 1324/1324/1324
f 1561/1561/1561 1562/1562/1562 1563/1563/1563
f 1561/1561/1561 1563/1563/1563 1325/1325/1325
f 1562/1562/1562 1564/1564/1564 1565/1565/1565
f 1562/1562/1562 1565/1565/1565 1563/1563/1563
f 1329/1329/1329 1566/1566/1566 1567/1567/1567
f 1329/1329/1329 1567/1567/1567 1330/1330/1330
f 1330/1330/1330 1567/1567/1567 1568/1568/1568
f 1330/1330/1330 1568/1568/1568 1347/1347/1347
f 1347/1347/1347 1568/1568/1568 1569/1569/1569
f 1347/1347/1347 1569/1569/1569 1363/1363/1363
f 1363/1363/1363 1569/1569/1569 1570/1570/1570
f 1363/1363/1363 1570/1570/1570 1379/1379/1379
f 1379/1379/1379 1570/1570/1570 1571/1571/1571
f 1379/1379/1379 1571/1571/1571 1395/1395/1395
f 1395/1395/1395 1571/1571/1571 1572/1572/1572
f 1395/1395/1395 1572/1572/1572 1411/1411/1411
f 1411/1411/1411 1572/1572/1572 1573/1573/1573
f 1411/1411/1411 1573/1573/1573 1427/1427/1427
f 1427/1427/1427 1573/1573/1573 1574/1574/1574
f 1427/1427/1427 1574/1574/1574 1443/1443/1443
f 1443/1443/1443 1574/1574/1574 1575/1575/1575
f 1443/1443/1443 1575/1575/1575 1459/1459/1459
f 1459/1459/1459 1575/1575/1575 1576/1576/1576
f 1459/1459/1459 1576/1576/1576 1475/1475/1475
f 1475/1475/1475 1576/1576/1576 1577/1577/1577
f 1475/1475/1475 1577/1577/1577 1491/1491/1491
f 1491/1491/1491 1577/1577/1577 1578/1578/1578
f 1491/1491/1491 1578/1578/1578 1507/1507/1507
f 1507/1507/1507 1578/1578/1578 1579/1579/1579
f 1507/1507/1507 1579/1579/1579 1523/1523/1523
f 1523/1523/1523 1579/1579/1579 1580/1580/1580
f 1523/1523/1523 1580/1580/1580 1539/1539/1539
f 1539/1539/1539 1580/1580/1580 1581/1581/1581
f 1539/1539/1539 1581/1581/1581 1582/1582/1582
f 1540/1540/1540 1539/1539/1539 1582/1582/1582
f 1540/1540/1540 1582/1582/1582 1583/1583/1583
f 1584/1584/1584 1540/1540/1540 1583/1583/1583
f 1584/1584/1584 1583/1583/1583 1585/1585/1585
f 1536/1536/1536 1537/1537/1537 1586/1586/1586
f 1536/1536/1536 1586/1586/1586 1587/1587/1587
f 1535/1535/1535 1536/1536/1536 1587/1587/1587
f 1535/1535/1535 1587/1587/1587 1588/1588/1588
f 1534/1534/1534 1535/1535/1535 1588/1588/1588
f 1534/1534/1534 1588/1588/1588 1589/1589/1589
f 1533/1533/1533 1534/1534/1534 1589/1589/1589
f 1533/1533/1533 1589/1589/1589 1590/1590/1590
f 1532/1532/1532 1533/1533/1533 1590/1590/1590
f 1532/1532/1532 1590/1590/1590 1591/1591/1591
f 1531/1531/1531 1532/1532/1532 1591/1591/1591
f 1531/1531/1531 1591/1591/1591 1592/1592/1592
f 1530/1530/1530 1531/1531/1531 1592/1592/1592
f 1530/1530/1530 1592/1592/1592 1593/1593/1593
f 1529/1529/1529 1530/1530/1530 1593/1593/1593
f 1529/1529/1529 1593/1593/1593 1594/1594/1594
f 1528/1528/1528 1529/1529/1529 1594/1594/1594
f 1528/1528/1528 1594/1594/1594 1595/1595/1595
f 1527/1527/1527 1528/1528/1528 1595/1595/1595
f 1527/1527/1527 1595/1595/1595 1596/1596/1596
f 1525/1525/1525 1527/1527/1527 1596/1596/1596
f 1525/1525/1525 1596/1596/1596 1597/1597/1597
f 1526/1526/1526 1525/1525/1525 1597/1597/1597
f 1526/1526/1526 1597/1597/1597 1598/1598/1598
f 1599/1599/1599 1526/1526/1526 1598/1598/1598
f 1599/1599/1599 1598/1598/1598 1600/1600/1600
f 1601/1601/1601 1510/1510/1510 1526/1526/1526
f 1601/1601/1601 1526/1526/1526 1599/1599/1599
f 1602/1602/1602 1494/1494/1494 1510/1510/1510
f 1602/1602/1602 1510/1510/1510 1601/1601/1601
f 1603/1603/1603 1478/1478/1478 1494/1494/1494
f 1603/1603/1603 1494/1494/1494 1602/1602/1602
f 1604/1604/1604 1462/1462/1462 1478/1478/1478
f 1604/1604/1604 1478/1478/1478 1603/1603/1603
f 1605/1605/1605 1446/1446/1446 1462/1462/1462
f 1605/1605/1605 1462/1462/1462 1604/1604/1604
f 1606/1606/1606 1430/1430/1430 1446/1446/1446
f 1606/1606/1606 1446/1446/1446 1605/1605/1605
f 1607/1607/1607 1414/1414/1414 1430/1430/1430
f 1607/1607/1607 1430/1430/1430 1606/1606/1606
f 1608/1608/1608 1398/1398/1398 1414/1414/1414
f 1608/1608/1608 1414/1414/1414 1607/1607/1607
f 1609/1609/1609 1382/1382/1382 1398/1398/1398
f 1609/1609/1609 1398/1398/1398 1608/1608/1608
f 1610/1610/1610 1366/1366/1366 1382/1382/1382
f 1610/1610/1610 1382/1382/1382 1609/1609/1609
f 1611/1611/1611 1350/1350/1350 1366/1366/1366
f 1611/1611/1611 1366/1366/1366 1610/1610/1610
f 1612/1612/1612 1333/1333/1333 1350/1350/1350
f 1612/1612/1612 1350/1350/1350 1611/1611/1611
f 1613/1613/1613 1301/1301/1301 1333/1333/1333
f 1613/1613/1613 1333/1333/1333 1612/1612/1612
f 1543/1543/1543 1298/1298/1298 1301/1301/1301
f 1543/1543/1543 1301/1301/1301 1613/1613/1613
f 1614/1614/1614 1615/1615/1615 1616/1616/1616
f 1614/1614/1614 1616/1616/1616 1617/1617/1617
f 1615/1615/1615 1618/1618/1618 1619/1619/1619
f 1615/1615/1615 1619/1619/1619 1616/1616/1616
f 1618/1618/1618 1620/1620/1620 1621/1621/1621
f 1618/1618/1618 1621/1621/1621 1619/1619/1619
f 1620/1620/1620 1622/1622/1622 1623/1623/1623
f 1620/1620/1620 1623/1623/1623 1621/1621/1621
f 1622/1622/1622 1624/1624/1624 1625/1625/1625
f 1622/1622/1622 1625/1625/1625 1623/1623/1623
f 1624/1624/1624 1626/1626/1626 1627/1627/1627
f 1624/1624/1624 1627/1627/1627 1625/1625/1625
f 1626/1626/1626 1628/1628/1628 1629/1629/1629
f 1626/1626/1626 1629/1629/1629 1627/1627/1627
f 1630/1630/1630 1631/1631/1631 1632/1632/1632
f 1630/1630/1630 1632/1632/1632 1633/1633/1633
f 1631/1631/1631 1634/1634/1634 1635/1635/1635
f 1631/1631/1631 1635/1635/1635 1632/1632/1632
f 1634/1634/1634 1636/1636/1636 1637/1637/1637
f 1634/1634/1634 1637/1637/1637 1635/1635/1635
f 1636/1636/1636 1638/1638/1638 1639/1639/1639
f 1636/1636/1636 1639/1639/1639 1637/1637/1637
f 1638/1638/1638 1640/1640/1640 1641/1641/1641
f 1638/1638/1638 1641/1641/1641 1639/1639/1639
f 1640/1640/1640 1642/1642/1642 1643/1643/1643
f 1640/1640/1640 1643/1643/1643 1641/1641/1641
f 1642/1642/1642 1644/1644/1644 1645/1645/1645
f 1642/1642/1642 1645/1645/1645 1643/1643/1643
f 1646/1646/1646 1647/1647/1647 1648/1648/1648
f 1646/1646/1646 1648/1648/1648 1649/1649/1649
f 1647/1647/1647 1650/1650/1650 1651/1651/1651
f 1647/1647/1647 1651/1651/1651 1648/1648/1648
f 1650/1650/1650 1652/1652/1652 1653/1653/1653
f 1650/1650/1650 1653/1653/1653 1651/1651/1651
f 1654/1654/1654 1655/1655/1655 1656/1656/1656
f 1654/1654/1654 1656/1656/1656 1657/1657/1657
f 1655/1655/1655 1658/1658/1658 1659/1659/1659
f 1655/1655/1655 1659/1659/1659 1656/1656/1656
f 1658/1658/1658 1660/1660/1660 1661/1661/1661
f 1658/1658/1658 1661/1661/1661 1659/1659/1659
f 1660/1660/1660 1633/1633/1633 1662/1662/1662
f 1660/1660/1660 1662/1662/1662 1661/1661/1661
f 1633/1633/1633 1632/1632/1632 1663/1663/1663
f 1633/1633/1633 1663/1663/1663 1662/1662/1662
f 1632/1632/1632 1635/1635/1635 1664/1664/1664
f 1632/1632/1632 1664/1664/1664 1663/1663/1663
f 1635/1635/1635 1637/1637/1637 1665/1665/1665
f 1635/1635/1635 1665/1665/1665 1664/1664/1664
f 1637/1637/1637 1639/1639/1639 1666/1666/1666
f 1637/1637/1637 1666/1666/1666 1665/1665/1665
f 1639/1639/1639 1641/1641/1641 1667/1667/1667
f 1639/1639/1639 1667/1667/1667 1666/1666/1666
f 1641/1641/1641 1643/1643/1643 1668/1668/1668
f 1641/1641/1641 1668/1668/1668 1667/1667/1667
f 1643/1643/1643 1645/1645/1645 1669/1669/1669
f 1643/1643/1643 1669/1669/1669 1668/1668/1668
f 1649/1649/1649 1648/1648/1648 1670/1670/1670
f 1649/1649/1649 1670/1670/1670 1671/1671/1671
f 1648/1648/1648 1651/1651/1651 1672/1672/1672
f 1648/1648/1648 1672/1672/1672 1670/1670/1670
f 1651/1651/1651 1653/1653/1653 1673/1673/1673
f 1651/1651/1651 1673/1673/1673 1672/1672/1672
f 1653/1653/1653 1674/1674/1674 1675/1675/1675
f 1653/1653/1653 1675/1675/1675 1673/1673/1673
f 1674/1674/1674 1676/1676/1676 1677/1677/1677
f 1674/1674/1674 1677/1677/1677 1675/1675/1675
f 1659/1659/1659 1661/1661/1661 1678/1678/1678
f 1659/1659/1659 1678/1678/1678 1679/1679/1679
f 1661/1661/1661 1662/1662/1662 1680/1680/1680
f 1661/1661/1661 1680/1680/1680 1678/1678/1678
f 1662/1662/1662 1663/1663/1663 1681/1681/1681
f 1662/1662/1662 1681/1681/1681 1680/1680/1680
f 1663/1663/1663 1664/1664/1664 1682/1682/1682
f 1663/1663/1663 1682/1682/1682 1681/1681/1681
f 1664/1664/1664 1665/1665/1665 1683/1683/1683
f 1664/1664/1664 1683/1683/1683 1682/1682/1682
f 1665/1665/1665 1666/1666/1666 1684/1684/1684
f 1665/1665/1665 1684/1684/1684 1683/1683/1683
f 1666/1666/1666 1667/1667/1667 1685/1685/1685
f 1666/1666/1666 1685/1685/1685 1684/1684/1684
f 1667/1667/1667 1668/1668/1668 1686/1686/1686
f 1667/1667/1667 1686/1686/1686 1685/1685/1685
f 1668/1668/1668 1669/1669/1669 1687/1687/1687
f 1668/1668/1668 1687/1687/1687 1686/1686/1686
f 1671/1671/1671 1670/1670/1670 1688/1688/1688
f 1671/1671/1671 1688/1688/1688 1689/1689/1689
f 1670/1670/1670 1672/1672/1672 1690/1690/1690
f 1670/1670/1670 1690/1690/1690 1688/1688/1688
f 1672/1672/1672 1673/1673/1673 1691/1691/1691
f 1672/1672/1672 1691/1691/1691 1690/1690/1690
f 1673/1673/1673 1675/1675/1675 1692/1692/1692
f 1673/1673/1673 1692/1692/1692 1691/1691/1691
f 1675/1675/1675 1677/1677/1677 1693/1693/1693
f 1675/1675/1675 1693/1693/1693 1692/1692/1692
f 1677/1677/1677 1694/1694/1694 1695/1695/1695
f 1677/1677/1677 1695/1695/1695 1693/1693/1693
f 1678/1678/1678 1680/1680/1680 1696/1696/1696
f 1678/1678/1678 1696/1696/1696 1697/1697/1697
f 1680/1680/1680 1681/1681/1681 1698/1698/1698
f 1680/1680/1680 1698/1698/1698 1696/1696/1696
f 1681/1681/1681 1682/1682/1682 1699/1699/1699
f 1681/1681/1681 1699/1699/1699 1698/1698/1698
f 1682/1682/1682 1683/1683/1683 1700/1700/1700
f 1682/1682/1682 1700/1700/1700 1699/1699/1699
f 1683/1683/1683 1684/1684/1684 1701/1701/1701
f 1683/1683/1683 1701/1701/1701 1700/1700/1700
f 1684/1684/1684 1685/1685/1685 1702/1702/1702
f 1684/1684/1684 1702/1702/1702 1701/1701/1701
f 1685/1685/1685 1686/1686/1686 1703/1703/1703
f 1685/1685/1685 1703/1703/1703 1702/1702/1702
f 1686/1686/1686 1687/1687/1687 1704/1704/1704
f 1686/1686/1686 1704/1704/1704 1703/1703/1703
f 1689/1689/1689 1688/1688/1688 1705/1705/1705
f 1689/1689/1689 1705/1705/1705 1706/1706/1706
f 1688/1688/1688 1690/1690/1690 1707/1707/1707
f 1688/1688/1688 1707/1707/1707 1705/1705/1705
f 1690/1690/1690 1691/1691/1691 1708/1708/1708
f 1690/1690/1690 1708/1708/1708 1707/1707/1707
f 1691/1691/1691 1692/1692/1692 1709/1709/1709
f 1691/1691/1691 1709/1709/1709 1708/1708/1708
f 1692/1692/1692 1693/1693/1693 1710/1710/1710
f 1692/1692/1692 1710/1710/1710 1709/1709/1709
f 1693/1693/1693 1695/1695/1695 1711/1711/1711
f 1693/1693/1693 1711/1711/1711 1710/1710/1710
f 1697/1697/1697 1696/1696/1696 1712/1712/1712
f 1697/1697/1697 1712/1712/1712 1713/1713/1713
f 1696/1696/1696 1698/1698/1698 1714/1714/1714
f 1696/1696/1696 1714/1714/1714 1712/1712/1712
f 1698/1698/1698 1699/1699/1699 1715/1715/1715
f 1698/1698/1698 1715/1715/1715 1714/1714/1714
f 1699/1699/1699 1700/1700/1700 1716/1716/1716
f 1699/1699/1699 1716/1716/1716 1715/1715/1715
f 1700/1700/1700 1701/1701/1701 1717/1717/1717
f 1700/1700/1700 1717/1717/1717 1716/1716/1716
f 1701/1701/1701 1702/1702/1702 1718/1718/1718
f 1701/1701/1701 1718/1718/1718 1717/1717/1717
f 1702/1702/1702 1703/1703/1703 1719/1719/1719
f 1702/1702/1702 1719/1719/1719 1718/1718/1718
f 1703/1703/1703 1704/1704/1704 1720/1720/1720
f 1703/1703/1703 1720/1720/1720 1719/1719/1719
f 1706/1706/1706 1705/1705/1705 1721/1721/1721
f 1706/1706/1706 1721/1721/1721 1722/1722/1722
f 1705/1705/1705 1707/1707/1707 1723/1723/1723
f 1705/1705/1705 1723/1723/1723 1721/1721/1721
f 1707/1707/1707 1708/1708/1708 1724/1724/1724
f 1707/1707/1707 1724/1724/1724 1723/1723/1723
f 1708/1708/1708 1709/1709/1709 1725/1725/1725
f 1708/1708/1708 1725/1725/1725 1724/1724/1724
f 1709/1709/1709 1710/1710/1710 1726/1726/1726
f 1709/1709/1709 1726/1726/1726 1725/1725/1725
f 1710/1710/1710 1711/1711/1711 1727/1727/1727
f 1710/1710/1710 1727/1727/1727 1726/1726/1726
f 1711/1711/1711 1728/1728/1728 1729/1729/1729
f 1711/1711/1711 1729/1729/1729 1727/1727/1727
f 1712/1712/1712 1714/1714/1714 1730/1730/1730
f 1712/1712/1712 1730/1730/1730 1731/1731/1731
f 1714/1714/1714 1715/1715/1715 1732/1732/1732
f 1714/1714/1714 1732/1732/1732 1730/1730/1730
f 1715/1715/1715 1716/1716/1716 1733/1733/1733
f 1715/1715/1715 1733/1733/1733 1732/1732/1732
f 1716/1716/1716 1717/1717/1717 1734/1734/1734
f 1716/1716/1716 1734/1734/1734 1733/1733/1733
f 1717/1717/1717 1718/1718/1718 1735/1735/1735
f 1717/1717/1717 1735/1735/1735 1734/1734/1734
f 1718/1718/1718 1719/1719/1719 1736/1736/1736
f 1718/1718/1718 1736/1736/1736 1735/1735/1735
f 1719/1719/1719 1720/1720/1720 1737/1737/1737
f 1719/1719/1719 1737/1737/1737 1736/1736/1736
f 1722/1722/1722 1721/1721/1721 1738/1738/1738
f 1722/1722/1722 1738/1738/1738 1739/1739/1739
f 1721/1721/1721 1723/1723/1723 1740/1740/1740
f 1721/1721/1721 1740/1740/1740 1738/1738/1738
f 1723/1723/1723 1724/1724/1724 1741/1741/1741
f 1723/1723/1723 1741/1741/1741 1740/1740/1740
f 1724/1724/1724 1725/1725/1725 1742/1742/1742
f 1724/1724/1724 1742/1742/1742 1741/1741/1741
f 1725/1725/1725 1726/1726/1726 1743/1743/1743
f 1725/1725/1725 1743/1743/1743 1742/1742/1742
f 1726/1726/1726 1727/1727/1727 1744/1744/1744
f 1726/1726/1726 1744/1744/1744 1743/1743/1743
f 1727/1727/1727 1729/1729/1729 1745/1745/1745
f 1727/1727/1727 1745/1745/1745 1744/1744/1744
f 1731/1731/1731 1730/1730/1730 1746/1746/1746
f 1731/1731/1731 1746/1746/1746 1747/1747/1747
f 1730/1730/1730 1732/1732/1732 1748/1748/1748
f 1730/1730/1730 1748/1748/1748 1746/1746/1746
f 1732/1732/1732 1733/1733/1733 1749/1749/1749
f 1732/1732/1732 1749/1749/1749 1748/1748/1748
f 1733/1733/1733 1734/1734/1734 1750/1750/1750
f 1733/1733/1733 1750/1750/1750 1749/1749/1749
f 1734/1734/1734 1735/1735/1735 1751/1751/1751
f 1734/1734/1734 1751/1751/1751 1750/1750/1750
f 1735/1735/1735 1736/1736/1736 1752/1752/1752
f 1735/1735/1735 1752/1752/1752 1751/1751/1751
f 1736/1736/1736 1737/1737/1737 1753/1753/1753
f 1736/1736/1736 1753/1753/1753 1752/1752/1752
f 1739/1739/1739 1738/1738/1738 1754/1754/1754
f 1739/1739/1739 1754/1754/1754 1755/1755/1755
f 1738/1738/1738 1740/1740/1740 1756/1756/1756
f 1738/1738/1738 1756/1756/1756 1754/1754/1754
f 1740/1740/1740 1741/1741/1741 1757/1757/1757
f 1740/1740/1740 1757/1757/1757 1756/1756/1756
f 1741/1741/1741 1742/1742/1742 1758/1758/1758
f 1741/1741/1741 1758/1758/1758 1757/1757/1757
f 1742/1742/1742 1743/1743/1743 1759/1759/1759
f 1742/1742/1742 1759/1759/1759 1758/1758/1758
f 1743/1743/1743 1744/1744/1744 1760/1760/1760
f 1743/1743/1743 1760/1760/1760 1759/1759/1759
f 1744/1744/1744 1745/1745/1745 1761/1761/1761
f 1744/1744/1744 1761/1761/1761 1760/1760/1760
f 1745/1745/1745 1762/1762/1762 1763/1763/1763
f 1745/1745/1745 1763/1763/1763 1761/1761/1761
f 1746/1746/1746 1748/1748/1748 1764/1764/1764
f 1746/1746/1746 1764/1764/1764 1765/1765/1765
f 1748/1748/1748 1749/1749/1749 1766/1766/1766
f 1748/1748/1748 1766/1766/1766 1764/1764/1764
f 1749/1749/1749 1750/1750/1750 1767/1767/1767
f 1749/1749/1749 1767/1767/1767 1766/1766/1766
f 1750/1750/1750 1751/1751/1751 1768/1768/1768
f 1750/1750/1750 1768/1768/1768 1767/1767/1767
f 1751/1751/1751 1752/1752/1752 1769/1769/1769
f 1751/1751/1751 1769/1769/1769 1768/1768/1768
f 1752/1752/1752 1753/1753/1753 1770/1770/1770
f 1752/1752/1752 1770/1770/1770 1769/1769/1769
f 1755/1755/1755 1754/1754/1754 1771/1771/1771
f 1755/1755/1755 1771/1771/1771 1772/1772/1772
f 1754/1754/1754 1756/1756/1756 1773/1773/1773
f 1754/1754/1754 1773/1773/1773 1771/1771/1771
f 1756/1756/1756 1757/1757/1757 1774/1774/1774
f 1756/1756/1756 1774/1774/1774 1773/1773/1773
f 1757/1757/1757 1758/1758/1758 1775/1775/1775
f 1757/1757/1757 1775/1775/1775 1774/1774/1774
f 1758/1758/1758 1759/1759/1759 1776/1776/1776
f 1758/1758/1758 1776/1776/1776 1775/1775/1775
f 1759/1759/1759 1760/1760/1760 1777/1777/1777
f 1759/1759/1759 1777/1777/1777 1776/1776/1776
f 1760/1760/1760 1761/1761/1761 1778/1778/1778
f 1760/1760/1760 1778/1778/1778 1777/1777/1777
f 1761/1761/1761 1763/1763/1763 1779/1779/1779
f 1761/1761/1761 1779/1779/1779 1778/1778/1778
f 1765/1765/1765 1764/1764/1764 1780/1780/1780
f 1765/1765/1765 1780/1780/1780 1781/1781/1781
f 1764/1764/1764 1766/1766/1766 1782/1782/1782
f 1764/1764/1764 1782/1782/1782 1780/1780/1780
f 1766/1766/1766 1767/1767/1767 1783/1783/1783
f 1766/1766/1766 1783/1783/1783 1782/1782/1782
f 1767/1767/1767 1768/1768/1768 1784/1784/1784
f 1767/1767/1767 1784/1784/1784 1783/1783/1783
f 1768/1768/1768 1769/1769/1769 1785/1785/1785
f 1768/1768/1768 1785/1785/1785 1784/1784/1784
f 1769/1769/1769 1770/1770/1770 1786/1786/1786
f 1769/1769/1769 1786/1786/1786 1785/1785/1785
f 1772/1772/1772 1771/1771/1771 1787/1787/1787
f 1772/1772/1772 1787/1787/1787 1788/1788/1788
f 1771/1771/1771 1773/1773/1773 1789/1789/1789
f 1771/1771/1771 1789/1789/1789 1787/1787/1787
f 1773/1773/1773 1774/1774/1774 1790/1790/1790
f 1773/1773/1773 1790/1790/1790 1789/1789/1789
f 1774/1774/1774 1775/1775/1775 1791/1791/1791
f 1774/1774/1774 1791/1791/1791 1790/1790/1790
f 1775/1775/1775 1776/1776/1776 1792/1792/1792
f 1775/1775/1775 1792/1792/1792 1791/1791/1791
f 1776/1776/1776 1777/1777/1777 1793/1793/1793
f 1776/1776/1776 1793/1793/1793 1792/1792/1792
f 1777/1777/1777 1778/1778/1778 1794/1794/1794
f 1777/1777/1777 1794/1794/1794 1793/1793/1793
f 1778/1778/1778 1779/1779/1779 1795/1795/1795
f 1778/1778/1778 1795/1795/1795 1794/1794/1794
f 1781/1781/1781 1780/1780/1780 1796/1796/1796
f 1781/1781/1781 1796/1796/1796 1797/1797/1797
f 1780/1780/1780 1782/1782/1782 1798/1798/1798
f 1780/1780/1780 1798/1798/1798 1796/1796/1796
f 1782/1782/1782 1783/1783/1783 1799/1799/1799
f 1782/1782/1782 1799/1799/1799 1798/1798/1798
f 1783/1783/1783 1784/1784/1784 1800/1800/1800
f 1783/1783/1783 1800/1800/1800 1799/1799/1799
f 1784/1784/1784 1785/1785/1785 1801/1801/1801
f 1784/1784/1784 1801/1801/1801 1800/1800/1800
f 1785/1785/1785 1786/1786/1786 1802/1802/1802
f 1785/1785/1785 1802/1802/1802 1801/1801/1801
f 1788/1788/1788 1787/1787/1787 1803/1803/1803
f 1788/1788/1788 1803/1803/1803 1804/1804/1804
f 1787/1787/1787 1789/1789/1789 1805/1805/1805
f 1787/1787/1787 1805/1805/1805 1803/1803/1803
f 1789/1789/1789 1790/1790/1790 1806/1806/1806
f 1789/1789/1789 1806/1806/1806 1805/1805/1805
f 1790/1790/1790 1791/1791/1791 1807/1807/1807
f 1790/1790/1790 1807/1807/1807 1806/1806/1806
f 1791/1791/1791 1792/1792/1792 1808/1808/1808
f 1791/1791/1791 1808/1808/1808 1807/1807/1807
f 1792/1792/1792 1793/1793/1793 1809/1809/1809
f 1792/1792/1792 1809/1809/1809 1808/1808/1808
f 1793/1793/1793 1794/1794/1794 1810/1810/1810
f 1793/1793/1793 1810/1810/1810 1809/1809/1809
f 1794/1794/1794 1795/1795/1795 1811/1811/1811
f 1794/1794/1794 1811/1811/1811 1810/1810/1810
f 1797/1797/1797 1796/1796/1796 1812/1812/1812
f 1797/1797/1797 1812/1812/1812 1813/1813/1813
f 1796/1796/1796 1798/1798/1798 1814/1814/1814
f 1796/1796/1796 1814/1814/1814 1812/1812/1812
f 1798/1798/1798 1799/1799/1799 1815/1815/1815
f 1798/1798/1798 1815/1815/1815 1814/1814/1814
f 1799/1799/1799 1800/1800/1800 1816/1816/1816
f 1799/1799/1799 1816/1816/1816 1815/1815/1815
f 1800/1800/1800 1801/1801/1801 1817/1817/1817
f 1800/1800/1800 1817/1817/1817 1816/1816/1816
f 1801/1801/1801 1802/1802/1802 1818/1818/1818
f 1801/1801/1801 1818/1818/1818 1817/1817/1817
f 1804/1804/1804 1803/1803/1803 1819/1819/1819
f 1804/1804/1804 1819/1819/1819 1820/1820/1820
f 1803/1803/1803 1805/1805/1805 1821/1821/1821
f 1803/1803/1803 1821/1821/1821 1819/1819/1819
f 1805/1805/1805 1806/1806/1806 1822/1822/1822
f 1805/1805/1805 1822/1822/1822 1821/1821/1821
f 1806/1806/1806 1807/1807/1807 1823/1823/1823
f 1806/1806/1806 1823/1823/1823 1822/1822/1822
f 1807/1807/1807 1808/1808/1808 1824/1824/1824
f 1807/1807/1807 1824/1824/1824 1823/1823/1823
f 1808/1808/1808 1809/1809/1809 1825/1825/1825
f 1808/1808/1808 1825/1825/1825 1824/1824/1824
f 1809/1809/1809 1810/1810/1810 1826/1826/1826
f 1809/1809/1809 1826/1826/1826 1825/1825/1825
f 1810/1810/1810 1811/1811/1811 1827/1827/1827
f 1810/1810/1810 1827/1827/1827 1826/1826/1826
f 1813/1813/1813 1812/1812/1812 1828/1828/1828
f 1813/1813/1813 1828/1828/1828 1829/1829/1829
f 1812/1812/1812 1814/1814/1814 1830/1830/1830
f 1812/1812/1812 1830/1830/1830 1828/1828/1828
f 1814/1814/1814 1815/1815/1815 1831/1831/1831
f 1814/1814/1814 1831/1831/1831 1830/1830/1830
f 1815/1815/1815 1816/1816/1816 1832/1832/1832
f 1815/1815/1815 1832/1832/1832 1831/1831/1831
f 1816/1816/1816 1817/1817/1817 1833/1833/1833
f 1816/1816/1816 1833/1833/1833 1832/1832/1832
f 1817/1817/1817 1818/1818/1818 1834/1834/1834
f 1817/1817/1817 1834/1834/1834 1833/1833/1833
f 1820/1820/1820 1819/1819/1819 1835/1835/1835
f 1820/1820/1820 1835/1835/1835 1836/1836/1836
f 1819/1819/1819 1821/1821/1821 1837/1837/1837
f 1819/1819/1819 1837/1837/1837 1835/1835/1835
f 1821/1821/1821 1822/1822/1822 1838/1838/1838
f 1821/1821/1821 1838/1838/1838 1837/1837/1837
f 1822/1822/1822 1823/1823/1823 1839/1839/1839
f 1822/1822/1822 1839/1839/1839 1838/1838/1838
f 1823/1823/1823 1824/1824/1824 1840/1840/1840
f 1823/1823/1823 1840/1840/1840 1839/1839/1839
f 1824/1824/1824 1825/1825/1825 1841/1841/1841
f 1824/1824/1824 1841/1841/1841 1840/1840/1840
f 1825/1825/1825 1826/1826/1826 1842/1842/1842
f 1825/1825/1825 1842/1842/1842 1841/1841/1841
f 1826/1826/1826 1827/1827/1827 1843/1843/1843
f 1826/1826/1826 1843/1843/1843 1842/1842/1842
f 1829/1829/1829 1828/1828/1828 1844/1844/1844
f 1829/1829/1829 1844/1844/1844 1845/1845/1845
f 1828/1828/1828 1830/1830/1830 1846/1846/1846
f 1828/1828/1828 1846/1846/1846 1844/1844/1844
f 1830/1830/1830 1831/1831/1831 1847/1847/1847
f 1830/1830/1830 1847/1847/1847 1846/1846/1846
f 1831/1831/1831 1832/1832/1832 1848/1848/1848
f 1831/1831/1831 1848/1848/1848 1847/1847/1847
f 1832/1832/1832 1833/1833/1833 1849/1849/1849
f 1832/1832/1832 1849/1849/1849 1848/1848/1848
f 1833/1833/1833 1834/1834/1834 1850/1850/1850
f 1833/1833/1833 1850/1850/1850 1849/1849/1849
f 1836/1836/1836 1835/1835/1835 1851/1851/1851
f 1836/1836/1836 1851/1851/1851 1852/1852/1852
f 1835/1835/1835 1837/1837/1837 1853/1853/1853
f 1835/1835/1835 1853/1853/1853 1851/1851/1851
f 1854/1854/1854 1855/1855/1855 1856/1856/1856
f 1854/1854/1854 1856/1856/1856 1857/1857/1857
f 1855/1855/1855 1858/1858/1858 1859/1859/1859
f 1855/1855/1855 1859/1859/1859 1856/1856/1856
f 1858/1858/1858 1860/1860/1860 1861/1861/1861
f 1858/1858/1858 1861/1861/1861 1859/1859/1859
f 1860/1860/1860 1862/1862/1862 1863/1863/1863
f 1860/1860/1860 1863/1863/1863 1861/1861/1861
f 1862/1862/1862 1864/1864/1864 1865/1865/1865
f 1862/1862/1862 1865/1865/1865 1863/1863/1863
f 1864/1864/1864 1866/1866/1866 1867/1867/1867
f 1864/1864/1864 1867/1867/1867 1865/1865/1865
f 1866/1866/1866 1868/1868/1868 1869/1869/1869
f 1866/1866/1866 1869/1869/1869 1867/1867/1867
f 1868/1868/1868 1870/1870/1870 1871/1871/1871
f 1868/1868/1868 1871/1871/1871 1869/1869/1869
f 1846/1846/1846 1847/1847/1847 1872/1872/1872
f 1846/1846/1846 1872/1872/1872 1873/1873/1873
f 1847/1847/1847 1848/1848/1848 1874/1874/1874
f 1847/1847/1847 1874/1874/1874 1872/1872/1872
f 1848/1848/1848 1849/1849/1849 1875/1875/1875
f 1848/1848/1848 1875/1875/1875 1874/1874/1874
f 1849/1849/1849 1850/1850/1850 1876/1876/1876
f 1849/1849/1849 1876/1876/1876 1875/1875/1875
f 1877/1877/1877 1878/1878/1878 1614/1614/1614
f 1877/1877/1877 1614/1614/1614 1879/1879/1879
f 1878/1878/1878 1880/1880/1880 1615/1615/1615
f 1878/1878/1878 1615/1615/1615 1614/1614/1614
f 1880/1880/1880 1881/1881/1881 1618/1618/1618
f 1880/1880/1880 1618/1618/1618 1615/1615/1615
f 1881/1881/1881 1882/1882/1882 1620/1620/1620
f 1881/1881/1881 1620/1620/1620 1618/1618/1618
f 1882/1882/1882 1883/1883/1883 1622/1622/1622
f 1882/1882/1882 1622/1622/1622 1620/1620/1620
f 1883/1883/1883 1884/1884/1884 1624/1624/1624
f 1883/1883/1883 1624/1624/1624 1622/1622/1622
f 1884/1884/1884 1885/1885/1885 1626/1626/1626
f 1884/1884/1884 1626/1626/1626 1624/1624/1624
f 1885/1885/1885 1886/1886/1886 1628/1628/1628
f 1885/1885/1885 1628/1628/1628 1626/1626/1626
f 1886/1886/1886 1887/1887/1887 1888/1888/1888
f 1886/1886/1886 1888/1888/1888 1628/1628/1628
f 1887/1887/1887 1889/1889/1889 1890/1890/1890
f 1887/1887/1887 1890/1890/1890 1888/1888/1888
f 1889/1889/1889 1891/1891/1891 1892/1892/1892
f 1889/1889/1889 1892/1892/1892 1890/1890/1890
f 1893/1893/1893 1894/1894/1894 1638/1638/1638
f 1893/1893/1893 1638/1638/1638 1636/1636/1636
f 1894/1894/1894 1895/1895/1895 1640/1640/1640
f 1894/1894/1894 1640/1640/1640 1638/1638/1638
f 1895/1895/1895 1896/1896/1896 1642/1642/1642
f 1895/1895/1895 1642/1642/1642 1640/1640/1640
f 1896/1896/1896 1897/1897/1897 1644/1644/1644
f 1896/1896/1896 1644/1644/1644 1642/1642/1642
f 1897/1897/1897 672/672/672 674/674/674
f 1897/1897/1897 674/674/674 1644/1644/1644
f 1644/1644/1644 674/674/674 749/749/749
f 1644/1644/1644 749/749/749 1645/1645/1645
f 1645/1645/1645 749/749/749 748/748/748
f 1645/1645/1645 748/748/748 1669/1669/1669
f 1669/1669/1669 748/748/748 747/747/747
f 1669/1669/1669 747/747/747 1687/1687/1687
f 1687/1687/1687 747/747/747 746/746/746
f 1687/1687/1687 746/746/746 1704/1704/1704
f 1704/1704/1704 746/746/746 745/745/745
f 1704/1704/1704 745/745/745 1720/1720/1720
f 1720/1720/1720 745/745/745 744/744/744
f 1720/1720/1720 744/744/744 1737/1737/1737
f 1737/1737/1737 744/744/744 743/743/743
f 1737/1737/1737 743/743/743 1753/1753/1753
f 1753/1753/1753 743/743/743 742/742/742
f 1753/1753/1753 742/742/742 1770/1770/1770
f 1770/1770/1770 742/742/742 741/741/741
f 1770/1770/1770 741/741/741 1786/1786/1786
f 1786/1786/1786 741/741/741 740/740/740
f 1786/1786/1786 740/740/740 1802/1802/1802
f 1802/1802/1802 740/740/740 739/739/739
f 1802/1802/1802 739/739/739 1818/1818/1818
f 1818/1818/1818 739/739/739 738/738/738
f 1818/1818/1818 738/738/738 1834/1834/1834
f 1834/1834/1834 738/738/738 737/737/737
f 1834/1834/1834 737/737/737 1850/1850/1850
f 1850/1850/1850 737/737/737 735/735/735
f 1850/1850/1850 735/735/735 1876/1876/1876
f 1876/1876/1876 735/735/735 736/736/736
f 1876/1876/1876 736/736/736 992/992/992
f 1875/1875/1875 1876/1876/1876 992/992/992
f 1875/1875/1875 992/992/992 1898/1898/1898
f 1899/1899/1899 1900/1900/1900 990/990/990
f 1899/1899/1899 990/990/990 989/989/989
f 1901/1901/1901 1899/1899/1899 989/989/989
f 1901/1901/1901 989/989/989 988/988/988
f 1871/1871/1871 1901/1901/1901 988/988/988
f 1871/1871/1871 988/988/988 987/987/987
f 1869/1869/1869 1871/1871/1871 987/987/987
f 1869/1869/1869 987/987/987 986/986/986
f 1867/1867/1867 1869/1869/1869 986/986/986
f 1867/1867/1867 986/986/986 985/985/985
f 1865/1865/1865 1867/1867/1867 985/985/985
f 1865/1865/1865 985/985/985 984/984/984
f 1863/1863/1863 1865/1865/1865 984/984/984
f 1863/1863/1863 984/984/984 983/983/983
f 1861/1861/1861 1863/1863/1863 983/983/983
f 1861/1861/1861 983/983/983 982/982/982
f 1859/1859/1859 1861/1861/1861 982/982/982
f 1859/1859/1859 982/982/982 981/981/981
f 1856/1856/1856 1859/1859/1859 981/981/981
f 1856/1856/1856 981/981/981 980/980/980
f 1857/1857/1857 1856/1856/1856 980/980/980
f 1857/1857/1857 980/980/980 979/979/979
f 1902/1902/1902 1857/1857/1857 979/979/979
f 1902/1902/1902 979/979/979 978/978/978
f 1903/1903/1903 1902/1902/1902 978/978/978
f 1903/1903/1903 978/978/978 976/976/976
f 1904/1904/1904 1903/1903/1903 976/976/976
f 1904/1904/1904 976/976/976 975/975/975
f 1905/1905/1905 1836/1836/1836 1852/1852/1852
f 1905/1905/1905 1852/1852/1852 1906/1906/1906
f 1907/1907/1907 1820/1820/1820 1836/1836/1836
f 1907/1907/1907 1836/1836/1836 1905/1905/1905
f 1908/1908/1908 1804/1804/1804 1820/1820/1820
f 1908/1908/1908 1820/1820/1820 1907/1907/1907
f 1909/1909/1909 1788/1788/1788 1804/1804/1804
f 1909/1909/1909 1804/1804/1804 1908/1908/1908
f 1910/1910/1910 1772/1772/1772 1788/1788/1788
f 1910/1910/1910 1788/1788/1788 1909/1909/1909
f 1911/1911/1911 1755/1755/1755 1772/1772/1772
f 1911/1911/1911 1772/1772/1772 1910/1910/1910
f 1912/1912/1912 1739/1739/1739 1755/1755/1755
f 1912/1912/1912 1755/1755/1755 1911/1911/1911
f 1913/1913/1913 1722/1722/1722 1739/1739/1739
f 1913/1913/1913 1739/1739/1739 1912/1912/1912
f 1914/1914/1914 1706/1706/1706 1722/1722/1722
f 1914/1914/1914 1722/1722/1722 1913/1913/1913
f 1915/1915/1915 1689/1689/1689 1706/1706/1706
f 1915/1915/1915 1706/1706/1706 1914/1914/1914
f 1916/1916/1916 1671/1671/1671 1689/1689/1689
f 1916/1916/1916 1689/1689/1689 1915/1915/1915
f 1917/1917/1917 1649/1649/1649 1671/1671/1671
f 1917/1917/1917 1671/1671/1671 1916/1916/1916
f 1918/1918/1918 1646/1646/1646 1649/1649/1649
f 1918/1918/1918 1649/1649/1649 1917/1917/1917
f 1879/1879/1879 1614/1614/1614 1617/1617/1617
f 1879/1879/1879 1617/1617/1617 1919/1919/1919
f 1920/1920/1920 1921/1921/1921 1922/1922/1922
f 1920/1920/1920 1922/1922/1922 1923/1923/1923
f 1921/1921/1921 1924/1924/1924 1925/1925/1925
f 1921/1921/1921 1925/1925/1925 1922/1922/1922
f 1924/1924/1924 1926/1926/1926 1927/1927/1927
f 1924/1924/1924 1927/1927/1927 1925/1925/1925
f 1926/1926/1926 1928/1928/1928 1929/1929/1929
f 1926/1926/1926 1929/1929/1929 1927/1927/1927
f 1928/1928/1928 1930/1930/1930 1931/1931/1931
f 1928/1928/1928 1931/1931/1931 1929/1929/1929
f 1930/1930/1930 1932/1932/1932 1933/1933/1933
f 1930/1930/1930 1933/1933/1933 1931/1931/1931
f 1932/1932/1932 1934/1934/1934 1935/1935/1935
f 1932/1932/1932 1935/1935/1935 1933/1933/1933
f 1934/1934/1934 1936/1936/1936 1937/1937/1937
f 1934/1934/1934 1937/1937/1937 1935/1935/1935
f 1936/1936/1936 1938/1938/1938 1939/1939/1939
f 1936/1936/1936 1939/1939/1939 1937/1937/1937
f 1938/1938/1938 1940/1940/1940 1941/1941/1941
f 1938/1938/1938 1941/1941/1941 1939/1939/1939
f 1940/1940/1940 1942/1942/1942 1943/1943/1943
f 1940/1940/1940 1943/1943/1943 1941/1941/1941
f 1942/1942/1942 1944/1944/1944 1945/1945/1945
f 1942/1942/1942 1945/1945/1945 1943/1943/1943
f 1944/1944/1944 1946/1946/1946 1947/1947/1947
f 1944/1944/1944 1947/1947/1947 1945/1945/1945
f 1946/1946/1946 1948/1948/1948 1949/1949/1949
f 1946/1946/1946 1949/1949/1949 1947/1947/1947
f 1923/1923/1923 1922/1922/1922 1950/1950/1950
f 1923/1923/1923 1950/1950/1950 1951/1951/1951
f 1922/1922/1922 1925/1925/1925 1952/1952/1952
f 1922/1922/1922 1952/1952/1952 1950/1950/1950
f 1925/1925/1925 1927/1927/1927 1953/1953/1953
f 1925/1925/1925 1953/1953/1953 1952/1952/1952
f 1927/1927/1927 1929/1929/1929 1954/1954/1954
f 1927/1927/1927 1954/1954/1954 1953/1953/1953
f 1929/1929/1929 1931/1931/1931 1955/1955/1955
f 1929/1929/1929 1955/1955/1955 1954/1954/1954
f 1931/1931/1931 1933/1933/1933 1956/1956/1956
f 1931/1931/1931 1956/1956/1956 1955/1955/1955
f 1933/1933/1933 1935/1935/1935 1957/1957/1957
f 1933/1933/1933 1957/1957/1957 1956/1956/1956
f 1935/1935/1935 1937/1937/1937 1958/1958/1958
f 1935/1935/1935 1958/1958/1958 1957/1957/1957
f 1937/1937/1937 1939/1939/1939 1959/1959/1959
f 1937/1937/1937 1959/1959/1959 1958/1958/1958
f 1939/1939/1939 1941/1941/1941 1960/1960/1960
f 1939/1939/1939 1960/1960/1960 1959/1959/1959
f 1941/1941/1941 1943/1943/1943 1961/1961/1961
f 1941/1941/1941 1961/1961/1961 1960/1960/1960
f 1943/1943/1943 1945/1945/1945 1962/1962/1962
f 1943/1943/1943 1962/1962/1962 1961/1961/1961
f 1945/1945/1945 1947/1947/1947 1963/1963/1963
f 1945/1945/1945 1963/1963/1963 1962/1962/1962
f 1947/1947/1947 1949/1949/1949 1964/1964/1964
f 1947/1947/1947 1964/1964/1964 1963/1963/1963
f 1951/1951/1951 1950/1950/1950 1965/1965/1965
f 1951/1951/1951 1965/1965/1965 1966/1966/1966
f 1950/1950/1950 1952/1952/1952 1967/1967/1967
f 1950/1950/1950 1967/1967/1967 1965/1965/1965
f 1952/1952/1952 1953/1953/1953 1968/1968/1968
f 1952/1952/1952 1968/1968/1968 1967/1967/1967
f 1953/1953/1953 1954/1954/1954 1969/1969/1969
f 1953/1953/1953 1969/1969/1969 1968/1968/1968
f 1954/1954/1954 1955/1955/1955 1970/1970/1970
f 1954/1954/1954 1970/1970/1970 1969/1969/1969
f 1955/1955/1955 1956/1956/1956 1971/1971/1971
f 1955/1955/1955 1971/1971/1971 1970/1970/1970
f 1956/1956/1956 1957/1957/1957 1972/1972/1972
f 1956/1956/1956 1972/1972/1972 1971/1971/1971
f 1957/1957/1957 1958/1958/1958 1973/1973/1973
f 1957/1957/1957 1973/1973/1973 1972/1972/1972
f 1958/1958/1958 1959/1959/1959 1974/1974/1974
f 1958/1958/1958 1974/1974/1974 1973/1973/1973
f 1959/1959/1959 1960/1960/1960 1975/1975/1975
f 1959/1959/1959 1975/1975/1975 1974/1974/1974
f 1960/1960/1960 1961/1961/1961 1976/1976/1976
f 1960/1960/1960 1976/1976/1976 1975/1975/1975
f 1961/1961/1961 1962/1962/1962 1977/1977/1977
f 1961/1961/1961 1977/1977/1977 1976/1976/1976
f 1962/1962/1962 1963/1963/1963 1978/1978/1978
f 1962/1962/1962 1978/1978/1978 1977/1977/1977
f 1963/1963/1963 1964/1964/1964 1979/1979/1979
f 1963/1963/1963 1979/1979/1979 1978/1978/1978
f 1966/1966/1966 1965/1965/1965 1980/1980/1980
f 1966/1966/1966 1980/1980/1980 1981/1981/1981
f 1965/1965/1965 1967/1967/1967 1982/1982/1982
f 1965/1965/1965 1982/1982/1982 1980/1980/1980
f 1967/1967/1967 1968/1968/1968 1983/1983/1983
f 1967/1967/1967 1983/1983/1983 1982/1982/1982
f 1968/1968/1968 1969/1969/1969 1984/1984/1984
f 1968/1968/1968 1984/1984/1984 1983/1983/1983
f 1969/1969/1969 1970/1970/1970 1985/1985/1985
f 1969/1969/1969 1985/1985/1985 1984/1984/1984
f 1970/1970/1970 1971/1971/1971 1986/1986/1986
f 1970/1970/1970 1986/1986/1986 1985/1985/1985
f 1971/1971/1971 1972/1972/1972 1987/1987/1987
f 1971/1971/1971 1987/1987/1987 1986/1986/1986
f 1972/1972/1972 1973/1973/1973 1988/1988/1988
f 1972/1972/1972 1988/1988/1988 1987/1987/1987
f 1973/1973/1973 1974/1974/1974 1989/1989/1989
f 1973/1973/1973 1989/1989/1989 1988/1988/1988
f 1974/1974/1974 1975/1975/1975 1990/1990/1990
f 1974/1974/1974 1990/1990/1990 1989/1989/1989
f 1975/1975/1975 1976/1976/1976 1991/1991/1991
f 1975/1975/1975 1991/1991/1991 1990/1990/1990
f 1976/1976/1976 1977/1977/1977 1992/1992/1992
f 1976/1976/1976 1992/1992/1992 1991/1991/1991
f 1977/1977/1977 1978/1978/1978 1993/1993/1993
f 1977/1977/1977 1993/1993/1993 1992/1992/1992
f 1978/1978/1978 1979/1979/1979 1994/1994/1994
f 1978/1978/1978 1994/1994/1994 1993/1993/1993
f 1981/1981/1981 1980/1980/1980 1995/1995/1995
f 1981/1981/1981 1995/1995/1995 1996/1996/1996
f 1980/1980/1980 1982/1982/1982 1997/1997/1997
f 1980/1980/1980 1997/1997/1997 1995/1995/1995
f 1982/1982/1982 1983/1983/1983 1998/1998/1998
f 1982/1982/1982 1998/1998/1998 1997/1997/1997
f 1983/1983/1983 1984/1984/1984 1999/1999/1999
f 1983/1983/1983 1999/1999/1999 1998/1998/1998
f 1984/1984/1984 1985/1985/1985 2000/2000/2000
f 1984/1984/1984 2000/2000/2000 1999/1999/1999
f 1985/1985/1985 1986/1986/1986 2001/2001/2001
f 1985/1985/1985 2001/2001/2001 2000/2000/2000
f 1986/1986/1986 1987/1987/1987 2002/2002/2002
f 1986/1986/1986 2002/2002/2002 2001/2001/2001
f 1987/1987/1987 1988/1988/1988 2003/2003/2003
f 1987/1987/1987 2003/2003/2003 2002/2002/2002
f 1988/1988/1988 1989/1989/1989 2004/2004/2004
f 1988/1988/1988 2004/2004/2004 2003/2003/2003
f 1989/1989/1989 1990/1990/1990 2005/2005/2005
f 1989/1989/1989 2005/2005/2005 2004/2004/2004
f 1990/1990/1990 1991/1991/1991 2006/2006/2006
f 1990/1990/1990 2006/2006/2006 2005/2005/2005
f 1991/1991/1991 1992/1992/1992 2007/2007/2007
f 1991/1991/1991 2007/2007/2007 2006/2006/2006
f 1992/1992/1992 1993/1993/1993 2008/2008/2008
f 1992/1992/1992 2008/2008/2008 2007/2007/2007
f 1993/1993/1993 1994/1994/1994 2009/2009/2009
f 1993/1993/1993 2009/2009/2009 2008/2008/2008
f 1996/1996/1996 1995/1995/1995 2010/2010/2010
f 1996/1996/1996 2010/2010/2010 2011/2011/2011
f 1995/1995/1995 1997/1997/1997 2012/2012/2012
f 1995/1995/1995 2012/2012/2012 2010/2010/2010
f 1997/1997/1997 1998/1998/1998 2013/2013/2013
f 1997/1997/1997 2013/2013/2013 2012/2012/2012
f 1998/1998/1998 1999/1999/1999 2014/2014/2014
f 1998/1998/1998 2014/2014/2014 2013/2013/2013
f 1999/1999/1999 2000/2000/2000 2015/2015/2015
f 1999/1999/1999 2015/2015/2015 2014/2014/2014
f 2000/2000/2000 2001/2001/2001 2016/2016/2016
f 2000/2000/2000 2016/2016/2016 2015/2015/2015
f 2001/2001/2001 2002/2002/2002 2017/2017/2017
f 2001/2001/2001 2017/2017/2017 2016/2016/2016
f 2002/2002/2002 2003/2003/2003 2018/2018/2018
f 2002/2002/2002 2018/2018/2018 2017/2017/2017
f 2003/2003/2003 2004/2004/2004 2019/2019/2019
f 2003/2003/2003 2019/2019/2019 2018/2018/2018
f 2004/2004/2004 2005/2005/2005 2020/2020/2020
f 2004/2004/2004 2020/2020/2020 2019/2019/2019
f 2005/2005/2005 2006/2006/2006 2021/2021/2021
f 2005/2005/2005 2021/2021/2021 2020/2020/2020
f 2006/2006/2006 2007/2007/2007 2022/2022/2022
f 2006/2006/2006 2022/2022/2022 2021/2021/2021
f 2007/2007/2007 2008/2008/2008 2023/2023/2023
f 2007/2007/2007 2023/2023/2023 2022/2022/2022
f 2008/2008/2008 2009/2009/2009 2024/2024/2024
f 2008/2008/2008 2024/2024/2024 2023/2023/2023
f 2011/2011/2011 2010/2010/2010 2025/2025/2025
f 2011/2011/2011 2025/2025/2025 2026/2026/2026
f 2010/2010/2010 2012/2012/2012 2027/2027/2027
f 2010/2010/2010 2027/2027/2027 2025/2025/2025
f 2012/2012/2012 2013/2013/2013 2028/2028/2028
f 2012/2012/2012 2028/2028/2028 2027/2027/2027
f 2013/2013/2013 2014/2014/2014 2029/2029/2029
f 2013/2013/2013 2029/2029/2029 2028/2028/2028
f 2014/2014/2014 2015/2015/2015 2030/2030/2030
f 2014/2014/2014 2030/2030/2030 2029/2029/2029
f 2015/2015/2015 2016/2016/2016 2031/2031/2031
f 2015/2015/2015 2031/2031/2031 2030/2030/2030
f 2016/2016/2016 2017/2017/2017 2032/2032/2032
f 2016/2016/2016 2032/2032/2032 2031/2031/2031
f 2017/2017/2017 2018/2018/2018 2033/2033/2033
f 2017/2017/2017 2033/2033/2033 2032/2032/2032
f 2018/2018/2018 2019/2019/2019 2034/2034/2034
f 2018/2018/2018 2034/2034/2034 2033/2033/2033
f 2019/2019/2019 2020/2020/2020 2035/2035/2035
f 2019/2019/2019 2035/2035/2035 2034/2034/2034
f 2020/2020/2020 2021/2021/2021 2036/2036/2036
f 2020/2020/2020 2036/2036/2036 2035/2035/2035
f 2021/2021/2021 2022/2022/2022 2037/2037/2037
f 2021/2021/2021 2037/2037/2037 2036/2036/2036
f 2022/2022/2022 2023/2023/2023 2038/2038/2038
f 2022/2022/2022 2038/2038/2038 2037/2037/2037
f 2023/2023/2023 2024/2024/2024 2039/2039/2039
f 2023/2023/2023 2039/2039/2039 2038/2038/2038
f 2026/2026/2026 2025/2025/2025 2040/2040/2040
f 2026/2026/2026 2040/2040/2040 2041/2041/2041
f 2025/2025/2025 2027/2027/2027 2042/2042/2042
f 2025/2025/2025 2042/2042/2042 2040/2040/2040
f 2027/2027/2027 2028/2028/2028 2043/2043/2043
f 2027/2027/2027 2043/2043/2043 2042/2042/2042
f 2028/2028/2028 2029/2029/2029 2044/2044/2044
f 2028/2028/2028 2044/2044/2044 2043/2043/2043
f 2029/2029/2029 2030/2030/2030 2045/2045/2045
f 2029/2029/2029 2045/2045/2045 2044/2044/2044
f 2030/2030/2030 2031/2031/2031 2046/2046/2046
f 2030/2030/2030 2046/2046/2046 2045/2045/2045
f 2031/2031/2031 2032/2032/2032 2047/2047/2047
f 2031/2031/2031 2047/2047/2047 2046/2046/2046
f 2032/2032/2032 2033/2033/2033 2048/2048/2048
f 2032/2032/2032 2048/2048/2048 2047/2047/2047
f 2033/2033/2033 2034/2034/2034 2049/2049/2049
f 2033/2033/2033 2049/2049/2049 2048/2048/2048
f 2034/2034/2034 2035/2035/2035 2050/2050/2050
f 2034/2034/2034 2050/2050/2050 2049/2049/2049
f 2035/2035/2035 2036/2036/2036 2051/2051/2051
f 2035/2035/2035 2051/2051/2051 2050/2050/2050
f 2036/2036/2036 2037/2037/2037 2052/2052/2052
f 2036/2036/2036 2052/2052/2052 2051/2051/2051
f 2037/2037/2037 2038/2038/2038 2053/2053/2053
f 2037/2037/2037 2053/2053/2053 2052/2052/2052
f 2038/2038/2038 2039/2039/2039 2054/2054/2054
f 2038/2038/2038 2054/2054/2054 2053/2053/2053
f 2041/2041/2041 2040/2040/2040 2055/2055/2055
f 2041/2041/2041 2055/2055/2055 2056/2056/2056
f 2040/2040/2040 2042/2042/2042 2057/2057/2057
f 2040/2040/2040 2057/2057/2057 2055/2055/2055
f 2042/2042/2042 2043/2043/2043 2058/2058/2058
f 2042/2042/2042 2058/2058/2058 2057/2057/2057
f 2043/2043/2043 2044/2044/2044 2059/2059/2059
f 2043/2043/2043 2059/2059/2059 2058/2058/2058
f 2044/2044/2044 2045/2045/2045 2060/2060/2060
f 2044/2044/2044 2060/2060/2060 2059/2059/2059
f 2045/2045/2045 2046/2046/2046 2061/2061/2061
f 2045/2045/2045 2061/2061/2061 2060/2060/2060
f 2046/2046/2046 2047/2047/2047 2062/2062/2062
f 2046/2046/2046 2062/2062/2062 2061/2061/2061
f 2047/2047/2047 2048/2048/2048 2063/2063/2063
f 2047/2047/2047 2063/2063/2063 2062/2062/2062
f 2048/2048/2048 2049/2049/2049 2064/2064/2064
f 2048/2048/2048 2064/2064/2064 2063/2063/2063
f 2049/2049/2049 2050/2050/2050 2065/2065/2065
f 2049/2049/2049 2065/2065/2065 2064/2064/2064
f 2050/2050/2050 2051/2051/2051 2066/2066/2066
f 2050/2050/2050 2066/2066/2066 2065/2065/2065
f 2051/2051/2051 2052/2052/2052 2067/2067/2067
f 2051/2051/2051 2067/2067/2067 2066/2066/2066
f 2052/2052/2052 2053/2053/2053 2068/2068/2068
f 2052/2052/2052 2068/2068/2068 2067/2067/2067
f 2053/2053/2053 2054/2054/2054 2069/2069/2069
f 2053/2053/2053 2069/2069/2069 2068/2068/2068
f 2056/2056/2056 2055/2055/2055 2070/2070/2070
f 2056/2056/2056 2070/2070/2070 2071/2071/2071
f 2055/2055/2055 2057/2057/2057 2072/2072/2072
f 2055/2055/2055 2072/2072/2072 2070/2070/2070
f 2057/2057/2057 2058/2058/2058 2073/2073/2073
f 2057/2057/2057 2073/2073/2073 2072/2072/2072
f 2058/2058/2058 2059/2059/2059 2074/2074/2074
f 2058/2058/2058 2074/2074/2074 2073/2073/2073
f 2059/2059/2059 2060/2060/2060 2075/2075/2075
f 2059/2059/2059 2075/2075/2075 2074/2074/2074
f 2060/2060/2060 2061/2061/2061 2076/2076/2076
f 2060/2060/2060 2076/2076/2076 2075/2075/2075
f 2061/2061/2061 2062/2062/2062 2077/2077/2077
f 2061/2061/2061 2077/2077/2077 2076/2076/2076
f 2062/2062/2062 2063/2063/2063 2078/2078/2078
f 2062/2062/2062 2078/2078/2078 2077/2077/2077
f 2063/2063/2063 2064/2064/2064 2079/2079/2079
f 2063/2063/2063 2079/2079/2079 2078/2078/2078
f 2064/2064/2064 2065/2065/2065 2080/2080/2080
f 2064/2064/2064 2080/2080/2080 2079/2079/2079
f 2065/2065/2065 2066/2066/2066 2081/2081/2081
f 2065/2065/2065 2081/2081/2081 2080/2080/2080
f 2066/2066/2066 2067/2067/2067 2082/2082/2082
f 2066/2066/2066 2082/2082/2082 2081/2081/2081
f 2067/2067/2067 2068/2068/2068 2083/2083/2083
f 2067/2067/2067 2083/2083/2083 2082/2082/2082
f 2068/2068/2068 2069/2069/2069 2084/2084/2084
f 2068/2068/2068 2084/2084/2084 2083/2083/2083
f 2071/2071/2071 2070/2070/2070 2085/2085/2085
f 2071/2071/2071 2085/2085/2085 2086/2086/2086
f 2070/2070/2070 2072/2072/2072 2087/2087/2087
f 2070/2070/2070 2087/2087/2087 2085/2085/2085
f 2072/2072/2072 2073/2073/2073 2088/2088/2088
f 2072/2072/2072 2088/2088/2088 2087/2087/2087
f 2073/2073/2073 2074/2074/2074 2089/2089/2089
f 2073/2073/2073 2089/2089/2089 2088/2088/2088
f 2074/2074/2074 2075/2075/2075 2090/2090/2090
f 2074/2074/2074 2090/2090/2090 2089/2089/2089
f 2075/2075/2075 2076/2076/2076 2091/2091/2091
f 2075/2075/2075 2091/2091/2091 2090/2090/2090
f 2076/2076/2076 2077/2077/2077 2092/2092/2092
f 2076/2076/2076 2092/2092/2092 2091/2091/2091
f 2077/2077/2077 2078/2078/2078 2093/2093/2093
f 2077/2077/2077 2093/2093/2093 2092/2092/2092
f 2078/2078/2078 2079/2079/2079 2094/2094/2094
f 2078/2078/2078 2094/2094/2094 2093/2093/2093
f 2079/2079/2079 2080/2080/2080 2095/2095/2095
f 2079/2079/2079 2095/2095/2095 2094/2094/2094
f 2080/2080/2080 2081/2081/2081 2096/2096/2096
f 2080/2080/2080 2096/2096/2096 2095/2095/2095
f 2081/2081/2081 2082/2082/2082 2097/2097/2097
f 2081/2081/2081 2097/2097/2097 2096/2096/2096
f 2082/2082/2082 2083/2083/2083 2098/2098/2098
f 2082/2082/2082 2098/2098/2098 2097/2097/2097
f 2083/2083/2083 2084/2084/2084 2099/2099/2099
f 2083/2083/2083 2099/2099/2099 2098/2098/2098
f 2086/2086/2086 2085/2085/2085 2100/2100/2100
f 2086/2086/2086 2100/2100/2100 2101/2101/2101
f 2085/2085/2085 2087/2087/2087 2102/2102/2102
f 2085/2085/2085 2102/2102/2102 2100/2100/2100
f 2087/2087/2087 2088/2088/2088 2103/2103/2103
f 2087/2087/2087 2103/2103/2103 2102/2102/2102
f 2088/2088/2088 2089/2089/2089 2104/2104/2104
f 2088/2088/2088 2104/2104/2104 2103/2103/2103
f 2089/2089/2089 2090/2090/2090 2105/2105/2105
f 2089/2089/2089 2105/2105/2105 2104/2104/2104
f 2090/2090/2090 2091/2091/2091 2106/2106/2106
f 2090/2090/2090 2106/2106/2106 2105/2105/2105
f 2091/2091/2091 2092/2092/2092 2107/2107/2107
f 2091/2091/2091 2107/2107/2107 2106/2106/2106
f 2092/2092/2092 2093/2093/2093 2108/2108/2108
f 2092/2092/2092 2108/2108/2108 2107/2107/2107
f 2093/2093/2093 2094/2094/2094 2109/2109/2109
f 2093/2093/2093 2109/2109/2109 2108/2108/2108
f 2094/2094/2094 2095/2095/2095 2110/2110/2110
f 2094/2094/2094 2110/2110/2110 2109/2109/2109
f 2095/2095/2095 2096/2096/2096 2111/2111/2111
f 2095/2095/2095 2111/2111/2111 2110/2110/2110
f 2096/2096/2096 2097/2097/2097 2112/2112/2112
f 2096/2096/2096 2112/2112/2112 2111/2111/2111
f 2097/2097/2097 2098/2098/2098 2113/2113/2113
f 2097/2097/2097 2113/2113/2113 2112/2112/2112
f 2098/2098/2098 2099/2099/2099 2114/2114/2114
f 2098/2098/2098 2114/2114/2114 2113/2113/2113
f 2101/2101/2101 2100/2100/2100 2115/2115/2115
f 2101/2101/2101 2115/2115/2115 2116/2116/2116
f 2100/2100/2100 2102/2102/2102 2117/2117/2117
f 2100/2100/2100 2117/2117/2117 2115/2115/2115
f 2102/2102/2102 2103/2103/2103 2118/2118/2118
f 2102/2102/2102 2118/2118/2118 2117/2117/2117
f 2103/2103/2103 2104/2104/2104 2119/2119/2119
f 2103/2103/2103 2119/2119/2119 2118/2118/2118
f 2104/2104/2104 2105/2105/2105 2120/2120/2120
f 2104/2104/2104 2120/2120/2120 2119/2119/2119
f 2105/2105/2105 2106/2106/2106 2121/2121/2121
f 2105/2105/2105 2121/2121/2121 2120/2120/2120
f 2106/2106/2106 2107/2107/2107 2122/2122/2122
f 2106/2106/2106 2122/2122/2122 2121/2121/2121
f 2107/2107/2107 2108/2108/2108 2123/2123/2123
f 2107/2107/2107 2123/2123/2123 2122/2122/2122
f 2108/2108/2108 2109/2109/2109 2124/2124/2124
f 2108/2108/2108 2124/2124/2124 2123/2123/2123
f 2109/2109/2109 2110/2110/2110 2125/2125/2125
f 2109/2109/2109 2125/2125/2125 2124/2124/2124
f 2110/2110/2110 2111/2111/2111 2126/2126/2126
f 2110/2110/2110 2126/2126/2126 2125/2125/2125
f 2111/2111/2111 2112/2112/2112 2127/2127/2127
f 2111/2111/2111 2127/2127/2127 2126/2126/2126
f 2112/2112/2112 2113/2113/2113 2128/2128/2128
f 2112/2112/2112 2128/2128/2128 2127/2127/2127
f 2113/2113/2113 2114/2114/2114 2129/2129/2129
f 2113/2113/2113 2129/2129/2129 2128/2128/2128
f 2116/2116/2116 2115/2115/2115 2130/2130/2130
f 2116/2116/2116 2130/2130/2130 2131/2131/2131
f 2115/2115/2115 2117/2117/2117 2132/2132/2132
f 2115/2115/2115 2132/2132/2132 2130/2130/2130
f 2117/2117/2117 2118/2118/2118 2133/2133/2133
f 2117/2117/2117 2133/2133/2133 2132/2132/2132
f 2118/2118/2118 2119/2119/2119 2134/2134/2134
f 2118/2118/2118 2134/2134/2134 2133/2133/2133
f 2119/2119/2119 2120/2120/2120 2135/2135/2135
f 2119/2119/2119 2135/2135/2135 2134/2134/2134
f 2120/2120/2120 2121/2121/2121 2136/2136/2136
f 2120/2120/2120 2136/2136/2136 2135/2135/2135
f 2121/2121/2121 2122/2122/2122 2137/2137/2137
f 2121/2121/2121 2137/2137/2137 2136/2136/2136
f 2122/2122/2122 2123/2123/2123 2138/2138/2138
f 2122/2122/2122 2138/2138/2138 2137/2137/2137
f 2123/2123/2123 2124/2124/2124 2139/2139/2139
f 2123/2123/2123 2139/2139/2139 2138/2138/2138
f 2124/2124/2124 2125/2125/2125 2140/2140/2140
f 2124/2124/2124 2140/2140/2140 2139/2139/2139
f 2125/2125/2125 2126/2126/2126 2141/2141/2141
f 2125/2125/2125 2141/2141/2141 2140/2140/2140
f 2126/2126/2126 2127/2127/2127 2142/2142/2142
f 2126/2126/2126 2142/2142/2142 2141/2141/2141
f 2127/2127/2127 2128/2128/2128 2143/2143/2143
f 2127/2127/2127 2143/2143/2143 2142/2142/2142
f 2144/2144/2144 2145/2145/2145 2146/2146/2146
f 2144/2144/2144 2146/2146/2146 2147/2147/2147
f 2148/2148/2148 2149/2149/2149 1920/1920/1920
f 2148/2148/2148 1920/1920/1920 2150/2150/2150
f 2149/2149/2149 2151/2151/2151 1921/1921/1921
f 2149/2149/2149 1921/1921/1921 1920/1920/1920
f 2151/2151/2151 2152/2152/2152 1924/1924/1924
f 2151/2151/2151 1924/1924/1924 1921/1921/1921
f 2152/2152/2152 2153/2153/2153 1926/1926/1926
f 2152/2152/2152 1926/1926/1926 1924/1924/1924
f 2153/2153/2153 2154/2154/2154 1928/1928/1928
f 2153/2153/2153 1928/1928/1928 1926/1926/1926
f 2154/2154/2154 2155/2155/2155 1930/1930/1930
f 2154/2154/2154 1930/1930/1930 1928/1928/1928
f 2155/2155/2155 2156/2156/2156 1932/1932/1932
f 2155/2155/2155 1932/1932/1932 1930/1930/1930
f 2156/2156/2156 2157/2157/2157 1934/1934/1934
f 2156/2156/2156 1934/1934/1934 1932/1932/1932
f 2157/2157/2157 2158/2158/2158 1936/1936/1936
f 2157/2157/2157 1936/1936/1936 1934/1934/1934
f 2158/2158/2158 2159/2159/2159 1938/1938/1938
f 2158/2158/2158 1938/1938/1938 1936/1936/1936
f 2159/2159/2159 2160/2160/2160 1940/1940/1940
f 2159/2159/2159 1940/1940/1940 1938/1938/1938
f 2160/2160/2160 2161/2161/2161 1942/1942/1942
f 2160/2160/2160 1942/1942/1942 1940/1940/1940
f 2161/2161/2161 2162/2162/2162 1944/1944/1944
f 2161/2161/2161 1944/1944/1944 1942/1942/1942
f 1269/1269/1269 1268/1268/1268 2163/2163/2163
f 1269/1269/1269 2163/2163/2163 2164/2164/2164
f 1268/1268/1268 1267/1267/1267 2165/2165/2165
f 1268/1268/1268 2165/2165/2165 2163/2163/2163
f 1267/1267/1267 697/697/697 696/696/696
f 1267/1267/1267 696/696/696 2165/2165/2165
f 1948/1948/1948 2166/2166/2166 693/693/693
f 1948/1948/1948 693/693/693 1949/1949/1949
f 1949/1949/1949 693/693/693 691/691/691
f 1949/1949/1949 691/691/691 1964/1964/1964
f 1964/1964/1964 691/691/691 689/689/689
f 1964/1964/1964 689/689/689 1979/1979/1979
f 1979/1979/1979 689/689/689 687/687/687
f 1979/1979/1979 687/687/687 1994/1994/1994
f 1994/1994/1994 687/687/687 684/684/684
f 1994/1994/1994 684/684/684 2009/2009/2009
f 2009/2009/2009 684/684/684 683/683/683
f 2009/2009/2009 683/683/683 2024/2024/2024
f 2024/2024/2024 683/683/683 2167/2167/2167
f 2024/2024/2024 2167/2167/2167 2039/2039/2039
f 2039/2039/2039 2167/2167/2167 2168/2168/2168
f 2039/2039/2039 2168/2168/2168 2054/2054/2054
f 2054/2054/2054 2168/2168/2168 2169/2169/2169
f 2054/2054/2054 2169/2169/2169 2069/2069/2069
f 2069/2069/2069 2169/2169/2169 2170/2170/2170
f 2069/2069/2069 2170/2170/2170 2084/2084/2084
f 2171/2171/2171 678/678/678 677/677/677
f 2171/2171/2171 677/677/677 2172/2172/2172
f 2172/2172/2172 677/677/677 676/676/676
f 2172/2172/2172 676/676/676 2173/2173/2173
f 2173/2173/2173 676/676/676 675/675/675
f 2173/2173/2173 675/675/675 2145/2145/2145
f 2145/2145/2145 675/675/675 673/673/673
f 2145/2145/2145 673/673/673 2146/2146/2146
f 2146/2146/2146 673/673/673 672/672/672
f 2146/2146/2146 672/672/672 1897/1897/1897
f 2147/2147/2147 2146/2146/2146 1897/1897/1897
f 2147/2147/2147 1897/1897/1897 1896/1896/1896
f 2174/2174/2174 2147/2147/2147 1896/1896/1896
f 2174/2174/2174 1896/1896/1896 1895/1895/1895
f 2141/2141/2141 2142/2142/2142 2175/2175/2175
f 2141/2141/2141 2175/2175/2175 2176/2176/2176
f 2140/2140/2140 2141/2141/2141 2176/2176/2176
f 2140/2140/2140 2176/2176/2176 1891/1891/1891
f 2139/2139/2139 2140/2140/2140 1891/1891/1891
f 2139/2139/2139 1891/1891/1891 1889/1889/1889
f 2138/2138/2138 2139/2139/2139 1889/1889/1889
f 2138/2138/2138 1889/1889/1889 1887/1887/1887
f 2137/2137/2137 2138/2138/2138 1887/1887/1887
f 2137/2137/2137 1887/1887/1887 1886/1886/1886
f 2136/2136/2136 2137/2137/2137 1886/1886/1886
f 2136/2136/2136 1886/1886/1886 1885/1885/1885
f 2135/2135/2135 2136/2136/2136 1885/1885/1885
f 2135/2135/2135 1885/1885/1885 1884/1884/1884
f 2134/2134/2134 2135/2135/2135 1884/1884/1884
f 2134/2134/2134 1884/1884/1884 1883/1883/1883
f 2133/2133/2133 2134/2134/2134 1883/1883/1883
f 2133/2133/2133 1883/1883/1883 1882/1882/1882
f 2132/2132/2132 2133/2133/2133 1882/1882/1882
f 2132/2132/2132 1882/1882/1882 1881/1881/1881
f 2130/2130/2130 2132/2132/2132 1881/1881/1881
f 2130/2130/2130 1881/1881/1881 1880/1880/1880
f 2131/2131/2131 2130/2130/2130 1880/1880/1880
f 2131/2131/2131 1880/1880/1880 1878/1878/1878
f 2177/2177/2177 2131/2131/2131 1878/1878/1878
f 2177/2177/2177 1878/1878/1878 1877/1877/1877
f 2178/2178/2178 2116/2116/2116 2131/2131/2131
f 2178/2178/2178 2131/2131/2131 2177/2177/2177
f 2179/2179/2179 2101/2101/2101 2116/2116/2116
f 2179/2179/2179 2116/2116/2116 2178/2178/2178
f 2180/2180/2180 2086/2086/2086 2101/2101/2101
f 2180/2180/2180 2101/2101/2101 2179/2179/2179
f 2181/2181/2181 2071/2071/2071 2086/2086/2086
f 2181/2181/2181 2086/2086/2086 2180/2180/2180
f 2182/2182/2182 2056/2056/2056 2071/2071/2071
f 2182/2182/2182 2071/2071/2071 2181/2181/2181
f 2183/2183/2183 2041/2041/2041 2056/2056/2056
f 2183/2183/2183 2056/2056/2056 2182/2182/2182
f 2184/2184/2184 2026/2026/2026 2041/2041/2041
f 2184/2184/2184 2041/2041/2041 2183/2183/2183
f 2185/2185/2185 2011/2011/2011 2026/2026/2026
f 2185/2185/2185 2026/2026/2026 2184/2184/2184
f 2186/2186/2186 1996/1996/1996 2011/2011/2011
f 2186/2186/2186 2011/2011/2011 2185/2185/2185
f 2187/2187/2187 1981/1981/1981 1996/1996/1996
f 2187/2187/2187 1996/1996/1996 2186/2186/2186
f 2188/2188/2188 1966/1966/1966 1981/1981/1981
f 2188/2188/2188 1981/1981/1981 2187/2187/2187
f 2189/2189/2189 1951/1951/1951 1966/1966/1966
f 2189/2189/2189 1966/1966/1966 2188/2188/2188
f 2190/2190/2190 1923/1923/1923 1951/1951/1951
f 2190/2190/2190 1951/1951/1951 2189/2189/2189
f 2150/2150/2150 1920/1920/1920 1923/1923/1923
f 2150/2150/2150 1923/1923/1923 2190/2190/2190
f 2191/2191/2191 2192/2192/2192 2193/2193/2193
f 2191/2191/2191 2193/2193/2193 2194/2194/2194
f 2192/2192/2192 2195/2195/2195 2196/2196/2196
f 2192/2192/2192 2196/2196/2196 2193/2193/2193
f 2195/2195/2195 2197/2197/2197 2198/2198/2198
f 2195/2195/2195 2198/2198/2198 2196/2196/2196
f 2197/2197/2197 2199/2199/2199 2200/2200/2200
f 2197/2197/2197 2200/2200/2200 2198/2198/2198
f 2199/2199/2199 2201/2201/2201 2202/2202/2202
f 2199/2199/2199 2202/2202/2202 2200/2200/2200
f 2201/2201/2201 2203/2203/2203 2204/2204/2204
f 2201/2201/2201 2204/2204/2204 2202/2202/2202
f 2203/2203/2203 2205/2205/2205 2206/2206/2206
f 2203/2203/2203 2206/2206/2206 2204/2204/2204
f 2205/2205/2205 2207/2207/2207 2208/2208/2208
f 2205/2205/2205 2208/2208/2208 2206/2206/2206
f 2207/2207/2207 2209/2209/2209 2210/2210/2210
f 2207/2207/2207 2210/2210/2210 2208/2208/2208
f 2209/2209/2209 2211/2211/2211 2212/2212/2212
f 2209/2209/2209 2212/2212/2212 2210/2210/2210
f 2211/2211/2211 2213/2213/2213 2214/2214/2214
f 2211/2211/2211 2214/2214/2214 2212/2212/2212
f 2213/2213/2213 2215/2215/2215 2216/2216/2216
f 2213/2213/2213 2216/2216/2216 2214/2214/2214
f 2215/2215/2215 2217/2217/2217 2218/2218/2218
f 2215/2215/2215 2218/2218/2218 2216/2216/2216
f 2217/2217/2217 2219/2219/2219 2220/2220/2220
f 2217/2217/2217 2220/2220/2220 2218/2218/2218
f 2194/2194/2194 2193/2193/2193 2221/2221/2221
f 2194/2194/2194 2221/2221/2221 2222/2222/2222
f 2193/2193/2193 2196/2196/2196 2223/2223/2223
f 2193/2193/2193 2223/2223/2223 2221/2221/2221
f 2196/2196/2196 2198/2198/2198 2224/2224/2224
f 2196/2196/2196 2224/2224/2224 2223/2223/2223
f 2198/2198/2198 2200/2200/2200 2225/2225/2225
f 2198/2198/2198 2225/2225/2225 2224/2224/2224
f 2200/2200/2200 2202/2202/2202 2226/2226/2226
f 2200/2200/2200 2226/2226/2226 2225/2225/2225
f 2202/2202/2202 2204/2204/2204 2227/2227/2227
f 2202/2202/2202 2227/2227/2227 2226/2226/2226
f 2204/2204/2204 2206/2206/2206 2228/2228/2228
f 2204/2204/2204 2228/2228/2228 2227/2227/2227
f 2206/2206/2206 2208/2208/2208 2229/2229/2229
f 2206/2206/2206 2229/2229/2229 2228/2228/2228
f 2208/2208/2208 2210/2210/2210 2230/2230/2230
f 2208/2208/2208 2230/2230/2230 2229/2229/2229
f 2210/2210/2210 2212/2212/2212 2231/2231/2231
f 2210/2210/2210 2231/2231/2231 2230/2230/2230
f 2212/2212/2212 2214/2214/2214 2232/2232/2232
f 2212/2212/2212 2232/2232/2232 2231/2231/2231
f 2214/2214/2214 2216/2216/2216 2233/2233/2233
f 2214/2214/2214 2233/2233/2233 2232/2232/2232
f 2216/2216/2216 2218/2218/2218 2234/2234/2234
f 2216/2216/2216 2234/2234/2234 2233/2233/2233
f 2218/2218/2218 2220/2220/2220 2235/2235/2235
f 2218/2218/2218 2235/2235/2235 2234/2234/2234
f 2222/2222/2222 2221/2221/2221 2236/2236/2236
f 2222/2222/2222 2236/2236/2236 2237/2237/2237
f 2221/2221/2221 2223/2223/2223 2238/2238/2238
f 2221/2221/2221 2238/2238/2238 2236/2236/2236
f 2223/2223/2223 2224/2224/2224 2239/2239/2239
f 2223/2223/2223 2239/2239/2239 2238/2238/2238
f 2224/2224/2224 2225/2225/2225 2240/2240/2240
f 2224/2224/2224 2240/2240/2240 2239/2239/2239
f 2225/2225/2225 2226/2226/2226 2241/2241/2241
f 2225/2225/2225 2241/2241/2241 2240/2240/2240
f 2226/2226/2226 2227/2227/2227 2242/2242/2242
f 2226/2226/2226 2242/2242/2242 2241/2241/2241
f 2227/2227/2227 2228/2228/2228 2243/2243/2243
f 2227/2227/2227 2243/2243/2243 2242/2242/2242
f 2228/2228/2228 2229/2229/2229 2244/2244/2244
f 2228/2228/2228 2244/2244/2244 2243/2243/2243
f 2229/2229/2229 2230/2230/2230 2245/2245/2245
f 2229/2229/2229 2245/2245/2245 2244/2244/2244
f 2230/2230/2230 2231/2231/2231 2246/2246/2246
f 2230/2230/2230 2246/2246/2246 2245/2245/2245
f 2231/2231/2231 2232/2232/2232 2247/2247/2247
f 2231/2231/2231 2247/2247/2247 2246/2246/2246
f 2232/2232/2232 2233/2233/2233 2248/2248/2248
f 2232/2232/2232 2248/2248/2248 2247/2247/2247
f 2233/2233/2233 2234/2234/2234 2249/2249/2249
f 2233/2233/2233 2249/2249/2249 2248/2248/2248
f 2234/2234/2234 2235/2235/2235 2250/2250/2250
f 2234/2234/2234 2250/2250/2250 2249/2249/2249
f 2237/2237/2237 2236/2236/2236 2251/2251/2251
f 2237/2237/2237 2251/2251/2251 2252/2252/2252
f 2236/2236/2236 2238/2238/2238 2253/2253/2253
f 2236/2236/2236 2253/2253/2253 2251/2251/2251
f 2238/2238/2238 2239/2239/2239 2254/2254/2254
f 2238/2238/2238 2254/2254/2254 2253/2253/2253
f 2239/2239/2239 2240/2240/2240 2255/2255/2255
f 2239/2239/2239 2255/2255/2255 2254/2254/2254
f 2240/2240/2240 2241/2241/2241 2256/2256/2256
f 2240/2240/2240 2256/2256/2256 2255/2255/2255
f 2241/2241/2241 2242/2242/2242 2257/2257/2257
f 2241/2241/2241 2257/2257/2257 2256/2256/2256
f 2242/2242/2242 2243/2243/2243 2258/2258/2258
f 2242/2242/2242 2258/2258/2258 2257/2257/2257
f 2243/2243/2243 2244/2244/2244 2259/2259/2259
f 2243/2243/2243 2259/2259/2259 2258/2258/2258
f 2244/2244/2244 2245/2245/2245 2260/2260/2260
f 2244/2244/2244 2260/2260/2260 2259/2259/2259
f 2245/2245/2245 2246/2246/2246 2261/2261/2261
f 2245/2245/2245 2261/2261/2261 2260/2260/2260
f 2246/2246/2246 2247/2247/2247 2262/2262/2262
f 2246/2246/2246 2262/2262/2262 2261/2261/2261
f 2247/2247/2247 2248/2248/2248 2263/2263/2263
f 2247/2247/2247 2263/2263/2263 2262/2262/2262
f 2248/2248/2248 2249/2249/2249 2264/2264/2264
f 2248/2248/2248 2264/2264/2264 2263/2263/2263
f 2249/2249/2249 2250/2250/2250 2265/2265/2265
f 2249/2249/2249 2265/2265/2265 2264/2264/2264
f 2252/2252/2252 2251/2251/2251 2266/2266/2266
f 2252/2252/2252 2266/2266/2266 2267/2267/2267
f 2251/2251/2251 2253/2253/2253 2268/2268/2268
f 2251/2251/2251 2268/2268/2268 2266/2266/2266
f 2253/2253/2253 2254/2254/2254 2269/2269/2269
f 2253/2253/2253 2269/2269/2269 2268/2268/2268
f 2254/2254/2254 2255/2255/2255 2270/2270/2270
f 2254/2254/2254 2270/2270/2270 2269/2269/2269
f 2255/2255/2255 2256/2256/2256 2271/2271/2271
f 2255/2255/2255 2271/2271/2271 2270/2270/2270
f 2256/2256/2256 2257/2257/2257 2272/2272/2272
f 2256/2256/2256 2272/2272/2272 2271/2271/2271
f 2257/2257/2257 2258/2258/2258 2273/2273/2273
f 2257/2257/2257 2273/2273/2273 2272/2272/2272
f 2258/2258/2258 2259/2259/2259 2274/2274/2274
f 2258/2258/2258 2274/2274/2274 2273/2273/2273
f 2259/2259/2259 2260/2260/2260 2275/2275/2275
f 2259/2259/2259 2275/2275/2275 2274/2274/2274
f 2260/2260/2260 2261/2261/2261 2276/2276/2276
f 2260/2260/2260 2276/2276/2276 2275/2275/2275
f 2261/2261/2261 2262/2262/2262 2277/2277/2277
f 2261/2261/2261 2277/2277/2277 2276/2276/2276
f 2262/2262/2262 2263/2263/2263 2278/2278/2278
f 2262/2262/2262 2278/2278/2278 2277/2277/2277
f 2263/2263/2263 2264/2264/2264 2279/2279/2279
f 2263/2263/2263 2279/2279/2279 2278/2278/2278
f 2264/2264/2264 2265/2265/2265 2280/2280/2280
f 2264/2264/2264 2280/2280/2280 2279/2279/2279
f 2267/2267/2267 2266/2266/2266 2281/2281/2281
f 2267/2267/2267 2281/2281/2281 2282/2282/2282
f 2266/2266/2266 2268/2268/2268 2283/2283/2283
f 2266/2266/2266 2283/2283/2283 2281/2281/2281
f 2268/2268/2268 2269/2269/2269 2284/2284/2284
f 2268/2268/2268 2284/2284/2284 2283/2283/2283
f 2269/2269/2269 2270/2270/2270 2285/2285/2285
f 2269/2269/2269 2285/2285/2285 2284/2284/2284
f 2270/2270/2270 2271/2271/2271 2286/2286/2286
f 2270/2270/2270 2286/2286/2286 2285/2285/2285
f 2271/2271/2271 2272/2272/2272 2287/2287/2287
f 2271/2271/2271 2287/2287/2287 2286/2286/2286
f 2272/2272/2272 2273/2273/2273 2288/2288/2288
f 2272/2272/2272 2288/2288/2288 2287/2287/2287
f 2273/2273/2273 2274/2274/2274 2289/2289/2289
f 2273/2273/2273 2289/2289/2289 2288/2288/2288
f 2274/2274/2274 2275/2275/2275 2290/2290/2290
f 2274/2274/2274 2290/2290/2290 2289/2289/2289
f 2275/2275/2275 2276/2276/2276 2291/2291/2291
f 2275/2275/2275 2291/2291/2291 2290/2290/2290
f 2276/2276/2276 2277/2277/2277 2292/2292/2292
f 2276/2276/2276 2292/2292/2292 2291/2291/2291
f 2277/2277/2277 2278/2278/2278 2293/2293/2293
f 2277/2277/2277 2293/2293/2293 2292/2292/2292
f 2278/2278/2278 2279/2279/2279 2294/2294/2294
f 2278/2278/2278 2294/2294/2294 2293/2293/2293
f 2279/2279/2279 2280/2280/2280 2295/2295/2295
f 2279/2279/2279 2295/2295/2295 2294/2294/2294
f 2282/2282/2282 2281/2281/2281 2296/2296/2296
f 2282/2282/2282 2296/2296/2296 2297/2297/2297
f 2281/2281/2281 2283/2283/2283 2298/2298/2298
f 2281/2281/2281 2298/2298/2298 2296/2296/2296
f 2283/2283/2283 2284/2284/2284 2299/2299/2299
f 2283/2283/2283 2299/2299/2299 2298/2298/2298
f 2284/2284/2284 2285/2285/2285 2300/2300/2300
f 2284/2284/2284 2300/2300/2300 2299/2299/2299
f 2285/2285/2285 2286/2286/2286 2301/2301/2301
f 2285/2285/2285 2301/2301/2301 2300/2300/2300
f 2286/2286/2286 2287/2287/2287 2302/2302/2302
f 2286/2286/2286 2302/2302/2302 2301/2301/2301
f 2287/2287/2287 2288/2288/2288 2303/2303/2303
f 2287/2287/2287 2303/2303/2303 2302/2302/2302
f 2288/2288/2288 2289/2289/2289 2304/2304/2304
f 2288/2288/2288 2304/2304/2304 2303/2303/2303
f 2289/2289/2289 2290/2290/2290 2305/2305/2305
f 2289/2289/2289 2305/2305/2305 2304/2304/2304
f 2290/2290/2290 2291/2291/2291 2306/2306/2306
f 2290/2290/2290 2306/2306/2306 2305/2305/2305
f 2291/2291/2291 2292/2292/2292 2307/2307/2307
f 2291/2291/2291 2307/2307/2307 2306/2306/2306
f 2292/2292/2292 2293/2293/2293 2308/2308/2308
f 2292/2292/2292 2308/2308/2308 2307/2307/2307
f 2293/2293/2293 2294/2294/2294 2309/2309/2309
f 2293/2293/2293 2309/2309/2309 2308/2308/2308
f 2294/2294/2294 2295/2295/2295 2310/2310/2310
f 2294/2294/2294 2310/2310/2310 2309/2309/2309
f 2297/2297/2297 2296/2296/2296 2311/2311/2311
f 2297/2297/2297 2311/2311/2311 2312/2312/2312
f 2296/2296/2296 2298/2298/2298 2313/2313/2313
f 2296/2296/2296 2313/2313/2313 2311/2311/2311
f 2298/2298/2298 2299/2299/2299 2314/2314/2314
f 2298/2298/2298 2314/2314/2314 2313/2313/2313
f 2299/2299/2299 2300/2300/2300 2315/2315/2315
f 2299/2299/2299 2315/2315/2315 2314/2314/2314
f 2300/2300/2300 2301/2301/2301 2316/2316/2316
f 2300/2300/2300 2316/2316/2316 2315/2315/2315
f 2301/2301/2301 2302/2302/2302 2317/2317/2317
f 2301/2301/2301 2317/2317/2317 2316/2316/2316
f 2302/2302/2302 2303/2303/2303 2318/2318/2318
f 2302/2302/2302 2318/2318/2318 2317/2317/2317
f 2303/2303/2303 2304/2304/2304 2319/2319/2319
f 2303/2303/2303 2319/2319/2319 2318/2318/2318
f 2304/2304/2304 2305/2305/2305 2320/2320/2320
f 2304/2304/2304 2320/2320/2320 2319/2319/2319
f 2305/2305/2305 2306/2306/2306 2321/2321/2321
f 2305/2305/2305 2321/2321/2321 2320/2320/2320
f 2306/2306/2306 2307/2307/2307 2322/2322/2322
f 2306/2306/2306 2322/2322/2322 2321/2321/2321
f 2307/2307/2307 2308/2308/2308 2323/2323/2323
f 2307/2307/2307 2323/2323/2323 2322/2322/2322
f 2308/2308/2308 2309/2309/2309 2324/2324/2324
f 2308/2308/2308 2324/2324/2324 2323/2323/2323
f 2309/2309/2309 2310/2310/2310 2325/2325/2325
f 2309/2309/2309 2325/2325/2325 2324/2324/2324
f 2312/2312/2312 2311/2311/2311 2326/2326/2326
f 2312/2312/2312 2326/2326/2326 2327/2327/2327
f 2311/2311/2311 2313/2313/2313 2328/2328/2328
f 2311/2311/2311 2328/2328/2328 2326/2326/2326
f 2313/2313/2313 2314/2314/2314 2329/2329/2329
f 2313/2313/2313 2329/2329/2329 2328/2328/2328
f 2314/2314/2314 2315/2315/2315 2330/2330/2330
f 2314/2314/2314 2330/2330/2330 2329/2329/2329
f 2315/2315/2315 2316/2316/2316 2331/2331/2331
f 2315/2315/2315 2331/2331/2331 2330/2330/2330
f 2316/2316/2316 2317/2317/2317 2332/2332/2332
f 2316/2316/2316 2332/2332/2332 2331/2331/2331
f 2317/2317/2317 2318/2318/2318 2333/2333/2333
f 2317/2317/2317 2333/2333/2333 2332/2332/2332
f 2318/2318/2318 2319/2319/2319 2334/2334/2334
f 2318/2318/2318 2334/2334/2334 2333/2333/2333
f 2319/2319/2319 2320/2320/2320 2335/2335/2335
f 2319/2319/2319 2335/2335/2335 2334/2334/2334
f 2320/2320/2320 2321/2321/2321 2336/2336/2336
f 2320/2320/2320 2336/2336/2336 2335/2335/2335
f 2321/2321/2321 2322/2322/2322 2337/2337/2337
f 2321/2321/2321 2337/2337/2337 2336/2336/2336
f 2322/2322/2322 2323/2323/2323 2338/2338/2338
f 2322/2322/2322 2338/2338/2338 2337/2337/2337
f 2323/2323/2323 2324/2324/2324 2339/2339/2339
f 2323/2323/2323 2339/2339/2339 2338/2338/2338
f 2324/2324/2324 2325/2325/2325 2340/2340/2340
f 2324/2324/2324 2340/2340/2340 2339/2339/2339
f 2327/2327/2327 2326/2326/2326 2341/2341/2341
f 2327/2327/2327 2341/2341/2341 2342/2342/2342
f 2326/2326/2326 2328/2328/2328 2343/2343/2343
f 2326/2326/2326 2343/2343/2343 2341/2341/2341
f 2328/2328/2328 2329/2329/2329 2344/2344/2344
f 2328/2328/2328 2344/2344/2344 2343/2343/2343
f 2329/2329/2329 2330/2330/2330 2345/2345/2345
f 2329/2329/2329 2345/2345/2345 2344/2344/2344
f 2330/2330/2330 2331/2331/2331 2346/2346/2346
f 2330/2330/2330 2346/2346/2346 2345/2345/2345
f 2331/2331/2331 2332/2332/2332 2347/2347/2347
f 2331/2331/2331 2347/2347/2347 2346/2346/2346
f 2332/2332/2332 2333/2333/2333 2348/2348/2348
f 2332/2332/2332 2348/2348/2348 2347/2347/2347
f 2333/2333/2333 2334/2334/2334 2349/2349/2349
f 2333/2333/2333 2349/2349/2349 2348/2348/2348
f 2334/2334/2334 2335/2335/2335 2350/2350/2350
f 2334/2334/2334 2350/2350/2350 2349/2349/2349
f 2335/2335/2335 2336/2336/2336 2351/2351/2351
f 2335/2335/2335 2351/2351/2351 2350/2350/2350
f 2336/2336/2336 2337/2337/2337 2352/2352/2352
f 2336/2336/2336 2352/2352/2352 2351/2351/2351
f 2337/2337/2337 2338/2338/2338 2353/2353/2353
f 2337/2337/2337 2353/2353/2353 2352/2352/2352
f 2338/2338/2338 2339/2339/2339 2354/2354/2354
f 2338/2338/2338 2354/2354/2354 2353/2353/2353
f 2339/2339/2339 2340/2340/2340 2355/2355/2355
f 2339/2339/2339 2355/2355/2355 2354/2354/2354
f 2342/2342/2342 2341/2341/2341 2356/2356/2356
f 2342/2342/2342 2356/2356/2356 2357/2357/2357
f 2341/2341/2341 2343/2343/2343 2358/2358/2358
f 2341/2341/2341 2358/2358/2358 2356/2356/2356
f 2343/2343/2343 2344/2344/2344 2359/2359/2359
f 2343/2343/2343 2359/2359/2359 2358/2358/2358
f 2344/2344/2344 2345/2345/2345 2360/2360/2360
f 2344/2344/2344 2360/2360/2360 2359/2359/2359
f 2345/2345/2345 2346/2346/2346 2361/2361/2361
f 2345/2345/2345 2361/2361/2361 2360/2360/2360
f 2346/2346/2346 2347/2347/2347 2362/2362/2362
f 2346/2346/2346 2362/2362/2362 2361/2361/2361
f 2347/2347/2347 2348/2348/2348 2363/2363/2363
f 2347/2347/2347 2363/2363/2363 2362/2362/2362
f 2348/2348/2348 2349/2349/2349 2364/2364/2364
f 2348/2348/2348 2364/2364/2364 2363/2363/2363
f 2349/2349/2349 2350/2350/2350 2365/2365/2365
f 2349/2349/2349 2365/2365/2365 2364/2364/2364
f 2350/2350/2350 2351/2351/2351 2366/2366/2366
f 2350/2350/2350 2366/2366/2366 2365/2365/2365
f 2351/2351/2351 2352/2352/2352 2367/2367/2367
f 2351/2351/2351 2367/2367/2367 2366/2366/2366
f 2352/2352/2352 2353/2353/2353 2368/2368/2368
f 2352/2352/2352 2368/2368/2368 2367/2367/2367
f 2353/2353/2353 2354/2354/2354 2369/2369/2369
f 2353/2353/2353 2369/2369/2369 2368/2368/2368
f 2354/2354/2354 2355/2355/2355 2370/2370/2370
f 2354/2354/2354 2370/2370/2370 2369/2369/2369
f 2357/2357/2357 2356/2356/2356 2371/2371/2371
f 2357/2357/2357 2371/2371/2371 2372/2372/2372
f 2356/2356/2356 2358/2358/2358 2373/2373/2373
f 2356/2356/2356 2373/2373/2373 2371/2371/2371
f 2358/2358/2358 2359/2359/2359 2374/2374/2374
f 2358/2358/2358 2374/2374/2374 2373/2373/2373
f 2359/2359/2359 2360/2360/2360 2375/2375/2375
f 2359/2359/2359 2375/2375/2375 2374/2374/2374
f 2360/2360/2360 2361/2361/2361 2376/2376/2376
f 2360/2360/2360 2376/2376/2376 2375/2375/2375
f 2361/2361/2361 2362/2362/2362 2377/2377/2377
f 2361/2361/2361 2377/2377/2377 2376/2376/2376
f 2362/2362/2362 2363/2363/2363 2378/2378/2378
f 2362/2362/2362 2378/2378/2378 2377/2377/2377
f 2363/2363/2363 2364/2364/2364 2379/2379/2379
f 2363/2363/2363 2379/2379/2379 2378/2378/2378
f 2364/2364/2364 2365/2365/2365 2380/2380/2380
f 2364/2364/2364 2380/2380/2380 2379/2379/2379
f 2365/2365/2365 2366/2366/2366 2381/2381/2381
f 2365/2365/2365 2381/2381/2381 2380/2380/2380
f 2366/2366/2366 2367/2367/2367 2382/2382/2382
f 2366/2366/2366 2382/2382/2382 2381/2381/2381
f 2367/2367/2367 2368/2368/2368 2383/2383/2383
f 2367/2367/2367 2383/2383/2383 2382/2382/2382
f 2368/2368/2368 2369/2369/2369 2384/2384/2384
f 2368/2368/2368 2384/2384/2384 2383/2383/2383
f 2369/2369/2369 2370/2370/2370 2385/2385/2385
f 2369/2369/2369 2385/2385/2385 2384/2384/2384
f 2372/2372/2372 2371/2371/2371 2386/2386/2386
f 2372/2372/2372 2386/2386/2386 2387/2387/2387
f 2371/2371/2371 2373/2373/2373 2388/2388/2388
f 2371/2371/2371 2388/2388/2388 2386/2386/2386
f 2373/2373/2373 2374/2374/2374 2389/2389/2389
f 2373/2373/2373 2389/2389/2389 2388/2388/2388
f 2374/2374/2374 2375/2375/2375 2390/2390/2390
f 2374/2374/2374 2390/2390/2390 2389/2389/2389
f 2375/2375/2375 2376/2376/2376 2391/2391/2391
f 2375/2375/2375 2391/2391/2391 2390/2390/2390
f 2376/2376/2376 2377/2377/2377 2392/2392/2392
f 2376/2376/2376 2392/2392/2392 2391/2391/2391
f 2377/2377/2377 2378/2378/2378 2393/2393/2393
f 2377/2377/2377 2393/2393/2393 2392/2392/2392
f 2378/2378/2378 2379/2379/2379 2394/2394/2394
f 2378/2378/2378 2394/2394/2394 2393/2393/2393
f 2379/2379/2379 2380/2380/2380 2395/2395/2395
f 2379/2379/2379 2395/2395/2395 2394/2394/2394
f 2380/2380/2380 2381/2381/2381 2396/2396/2396
f 2380/2380/2380 2396/2396/2396 2395/2395/2395
f 2381/2381/2381 2382/2382/2382 2397/2397/2397
f 2381/2381/2381 2397/2397/2397 2396/2396/2396
f 2382/2382/2382 2383/2383/2383 2398/2398/2398
f 2382/2382/2382 2398/2398/2398 2397/2397/2397
f 2383/2383/2383 2384/2384/2384 2399/2399/2399
f 2383/2383/2383 2399/2399/2399 2398/2398/2398
f 2384/2384/2384 2385/2385/2385 2400/2400/2400
f 2384/2384/2384 2400/2400/2400 2399/2399/2399
f 2387/2387/2387 2386/2386/2386 2401/2401/2401
f 2387/2387/2387 2401/2401/2401 2402/2402/2402
f 2386/2386/2386 2388/2388/2388 2403/2403/2403
f 2386/2386/2386 2403/2403/2403 2401/2401/2401
f 2388/2388/2388 2389/2389/2389 2404/2404/2404
f 2388/2388/2388 2404/2404/2404 2403/2403/2403
f 2389/2389/2389 2390/2390/2390 2405/2405/2405
f 2389/2389/2389 2405/2405/2405 2404/2404/2404
f 2390/2390/2390 2391/2391/2391 2406/2406/2406
f 2390/2390/2390 2406/2406/2406 2405/2405/2405
f 2391/2391/2391 2392/2392/2392 2407/2407/2407
f 2391/2391/2391 2407/2407/2407 2406/2406/2406
f 2392/2392/2392 2393/2393/2393 2408/2408/2408
f 2392/2392/2392 2408/2408/2408 2407/2407/2407
f 2393/2393/2393 2394/2394/2394 2409/2409/2409
f 2393/2393/2393 2409/2409/2409 2408/2408/2408
f 2394/2394/2394 2395/2395/2395 2410/2410/2410
f 2394/2394/2394 2410/2410/2410 2409/2409/2409
f 2395/2395/2395 2396/2396/2396 2411/2411/2411
f 2395/2395/2395 2411/2411/2411 2410/2410/2410
f 2396/2396/2396 2397/2397/2397 2412/2412/2412
f 2396/2396/2396 2412/2412/2412 2411/2411/2411
f 2397/2397/2397 2398/2398/2398 2413/2413/2413
f 2397/2397/2397 2413/2413/2413 2412/2412/2412
f 2398/2398/2398 2399/2399/2399 2414/2414/2414
f 2398/2398/2398 2414/2414/2414 2413/2413/2413
f 2399/2399/2399 2400/2400/2400 2415/2415/2415
f 2399/2399/2399 2415/2415/2415 2414/2414/2414
f 1541/1541/1541 2416/2416/2416 2417/2417/2417
f 1541/1541/1541 2417/2417/2417 1542/1542/1542
f 2418/2418/2418 2419/2419/2419 2192/2192/2192
f 2418/2418/2418 2192/2192/2192 2191/2191/2191
f 2419/2419/2419 2420/2420/2420 2195/2195/2195
f 2419/2419/2419 2195/2195/2195 2192/2192/2192
f 2420/2420/2420 2421/2421/2421 2197/2197/2197
f 2420/2420/2420 2197/2197/2197 2195/2195/2195
f 2421/2421/2421 2422/2422/2422 2199/2199/2199
f 2421/2421/2421 2199/2199/2199 2197/2197/2197
f 2422/2422/2422 2423/2423/2423 2201/2201/2201
f 2422/2422/2422 2201/2201/2201 2199/2199/2199
f 2423/2423/2423 2424/2424/2424 2203/2203/2203
f 2423/2423/2423 2203/2203/2203 2201/2201/2201
f 2424/2424/2424 2425/2425/2425 2205/2205/2205
f 2424/2424/2424 2205/2205/2205 2203/2203/2203
f 2425/2425/2425 2426/2426/2426 2207/2207/2207
f 2425/2425/2425 2207/2207/2207 2205/2205/2205
f 2426/2426/2426 2427/2427/2427 2209/2209/2209
f 2426/2426/2426 2209/2209/2209 2207/2207/2207
f 2427/2427/2427 2428/2428/2428 2211/2211/2211
f 2427/2427/2427 2211/2211/2211 2209/2209/2209
f 2428/2428/2428 2429/2429/2429 2213/2213/2213
f 2428/2428/2428 2213/2213/2213 2211/2211/2211
f 2429/2429/2429 2430/2430/2430 2215/2215/2215
f 2429/2429/2429 2215/2215/2215 2213/2213/2213
f 2430/2430/2430 2431/2431/2431 2217/2217/2217
f 2430/2430/2430 2217/2217/2217 2215/2215/2215
f 2431/2431/2431 2432/2432/2432 2219/2219/2219
f 2431/2431/2431 2219/2219/2219 2217/2217/2217
f 2432/2432/2432 2148/2148/2148 2150/2150/2150
f 2432/2432/2432 2150/2150/2150 2219/2219/2219
f 2219/2219/2219 2150/2150/2150 2190/2190/2190
f 2219/2219/2219 2190/2190/2190 2220/2220/2220
f 2220/2220/2220 2190/2190/2190 2189/2189/2189
f 2220/2220/2220 2189/2189/2189 2235/2235/2235
f 2235/2235/2235 2189/2189/2189 2188/2188/2188
f 2235/2235/2235 2188/2188/2188 2250/2250/2250
f 2250/2250/2250 2188/2188/2188 2187/2187/2187
f 2250/2250/2250 2187/2187/2187 2265/2265/2265
f 2265/2265/2265 2187/2187/2187 2186/2186/2186
f 2265/2265/2265 2186/2186/2186 2280/2280/2280
f 2280/2280/2280 2186/2186/2186 2185/2185/2185
f 2280/2280/2280 2185/2185/2185 2295/2295/2295
f 2295/2295/2295 2185/2185/2185 2184/2184/2184
f 2295/2295/2295 2184/2184/2184 2310/2310/2310
f 2310/2310/2310 2184/2184/2184 2183/2183/2183
f 2310/2310/2310 2183/2183/2183 2325/2325/2325
f 2325/2325/2325 2183/2183/2183 2182/2182/2182
f 2325/2325/2325 2182/2182/2182 2340/2340/2340
f 2340/2340/2340 2182/2182/2182 2181/2181/2181
f 2340/2340/2340 2181/2181/2181 2355/2355/2355
f 2355/2355/2355 2181/2181/2181 2180/2180/2180
f 2355/2355/2355 2180/2180/2180 2370/2370/2370
f 2370/2370/2370 2180/2180/2180 2179/2179/2179
f 2370/2370/2370 2179/2179/2179 2385/2385/2385
f 2385/2385/2385 2179/2179/2179 2178/2178/2178
f 2385/2385/2385 2178/2178/2178 2400/2400/2400
f 2400/2400/2400 2178/2178/2178 2177/2177/2177
f 2400/2400/2400 2177/2177/2177 2415/2415/2415
f 2415/2415/2415 2177/2177/2177 1877/1877/1877
f 2415/2415/2415 1877/1877/1877 2433/2433/2433
f 2414/2414/2414 2415/2415/2415 2433/2433/2433
f 2414/2414/2414 2433/2433/2433 2434/2434/2434
f 2413/2413/2413 2414/2414/2414 2434/2434/2434
f 2413/2413/2413 2434/2434/2434 2435/2435/2435
f 2412/2412/2412 2413/2413/2413 2435/2435/2435
f 2412/2412/2412 2435/2435/2435 2436/2436/2436
f 2411/2411/2411 2412/2412/2412 2436/2436/2436
f 2411/2411/2411 2436/2436/2436 2437/2437/2437
f 2410/2410/2410 2411/2411/2411 2437/2437/2437
f 2410/2410/2410 2437/2437/2437 2438/2438/2438
f 2409/2409/2409 2410/2410/2410 2438/2438/2438
f 2409/2409/2409 2438/2438/2438 2439/2439/2439
f 2408/2408/2408 2409/2409/2409 2439/2439/2439
f 2408/2408/2408 2439/2439/2439 2440/2440/2440
f 2407/2407/2407 2408/2408/2408 2440/2440/2440
f 2407/2407/2407 2440/2440/2440 2441/2441/2441
f 2406/2406/2406 2407/2407/2407 2441/2441/2441
f 2406/2406/2406 2441/2441/2441 2442/2442/2442
f 2405/2405/2405 2406/2406/2406 2442/2442/2442
f 2405/2405/2405 2442/2442/2442 2443/2443/2443
f 2404/2404/2404 2405/2405/2405 2443/2443/2443
f 2404/2404/2404 2443/2443/2443 2444/2444/2444
f 2403/2403/2403 2404/2404/2404 2444/2444/2444
f 2403/2403/2403 2444/2444/2444 2445/2445/2445
f 2401/2401/2401 2403/2403/2403 2445/2445/2445
f 2401/2401/2401 2445/2445/2445 2446/2446/2446
f 2402/2402/2402 2401/2401/2401 2446/2446/2446
f 2402/2402/2402 2446/2446/2446 2447/2447/2447
f 1562/1562/1562 2402/2402/2402 2447/2447/2447
f 1562/1562/1562 2447/2447/2447 1564/1564/1564
f 1561/1561/1561 2387/2387/2387 2402/2402/2402
f 1561/1561/1561 2402/2402/2402 1562/1562/1562
f 1560/1560/1560 2372/2372/2372 2387/2387/2387
f 1560/1560/1560 2387/2387/2387 1561/1561/1561
f 1558/1558/1558 2357/2357/2357 2372/2372/2372
f 1558/1558/1558 2372/2372/2372 1560/1560/1560
f 1556/1556/1556 2342/2342/2342 2357/2357/2357
f 1556/1556/1556 2357/2357/2357 1558/1558/1558
f 1553/1553/1553 2327/2327/2327 2342/2342/2342
f 1553/1553/1553 2342/2342/2342 1556/1556/1556
f 1552/1552/1552 2312/2312/2312 2327/2327/2327
f 1552/1552/1552 2327/2327/2327 1553/1553/1553
f 2448/2448/2448 2297/2297/2297 2312/2312/2312
f 2448/2448/2448 2312/2312/2312 1552/1552/1552
f 2449/2449/2449 2282/2282/2282 2297/2297/2297
f 2449/2449/2449 2297/2297/2297 2448/2448/2448
f 2450/2450/2450 2267/2267/2267 2282/2282/2282
f 2450/2450/2450 2282/2282/2282 2449/2449/2449
f 2451/2451/2451 2252/2252/2252 2267/2267/2267
f 2451/2451/2451 2267/2267/2267 2450/2450/2450
f 2452/2452/2452 2237/2237/2237 2252/2252/2252
f 2452/2452/2452 2252/2252/2252 2451/2451/2451
f 2453/2453/2453 2222/2222/2222 2237/2237/2237
f 2453/2453/2453 2237/2237/2237 2452/2452/2452
f 1544/1544/1544 2454/2454/2454 2455/2455/2455
f 1544/1544/1544 2455/2455/2455 1545/1545/1545
f 1542/1542/1542 2417/2417/2417 2454/2454/2454
f 1542/1542/1542 2454/2454/2454 1544/1544/1544
f 2456/2456/2456 2457/2457/2457 2458/2458/2458
f 2456/2456/2456 2458/2458/2458 2459/2459/2459
f 2457/2457/2457 2460/2460/2460 2461/2461/2461
f 2457/2457/2457 2461/2461/2461 2458/2458/2458
f 2460/2460/2460 2462/2462/2462 2463/2463/2463
f 2460/2460/2460 2463/2463/2463 2461/2461/2461
f 2462/2462/2462 2464/2464/2464 2465/2465/2465
f 2462/2462/2462 2465/2465/2465 2463/2463/2463
f 2464/2464/2464 2466/2466/2466 2467/2467/2467
f 2464/2464/2464 2467/2467/2467 2465/2465/2465
f 2468/2468/2468 2469/2469/2469 2470/2470/2470
f 2468/2468/2468 2470/2470/2470 2471/2471/2471
f 2469/2469/2469 2472/2472/2472 2473/2473/2473
f 2469/2469/2469 2473/2473/2473 2470/2470/2470
f 2472/2472/2472 2474/2474/2474 2475/2475/2475
f 2472/2472/2472 2475/2475/2475 2473/2473/2473
f 2474/2474/2474 2476/2476/2476 2477/2477/2477
f 2474/2474/2474 2477/2477/2477 2475/2475/2475
f 2476/2476/2476 2478/2478/2478 2479/2479/2479
f 2476/2476/2476 2479/2479/2479 2477/2477/2477
f 2478/2478/2478 2480/2480/2480 2481/2481/2481
f 2478/2478/2478 2481/2481/2481 2479/2479/2479
f 2480/2480/2480 2482/2482/2482 2483/2483/2483
f 2480/2480/2480 2483/2483/2483 2481/2481/2481
f 2482/2482/2482 2484/2484/2484 2485/2485/2485
f 2482/2482/2482 2485/2485/2485 2483/2483/2483
f 2484/2484/2484 2486/2486/2486 2487/2487/2487
f 2484/2484/2484 2487/2487/2487 2485/2485/2485
f 2459/2459/2459 2458/2458/2458 2488/2488/2488
f 2459/2459/2459 2488/2488/2488 2489/2489/2489
f 2458/2458/2458 2461/2461/2461 2490/2490/2490
f 2458/2458/2458 2490/2490/2490 2488/2488/2488
f 2461/2461/2461 2463/2463/2463 2491/2491/2491
f 2461/2461/2461 2491/2491/2491 2490/2490/2490
f 2463/2463/2463 2465/2465/2465 2492/2492/2492
f 2463/2463/2463 2492/2492/2492 2491/2491/2491
f 2465/2465/2465 2467/2467/2467 2493/2493/2493
f 2465/2465/2465 2493/2493/2493 2492/2492/2492
f 2467/2467/2467 2494/2494/2494 2495/2495/2495
f 2467/2467/2467 2495/2495/2495 2493/2493/2493
f 2494/2494/2494 2496/2496/2496 2497/2497/2497
f 2494/2494/2494 2497/2497/2497 2495/2495/2495
f 2496/2496/2496 2498/2498/2498 2499/2499/2499
f 2496/2496/2496 2499/2499/2499 2497/2497/2497
f 2498/2498/2498 2500/2500/2500 2501/2501/2501
f 2498/2498/2498 2501/2501/2501 2499/2499/2499
f 2500/2500/2500 2502/2502/2502 2503/2503/2503
f 2500/2500/2500 2503/2503/2503 2501/2501/2501
f 2502/2502/2502 2504/2504/2504 2505/2505/2505
f 2502/2502/2502 2505/2505/2505 2503/2503/2503
f 2504/2504/2504 2506/2506/2506 2507/2507/2507
f 2504/2504/2504 2507/2507/2507 2505/2505/2505
f 2506/2506/2506 2508/2508/2508 2509/2509/2509
f 2506/2506/2506 2509/2509/2509 2507/2507/2507
f 2508/2508/2508 2510/2510/2510 2511/2511/2511
f 2508/2508/2508 2511/2511/2511 2509/2509/2509
f 2489/2489/2489 2488/2488/2488 2512/2512/2512
f 2489/2489/2489 2512/2512/2512 2513/2513/2513
f 2488/2488/2488 2490/2490/2490 2514/2514/2514
f 2488/2488/2488 2514/2514/2514 2512/2512/2512
f 2490/2490/2490 2491/2491/2491 2515/2515/2515
f 2490/2490/2490 2515/2515/2515 2514/2514/2514
f 2491/2491/2491 2492/2492/2492 2516/2516/2516
f 2491/2491/2491 2516/2516/2516 2515/2515/2515
f 2492/2492/2492 2493/2493/2493 2517/2517/2517
f 2492/2492/2492 2517/2517/2517 2516/2516/2516
f 2493/2493/2493 2495/2495/2495 2518/2518/2518
f 2493/2493/2493 2518/2518/2518 2517/2517/2517
f 2495/2495/2495 2497/2497/2497 2519/2519/2519
f 2495/2495/2495 2519/2519/2519 2518/2518/2518
f 2497/2497/2497 2499/2499/2499 2520/2520/2520
f 2497/2497/2497 2520/2520/2520 2519/2519/2519
f 2499/2499/2499 2501/2501/2501 2521/2521/2521
f 2499/2499/2499 2521/2521/2521 2520/2520/2520
f 2501/2501/2501 2503/2503/2503 2522/2522/2522
f 2501/2501/2501 2522/2522/2522 2521/2521/2521
f 2503/2503/2503 2505/2505/2505 2523/2523/2523
f 2503/2503/2503 2523/2523/2523 2522/2522/2522
f 2505/2505/2505 2507/2507/2507 2524/2524/2524
f 2505/2505/2505 2524/2524/2524 2523/2523/2523
f 2507/2507/2507 2509/2509/2509 2525/2525/2525
f 2507/2507/2507 2525/2525/2525 2524/2524/2524
f 2509/2509/2509 2511/2511/2511 2526/2526/2526
f 2509/2509/2509 2526/2526/2526 2525/2525/2525
f 2513/2513/2513 2512/2512/2512 2527/2527/2527
f 2513/2513/2513 2527/2527/2527 2528/2528/2528
f 2512/2512/2512 2514/2514/2514 2529/2529/2529
f 2512/2512/2512 2529/2529/2529 2527/2527/2527
f 2514/2514/2514 2515/2515/2515 2530/2530/2530
f 2514/2514/2514 2530/2530/2530 2529/2529/2529
f 2515/2515/2515 2516/2516/2516 2531/2531/2531
f 2515/2515/2515 2531/2531/2531 2530/2530/2530
f 2516/2516/2516 2517/2517/2517 2532/2532/2532
f 2516/2516/2516 2532/2532/2532 2531/2531/2531
f 2517/2517/2517 2518/2518/2518 2533/2533/2533
f 2517/2517/2517 2533/2533/2533 2532/2532/2532
f 2518/2518/2518 2519/2519/2519 2534/2534/2534
f 2518/2518/2518 2534/2534/2534 2533/2533/2533
f 2519/2519/2519 2520/2520/2520 2535/2535/2535
f 2519/2519/2519 2535/2535/2535 2534/2534/2534
f 2520/2520/2520 2521/2521/2521 2536/2536/2536
f 2520/2520/2520 2536/2536/2536 2535/2535/2535
f 2521/2521/2521 2522/2522/2522 2537/2537/2537
f 2521/2521/2521 2537/2537/2537 2536/2536/2536
f 2522/2522/2522 2523/2523/2523 2538/2538/2538
f 2522/2522/2522 2538/2538/2538 2537/2537/2537
f 2523/2523/2523 2524/2524/2524 2539/2539/2539
f 2523/2523/2523 2539/2539/2539 2538/2538/2538
f 2524/2524/2524 2525/2525/2525 2540/2540/2540
f 2524/2524/2524 2540/2540/2540 2539/2539/2539
f 2525/2525/2525 2526/2526/2526 2541/2541/2541
f 2525/2525/2525 2541/2541/2541 2540/2540/2540
f 2528/2528/2528 2527/2527/2527 2542/2542/2542
f 2528/2528/2528 2542/2542/2542 2543/2543/2543
f 2527/2527/2527 2529/2529/2529 2544/2544/2544
f 2527/2527/2527 2544/2544/2544 2542/2542/2542
f 2529/2529/2529 2530/2530/2530 2545/2545/2545
f 2529/2529/2529 2545/2545/2545 2544/2544/2544
f 2530/2530/2530 2531/2531/2531 2546/2546/2546
f 2530/2530/2530 2546/2546/2546 2545/2545/2545
f 2531/2531/2531 2532/2532/2532 2547/2547/2547
f 2531/2531/2531 2547/2547/2547 2546/2546/2546
f 2532/2532/2532 2533/2533/2533 2548/2548/2548
f 2532/2532/2532 2548/2548/2548 2547/2547/2547
f 2533/2533/2533 2534/2534/2534 2549/2549/2549
f 2533/2533/2533 2549/2549/2549 2548/2548/2548
f 2534/2534/2534 2535/2535/2535 2550/2550/2550
f 2534/2534/2534 2550/2550/2550 2549/2549/2549
f 2535/2535/2535 2536/2536/2536 2551/2551/2551
f 2535/2535/2535 2551/2551/2551 2550/2550/2550
f 2536/2536/2536 2537/2537/2537 2552/2552/2552
f 2536/2536/2536 2552/2552/2552 2551/2551/2551
f 2537/2537/2537 2538/2538/2538 2553/2553/2553
f 2537/2537/2537 2553/2553/2553 2552/2552/2552
f 2538/2538/2538 2539/2539/2539 2554/2554/2554
f 2538/2538/2538 2554/2554/2554 2553/2553/2553
f 2539/2539/2539 2540/2540/2540 2555/2555/2555
f 2539/2539/2539 2555/2555/2555 2554/2554/2554
f 2540/2540/2540 2541/2541/2541 2556/2556/2556
f 2540/2540/2540 2556/2556/2556 2555/2555/2555
f 2543/2543/2543 2542/2542/2542 2557/2557/2557
f 2543/2543/2543 2557/2557/2557 2558/2558/2558
f 2542/2542/2542 2544/2544/2544 2559/2559/2559
f 2542/2542/2542 2559/2559/2559 2557/2557/2557
f 2544/2544/2544 2545/2545/2545 2560/2560/2560
f 2544/2544/2544 2560/2560/2560 2559/2559/2559
f 2545/2545/2545 2546/2546/2546 2561/2561/2561
f 2545/2545/2545 2561/2561/2561 2560/2560/2560
f 2546/2546/2546 2547/2547/2547 2562/2562/2562
f 2546/2546/2546 2562/2562/2562 2561/2561/2561
f 2547/2547/2547 2548/2548/2548 2563/2563/2563
f 2547/2547/2547 2563/2563/2563 2562/2562/2562
f 2548/2548/2548 2549/2549/2549 2564/2564/2564
f 2548/2548/2548 2564/2564/2564 2563/2563/2563
f 2549/2549/2549 2550/2550/2550 2565/2565/2565
f 2549/2549/2549 2565/2565/2565 2564/2564/2564
f 2550/2550/2550 2551/2551/2551 2566/2566/2566
f 2550/2550/2550 2566/2566/2566 2565/2565/2565
f 2551/2551/2551 2552/2552/2552 2567/2567/2567
f 2551/2551/2551 2567/2567/2567 2566/2566/2566
f 2552/2552/2552 2553/2553/2553 2568/2568/2568
f 2552/2552/2552 2568/2568/2568 2567/2567/2567
f 2553/2553/2553 2554/2554/2554 2569/2569/2569
f 2553/2553/2553 2569/2569/2569 2568/2568/2568
f 2554/2554/2554 2555/2555/2555 2570/2570/2570
f 2554/2554/2554 2570/2570/2570 2569/2569/2569
f 2555/2555/2555 2556/2556/2556 2571/2571/2571
f 2555/2555/2555 2571/2571/2571 2570/2570/2570
f 2558/2558/2558 2557/2557/2557 2572/2572/2572
f 2558/2558/2558 2572/2572/2572 2573/2573/2573
f 2557/2557/2557 2559/2559/2559 2574/2574/2574
f 2557/2557/2557 2574/2574/2574 2572/2572/2572
f 2559/2559/2559 2560/2560/2560 2575/2575/2575
f 2559/2559/2559 2575/2575/2575 2574/2574/2574
f 2560/2560/2560 2561/2561/2561 2576/2576/2576
f 2560/2560/2560 2576/2576/2576 2575/2575/2575
f 2561/2561/2561 2562/2562/2562 2577/2577/2577
f 2561/2561/2561 2577/2577/2577 2576/2576/2576
f 2562/2562/2562 2563/2563/2563 2578/2578/2578
f 2562/2562/2562 2578/2578/2578 2577/2577/2577
f 2563/2563/2563 2564/2564/2564 2579/2579/2579
f 2563/2563/2563 2579/2579/2579 2578/2578/2578
f 2564/2564/2564 2565/2565/2565 2580/2580/2580
f 2564/2564/2564 2580/2580/2580 2579/2579/2579
f 2565/2565/2565 2566/2566/2566 2581/2581/2581
f 2565/2565/2565 2581/2581/2581 2580/2580/2580
f 2566/2566/2566 2567/2567/2567 2582/2582/2582
f 2566/2566/2566 2582/2582/2582 2581/2581/2581
f 2567/2567/2567 2568/2568/2568 2583/2583/2583
f 2567/2567/2567 2583/2583/2583 2582/2582/2582
f 2568/2568/2568 2569/2569/2569 2584/2584/2584
f 2568/2568/2568 2584/2584/2584 2583/2583/2583
f 2569/2569/2569 2570/2570/2570 2585/2585/2585
f 2569/2569/2569 2585/2585/2585 2584/2584/2584
f 2570/2570/2570 2571/2571/2571 2586/2586/2586
f 2570/2570/2570 2586/2586/2586 2585/2585/2585
f 2573/2573/2573 2572/2572/2572 2587/2587/2587
f 2573/2573/2573 2587/2587/2587 2588/2588/2588
f 2572/2572/2572 2574/2574/2574 2589/2589/2589
f 2572/2572/2572 2589/2589/2589 2587/2587/2587
f 2574/2574/2574 2575/2575/2575 2590/2590/2590
f 2574/2574/2574 2590/2590/2590 2589/2589/2589
f 2575/2575/2575 2576/2576/2576 2591/2591/2591
f 2575/2575/2575 2591/2591/2591 2590/2590/2590
f 2576/2576/2576 2577/2577/2577 2592/2592/2592
f 2576/2576/2576 2592/2592/2592 2591/2591/2591
f 2577/2577/2577 2578/2578/2578 2593/2593/2593
f 2577/2577/2577 2593/2593/2593 2592/2592/2592
f 2578/2578/2578 2579/2579/2579 2594/2594/2594
f 2578/2578/2578 2594/2594/2594 2593/2593/2593
f 2579/2579/2579 2580/2580/2580 2595/2595/2595
f 2579/2579/2579 2595/2595/2595 2594/2594/2594
f 2580/2580/2580 2581/2581/2581 2596/2596/2596
f 2580/2580/2580 2596/2596/2596 2595/2595/2595
f 2581/2581/2581 2582/2582/2582 2597/2597/2597
f 2581/2581/2581 2597/2597/2597 2596/2596/2596
f 2582/2582/2582 2583/2583/2583 2598/2598/2598
f 2582/2582/2582 2598/2598/2598 2597/2597/2597
f 2583/2583/2583 2584/2584/2584 2599/2599/2599
f 2583/2583/2583 2599/2599/2599 2598/2598/2598
f 2584/2584/2584 2585/2585/2585 2600/2600/2600
f 2584/2584/2584 2600/2600/2600 2599/2599/2599
f 2585/2585/2585 2586/2586/2586 2601/2601/2601
f 2585/2585/2585 2601/2601/2601 2600/2600/2600
f 2588/2588/2588 2587/2587/2587 2602/2602/2602
f 2588/2588/2588 2602/2602/2602 2603/2603/2603
f 2587/2587/2587 2589/2589/2589 2604/2604/2604
f 2587/2587/2587 2604/2604/2604 2602/2602/2602
f 2589/2589/2589 2590/2590/2590 2605/2605/2605
f 2589/2589/2589 2605/2605/2605 2604/2604/2604
f 2590/2590/2590 2591/2591/2591 2606/2606/2606
f 2590/2590/2590 2606/2606/2606 2605/2605/2605
f 2591/2591/2591 2592/2592/2592 2607/2607/2607
f 2591/2591/2591 2607/2607/2607 2606/2606/2606
f 2592/2592/2592 2593/2593/2593 2608/2608/2608
f 2592/2592/2592 2608/2608/2608 2607/2607/2607
f 2593/2593/2593 2594/2594/2594 2609/2609/2609
f 2593/2593/2593 2609/2609/2609 2608/2608/2608
f 2594/2594/2594 2595/2595/2595 2610/2610/2610
f 2594/2594/2594 2610/2610/2610 2609/2609/2609
f 2595/2595/2595 2596/2596/2596 2611/2611/2611
f 2595/2595/2595 2611/2611/2611 2610/2610/2610
f 2596/2596/2596 2597/2597/2597 2612/2612/2612
f 2596/2596/2596 2612/2612/2612 2611/2611/2611
f 2597/2597/2597 2598/2598/2598 2613/2613/2613
f 2597/2597/2597 2613/2613/2613 2612/2612/2612
f 2598/2598/2598 2599/2599/2599 2614/2614/2614
f 2598/2598/2598 2614/2614/2614 2613/2613/2613
f 2599/2599/2599 2600/2600/2600 2615/2615/2615
f 2599/2599/2599 2615/2615/2615 2614/2614/2614
f 2600/2600/2600 2601/2601/2601 2616/2616/2616
f 2600/2600/2600 2616/2616/2616 2615/2615/2615
f 2603/2603/2603 2602/2602/2602 2617/2617/2617
f 2603/2603/2603 2617/2617/2617 2618/2618/2618
f 2602/2602/2602 2604/2604/2604 2619/2619/2619
f 2602/2602/2602 2619/2619/2619 2617/2617/2617
f 2604/2604/2604 2605/2605/2605 2620/2620/2620
f 2604/2604/2604 2620/2620/2620 2619/2619/2619
f 2605/2605/2605 2606/2606/2606 2621/2621/2621
f 2605/2605/2605 2621/2621/2621 2620/2620/2620
f 2606/2606/2606 2607/2607/2607 2622/2622/2622
f 2606/2606/2606 2622/2622/2622 2621/2621/2621
f 2607/2607/2607 2608/2608/2608 2623/2623/2623
f 2607/2607/2607 2623/2623/2623 2622/2622/2622
f 2608/2608/2608 2609/2609/2609 2624/2624/2624
f 2608/2608/2608 2624/2624/2624 2623/2623/2623
f 2609/2609/2609 2610/2610/2610 2625/2625/2625
f 2609/2609/2609 2625/2625/2625 2624/2624/2624
f 2610/2610/2610 2611/2611/2611 2626/2626/2626
f 2610/2610/2610 2626/2626/2626 2625/2625/2625
f 2611/2611/2611 2612/2612/2612 2627/2627/2627
f 2611/2611/2611 2627/2627/2627 2626/2626/2626
f 2612/2612/2612 2613/2613/2613 2628/2628/2628
f 2612/2612/2612 2628/2628/2628 2627/2627/2627
f 2613/2613/2613 2614/2614/2614 2629/2629/2629
f 2613/2613/2613 2629/2629/2629 2628/2628/2628
f 2614/2614/2614 2615/2615/2615 2630/2630/2630
f 2614/2614/2614 2630/2630/2630 2629/2629/2629
f 2615/2615/2615 2616/2616/2616 2631/2631/2631
f 2615/2615/2615 2631/2631/2631 2630/2630/2630
f 2618/2618/2618 2617/2617/2617 2632/2632/2632
f 2618/2618/2618 2632/2632/2632 2633/2633/2633
f 2617/2617/2617 2619/2619/2619 2634/2634/2634
f 2617/2617/2617 2634/2634/2634 2632/2632/2632
f 2619/2619/2619 2620/2620/2620 2635/2635/2635
f 2619/2619/2619 2635/2635/2635 2634/2634/2634
f 2620/2620/2620 2621/2621/2621 2636/2636/2636
f 2620/2620/2620 2636/2636/2636 2635/2635/2635
f 2621/2621/2621 2622/2622/2622 2637/2637/2637
f 2621/2621/2621 2637/2637/2637 2636/2636/2636
f 2622/2622/2622 2623/2623/2623 2638/2638/2638
f 2622/2622/2622 2638/2638/2638 2637/2637/2637
f 2623/2623/2623 2624/2624/2624 2639/2639/2639
f 2623/2623/2623 2639/2639/2639 2638/2638/2638
f 2624/2624/2624 2625/2625/2625 2640/2640/2640
f 2624/2624/2624 2640/2640/2640 2639/2639/2639
f 2625/2625/2625 2626/2626/2626 2641/2641/2641
f 2625/2625/2625 2641/2641/2641 2640/2640/2640
f 2626/2626/2626 2627/2627/2627 2642/2642/2642
f 2626/2626/2626 2642/2642/2642 2641/2641/2641
f 2627/2627/2627 2628/2628/2628 2643/2643/2643
f 2627/2627/2627 2643/2643/2643 2642/2642/2642
f 2628/2628/2628 2629/2629/2629 2644/2644/2644
f 2628/2628/2628 2644/2644/2644 2643/2643/2643
f 2629/2629/2629 2630/2630/2630 2645/2645/2645
f 2629/2629/2629 2645/2645/2645 2644/2644/2644
f 2630/2630/2630 2631/2631/2631 2646/2646/2646
f 2630/2630/2630 2646/2646/2646 2645/2645/2645
f 2633/2633/2633 2632/2632/2632 2647/2647/2647
f 2633/2633/2633 2647/2647/2647 2648/2648/2648
f 2632/2632/2632 2634/2634/2634 2649/2649/2649
f 2632/2632/2632 2649/2649/2649 2647/2647/2647
f 2634/2634/2634 2635/2635/2635 2650/2650/2650
f 2634/2634/2634 2650/2650/2650 2649/2649/2649
f 2635/2635/2635 2636/2636/2636 2651/2651/2651
f 2635/2635/2635 2651/2651/2651 2650/2650/2650
f 2636/2636/2636 2637/2637/2637 2652/2652/2652
f 2636/2636/2636 2652/2652/2652 2651/2651/2651
f 2637/2637/2637 2638/2638/2638 2653/2653/2653
f 2637/2637/2637 2653/2653/2653 2652/2652/2652
f 2638/2638/2638 2639/2639/2639 2654/2654/2654
f 2638/2638/2638 2654/2654/2654 2653/2653/2653
f 2639/2639/2639 2640/2640/2640 2655/2655/2655
f 2639/2639/2639 2655/2655/2655 2654/2654/2654
f 2640/2640/2640 2641/2641/2641 2656/2656/2656
f 2640/2640/2640 2656/2656/2656 2655/2655/2655
f 2641/2641/2641 2642/2642/2642 2657/2657/2657
f 2641/2641/2641 2657/2657/2657 2656/2656/2656
f 2642/2642/2642 2643/2643/2643 2658/2658/2658
f 2642/2642/2642 2658/2658/2658 2657/2657/2657
f 2643/2643/2643 2644/2644/2644 2659/2659/2659
f 2643/2643/2643 2659/2659/2659 2658/2658/2658
f 2644/2644/2644 2645/2645/2645 2660/2660/2660
f 2644/2644/2644 2660/2660/2660 2659/2659/2659
f 2645/2645/2645 2646/2646/2646 2661/2661/2661
f 2645/2645/2645 2661/2661/2661 2660/2660/2660
f 2648/2648/2648 2647/2647/2647 2662/2662/2662
f 2648/2648/2648 2662/2662/2662 2663/2663/2663
f 2647/2647/2647 2649/2649/2649 2664/2664/2664
f 2647/2647/2647 2664/2664/2664 2662/2662/2662
f 2649/2649/2649 2650/2650/2650 2665/2665/2665
f 2649/2649/2649 2665/2665/2665 2664/2664/2664
f 2650/2650/2650 2651/2651/2651 2666/2666/2666
f 2650/2650/2650 2666/2666/2666 2665/2665/2665
f 2651/2651/2651 2652/2652/2652 2667/2667/2667
f 2651/2651/2651 2667/2667/2667 2666/2666/2666
f 2652/2652/2652 2653/2653/2653 2668/2668/2668
f 2652/2652/2652 2668/2668/2668 2667/2667/2667
f 2653/2653/2653 2654/2654/2654 2669/2669/2669
f 2653/2653/2653 2669/2669/2669 2668/2668/2668
f 2654/2654/2654 2655/2655/2655 2670/2670/2670
f 2654/2654/2654 2670/2670/2670 2669/2669/2669
f 2655/2655/2655 2656/2656/2656 2671/2671/2671
f 2655/2655/2655 2671/2671/2671 2670/2670/2670
f 2656/2656/2656 2657/2657/2657 2672/2672/2672
f 2656/2656/2656 2672/2672/2672 2671/2671/2671
f 2657/2657/2657 2658/2658/2658 2673/2673/2673
f 2657/2657/2657 2673/2673/2673 2672/2672/2672
f 2658/2658/2658 2659/2659/2659 2674/2674/2674
f 2658/2658/2658 2674/2674/2674 2673/2673/2673
f 2659/2659/2659 2660/2660/2660 2675/2675/2675
f 2659/2659/2659 2675/2675/2675 2674/2674/2674
f 2660/2660/2660 2661/2661/2661 2676/2676/2676
f 2660/2660/2660 2676/2676/2676 2675/2675/2675
f 2663/2663/2663 2662/2662/2662 2677/2677/2677
f 2663/2663/2663 2677/2677/2677 2678/2678/2678
f 2662/2662/2662 2664/2664/2664 2679/2679/2679
f 2662/2662/2662 2679/2679/2679 2677/2677/2677
f 2664/2664/2664 2665/2665/2665 2680/2680/2680
f 2664/2664/2664 2680/2680/2680 2679/2679/2679
f 2665/2665/2665 2666/2666/2666 2681/2681/2681
f 2665/2665/2665 2681/2681/2681 2680/2680/2680
f 2666/2666/2666 2667/2667/2667 2682/2682/2682
f 2666/2666/2666 2682/2682/2682 2681/2681/2681
f 2667/2667/2667 2668/2668/2668 2683/2683/2683
f 2667/2667/2667 2683/2683/2683 2682/2682/2682
f 2668/2668/2668 2669/2669/2669 2684/2684/2684
f 2668/2668/2668 2684/2684/2684 2683/2683/2683
f 2669/2669/2669 2670/2670/2670 2685/2685/2685
f 2669/2669/2669 2685/2685/2685 2684/2684/2684
f 2670/2670/2670 2671/2671/2671 2686/2686/2686
f 2670/2670/2670 2686/2686/2686 2685/2685/2685
f 2671/2671/2671 2672/2672/2672 2687/2687/2687
f 2671/2671/2671 2687/2687/2687 2686/2686/2686
f 2672/2672/2672 2673/2673/2673 2688/2688/2688
f 2672/2672/2672 2688/2688/2688 2687/2687/2687
f 2673/2673/2673 2674/2674/2674 2689/2689/2689
f 2673/2673/2673 2689/2689/2689 2688/2688/2688
f 2674/2674/2674 2675/2675/2675 2690/2690/2690
f 2674/2674/2674 2690/2690/2690 2689/2689/2689
f 2675/2675/2675 2676/2676/2676 2691/2691/2691
f 2675/2675/2675 2691/2691/2691 2690/2690/2690
f 1564/1564/1564 2447/2447/2447 2692/2692/2692
f 1564/1564/1564 2692/2692/2692 1565/1565/1565
f 2447/2447/2447 2446/2446/2446 2693/2693/2693
f 2447/2447/2447 2693/2693/2693 2692/2692/2692
f 2446/2446/2446 2445/2445/2445 2694/2694/2694
f 2446/2446/2446 2694/2694/2694 2693/2693/2693
f 2445/2445/2445 2444/2444/2444 2695/2695/2695
f 2445/2445/2445 2695/2695/2695 2694/2694/2694
f 2444/2444/2444 2443/2443/2443 2696/2696/2696
f 2444/2444/2444 2696/2696/2696 2695/2695/2695
f 2443/2443/2443 2442/2442/2442 2468/2468/2468
f 2443/2443/2443 2468/2468/2468 2696/2696/2696
f 2442/2442/2442 2441/2441/2441 2469/2469/2469
f 2442/2442/2442 2469/2469/2469 2468/2468/2468
f 2441/2441/2441 2440/2440/2440 2472/2472/2472
f 2441/2441/2441 2472/2472/2472 2469/2469/2469
f 2440/2440/2440 2439/2439/2439 2474/2474/2474
f 2440/2440/2440 2474/2474/2474 2472/2472/2472
f 2439/2439/2439 2438/2438/2438 2476/2476/2476
f 2439/2439/2439 2476/2476/2476 2474/2474/2474
f 2438/2438/2438 2437/2437/2437 2478/2478/2478
f 2438/2438/2438 2478/2478/2478 2476/2476/2476
f 2437/2437/2437 2436/2436/2436 2480/2480/2480
f 2437/2437/2437 2480/2480/2480 2478/2478/2478
f 2436/2436/2436 2435/2435/2435 2482/2482/2482
f 2436/2436/2436 2482/2482/2482 2480/2480/2480
f 2435/2435/2435 2434/2434/2434 2484/2484/2484
f 2435/2435/2435 2484/2484/2484 2482/2482/2482
f 2434/2434/2434 2433/2433/2433 2486/2486/2486
f 2434/2434/2434 2486/2486/2486 2484/2484/2484
f 2433/2433/2433 1877/1877/1877 1879/1879/1879
f 2433/2433/2433 1879/1879/1879 2486/2486/2486
f 2486/2486/2486 1879/1879/1879 1919/1919/1919
f 2486/2486/2486 1919/1919/1919 2487/2487/2487
f 2510/2510/2510 1918/1918/1918 1917/1917/1917
f 2510/2510/2510 1917/1917/1917 2511/2511/2511
f 2511/2511/2511 1917/1917/1917 1916/1916/1916
f 2511/2511/2511 1916/1916/1916 2526/2526/2526
f 2526/2526/2526 1916/1916/1916 1915/1915/1915
f 2526/2526/2526 1915/1915/1915 2541/2541/2541
f 2541/2541/2541 1915/1915/1915 1914/1914/1914
f 2541/2541/2541 1914/1914/1914 2556/2556/2556
f 2556/2556/2556 1914/1914/1914 1913/1913/1913
f 2556/2556/2556 1913/1913/1913 2571/2571/2571
f 2571/2571/2571 1913/1913/1913 1912/1912/1912
f 2571/2571/2571 1912/1912/1912 2586/2586/2586
f 2586/2586/2586 1912/1912/1912 1911/1911/1911
f 2586/2586/2586 1911/1911/1911 2601/2601/2601
f 2601/2601/2601 1911/1911/1911 1910/1910/1910
f 2601/2601/2601 1910/1910/1910 2616/2616/2616
f 2616/2616/2616 1910/1910/1910 1909/1909/1909
f 2616/2616/2616 1909/1909/1909 2631/2631/2631
f 2631/2631/2631 1909/1909/1909 1908/1908/1908
f 2631/2631/2631 1908/1908/1908 2646/2646/2646
f 2646/2646/2646 1908/1908/1908 1907/1907/1907
f 2646/2646/2646 1907/1907/1907 2661/2661/2661
f 2661/2661/2661 1907/1907/1907 1905/1905/1905
f 2661/2661/2661 1905/1905/1905 2676/2676/2676
f 2676/2676/2676 1905/1905/1905 1906/1906/1906
f 2676/2676/2676 1906/1906/1906 2691/2691/2691
f 2697/2697/2697 1904/1904/1904 975/975/975
f 2697/2697/2697 975/975/975 2698/2698/2698
f 2699/2699/2699 2697/2697/2697 2698/2698/2698
f 2699/2699/2699 2698/2698/2698 2700/2700/2700
f 2701/2701/2701 2699/2699/2699 2700/2700/2700
f 2701/2701/2701 2700/2700/2700 2702/2702/2702
f 2703/2703/2703 2701/2701/2701 2702/2702/2702
f 2703/2703/2703 2702/2702/2702 2704/2704/2704
f 2705/2705/2705 2703/2703/2703 2704/2704/2704
f 2705/2705/2705 2704/2704/2704 2706/2706/2706
f 2707/2707/2707 2705/2705/2705 2706/2706/2706
f 2707/2707/2707 2706/2706/2706 2708/2708/2708
f 2709/2709/2709 2707/2707/2707 2708/2708/2708
f 2709/2709/2709 2708/2708/2708 2710/2710/2710
f 2711/2711/2711 2709/2709/2709 2710/2710/2710
f 2711/2711/2711 2710/2710/2710 2712/2712/2712
f 2683/2683/2683 2684/2684/2684 2713/2713/2713
f 2683/2683/2683 2713/2713/2713 2714/2714/2714
f 2682/2682/2682 2683/2683/2683 2714/2714/2714
f 2682/2682/2682 2714/2714/2714 2715/2715/2715
f 2681/2681/2681 2682/2682/2682 2715/2715/2715
f 2681/2681/2681 2715/2715/2715 2716/2716/2716
f 2680/2680/2680 2681/2681/2681 2716/2716/2716
f 2680/2680/2680 2716/2716/2716 2717/2717/2717
f 2679/2679/2679 2680/2680/2680 2717/2717/2717
f 2679/2679/2679 2717/2717/2717 2718/2718/2718
f 2677/2677/2677 2679/2679/2679 2718/2718/2718
f 2677/2677/2677 2718/2718/2718 2719/2719/2719
f 2678/2678/2678 2677/2677/2677 2719/2719/2719
f 2678/2678/2678 2719/2719/2719 2720/2720/2720
f 1580/1580/1580 2678/2678/2678 2720/2720/2720
f 1580/1580/1580 2720/2720/2720 1581/1581/1581
f 1579/1579/1579 2663/2663/2663 2678/2678/2678
f 1579/1579/1579 2678/2678/2678 1580/1580/1580
f 1578/1578/1578 2648/2648/2648 2663/2663/2663
f 1578/1578/1578 2663/2663/2663 1579/1579/1579
f 1577/1577/1577 2633/2633/2633 2648/2648/2648
f 1577/1577/1577 2648/2648/2648 1578/1578/1578
f 1576/1576/1576 2618/2618/2618 2633/2633/2633
f 1576/1576/1576 2633/2633/2633 1577/1577/1577
f 1575/1575/1575 2603/2603/2603 2618/2618/2618
f 1575/1575/1575 2618/2618/2618 1576/1576/1576
f 1574/1574/1574 2588/2588/2588 2603/2603/2603
f 1574/1574/1574 2603/2603/2603 1575/1575/1575
f 1573/1573/1573 2573/2573/2573 2588/2588/2588
f 1573/1573/1573 2588/2588/2588 1574/1574/1574
f 1572/1572/1572 2558/2558/2558 2573/2573/2573
f 1572/1572/1572 2573/2573/2573 1573/1573/1573
f 1571/1571/1571 2543/2543/2543 2558/2558/2558
f 1571/1571/1571 2558/2558/2558 1572/1572/1572
f 1570/1570/1570 2528/2528/2528 2543/2543/2543
f 1570/1570/1570 2543/2543/2543 1571/1571/1571
f 1569/1569/1569 2513/2513/2513 2528/2528/2528
f 1569/1569/1569 2528/2528/2528 1570/1570/1570
f 1568/1568/1568 2489/2489/2489 2513/2513/2513
f 1568/1568/1568 2513/2513/2513 1569/1569/1569
f 1567/1567/1567 2459/2459/2459 2489/2489/2489
f 1567/1567/1567 2489/2489/2489 1568/1568/1568
f 1566/1566/1566 2456/2456/2456 2459/2459/2459
f 1566/1566/1566 2459/2459/2459 1567/1567/1567
f 2721/2721/2721 2722/2722/2722 2723/2723/2723
f 2721/2721/2721 2723/2723/2723 2724/2724/2724
f 2722/2722/2722 2725/2725/2725 2726/2726/2726
f 2722/2722/2722 2726/2726/2726 2723/2723/2723
f 2725/2725/2725 2727/2727/2727 2728/2728/2728
f 2725/2725/2725 2728/2728/2728 2726/2726/2726
f 2727/2727/2727 2729/2729/2729 2730/2730/2730
f 2727/2727/2727 2730/2730/2730 2728/2728/2728
f 2731/2731/2731 2732/2732/2732 2733/2733/2733
f 2731/2731/2731 2733/2733/2733 2734/2734/2734
f 2732/2732/2732 2735/2735/2735 2736/2736/2736
f 2732/2732/2732 2736/2736/2736 2733/2733/2733
f 2735/2735/2735 2737/2737/2737 2738/2738/2738
f 2735/2735/2735 2738/2738/2738 2736/2736/2736
f 2737/2737/2737 2739/2739/2739 2740/2740/2740
f 2737/2737/2737 2740/2740/2740 2738/2738/2738
f 2739/2739/2739 2741/2741/2741 2742/2742/2742
f 2739/2739/2739 2742/2742/2742 2740/2740/2740
f 2741/2741/2741 2743/2743/2743 2744/2744/2744
f 2741/2741/2741 2744/2744/2744 2742/2742/2742
f 2745/2745/2745 2746/2746/2746 2747/2747/2747
f 2745/2745/2745 2747/2747/2747 2748/2748/2748
f 2746/2746/2746 2749/2749/2749 2750/2750/2750
f 2746/2746/2746 2750/2750/2750 2747/2747/2747
f 2749/2749/2749 2751/2751/2751 2752/2752/2752
f 2749/2749/2749 2752/2752/2752 2750/2750/2750
f 2751/2751/2751 2753/2753/2753 2754/2754/2754
f 2751/2751/2751 2754/2754/2754 2752/2752/2752
f 2724/2724/2724 2723/2723/2723 2755/2755/2755
f 2724/2724/2724 2755/2755/2755 2756/2756/2756
f 2723/2723/2723 2726/2726/2726 2757/2757/2757
f 2723/2723/2723 2757/2757/2757 2755/2755/2755
f 2726/2726/2726 2728/2728/2728 2758/2758/2758
f 2726/2726/2726 2758/2758/2758 2757/2757/2757
f 2728/2728/2728 2730/2730/2730 2759/2759/2759
f 2728/2728/2728 2759/2759/2759 2758/2758/2758
f 2730/2730/2730 2760/2760/2760 2761/2761/2761
f 2730/2730/2730 2761/2761/2761 2759/2759/2759
f 2762/2762/2762 2763/2763/2763 2764/2764/2764
f 2762/2762/2762 2764/2764/2764 2765/2765/2765
f 2763/2763/2763 2766/2766/2766 2767/2767/2767
f 2763/2763/2763 2767/2767/2767 2764/2764/2764
f 2766/2766/2766 2768/2768/2768 2769/2769/2769
f 2766/2766/2766 2769/2769/2769 2767/2767/2767
f 2768/2768/2768 2770/2770/2770 2771/2771/2771
f 2768/2768/2768 2771/2771/2771 2769/2769/2769
f 2770/2770/2770 2748/2748/2748 2772/2772/2772
f 2770/2770/2770 2772/2772/2772 2771/2771/2771
f 2748/2748/2748 2747/2747/2747 2773/2773/2773
f 2748/2748/2748 2773/2773/2773 2772/2772/2772
f 2747/2747/2747 2750/2750/2750 2774/2774/2774
f 2747/2747/2747 2774/2774/2774 2773/2773/2773
f 2750/2750/2750 2752/2752/2752 2775/2775/2775
f 2750/2750/2750 2775/2775/2775 2774/2774/2774
f 2752/2752/2752 2754/2754/2754 2776/2776/2776
f 2752/2752/2752 2776/2776/2776 2775/2775/2775
f 2756/2756/2756 2755/2755/2755 2777/2777/2777
f 2756/2756/2756 2777/2777/2777 2778/2778/2778
f 2755/2755/2755 2757/2757/2757 2779/2779/2779
f 2755/2755/2755 2779/2779/2779 2777/2777/2777
f 2757/2757/2757 2758/2758/2758 2780/2780/2780
f 2757/2757/2757 2780/2780/2780 2779/2779/2779
f 2758/2758/2758 2759/2759/2759 2781/2781/2781
f 2758/2758/2758 2781/2781/2781 2780/2780/2780
f 2759/2759/2759 2761/2761/2761 2782/2782/2782
f 2759/2759/2759 2782/2782/2782 2781/2781/2781
f 2765/2765/2765 2764/2764/2764 2783/2783/2783
f 2765/2765/2765 2783/2783/2783 2784/2784/2784
f 2764/2764/2764 2767/2767/2767 2785/2785/2785
f 2764/2764/2764 2785/2785/2785 2783/2783/2783
f 2767/2767/2767 2769/2769/2769 2786/2786/2786
f 2767/2767/2767 2786/2786/2786 2785/2785/2785
f 2769/2769/2769 2771/2771/2771 2787/2787/2787
f 2769/2769/2769 2787/2787/2787 2786/2786/2786
f 2771/2771/2771 2772/2772/2772 2788/2788/2788
f 2771/2771/2771 2788/2788/2788 2787/2787/2787
f 2772/2772/2772 2773/2773/2773 2789/2789/2789
f 2772/2772/2772 2789/2789/2789 2788/2788/2788
f 2773/2773/2773 2774/2774/2774 2790/2790/2790
f 2773/2773/2773 2790/2790/2790 2789/2789/2789
f 2774/2774/2774 2775/2775/2775 2791/2791/2791
f 2774/2774/2774 2791/2791/2791 2790/2790/2790
f 2775/2775/2775 2776/2776/2776 2792/2792/2792
f 2775/2775/2775 2792/2792/2792 2791/2791/2791
f 2778/2778/2778 2777/2777/2777 2793/2793/2793
f 2778/2778/2778 2793/2793/2793 2794/2794/2794
f 2777/2777/2777 2779/2779/2779 2795/2795/2795
f 2777/2777/2777 2795/2795/2795 2793/2793/2793
f 2779/2779/2779 2780/2780/2780 2796/2796/2796
f 2779/2779/2779 2796/2796/2796 2795/2795/2795
f 2780/2780/2780 2781/2781/2781 2797/2797/2797
f 2780/2780/2780 2797/2797/2797 2796/2796/2796
f 2798/2798/2798 2784/2784/2784 2799/2799/2799
f 2798/2798/2798 2799/2799/2799 2800/2800/2800
f 2784/2784/2784 2783/2783/2783 2801/2801/2801
f 2784/2784/2784 2801/2801/2801 2799/2799/2799
f 2783/2783/2783 2785/2785/2785 2802/2802/2802
f 2783/2783/2783 2802/2802/2802 2801/2801/2801
f 2785/2785/2785 2786/2786/2786 2803/2803/2803
f 2785/2785/2785 2803/2803/2803 2802/2802/2802
f 2786/2786/2786 2787/2787/2787 2804/2804/2804
f 2786/2786/2786 2804/2804/2804 2803/2803/2803
f 2787/2787/2787 2788/2788/2788 2805/2805/2805
f 2787/2787/2787 2805/2805/2805 2804/2804/2804
f 2788/2788/2788 2789/2789/2789 2806/2806/2806
f 2788/2788/2788 2806/2806/2806 2805/2805/2805
f 2789/2789/2789 2790/2790/2790 2807/2807/2807
f 2789/2789/2789 2807/2807/2807 2806/2806/2806
f 2790/2790/2790 2791/2791/2791 2808/2808/2808
f 2790/2790/2790 2808/2808/2808 2807/2807/2807
f 2791/2791/2791 2792/2792/2792 2809/2809/2809
f 2791/2791/2791 2809/2809/2809 2808/2808/2808
f 2794/2794/2794 2793/2793/2793 2810/2810/2810
f 2794/2794/2794 2810/2810/2810 2811/2811/2811
f 2793/2793/2793 2795/2795/2795 2812/2812/2812
f 2793/2793/2793 2812/2812/2812 2810/2810/2810
f 2795/2795/2795 2796/2796/2796 2813/2813/2813
f 2795/2795/2795 2813/2813/2813 2812/2812/2812
f 2796/2796/2796 2797/2797/2797 2814/2814/2814
f 2796/2796/2796 2814/2814/2814 2813/2813/2813
f 2800/2800/2800 2799/2799/2799 2815/2815/2815
f 2800/2800/2800 2815/2815/2815 2816/2816/2816
f 2799/2799/2799 2801/2801/2801 2817/2817/2817
f 2799/2799/2799 2817/2817/2817 2815/2815/2815
f 2801/2801/2801 2802/2802/2802 2818/2818/2818
f 2801/2801/2801 2818/2818/2818 2817/2817/2817
f 2802/2802/2802 2803/2803/2803 2819/2819/2819
f 2802/2802/2802 2819/2819/2819 2818/2818/2818
f 2803/2803/2803 2804/2804/2804 2820/2820/2820
f 2803/2803/2803 2820/2820/2820 2819/2819/2819
f 2804/2804/2804 2805/2805/2805 2821/2821/2821
f 2804/2804/2804 2821/2821/2821 2820/2820/2820
f 2805/2805/2805 2806/2806/2806 2822/2822/2822
f 2805/2805/2805 2822/2822/2822 2821/2821/2821
f 2806/2806/2806 2807/2807/2807 2823/2823/2823
f 2806/2806/2806 2823/2823/2823 2822/2822/2822
f 2807/2807/2807 2808/2808/2808 2824/2824/2824
f 2807/2807/2807 2824/2824/2824 2823/2823/2823
f 2808/2808/2808 2809/2809/2809 2825/2825/2825
f 2808/2808/2808 2825/2825/2825 2824/2824/2824
f 2811/2811/2811 2810/2810/2810 2826/2826/2826
f 2811/2811/2811 2826/2826/2826 2827/2827/2827
f 2810/2810/2810 2812/2812/2812 2828/2828/2828
f 2810/2810/2810 2828/2828/2828 2826/2826/2826
f 2812/2812/2812 2813/2813/2813 2829/2829/2829
f 2812/2812/2812 2829/2829/2829 2828/2828/2828
f 2813/2813/2813 2814/2814/2814 2830/2830/2830
f 2813/2813/2813 2830/2830/2830 2829/2829/2829
f 2816/2816/2816 2815/2815/2815 2831/2831/2831
f 2816/2816/2816 2831/2831/2831 2832/2832/2832
f 2815/2815/2815 2817/2817/2817 2833/2833/2833
f 2815/2815/2815 2833/2833/2833 2831/2831/2831
f 2817/2817/2817 2818/2818/2818 2834/2834/2834
f 2817/2817/2817 2834/2834/2834 2833/2833/2833
f 2818/2818/2818 2819/2819/2819 2835/2835/2835
f 2818/2818/2818 2835/2835/2835 2834/2834/2834
f 2819/2819/2819 2820/2820/2820 2836/2836/2836
f 2819/2819/2819 2836/2836/2836 2835/2835/2835
f 2820/2820/2820 2821/2821/2821 2837/2837/2837
f 2820/2820/2820 2837/2837/2837 2836/2836/2836
f 2821/2821/2821 2822/2822/2822 2838/2838/2838
f 2821/2821/2821 2838/2838/2838 2837/2837/2837
f 2822/2822/2822 2823/2823/2823 2839/2839/2839
f 2822/2822/2822 2839/2839/2839 2838/2838/2838
f 2823/2823/2823 2824/2824/2824 2840/2840/2840
f 2823/2823/2823 2840/2840/2840 2839/2839/2839
f 2824/2824/2824 2825/2825/2825 2841/2841/2841
f 2824/2824/2824 2841/2841/2841 2840/2840/2840
f 2827/2827/2827 2826/2826/2826 2842/2842/2842
f 2827/2827/2827 2842/2842/2842 2843/2843/2843
f 2826/2826/2826 2828/2828/2828 2844/2844/2844
f 2826/2826/2826 2844/2844/2844 2842/2842/2842
f 2828/2828/2828 2829/2829/2829 2845/2845/2845
f 2828/2828/2828 2845/2845/2845 2844/2844/2844
f 2829/2829/2829 2830/2830/2830 2846/2846/2846
f 2829/2829/2829 2846/2846/2846 2845/2845/2845
f 2832/2832/2832 2831/2831/2831 2847/2847/2847
f 2832/2832/2832 2847/2847/2847 2848/2848/2848
f 2831/2831/2831 2833/2833/2833 2849/2849/2849
f 2831/2831/2831 2849/2849/2849 2847/2847/2847
f 2833/2833/2833 2834/2834/2834 2850/2850/2850
f 2833/2833/2833 2850/2850/2850 2849/2849/2849
f 2834/2834/2834 2835/2835/2835 2851/2851/2851
f 2834/2834/2834 2851/2851/2851 2850/2850/2850
f 2835/2835/2835 2836/2836/2836 2852/2852/2852
f 2835/2835/2835 2852/2852/2852 2851/2851/2851
f 2836/2836/2836 2837/2837/2837 2853/2853/2853
f 2836/2836/2836 2853/2853/2853 2852/2852/2852
f 2837/2837/2837 2838/2838/2838 2854/2854/2854
f 2837/2837/2837 2854/2854/2854 2853/2853/2853
f 2838/2838/2838 2839/2839/2839 2855/2855/2855
f 2838/2838/2838 2855/2855/2855 2854/2854/2854
f 2839/2839/2839 2840/2840/2840 2856/2856/2856
f 2839/2839/2839 2856/2856/2856 2855/2855/2855
f 2840/2840/2840 2841/2841/2841 2857/2857/2857
f 2840/2840/2840 2857/2857/2857 2856/2856/2856
f 2843/2843/2843 2842/2842/2842 2858/2858/2858
f 2843/2843/2843 2858/2858/2858 2859/2859/2859
f 2842/2842/2842 2844/2844/2844 2860/2860/2860
f 2842/2842/2842 2860/2860/2860 2858/2858/2858
f 2844/2844/2844 2845/2845/2845 2861/2861/2861
f 2844/2844/2844 2861/2861/2861 2860/2860/2860
f 2845/2845/2845 2846/2846/2846 2862/2862/2862
f 2845/2845/2845 2862/2862/2862 2861/2861/2861
f 2848/2848/2848 2847/2847/2847 2863/2863/2863
f 2848/2848/2848 2863/2863/2863 2864/2864/2864
f 2847/2847/2847 2849/2849/2849 2865/2865/2865
f 2847/2847/2847 2865/2865/2865 2863/2863/2863
f 2849/2849/2849 2850/2850/2850 2866/2866/2866
f 2849/2849/2849 2866/2866/2866 2865/2865/2865
f 2850/2850/2850 2851/2851/2851 2867/2867/2867
f 2850/2850/2850 2867/2867/2867 2866/2866/2866
f 2851/2851/2851 2852/2852/2852 2868/2868/2868
f 2851/2851/2851 2868/2868/2868 2867/2867/2867
f 2852/2852/2852 2853/2853/2853 2869/2869/2869
f 2852/2852/2852 2869/2869/2869 2868/2868/2868
f 2853/2853/2853 2854/2854/2854 2870/2870/2870
f 2853/2853/2853 2870/2870/2870 2869/2869/2869
f 2854/2854/2854 2855/2855/2855 2871/2871/2871
f 2854/2854/2854 2871/2871/2871 2870/2870/2870
f 2855/2855/2855 2856/2856/2856 2872/2872/2872
f 2855/2855/2855 2872/2872/2872 2871/2871/2871
f 2856/2856/2856 2857/2857/2857 2873/2873/2873
f 2856/2856/2856 2873/2873/2873 2872/2872/2872
f 2859/2859/2859 2858/2858/2858 2874/2874/2874
f 2859/2859/2859 2874/2874/2874 2875/2875/2875
f 2858/2858/2858 2860/2860/2860 2876/2876/2876
f 2858/2858/2858 2876/2876/2876 2874/2874/2874
f 2860/2860/2860 2861/2861/2861 2877/2877/2877
f 2860/2860/2860 2877/2877/2877 2876/2876/2876
f 2861/2861/2861 2862/2862/2862 2878/2878/2878
f 2861/2861/2861 2878/2878/2878 2877/2877/2877
f 2864/2864/2864 2863/2863/2863 2879/2879/2879
f 2864/2864/2864 2879/2879/2879 2880/2880/2880
f 2863/2863/2863 2865/2865/2865 2881/2881/2881
f 2863/2863/2863 2881/2881/2881 2879/2879/2879
f 2865/2865/2865 2866/2866/2866 2882/2882/2882
f 2865/2865/2865 2882/2882/2882 2881/2881/2881
f 2866/2866/2866 2867/2867/2867 2883/2883/2883
f 2866/2866/2866 2883/2883/2883 2882/2882/2882
f 2867/2867/2867 2868/2868/2868 2884/2884/2884
f 2867/2867/2867 2884/2884/2884 2883/2883/2883
f 2868/2868/2868 2869/2869/2869 2885/2885/2885
f 2868/2868/2868 2885/2885/2885 2884/2884/2884
f 2869/2869/2869 2870/2870/2870 2886/2886/2886
f 2869/2869/2869 2886/2886/2886 2885/2885/2885
f 2870/2870/2870 2871/2871/2871 2887/2887/2887
f 2870/2870/2870 2887/2887/2887 2886/2886/2886
f 2871/2871/2871 2872/2872/2872 2888/2888/2888
f 2871/2871/2871 2888/2888/2888 2887/2887/2887
f 2872/2872/2872 2873/2873/2873 2889/2889/2889
f 2872/2872/2872 2889/2889/2889 2888/2888/2888
f 2875/2875/2875 2874/2874/2874 2890/2890/2890
f 2875/2875/2875 2890/2890/2890 2891/2891/2891
f 2874/2874/2874 2876/2876/2876 2892/2892/2892
f 2874/2874/2874 2892/2892/2892 2890/2890/2890
f 2876/2876/2876 2877/2877/2877 2893/2893/2893
f 2876/2876/2876 2893/2893/2893 2892/2892/2892
f 2877/2877/2877 2878/2878/2878 2894/2894/2894
f 2877/2877/2877 2894/2894/2894 2893/2893/2893
f 2880/2880/2880 2879/2879/2879 2895/2895/2895
f 2880/2880/2880 2895/2895/2895 2896/2896/2896
f 2879/2879/2879 2881/2881/2881 2897/2897/2897
f 2879/2879/2879 2897/2897/2897 2895/2895/2895
f 2881/2881/2881 2882/2882/2882 2898/2898/2898
f 2881/2881/2881 2898/2898/2898 2897/2897/2897
f 2882/2882/2882 2883/2883/2883 2899/2899/2899
f 2882/2882/2882 2899/2899/2899 2898/2898/2898
f 2883/2883/2883 2884/2884/2884 2900/2900/2900
f 2883/2883/2883 2900/2900/2900 2899/2899/2899
f 2884/2884/2884 2885/2885/2885 2901/2901/2901
f 2884/2884/2884 2901/2901/2901 2900/2900/2900
f 2885/2885/2885 2886/2886/2886 2902/2902/2902
f 2885/2885/2885 2902/2902/2902 2901/2901/2901
f 2886/2886/2886 2887/2887/2887 2903/2903/2903
f 2886/2886/2886 2903/2903/2903 2902/2902/2902
f 2887/2887/2887 2888/2888/2888 2904/2904/2904
f 2887/2887/2887 2904/2904/2904 2903/2903/2903
f 2888/2888/2888 2889/2889/2889 2905/2905/2905
f 2888/2888/2888 2905/2905/2905 2904/2904/2904
f 2891/2891/2891 2890/2890/2890 2906/2906/2906
f 2891/2891/2891 2906/2906/2906 2907/2907/2907
f 2890/2890/2890 2892/2892/2892 2908/2908/2908
f 2890/2890/2890 2908/2908/2908 2906/2906/2906
f 2892/2892/2892 2893/2893/2893 2909/2909/2909
f 2892/2892/2892 2909/2909/2909 2908/2908/2908
f 2893/2893/2893 2894/2894/2894 2910/2910/2910
f 2893/2893/2893 2910/2910/2910 2909/2909/2909
f 2896/2896/2896 2895/2895/2895 2911/2911/2911
f 2896/2896/2896 2911/2911/2911 2912/2912/2912
f 2895/2895/2895 2897/2897/2897 2913/2913/2913
f 2895/2895/2895 2913/2913/2913 2911/2911/2911
f 2897/2897/2897 2898/2898/2898 2914/2914/2914
f 2897/2897/2897 2914/2914/2914 2913/2913/2913
f 2898/2898/2898 2899/2899/2899 2915/2915/2915
f 2898/2898/2898 2915/2915/2915 2914/2914/2914
f 2899/2899/2899 2900/2900/2900 2916/2916/2916
f 2899/2899/2899 2916/2916/2916 2915/2915/2915
f 2900/2900/2900 2901/2901/2901 2917/2917/2917
f 2900/2900/2900 2917/2917/2917 2916/2916/2916
f 2901/2901/2901 2902/2902/2902 2918/2918/2918
f 2901/2901/2901 2918/2918/2918 2917/2917/2917
f 2902/2902/2902 2903/2903/2903 2919/2919/2919
f 2902/2902/2902 2919/2919/2919 2918/2918/2918
f 2903/2903/2903 2904/2904/2904 2920/2920/2920
f 2903/2903/2903 2920/2920/2920 2919/2919/2919
f 2904/2904/2904 2905/2905/2905 2921/2921/2921
f 2904/2904/2904 2921/2921/2921 2920/2920/2920
f 2907/2907/2907 2906/2906/2906 2922/2922/2922
f 2907/2907/2907 2922/2922/2922 2923/2923/2923
f 2906/2906/2906 2908/2908/2908 2924/2924/2924
f 2906/2906/2906 2924/2924/2924 2922/2922/2922
f 2908/2908/2908 2909/2909/2909 2925/2925/2925
f 2908/2908/2908 2925/2925/2925 2924/2924/2924
f 2909/2909/2909 2910/2910/2910 2926/2926/2926
f 2909/2909/2909 2926/2926/2926 2925/2925/2925
f 2912/2912/2912 2911/2911/2911 2927/2927/2927
f 2912/2912/2912 2927/2927/2927 2928/2928/2928
f 2911/2911/2911 2913/2913/2913 2929/2929/2929
f 2911/2911/2911 2929/2929/2929 2927/2927/2927
f 2913/2913/2913 2914/2914/2914 2930/2930/2930
f 2913/2913/2913 2930/2930/2930 2929/2929/2929
f 2914/2914/2914 2915/2915/2915 2931/2931/2931
f 2914/2914/2914 2931/2931/2931 2930/2930/2930
f 2915/2915/2915 2916/2916/2916 2932/2932/2932
f 2915/2915/2915 2932/2932/2932 2931/2931/2931
f 2916/2916/2916 2917/2917/2917 2933/2933/2933
f 2916/2916/2916 2933/2933/2933 2932/2932/2932
f 2917/2917/2917 2918/2918/2918 2934/2934/2934
f 2917/2917/2917 2934/2934/2934 2933/2933/2933
f 2918/2918/2918 2919/2919/2919 2935/2935/2935
f 2918/2918/2918 2935/2935/2935 2934/2934/2934
f 2919/2919/2919 2920/2920/2920 2936/2936/2936
f 2919/2919/2919 2936/2936/2936 2935/2935/2935
f 2920/2920/2920 2921/2921/2921 2937/2937/2937
f 2920/2920/2920 2937/2937/2937 2936/2936/2936
f 2923/2923/2923 2922/2922/2922 2938/2938/2938
f 2923/2923/2923 2938/2938/2938 2939/2939/2939
f 2922/2922/2922 2924/2924/2924 2940/2940/2940
f 2922/2922/2922 2940/2940/2940 2938/2938/2938
f 2924/2924/2924 2925/2925/2925 2941/2941/2941
f 2924/2924/2924 2941/2941/2941 2940/2940/2940
f 2925/2925/2925 2926/2926/2926 2942/2942/2942
f 2925/2925/2925 2942/2942/2942 2941/2941/2941
f 2928/2928/2928 2927/2927/2927 2943/2943/2943
f 2928/2928/2928 2943/2943/2943 2944/2944/2944
f 2927/2927/2927 2929/2929/2929 2945/2945/2945
f 2927/2927/2927 2945/2945/2945 2943/2943/2943
f 2929/2929/2929 2930/2930/2930 2946/2946/2946
f 2929/2929/2929 2946/2946/2946 2945/2945/2945
f 2930/2930/2930 2931/2931/2931 2947/2947/2947
f 2930/2930/2930 2947/2947/2947 2946/2946/2946
f 2931/2931/2931 2932/2932/2932 2948/2948/2948
f 2931/2931/2931 2948/2948/2948 2947/2947/2947
f 2932/2932/2932 2933/2933/2933 2949/2949/2949
f 2932/2932/2932 2949/2949/2949 2948/2948/2948
f 2933/2933/2933 2934/2934/2934 2950/2950/2950
f 2933/2933/2933 2950/2950/2950 2949/2949/2949
f 2934/2934/2934 2935/2935/2935 2951/2951/2951
f 2934/2934/2934 2951/2951/2951 2950/2950/2950
f 2935/2935/2935 2936/2936/2936 2952/2952/2952
f 2935/2935/2935 2952/2952/2952 2951/2951/2951
f 2936/2936/2936 2937/2937/2937 2953/2953/2953
f 2936/2936/2936 2953/2953/2953 2952/2952/2952
f 2939/2939/2939 2938/2938/2938 2954/2954/2954
f 2939/2939/2939 2954/2954/2954 2955/2955/2955
f 2938/2938/2938 2940/2940/2940 2956/2956/2956
f 2938/2938/2938 2956/2956/2956 2954/2954/2954
f 2940/2940/2940 2941/2941/2941 2957/2957/2957
f 2940/2940/2940 2957/2957/2957 2956/2956/2956
f 2958/2958/2958 2959/2959/2959 2960/2960/2960
f 2958/2958/2958 2960/2960/2960 2961/2961/2961
f 2959/2959/2959 2962/2962/2962 2963/2963/2963
f 2959/2959/2959 2963/2963/2963 2960/2960/2960
f 2962/2962/2962 2964/2964/2964 2965/2965/2965
f 2962/2962/2962 2965/2965/2965 2963/2963/2963
f 2945/2945/2945 2946/2946/2946 2966/2966/2966
f 2945/2945/2945 2966/2966/2966 2967/2967/2967
f 2946/2946/2946 2947/2947/2947 2968/2968/2968
f 2946/2946/2946 2968/2968/2968 2966/2966/2966
f 2947/2947/2947 2948/2948/2948 2969/2969/2969
f 2947/2947/2947 2969/2969/2969 2968/2968/2968
f 2948/2948/2948 2949/2949/2949 2970/2970/2970
f 2948/2948/2948 2970/2970/2970 2969/2969/2969
f 2949/2949/2949 2950/2950/2950 2971/2971/2971
f 2949/2949/2949 2971/2971/2971 2970/2970/2970
f 2950/2950/2950 2951/2951/2951 2972/2972/2972
f 2950/2950/2950 2972/2972/2972 2971/2971/2971
f 2951/2951/2951 2952/2952/2952 2973/2973/2973
f 2951/2951/2951 2973/2973/2973 2972/2972/2972
f 2952/2952/2952 2953/2953/2953 2974/2974/2974
f 2952/2952/2952 2974/2974/2974 2973/2973/2973
f 1600/1600/1600 2975/2975/2975 2721/2721/2721
f 1600/1600/1600 2721/2721/2721 1599/1599/1599
f 2975/2975/2975 2976/2976/2976 2722/2722/2722
f 2975/2975/2975 2722/2722/2722 2721/2721/2721
f 2976/2976/2976 2977/2977/2977 2725/2725/2725
f 2976/2976/2976 2725/2725/2725 2722/2722/2722
f 2977/2977/2977 2978/2978/2978 2727/2727/2727
f 2977/2977/2977 2727/2727/2727 2725/2725/2725
f 2979/2979/2979 2980/2980/2980 2731/2731/2731
f 2979/2979/2979 2731/2731/2731 2981/2981/2981
f 2980/2980/2980 2982/2982/2982 2732/2732/2732
f 2980/2980/2980 2732/2732/2732 2731/2731/2731
f 2982/2982/2982 2983/2983/2983 2735/2735/2735
f 2982/2982/2982 2735/2735/2735 2732/2732/2732
f 2983/2983/2983 2984/2984/2984 2737/2737/2737
f 2983/2983/2983 2737/2737/2737 2735/2735/2735
f 2984/2984/2984 2985/2985/2985 2739/2739/2739
f 2984/2984/2984 2739/2739/2739 2737/2737/2737
f 2985/2985/2985 2986/2986/2986 2741/2741/2741
f 2985/2985/2985 2741/2741/2741 2739/2739/2739
f 2986/2986/2986 2987/2987/2987 2743/2743/2743
f 2986/2986/2986 2743/2743/2743 2741/2741/2741
f 2987/2987/2987 2988/2988/2988 2989/2989/2989
f 2987/2987/2987 2989/2989/2989 2743/2743/2743
f 2988/2988/2988 2990/2990/2990 2991/2991/2991
f 2988/2988/2988 2991/2991/2991 2989/2989/2989
f 2990/2990/2990 2992/2992/2992 2993/2993/2993
f 2990/2990/2990 2993/2993/2993 2991/2991/2991
f 2992/2992/2992 2994/2994/2994 2995/2995/2995
f 2992/2992/2992 2995/2995/2995 2993/2993/2993
f 2994/2994/2994 1012/1012/1012 1252/1252/1252
f 2994/2994/2994 1252/1252/1252 2995/2995/2995
f 2753/2753/2753 1297/1297/1297 1296/1296/1296
f 2753/2753/2753 1296/1296/1296 2754/2754/2754
f 2754/2754/2754 1296/1296/1296 1295/1295/1295
f 2754/2754/2754 1295/1295/1295 2776/2776/2776
f 2776/2776/2776 1295/1295/1295 1294/1294/1294
f 2776/2776/2776 1294/1294/1294 2792/2792/2792
f 2792/2792/2792 1294/1294/1294 1293/1293/1293
f 2792/2792/2792 1293/1293/1293 2809/2809/2809
f 2809/2809/2809 1293/1293/1293 1292/1292/1292
f 2809/2809/2809 1292/1292/1292 2825/2825/2825
f 2825/2825/2825 1292/1292/1292 1291/1291/1291
f 2825/2825/2825 1291/1291/1291 2841/2841/2841
f 2841/2841/2841 1291/1291/1291 1290/1290/1290
f 2841/2841/2841 1290/1290/1290 2857/2857/2857
f 2857/2857/2857 1290/1290/1290 1289/1289/1289
f 2857/2857/2857 1289/1289/1289 2873/2873/2873
f 2873/2873/2873 1289/1289/1289 1288/1288/1288
f 2873/2873/2873 1288/1288/1288 2889/2889/2889
f 2889/2889/2889 1288/1288/1288 1287/1287/1287
f 2889/2889/2889 1287/1287/1287 2905/2905/2905
f 2905/2905/2905 1287/1287/1287 1286/1286/1286
f 2905/2905/2905 1286/1286/1286 2921/2921/2921
f 2921/2921/2921 1286/1286/1286 1285/1285/1285
f 2921/2921/2921 1285/1285/1285 2937/2937/2937
f 2937/2937/2937 1285/1285/1285 1284/1284/1284
f 2937/2937/2937 1284/1284/1284 2953/2953/2953
f 2953/2953/2953 1284/1284/1284 1282/1282/1282
f 2953/2953/2953 1282/1282/1282 2974/2974/2974
f 2974/2974/2974 1282/1282/1282 1283/1283/1283
f 2974/2974/2974 1283/1283/1283 2996/2996/2996
f 2973/2973/2973 2974/2974/2974 2996/2996/2996
f 2973/2973/2973 2996/2996/2996 2997/2997/2997
f 2998/2998/2998 2999/2999/2999 2431/2431/2431
f 2998/2998/2998 2431/2431/2431 2430/2430/2430
f 3000/3000/3000 2998/2998/2998 2430/2430/2430
f 3000/3000/3000 2430/2430/2430 2429/2429/2429
f 3001/3001/3001 3000/3000/3000 2429/2429/2429
f 3001/3001/3001 2429/2429/2429 2428/2428/2428
f 3002/3002/3002 3001/3001/3001 2428/2428/2428
f 3002/3002/3002 2428/2428/2428 2427/2427/2427
f 3003/3003/3003 3002/3002/3002 2427/2427/2427
f 3003/3003/3003 2427/2427/2427 2426/2426/2426
f 3004/3004/3004 3003/3003/3003 2426/2426/2426
f 3004/3004/3004 2426/2426/2426 2425/2425/2425
f 2965/2965/2965 3004/3004/3004 2425/2425/2425
f 2965/2965/2965 2425/2425/2425 2424/2424/2424
f 2963/2963/2963 2965/2965/2965 2424/2424/2424
f 2963/2963/2963 2424/2424/2424 2423/2423/2423
f 2960/2960/2960 2963/2963/2963 2423/2423/2423
f 2960/2960/2960 2423/2423/2423 2422/2422/2422
f 2961/2961/2961 2960/2960/2960 2422/2422/2422
f 2961/2961/2961 2422/2422/2422 2421/2421/2421
f 3005/3005/3005 2961/2961/2961 2421/2421/2421
f 3005/3005/3005 2421/2421/2421 2420/2420/2420
f 3006/3006/3006 3005/3005/3005 2420/2420/2420
f 3006/3006/3006 2420/2420/2420 2419/2419/2419
f 2955/2955/2955 2954/2954/2954 3007/3007/3007
f 2955/2955/2955 3007/3007/3007 2416/2416/2416
f 1543/1543/1543 2955/2955/2955 2416/2416/2416
f 1543/1543/1543 2416/2416/2416 1541/1541/1541
f 1613/1613/1613 2939/2939/2939 2955/2955/2955
f 1613/1613/1613 2955/2955/2955 1543/1543/1543
f 1612/1612/1612 2923/2923/2923 2939/2939/2939
f 1612/1612/1612 2939/2939/2939 1613/1613/1613
f 1611/1611/1611 2907/2907/2907 2923/2923/2923
f 1611/1611/1611 2923/2923/2923 1612/1612/1612
f 1610/1610/1610 2891/2891/2891 2907/2907/2907
f 1610/1610/1610 2907/2907/2907 1611/1611/1611
f 1609/1609/1609 2875/2875/2875 2891/2891/2891
f 1609/1609/1609 2891/2891/2891 1610/1610/1610
f 1608/1608/1608 2859/2859/2859 2875/2875/2875
f 1608/1608/1608 2875/2875/2875 1609/1609/1609
f 1607/1607/1607 2843/2843/2843 2859/2859/2859
f 1607/1607/1607 2859/2859/2859 1608/1608/1608
f 1606/1606/1606 2827/2827/2827 2843/2843/2843
f 1606/1606/1606 2843/2843/2843 1607/1607/1607
f 1605/1605/1605 2811/2811/2811 2827/2827/2827
f 1605/1605/1605 2827/2827/2827 1606/1606/1606
f 1604/1604/1604 2794/2794/2794 2811/2811/2811
f 1604/1604/1604 2811/2811/2811 1605/1605/1605
f 1603/1603/1603 2778/2778/2778 2794/2794/2794
f 1603/1603/1603 2794/2794/2794 1604/1604/1604
f 1602/1602/1602 2756/2756/2756 2778/2778/2778
f 1602/1602/1602 2778/2778/2778 1603/1603/1603
f 1601/1601/1601 2724/2724/2724 2756/2756/2756
f 1601/1601/1601 2756/2756/2756 1602/1602/1602
f 1599/1599/1599 2721/2721/2721 2724/2724/2724
f 1599/1599/1599 2724/2724/2724 1601/1601/1601
f 3008/3008/3008 3009/3009/3009 3010/3010/3010
f 3008/3008/3008 3010/3010/3010 3011/3011/3011
f 3012/3012/3012 3013/3013/3013 3014/3014/3014
f 3012/3012/3012 3014/3014/3014 3015/3015/3015
f 3013/3013/3013 3016/3016/3016 3017/3017/3017
f 3013/3013/3013 3017/3017/3017 3014/3014/3014
f 3016/3016/3016 3018/3018/3018 3019/3019/3019
f 3016/3016/3016 3019/3019/3019 3017/3017/3017
f 3018/3018/3018 3020/3020/3020 3021/3021/3021
f 3018/3018/3018 3021/3021/3021 3019/3019/3019
f 3020/3020/3020 3022/3022/3022 3023/3023/3023
f 3020/3020/3020 3023/3023/3023 3021/3021/3021
f 3022/3022/3022 3024/3024/3024 3025/3025/3025
f 3022/3022/3022 3025/3025/3025 3023/3023/3023
f 3024/3024/3024 3026/3026/3026 3027/3027/3027
f 3024/3024/3024 3027/3027/3027 3025/3025/3025
f 3026/3026/3026 3028/3028/3028 3029/3029/3029
f 3026/3026/3026 3029/3029/3029 3027/3027/3027
f 3028/3028/3028 3030/3030/3030 3031/3031/3031
f 3028/3028/3028 3031/3031/3031 3029/3029/3029
f 3030/3030/3030 3032/3032/3032 3033/3033/3033
f 3030/3030/3030 3033/3033/3033 3031/3031/3031
f 3032/3032/3032 3034/3034/3034 3035/3035/3035
f 3032/3032/3032 3035/3035/3035 3033/3033/3033
f 3034/3034/3034 3036/3036/3036 3037/3037/3037
f 3034/3034/3034 3037/3037/3037 3035/3035/3035
f 3036/3036/3036 3038/3038/3038 3039/3039/3039
f 3036/3036/3036 3039/3039/3039 3037/3037/3037
f 3040/3040/3040 3015/3015/3015 3041/3041/3041
f 3040/3040/3040 3041/3041/3041 3042/3042/3042
f 3015/3015/3015 3014/3014/3014 3043/3043/3043
f 3015/3015/3015 3043/3043/3043 3041/3041/3041
f 3014/3014/3014 3017/3017/3017 3044/3044/3044
f 3014/3014/3014 3044/3044/3044 3043/3043/3043
f 3017/3017/3017 3019/3019/3019 3045/3045/3045
f 3017/3017/3017 3045/3045/3045 3044/3044/3044
f 3019/3019/3019 3021/3021/3021 3046/3046/3046
f 3019/3019/3019 3046/3046/3046 3045/3045/3045
f 3021/3021/3021 3023/3023/3023 3047/3047/3047
f 3021/3021/3021 3047/3047/3047 3046/3046/3046
f 3023/3023/3023 3025/3025/3025 3048/3048/3048
f 3023/3023/3023 3048/3048/3048 3047/3047/3047
f 3025/3025/3025 3027/3027/3027 3049/3049/3049
f 3025/3025/3025 3049/3049/3049 3048/3048/3048
f 3027/3027/3027 3029/3029/3029 3050/3050/3050
f 3027/3027/3027 3050/3050/3050 3049/3049/3049
f 3029/3029/3029 3031/3031/3031 3051/3051/3051
f 3029/3029/3029 3051/3051/3051 3050/3050/3050
f 3031/3031/3031 3033/3033/3033 3052/3052/3052
f 3031/3031/3031 3052/3052/3052 3051/3051/3051
f 3033/3033/3033 3035/3035/3035 3053/3053/3053
f 3033/3033/3033 3053/3053/3053 3052/3052/3052
f 3035/3035/3035 3037/3037/3037 3054/3054/3054
f 3035/3035/3035 3054/3054/3054 3053/3053/3053
f 3037/3037/3037 3039/3039/3039 3055/3055/3055
f 3037/3037/3037 3055/3055/3055 3054/3054/3054
f 3042/3042/3042 3041/3041/3041 3056/3056/3056
f 3042/3042/3042 3056/3056/3056 3057/3057/3057
f 3041/3041/3041 3043/3043/3043 3058/3058/3058
f 3041/3041/3041 3058/3058/3058 3056/3056/3056
f 3043/3043/3043 3044/3044/3044 3059/3059/3059
f 3043/3043/3043 3059/3059/3059 3058/3058/3058
f 3044/3044/3044 3045/3045/3045 3060/3060/3060
f 3044/3044/3044 3060/3060/3060 3059/3059/3059
f 3045/3045/3045 3046/3046/3046 3061/3061/3061
f 3045/3045/3045 3061/3061/3061 3060/3060/3060
f 3046/3046/3046 3047/3047/3047 3062/3062/3062
f 3046/3046/3046 3062/3062/3062 3061/3061/3061
f 3047/3047/3047 3048/3048/3048 3063/3063/3063
f 3047/3047/3047 3063/3063/3063 3062/3062/3062
f 3048/3048/3048 3049/3049/3049 3064/3064/3064
f 3048/3048/3048 3064/3064/3064 3063/3063/3063
f 3049/3049/3049 3050/3050/3050 3065/3065/3065
f 3049/3049/3049 3065/3065/3065 3064/3064/3064
f 3050/3050/3050 3051/3051/3051 3066/3066/3066
f 3050/3050/3050 3066/3066/3066 3065/3065/3065
f 3051/3051/3051 3052/3052/3052 3067/3067/3067
f 3051/3051/3051 3067/3067/3067 3066/3066/3066
f 3052/3052/3052 3053/3053/3053 3068/3068/3068
f 3052/3052/3052 3068/3068/3068 3067/3067/3067
f 3053/3053/3053 3054/3054/3054 3069/3069/3069
f 3053/3053/3053 3069/3069/3069 3068/3068/3068
f 3054/3054/3054 3055/3055/3055 3070/3070/3070
f 3054/3054/3054 3070/3070/3070 3069/3069/3069
f 3057/3057/3057 3056/3056/3056 3071/3071/3071
f 3057/3057/3057 3071/3071/3071 3072/3072/3072
f 3056/3056/3056 3058/3058/3058 3073/3073/3073
f 3056/3056/3056 3073/3073/3073 3071/3071/3071
f 3058/3058/3058 3059/3059/3059 3074/3074/3074
f 3058/3058/3058 3074/3074/3074 3073/3073/3073
f 3059/3059/3059 3060/3060/3060 3075/3075/3075
f 3059/3059/3059 3075/3075/3075 3074/3074/3074
f 3060/3060/3060 3061/3061/3061 3076/3076/3076
f 3060/3060/3060 3076/3076/3076 3075/3075/3075
f 3061/3061/3061 3062/3062/3062 3077/3077/3077
f 3061/3061/3061 3077/3077/3077 3076/3076/3076
f 3062/3062/3062 3063/3063/3063 3078/3078/3078
f 3062/3062/3062 3078/3078/3078 3077/3077/3077
f 3063/3063/3063 3064/3064/3064 3079/3079/3079
f 3063/3063/3063 3079/3079/3079 3078/3078/3078
f 3064/3064/3064 3065/3065/3065 3080/3080/3080
f 3064/3064/3064 3080/3080/3080 3079/3079/3079
f 3065/3065/3065 3066/3066/3066 3081/3081/3081
f 3065/3065/3065 3081/3081/3081 3080/3080/3080
f 3066/3066/3066 3067/3067/3067 3082/3082/3082
f 3066/3066/3066 3082/3082/3082 3081/3081/3081
f 3067/3067/3067 3068/3068/3068 3083/3083/3083
f 3067/3067/3067 3083/3083/3083 3082/3082/3082
f 3068/3068/3068 3069/3069/3069 3084/3084/3084
f 3068/3068/3068 3084/3084/3084 3083/3083/3083
f 3069/3069/3069 3070/3070/3070 3085/3085/3085
f 3069/3069/3069 3085/3085/3085 3084/3084/3084
f 3072/3072/3072 3071/3071/3071 3086/3086/3086
f 3072/3072/3072 3086/3086/3086 3087/3087/3087
f 3071/3071/3071 3073/3073/3073 3088/3088/3088
f 3071/3071/3071 3088/3088/3088 3086/3086/3086
f 3073/3073/3073 3074/3074/3074 3089/3089/3089
f 3073/3073/3073 3089/3089/3089 3088/3088/3088
f 3074/3074/3074 3075/3075/3075 3090/3090/3090
f 3074/3074/3074 3090/3090/3090 3089/3089/3089
f 3075/3075/3075 3076/3076/3076 3091/3091/3091
f 3075/3075/3075 3091/3091/3091 3090/3090/3090
f 3076/3076/3076 3077/3077/3077 3092/3092/3092
f 3076/3076/3076 3092/3092/3092 3091/3091/3091
f 3077/3077/3077 3078/3078/3078 3093/3093/3093
f 3077/3077/3077 3093/3093/3093 3092/3092/3092
f 3078/3078/3078 3079/3079/3079 3094/3094/3094
f 3078/3078/3078 3094/3094/3094 3093/3093/3093
f 3079/3079/3079 3080/3080/3080 3095/3095/3095
f 3079/3079/3079 3095/3095/3095 3094/3094/3094
f 3080/3080/3080 3081/3081/3081 3096/3096/3096
f 3080/3080/3080 3096/3096/3096 3095/3095/3095
f 3081/3081/3081 3082/3082/3082 3097/3097/3097
f 3081/3081/3081 3097/3097/3097 3096/3096/3096
f 3082/3082/3082 3083/3083/3083 3098/3098/3098
f 3082/3082/3082 3098/3098/3098 3097/3097/3097
f 3083/3083/3083 3084/3084/3084 3099/3099/3099
f 3083/3083/3083 3099/3099/3099 3098/3098/3098
f 3084/3084/3084 3085/3085/3085 3100/3100/3100
f 3084/3084/3084 3100/3100/3100 3099/3099/3099
f 3087/3087/3087 3086/3086/3086 3101/3101/3101
f 3087/3087/3087 3101/3101/3101 3102/3102/3102
f 3086/3086/3086 3088/3088/3088 3103/3103/3103
f 3086/3086/3086 3103/3103/3103 3101/3101/3101
f 3088/3088/3088 3089/3089/3089 3104/3104/3104
f 3088/3088/3088 3104/3104/3104 3103/3103/3103
f 3089/3089/3089 3090/3090/3090 3105/3105/3105
f 3089/3089/3089 3105/3105/3105 3104/3104/3104
f 3090/3090/3090 3091/3091/3091 3106/3106/3106
f 3090/3090/3090 3106/3106/3106 3105/3105/3105
f 3091/3091/3091 3092/3092/3092 3107/3107/3107
f 3091/3091/3091 3107/3107/3107 3106/3106/3106
f 3092/3092/3092 3093/3093/3093 3108/3108/3108
f 3092/3092/3092 3108/3108/3108 3107/3107/3107
f 3093/3093/3093 3094/3094/3094 3109/3109/3109
f 3093/3093/3093 3109/3109/3109 3108/3108/3108
f 3094/3094/3094 3095/3095/3095 3110/3110/3110
f 3094/3094/3094 3110/3110/3110 3109/3109/3109
f 3095/3095/3095 3096/3096/3096 3111/3111/3111
f 3095/3095/3095 3111/3111/3111 3110/3110/3110
f 3096/3096/3096 3097/3097/3097 3112/3112/3112
f 3096/3096/3096 3112/3112/3112 3111/3111/3111
f 3097/3097/3097 3098/3098/3098 3113/3113/3113
f 3097/3097/3097 3113/3113/3113 3112/3112/3112
f 3098/3098/3098 3099/3099/3099 3114/3114/3114
f 3098/3098/3098 3114/3114/3114 3113/3113/3113
f 3099/3099/3099 3100/3100/3100 3115/3115/3115
f 3099/3099/3099 3115/3115/3115 3114/3114/3114
f 3102/3102/3102 3101/3101/3101 3116/3116/3116
f 3102/3102/3102 3116/3116/3116 3117/3117/3117
f 3101/3101/3101 3103/3103/3103 3118/3118/3118
f 3101/3101/3101 3118/3118/3118 3116/3116/3116
f 3103/3103/3103 3104/3104/3104 3119/3119/3119
f 3103/3103/3103 3119/3119/3119 3118/3118/3118
f 3104/3104/3104 3105/3105/3105 3120/3120/3120
f 3104/3104/3104 3120/3120/3120 3119/3119/3119
f 3105/3105/3105 3106/3106/3106 3121/3121/3121
f 3105/3105/3105 3121/3121/3121 3120/3120/3120
f 3106/3106/3106 3107/3107/3107 3122/3122/3122
f 3106/3106/3106 3122/3122/3122 3121/3121/3121
f 3107/3107/3107 3108/3108/3108 3123/3123/3123
f 3107/3107/3107 3123/3123/3123 3122/3122/3122
f 3108/3108/3108 3109/3109/3109 3124/3124/3124
f 3108/3108/3108 3124/3124/3124 3123/3123/3123
f 3109/3109/3109 3110/3110/3110 3125/3125/3125
f 3109/3109/3109 3125/3125/3125 3124/3124/3124
f 3110/3110/3110 3111/3111/3111 3126/3126/3126
f 3110/3110/3110 3126/3126/3126 3125/3125/3125
f 3111/3111/3111 3112/3112/3112 3127/3127/3127
f 3111/3111/3111 3127/3127/3127 3126/3126/3126
f 3112/3112/3112 3113/3113/3113 3128/3128/3128
f 3112/3112/3112 3128/3128/3128 3127/3127/3127
f 3113/3113/3113 3114/3114/3114 3129/3129/3129
f 3113/3113/3113 3129/3129/3129 3128/3128/3128
f 3114/3114/3114 3115/3115/3115 3130/3130/3130
f 3114/3114/3114 3130/3130/3130 3129/3129/3129
f 3117/3117/3117 3116/3116/3116 3131/3131/3131
f 3117/3117/3117 3131/3131/3131 3132/3132/3132
f 3116/3116/3116 3118/3118/3118 3133/3133/3133
f 3116/3116/3116 3133/3133/3133 3131/3131/3131
f 3118/3118/3118 3119/3119/3119 3134/3134/3134
f 3118/3118/3118 3134/3134/3134 3133/3133/3133
f 3119/3119/3119 3120/3120/3120 3135/3135/3135
f 3119/3119/3119 3135/3135/3135 3134/3134/3134
f 3120/3120/3120 3121/3121/3121 3136/3136/3136
f 3120/3120/3120 3136/3136/3136 3135/3135/3135
f 3121/3121/3121 3122/3122/3122 3137/3137/3137
f 3121/3121/3121 3137/3137/3137 3136/3136/3136
f 3122/3122/3122 3123/3123/3123 3138/3138/3138
f 3122/3122/3122 3138/3138/3138 3137/3137/3137
f 3123/3123/3123 3124/3124/3124 3139/3139/3139
f 3123/3123/3123 3139/3139/3139 3138/3138/3138
f 3124/3124/3124 3125/3125/3125 3140/3140/3140
f 3124/3124/3124 3140/3140/3140 3139/3139/3139
f 3125/3125/3125 3126/3126/3126 3141/3141/3141
f 3125/3125/3125 3141/3141/3141 3140/3140/3140
f 3126/3126/3126 3127/3127/3127 3142/3142/3142
f 3126/3126/3126 3142/3142/3142 3141/3141/3141
f 3127/3127/3127 3128/3128/3128 3143/3143/3143
f 3127/3127/3127 3143/3143/3143 3142/3142/3142
f 3128/3128/3128 3129/3129/3129 3144/3144/3144
f 3128/3128/3128 3144/3144/3144 3143/3143/3143
f 3129/3129/3129 3130/3130/3130 3145/3145/3145
f 3129/3129/3129 3145/3145/3145 3144/3144/3144
f 3132/3132/3132 3131/3131/3131 3146/3146/3146
f 3132/3132/3132 3146/3146/3146 3147/3147/3147
f 3131/3131/3131 3133/3133/3133 3148/3148/3148
f 3131/3131/3131 3148/3148/3148 3146/3146/3146
f 3133/3133/3133 3134/3134/3134 3149/3149/3149
f 3133/3133/3133 3149/3149/3149 3148/3148/3148
f 3134/3134/3134 3135/3135/3135 3150/3150/3150
f 3134/3134/3134 3150/3150/3150 3149/3149/3149
f 3135/3135/3135 3136/3136/3136 3151/3151/3151
f 3135/3135/3135 3151/3151/3151 3150/3150/3150
f 3136/3136/3136 3137/3137/3137 3152/3152/3152
f 3136/3136/3136 3152/3152/3152 3151/3151/3151
f 3137/3137/3137 3138/3138/3138 3153/3153/3153
f 3137/3137/3137 3153/3153/3153 3152/3152/3152
f 3138/3138/3138 3139/3139/3139 3154/3154/3154
f 3138/3138/3138 3154/3154/3154 3153/3153/3153
f 3139/3139/3139 3140/3140/3140 3155/3155/3155
f 3139/3139/3139 3155/3155/3155 3154/3154/3154
f 3140/3140/3140 3141/3141/3141 3156/3156/3156
f 3140/3140/3140 3156/3156/3156 3155/3155/3155
f 3141/3141/3141 3142/3142/3142 3157/3157/3157
f 3141/3141/3141 3157/3157/3157 3156/3156/3156
f 3142/3142/3142 3143/3143/3143 3158/3158/3158
f 3142/3142/3142 3158/3158/3158 3157/3157/3157
f 3143/3143/3143 3144/3144/3144 3159/3159/3159
f 3143/3143/3143 3159/3159/3159 3158/3158/3158
f 3144/3144/3144 3145/3145/3145 3160/3160/3160
f 3144/3144/3144 3160/3160/3160 3159/3159/3159
f 3147/3147/3147 3146/3146/3146 3161/3161/3161
f 3147/3147/3147 3161/3161/3161 3162/3162/3162
f 3146/3146/3146 3148/3148/3148 3163/3163/3163
f 3146/3146/3146 3163/3163/3163 3161/3161/3161
f 3148/3148/3148 3149/3149/3149 3164/3164/3164
f 3148/3148/3148 3164/3164/3164 3163/3163/3163
f 3149/3149/3149 3150/3150/3150 3165/3165/3165
f 3149/3149/3149 3165/3165/3165 3164/3164/3164
f 3150/3150/3150 3151/3151/3151 3166/3166/3166
f 3150/3150/3150 3166/3166/3166 3165/3165/3165
f 3151/3151/3151 3152/3152/3152 3167/3167/3167
f 3151/3151/3151 3167/3167/3167 3166/3166/3166
f 3152/3152/3152 3153/3153/3153 3168/3168/3168
f 3152/3152/3152 3168/3168/3168 3167/3167/3167
f 3153/3153/3153 3154/3154/3154 3169/3169/3169
f 3153/3153/3153 3169/3169/3169 3168/3168/3168
f 3154/3154/3154 3155/3155/3155 3170/3170/3170
f 3154/3154/3154 3170/3170/3170 3169/3169/3169
f 3155/3155/3155 3156/3156/3156 3171/3171/3171
f 3155/3155/3155 3171/3171/3171 3170/3170/3170
f 3156/3156/3156 3157/3157/3157 3172/3172/3172
f 3156/3156/3156 3172/3172/3172 3171/3171/3171
f 3157/3157/3157 3158/3158/3158 3173/3173/3173
f 3157/3157/3157 3173/3173/3173 3172/3172/3172
f 3158/3158/3158 3159/3159/3159 3174/3174/3174
f 3158/3158/3158 3174/3174/3174 3173/3173/3173
f 3159/3159/3159 3160/3160/3160 3175/3175/3175
f 3159/3159/3159 3175/3175/3175 3174/3174/3174
f 3176/3176/3176 3177/3177/3177 3178/3178/3178
f 3176/3176/3176 3178/3178/3178 3179/3179/3179
f 3161/3161/3161 3163/3163/3163 3180/3180/3180
f 3161/3161/3161 3180/3180/3180 3181/3181/3181
f 3163/3163/3163 3164/3164/3164 3182/3182/3182
f 3163/3163/3163 3182/3182/3182 3180/3180/3180
f 3164/3164/3164 3165/3165/3165 3183/3183/3183
f 3164/3164/3164 3183/3183/3183 3182/3182/3182
f 3165/3165/3165 3166/3166/3166 3184/3184/3184
f 3165/3165/3165 3184/3184/3184 3183/3183/3183
f 3166/3166/3166 3167/3167/3167 3185/3185/3185
f 3166/3166/3166 3185/3185/3185 3184/3184/3184
f 3167/3167/3167 3168/3168/3168 3186/3186/3186
f 3167/3167/3167 3186/3186/3186 3185/3185/3185
f 3168/3168/3168 3169/3169/3169 3187/3187/3187
f 3168/3168/3168 3187/3187/3187 3186/3186/3186
f 3169/3169/3169 3170/3170/3170 3188/3188/3188
f 3169/3169/3169 3188/3188/3188 3187/3187/3187
f 3170/3170/3170 3171/3171/3171 3189/3189/3189
f 3170/3170/3170 3189/3189/3189 3188/3188/3188
f 3171/3171/3171 3172/3172/3172 3190/3190/3190
f 3171/3171/3171 3190/3190/3190 3189/3189/3189
f 3172/3172/3172 3173/3173/3173 3191/3191/3191
f 3172/3172/3172 3191/3191/3191 3190/3190/3190
f 3173/3173/3173 3174/3174/3174 3192/3192/3192
f 3173/3173/3173 3192/3192/3192 3191/3191/3191
f 3174/3174/3174 3175/3175/3175 3193/3193/3193
f 3174/3174/3174 3193/3193/3193 3192/3192/3192
f 3179/3179/3179 3178/3178/3178 3194/3194/3194
f 3179/3179/3179 3194/3194/3194 3195/3195/3195
f 3181/3181/3181 3180/3180/3180 3196/3196/3196
f 3181/3181/3181 3196/3196/3196 3197/3197/3197
f 3180/3180/3180 3182/3182/3182 3198/3198/3198
f 3180/3180/3180 3198/3198/3198 3196/3196/3196
f 3182/3182/3182 3183/3183/3183 3199/3199/3199
f 3182/3182/3182 3199/3199/3199 3198/3198/3198
f 3183/3183/3183 3184/3184/3184 3200/3200/3200
f 3183/3183/3183 3200/3200/3200 3199/3199/3199
f 3184/3184/3184 3185/3185/3185 3201/3201/3201
f 3184/3184/3184 3201/3201/3201 3200/3200/3200
f 3185/3185/3185 3186/3186/3186 3202/3202/3202
f 3185/3185/3185 3202/3202/3202 3201/3201/3201
f 3186/3186/3186 3187/3187/3187 3203/3203/3203
f 3186/3186/3186 3203/3203/3203 3202/3202/3202
f 3187/3187/3187 3188/3188/3188 3204/3204/3204
f 3187/3187/3187 3204/3204/3204 3203/3203/3203
f 3188/3188/3188 3189/3189/3189 3205/3205/3205
f 3188/3188/3188 3205/3205/3205 3204/3204/3204
f 3189/3189/3189 3190/3190/3190 3206/3206/3206
f 3189/3189/3189 3206/3206/3206 3205/3205/3205
f 3190/3190/3190 3191/3191/3191 3207/3207/3207
f 3190/3190/3190 3207/3207/3207 3206/3206/3206
f 3191/3191/3191 3192/3192/3192 3208/3208/3208
f 3191/3191/3191 3208/3208/3208 3207/3207/3207
f 3192/3192/3192 3193/3193/3193 3209/3209/3209
f 3192/3192/3192 3209/3209/3209 3208/3208/3208
f 3195/3195/3195 3194/3194/3194 3210/3210/3210
f 3195/3195/3195 3210/3210/3210 3211/3211/3211
f 3197/3197/3197 3196/3196/3196 3212/3212/3212
f 3197/3197/3197 3212/3212/3212 3213/3213/3213
f 3196/3196/3196 3198/3198/3198 3214/3214/3214
f 3196/3196/3196 3214/3214/3214 3212/3212/3212
f 3198/3198/3198 3199/3199/3199 3215/3215/3215
f 3198/3198/3198 3215/3215/3215 3214/3214/3214
f 3199/3199/3199 3200/3200/3200 3216/3216/3216
f 3199/3199/3199 3216/3216/3216 3215/3215/3215
f 3200/3200/3200 3201/3201/3201 3217/3217/3217
f 3200/3200/3200 3217/3217/3217 3216/3216/3216
f 3201/3201/3201 3202/3202/3202 3218/3218/3218
f 3201/3201/3201 3218/3218/3218 3217/3217/3217
f 3202/3202/3202 3203/3203/3203 3219/3219/3219
f 3202/3202/3202 3219/3219/3219 3218/3218/3218
f 3203/3203/3203 3204/3204/3204 3220/3220/3220
f 3203/3203/3203 3220/3220/3220 3219/3219/3219
f 3204/3204/3204 3205/3205/3205 3221/3221/3221
f 3204/3204/3204 3221/3221/3221 3220/3220/3220
f 3205/3205/3205 3206/3206/3206 3222/3222/3222
f 3205/3205/3205 3222/3222/3222 3221/3221/3221
f 3206/3206/3206 3207/3207/3207 3223/3223/3223
f 3206/3206/3206 3223/3223/3223 3222/3222/3222
f 3207/3207/3207 3208/3208/3208 3224/3224/3224
f 3207/3207/3207 3224/3224/3224 3223/3223/3223
f 3208/3208/3208 3209/3209/3209 3225/3225/3225
f 3208/3208/3208 3225/3225/3225 3224/3224/3224
f 3211/3211/3211 3210/3210/3210 3226/3226/3226
f 3211/3211/3211 3226/3226/3226 3227/3227/3227
f 3213/3213/3213 3212/3212/3212 3228/3228/3228
f 3213/3213/3213 3228/3228/3228 3229/3229/3229
f 3212/3212/3212 3214/3214/3214 3230/3230/3230
f 3212/3212/3212 3230/3230/3230 3228/3228/3228
f 3214/3214/3214 3215/3215/3215 3231/3231/3231
f 3214/3214/3214 3231/3231/3231 3230/3230/3230
f 3215/3215/3215 3216/3216/3216 3232/3232/3232
f 3215/3215/3215 3232/3232/3232 3231/3231/3231
f 3216/3216/3216 3217/3217/3217 3233/3233/3233
f 3216/3216/3216 3233/3233/3233 3232/3232/3232
f 3217/3217/3217 3218/3218/3218 3234/3234/3234
f 3217/3217/3217 3234/3234/3234 3233/3233/3233
f 3218/3218/3218 3219/3219/3219 3235/3235/3235
f 3218/3218/3218 3235/3235/3235 3234/3234/3234
f 3219/3219/3219 3220/3220/3220 3236/3236/3236
f 3219/3219/3219 3236/3236/3236 3235/3235/3235
f 3220/3220/3220 3221/3221/3221 3237/3237/3237
f 3220/3220/3220 3237/3237/3237 3236/3236/3236
f 3221/3221/3221 3222/3222/3222 3238/3238/3238
f 3221/3221/3221 3238/3238/3238 3237/3237/3237
f 3222/3222/3222 3223/3223/3223 3239/3239/3239
f 3222/3222/3222 3239/3239/3239 3238/3238/3238
f 3223/3223/3223 3224/3224/3224 3240/3240/3240
f 3223/3223/3223 3240/3240/3240 3239/3239/3239
f 3224/3224/3224 3225/3225/3225 3241/3241/3241
f 3224/3224/3224 3241/3241/3241 3240/3240/3240
f 1581/1581/1581 2720/2720/2720 3008/3008/3008
f 1581/1581/1581 3008/3008/3008 1582/1582/1582
f 2720/2720/2720 2719/2719/2719 3009/3009/3009
f 2720/2720/2720 3009/3009/3009 3008/3008/3008
f 2719/2719/2719 2718/2718/2718 3242/3242/3242
f 2719/2719/2719 3242/3242/3242 3009/3009/3009
f 2718/2718/2718 2717/2717/2717 3243/3243/3243
f 2718/2718/2718 3243/3243/3243 3242/3242/3242
f 3244/3244/3244 3245/3245/3245 3018/3018/3018
f 3244/3244/3244 3018/3018/3018 3016/3016/3016
f 3245/3245/3245 3246/3246/3246 3020/3020/3020
f 3245/3245/3245 3020/3020/3020 3018/3018/3018
f 3246/3246/3246 3247/3247/3247 3022/3022/3022
f 3246/3246/3246 3022/3022/3022 3020/3020/3020
f 3247/3247/3247 2712/2712/2712 3024/3024/3024
f 3247/3247/3247 3024/3024/3024 3022/3022/3022
f 2712/2712/2712 2710/2710/2710 3026/3026/3026
f 2712/2712/2712 3026/3026/3026 3024/3024/3024
f 2710/2710/2710 2708/2708/2708 3028/3028/3028
f 2710/2710/2710 3028/3028/3028 3026/3026/3026
f 2708/2708/2708 2706/2706/2706 3030/3030/3030
f 2708/2708/2708 3030/3030/3030 3028/3028/3028
f 2706/2706/2706 2704/2704/2704 3032/3032/3032
f 2706/2706/2706 3032/3032/3032 3030/3030/3030
f 2704/2704/2704 2702/2702/2702 3034/3034/3034
f 2704/2704/2704 3034/3034/3034 3032/3032/3032
f 2702/2702/2702 2700/2700/2700 3036/3036/3036
f 2702/2702/2702 3036/3036/3036 3034/3034/3034
f 2700/2700/2700 2698/2698/2698 3038/3038/3038
f 2700/2700/2700 3038/3038/3038 3036/3036/3036
f 2698/2698/2698 975/975/975 977/977/977
f 2698/2698/2698 977/977/977 3038/3038/3038
f 3038/3038/3038 977/977/977 1025/1025/1025
f 3038/3038/3038 1025/1025/1025 3039/3039/3039
f 3039/3039/3039 1025/1025/1025 1024/1024/1024
f 3039/3039/3039 1024/1024/1024 3055/3055/3055
f 3055/3055/3055 1024/1024/1024 1023/1023/1023
f 3055/3055/3055 1023/1023/1023 3070/3070/3070
f 3070/3070/3070 1023/1023/1023 1022/1022/1022
f 3070/3070/3070 1022/1022/1022 3085/3085/3085
f 3085/3085/3085 1022/1022/1022 1021/1021/1021
f 3085/3085/3085 1021/1021/1021 3100/3100/3100
f 3100/3100/3100 1021/1021/1021 1020/1020/1020
f 3100/3100/3100 1020/1020/1020 3115/3115/3115
f 3115/3115/3115 1020/1020/1020 1019/1019/1019
f 3115/3115/3115 1019/1019/1019 3130/3130/3130
f 3130/3130/3130 1019/1019/1019 1018/1018/1018
f 3130/3130/3130 1018/1018/1018 3145/3145/3145
f 3145/3145/3145 1018/1018/1018 1017/1017/1017
f 3145/3145/3145 1017/1017/1017 3160/3160/3160
f 3160/3160/3160 1017/1017/1017 1016/1016/1016
f 3160/3160/3160 1016/1016/1016 3175/3175/3175
f 3175/3175/3175 1016/1016/1016 1015/1015/1015
f 3175/3175/3175 1015/1015/1015 3193/3193/3193
f 3193/3193/3193 1015/1015/1015 1014/1014/1014
f 3193/3193/3193 1014/1014/1014 3209/3209/3209
f 3209/3209/3209 1014/1014/1014 1013/1013/1013
f 3209/3209/3209 1013/1013/1013 3225/3225/3225
f 3225/3225/3225 1013/1013/1013 1011/1011/1011
f 3225/3225/3225 1011/1011/1011 3241/3241/3241
f 3241/3241/3241 1011/1011/1011 1012/1012/1012
f 3241/3241/3241 1012/1012/1012 2994/2994/2994
f 3240/3240/3240 3241/3241/3241 2994/2994/2994
f 3240/3240/3240 2994/2994/2994 2992/2992/2992
f 3239/3239/3239 3240/3240/3240 2992/2992/2992
f 3239/3239/3239 2992/2992/2992 2990/2990/2990
f 3238/3238/3238 3239/3239/3239 2990/2990/2990
f 3238/3238/3238 2990/2990/2990 2988/2988/2988
f 3237/3237/3237 3238/3238/3238 2988/2988/2988
f 3237/3237/3237 2988/2988/2988 2987/2987/2987
f 3236/3236/3236 3237/3237/3237 2987/2987/2987
f 3236/3236/3236 2987/2987/2987 2986/2986/2986
f 3235/3235/3235 3236/3236/3236 2986/2986/2986
f 3235/3235/3235 2986/2986/2986 2985/2985/2985
f 3234/3234/3234 3235/3235/3235 2985/2985/2985
f 3234/3234/3234 2985/2985/2985 2984/2984/2984
f 3233/3233/3233 3234/3234/3234 2984/2984/2984
f 3233/3233/3233 2984/2984/2984 2983/2983/2983
f 3232/3232/3232 3233/3233/3233 2983/2983/2983
f 3232/3232/3232 2983/2983/2983 2982/2982/2982
f 3231/3231/3231 3232/3232/3232 2982/2982/2982
f 3231/3231/3231 2982/2982/2982 2980/2980/2980
f 3230/3230/3230 3231/3231/3231 2980/2980/2980
f 3230/3230/3230 2980/2980/2980 2979/2979/2979
f 3228/3228/3228 3230/3230/3230 2979/2979/2979
f 3228/3228/3228 2979/2979/2979 3248/3248/3248
f 3226/3226/3226 3249/3249/3249 2977/2977/2977
f 3226/3226/3226 2977/2977/2977 2976/2976/2976
f 3227/3227/3227 3226/3226/3226 2976/2976/2976
f 3227/3227/3227 2976/2976/2976 2975/2975/2975
f 1598/1598/1598 3227/3227/3227 2975/2975/2975
f 1598/1598/1598 2975/2975/2975 1600/1600/1600
f 1597/1597/1597 3211/3211/3211 3227/3227/3227
f 1597/1597/1597 3227/3227/3227 1598/1598/1598
f 1596/1596/1596 3195/3195/3195 3211/3211/3211
f 1596/1596/1596 3211/3211/3211 1597/1597/1597
f 1595/1595/1595 3179/3179/3179 3195/3195/3195
f 1595/1595/1595 3195/3195/3195 1596/1596/1596
f 1594/1594/1594 3176/3176/3176 3179/3179/3179
f 1594/1594/1594 3179/3179/3179 1595/1595/1595
f 1593/1593/1593 3250/3250/3250 3176/3176/3176
f 1593/1593/1593 3176/3176/3176 1594/1594/1594
f 1592/1592/1592 3251/3251/3251 3250/3250/3250
f 1592/1592/1592 3250/3250/3250 1593/1593/1593
f 1591/1591/1591 3252/3252/3252 3251/3251/3251
f 1591/1591/1591 3251/3251/3251 1592/1592/1592
f 1590/1590/1590 3253/3253/3253 3252/3252/3252
f 1590/1590/1590 3252/3252/3252 1591/1591/1591
f 1589/1589/1589 3254/3254/3254 3253/3253/3253
f 1589/1589/1589 3253/3253/3253 1590/1590/1590
f 1588/1588/1588 3255/3255/3255 3254/3254/3254
f 1588/1588/1588 3254/3254/3254 1589/1589/1589
f 3256/3256/3256 3057/3057/3057 3072/3072/3072
f 3256/3256/3256 3072/3072/3072 3257/3257/3257
f 3258/3258/3258 3042/3042/3042 3057/3057/3057
f 3258/3258/3258 3057/3057/3057 3256/3256/3256
f 1583/1583/1583 3011/3011/3011 3259/3259/3259
f 1583/1583/1583 3259/3259/3259 1585/1585/1585
f 1582/1582/1582 3008/3008/3008 3011/3011/3011
f 1582/1582/1582 3011/3011/3011 1583/1583/1583
f 3260/3260/3260 3261/3261/3261 3262/3262/3262
f 3260/3260/3260 3262/3262/3262 3263/3263/3263
f 3264/3264/3264 3265/3265/3265 3266/3266/3266
f 3264/3264/3264 3266/3266/3266 3267/3267/3267
f 3265/3265/3265 3268/3268/3268 3269/3269/3269
f 3265/3265/3265 3269/3269/3269 3266/3266/3266
f 3268/3268/3268 3270/3270/3270 3271/3271/3271
f 3268/3268/3268 3271/3271/3271 3269/3269/3269
f 3270/3270/3270 3272/3272/3272 3273/3273/3273
f 3270/3270/3270 3273/3273/3273 3271/3271/3271
f 3272/3272/3272 3274/3274/3274 3275/3275/3275
f 3272/3272/3272 3275/3275/3275 3273/3273/3273
f 3263/3263/3263 3262/3262/3262 3276/3276/3276
f 3263/3263/3263 3276/3276/3276 3277/3277/3277
f 3267/3267/3267 3266/3266/3266 3278/3278/3278
f 3267/3267/3267 3278/3278/3278 3279/3279/3279
f 3266/3266/3266 3269/3269/3269 3280/3280/3280
f 3266/3266/3266 3280/3280/3280 3278/3278/3278
f 3269/3269/3269 3271/3271/3271 3281/3281/3281
f 3269/3269/3269 3281/3281/3281 3280/3280/3280
f 3271/3271/3271 3273/3273/3273 3282/3282/3282
f 3271/3271/3271 3282/3282/3282 3281/3281/3281
f 3273/3273/3273 3275/3275/3275 3283/3283/3283
f 3273/3273/3273 3283/3283/3283 3282/3282/3282
f 3277/3277/3277 3276/3276/3276 3284/3284/3284
f 3277/3277/3277 3284/3284/3284 3285/3285/3285
f 3279/3279/3279 3278/3278/3278 3286/3286/3286
f 3279/3279/3279 3286/3286/3286 3287/3287/3287
f 3278/3278/3278 3280/3280/3280 3288/3288/3288
f 3278/3278/3278 3288/3288/3288 3286/3286/3286
f 3280/3280/3280 3281/3281/3281 3289/3289/3289
f 3280/3280/3280 3289/3289/3289 3288/3288/3288
f 3281/3281/3281 3282/3282/3282 3290/3290/3290
f 3281/3281/3281 3290/3290/3290 3289/3289/3289
f 3282/3282/3282 3283/3283/3283 3291/3291/3291
f 3282/3282/3282 3291/3291/3291 3290/3290/3290
f 3285/3285/3285 3284/3284/3284 3292/3292/3292
f 3285/3285/3285 3292/3292/3292 3293/3293/3293
f 3287/3287/3287 3286/3286/3286 3294/3294/3294
f 3287/3287/3287 3294/3294/3294 3295/3295/3295
f 3286/3286/3286 3288/3288/3288 3296/3296/3296
f 3286/3286/3286 3296/3296/3296 3294/3294/3294
f 3288/3288/3288 3289/3289/3289 3297/3297/3297
f 3288/3288/3288 3297/3297/3297 3296/3296/3296
f 3289/3289/3289 3290/3290/3290 3298/3298/3298
f 3289/3289/3289 3298/3298/3298 3297/3297/3297
f 3290/3290/3290 3291/3291/3291 3299/3299/3299
f 3290/3290/3290 3299/3299/3299 3298/3298/3298
f 3300/3300/3300 3301/3301/3301 3260/3260/3260
f 3300/3300/3300 3260/3260/3260 3302/3302/3302
f 3301/3301/3301 3303/3303/3303 3261/3261/3261
f 3301/3301/3301 3261/3261/3261 3260/3260/3260
f 3304/3304/3304 3305/3305/3305 3306/3306/3306
f 3304/3304/3304 3306/3306/3306 3307/3307/3307
f 3305/3305/3305 3308/3308/3308 3309/3309/3309
f 3305/3305/3305 3309/3309/3309 3306/3306/3306
f 3308/3308/3308 3310/3310/3310 3311/3311/3311
f 3308/3308/3308 3311/3311/3311 3309/3309/3309
f 3310/3310/3310 3312/3312/3312 3313/3313/3313
f 3310/3310/3310 3313/3313/3313 3311/3311/3311
f 3312/3312/3312 3314/3314/3314 3315/3315/3315
f 3312/3312/3312 3315/3315/3315 3313/3313/3313
f 3314/3314/3314 3316/3316/3316 3317/3317/3317
f 3314/3314/3314 3317/3317/3317 3315/3315/3315
f 3274/3274/3274 3318/3318/3318 3319/3319/3319
f 3274/3274/3274 3319/3319/3319 3275/3275/3275
f 3275/3275/3275 3319/3319/3319 3320/3320/3320
f 3275/3275/3275 3320/3320/3320 3283/3283/3283
f 3283/3283/3283 3320/3320/3320 3321/3321/3321
f 3283/3283/3283 3321/3321/3321 3291/3291/3291
f 3291/3291/3291 3321/3321/3321 3322/3322/3322
f 3291/3291/3291 3322/3322/3322 3299/3299/3299
f 3323/3323/3323 3285/3285/3285 3293/3293/3293
f 3323/3323/3323 3293/3293/3293 3324/3324/3324
f 3325/3325/3325 3277/3277/3277 3285/3285/3285
f 3325/3325/3325 3285/3285/3285 3323/3323/3323
f 3326/3326/3326 3263/3263/3263 3277/3277/3277
f 3326/3326/3326 3277/3277/3277 3325/3325/3325
f 3302/3302/3302 3260/3260/3260 3263/3263/3263
f 3302/3302/3302 3263/3263/3263 3326/3326/3326
f 3327/3327/3327 3328/3328/3328 3329/3329/3329
f 3327/3327/3327 3329/3329/3329 3330/3330/3330
f 3328/3328/3328 3331/3331/3331 3332/3332/3332
f 3328/3328/3328 3332/3332/3332 3329/3329/3329
f 3331/3331/3331 3333/3333/3333 3334/3334/3334
f 3331/3331/3331 3334/3334/3334 3332/3332/3332
f 3333/3333/3333 3335/3335/3335 3336/3336/3336
f 3333/3333/3333 3336/3336/3336 3334/3334/3334
f 3335/3335/3335 3337/3337/3337 3338/3338/3338
f 3335/3335/3335 3338/3338/3338 3336/3336/3336
f 3339/3339/3339 3340/3340/3340 3341/3341/3341
f 3339/3339/3339 3341/3341/3341 3342/3342/3342
f 3330/3330/3330 3329/3329/3329 3343/3343/3343
f 3330/3330/3330 3343/3343/3343 3344/3344/3344
f 3329/3329/3329 3332/3332/3332 3345/3345/3345
f 3329/3329/3329 3345/3345/3345 3343/3343/3343
f 3332/3332/3332 3334/3334/3334 3346/3346/3346
f 3332/3332/3332 3346/3346/3346 3345/3345/3345
f 3334/3334/3334 3336/3336/3336 3347/3347/3347
f 3334/3334/3334 3347/3347/3347 3346/3346/3346
f 3336/3336/3336 3338/3338/3338 3348/3348/3348
f 3336/3336/3336 3348/3348/3348 3347/3347/3347
f 3342/3342/3342 3341/3341/3341 3349/3349/3349
f 3342/3342/3342 3349/3349/3349 3350/3350/3350
f 3344/3344/3344 3343/3343/3343 3351/3351/3351
f 3344/3344/3344 3351/3351/3351 3352/3352/3352
f 3343/3343/3343 3345/3345/3345 3353/3353/3353
f 3343/3343/3343 3353/3353/3353 3351/3351/3351
f 3345/3345/3345 3346/3346/3346 3354/3354/3354
f 3345/3345/3345 3354/3354/3354 3353/3353/3353
f 3346/3346/3346 3347/3347/3347 3355/3355/3355
f 3346/3346/3346 3355/3355/3355 3354/3354/3354
f 3347/3347/3347 3348/3348/3348 3356/3356/3356
f 3347/3347/3347 3356/3356/3356 3355/3355/3355
f 3350/3350/3350 3349/3349/3349 3357/3357/3357
f 3350/3350/3350 3357/3357/3357 3358/3358/3358
f 3352/3352/3352 3351/3351/3351 3359/3359/3359
f 3352/3352/3352 3359/3359/3359 3360/3360/3360
f 3351/3351/3351 3353/3353/3353 3361/3361/3361
f 3351/3351/3351 3361/3361/3361 3359/3359/3359
f 3353/3353/3353 3354/3354/3354 3362/3362/3362
f 3353/3353/3353 3362/3362/3362 3361/3361/3361
f 3354/3354/3354 3355/3355/3355 3363/3363/3363
f 3354/3354/3354 3363/3363/3363 3362/3362/3362
f 3355/3355/3355 3356/3356/3356 3364/3364/3364
f 3355/3355/3355 3364/3364/3364 3363/3363/3363
f 3356/3356/3356 3365/3365/3365 3366/3366/3366
f 3356/3356/3356 3366/3366/3366 3364/3364/3364
f 3340/3340/3340 3367/3367/3367 3368/3368/3368
f 3340/3340/3340 3368/3368/3368 3341/3341/3341
f 3341/3341/3341 3368/3368/3368 3369/3369/3369
f 3341/3341/3341 3369/3369/3369 3349/3349/3349
f 3349/3349/3349 3369/3369/3369 3370/3370/3370
f 3349/3349/3349 3370/3370/3370 3357/3357/3357
f 3357/3357/3357 3370/3370/3370 3371/3371/3371
f 3357/3357/3357 3371/3371/3371 3372/3372/3372
f 3373/3373/3373 3374/3374/3374 3375/3375/3375
f 3373/3373/3373 3375/3375/3375 3376/3376/3376
f 3377/3377/3377 3373/3373/3373 3376/3376/3376
f 3377/3377/3377 3376/3376/3376 3378/3378/3378
f 3379/3379/3379 3377/3377/3377 3378/3378/3378
f 3379/3379/3379 3378/3378/3378 3380/3380/3380
f 3381/3381/3381 3379/3379/3379 3380/3380/3380
f 3381/3381/3381 3380/3380/3380 3382/3382/3382
f 3361/3361/3361 3362/3362/3362 3383/3383/3383
f 3361/3361/3361 3383/3383/3383 3384/3384/3384
f 3359/3359/3359 3361/3361/3361 3384/3384/3384
f 3359/3359/3359 3384/3384/3384 3385/3385/3385
f 3360/3360/3360 3359/3359/3359 3385/3385/3385
f 3360/3360/3360 3385/3385/3385 3386/3386/3386
f 3387/3387/3387 3360/3360/3360 3386/3386/3386
f 3387/3387/3387 3386/3386/3386 3388/3388/3388
f 3389/3389/3389 3352/3352/3352 3360/3360/3360
f 3389/3389/3389 3360/3360/3360 3387/3387/3387
f 3390/3390/3390 3344/3344/3344 3352/3352/3352
f 3390/3390/3390 3352/3352/3352 3389/3389/3389
f 3391/3391/3391 3330/3330/3330 3344/3344/3344
f 3391/3391/3391 3344/3344/3344 3390/3390/3390
f 3392/3392/3392 3327/3327/3327 3330/3330/3330
f 3392/3392/3392 3330/3330/3330 3391/3391/3391
f 3393/3393/3393 3394/3394/3394 3395/3395/3395
f 3393/3393/3393 3395/3395/3395 3396/3396/3396
f 3394/3394/3394 3397/3397/3397 3398/3398/3398
f 3394/3394/3394 3398/3398/3398 3395/3395/3395
f 3397/3397/3397 3399/3399/3399 3400/3400/3400
f 3397/3397/3397 3400/3400/3400 3398/3398/3398
f 3399/3399/3399 3401/3401/3401 3402/3402/3402
f 3399/3399/3399 3402/3402/3402 3400/3400/3400
f 3401/3401/3401 3403/3403/3403 3404/3404/3404
f 3401/3401/3401 3404/3404/3404 3402/3402/3402
f 3403/3403/3403 3405/3405/3405 3406/3406/3406
f 3403/3403/3403 3406/3406/3406 3404/3404/3404
f 3396/3396/3396 3395/3395/3395 3407/3407/3407
f 3396/3396/3396 3407/3407/3407 3408/3408/3408
f 3395/3395/3395 3398/3398/3398 3409/3409/3409
f 3395/3395/3395 3409/3409/3409 3407/3407/3407
f 3398/3398/3398 3400/3400/3400 3410/3410/3410
f 3398/3398/3398 3410/3410/3410 3409/3409/3409
f 3400/3400/3400 3402/3402/3402 3411/3411/3411
f 3400/3400/3400 3411/3411/3411 3410/3410/3410
f 3402/3402/3402 3404/3404/3404 3412/3412/3412
f 3402/3402/3402 3412/3412/3412 3411/3411/3411
f 3404/3404/3404 3406/3406/3406 3413/3413/3413
f 3404/3404/3404 3413/3413/3413 3412/3412/3412
f 3408/3408/3408 3407/3407/3407 3414/3414/3414
f 3408/3408/3408 3414/3414/3414 3415/3415/3415
f 3407/3407/3407 3409/3409/3409 3416/3416/3416
f 3407/3407/3407 3416/3416/3416 3414/3414/3414
f 3409/3409/3409 3410/3410/3410 3417/3417/3417
f 3409/3409/3409 3417/3417/3417 3416/3416/3416
f 3410/3410/3410 3411/3411/3411 3418/3418/3418
f 3410/3410/3410 3418/3418/3418 3417/3417/3417
f 3411/3411/3411 3412/3412/3412 3419/3419/3419
f 3411/3411/3411 3419/3419/3419 3418/3418/3418
f 3412/3412/3412 3413/3413/3413 3420/3420/3420
f 3412/3412/3412 3420/3420/3420 3419/3419/3419
f 3415/3415/3415 3414/3414/3414 3421/3421/3421
f 3415/3415/3415 3421/3421/3421 3422/3422/3422
f 3414/3414/3414 3416/3416/3416 3423/3423/3423
f 3414/3414/3414 3423/3423/3423 3421/3421/3421
f 3416/3416/3416 3417/3417/3417 3424/3424/3424
f 3416/3416/3416 3424/3424/3424 3423/3423/3423
f 3417/3417/3417 3418/3418/3418 3425/3425/3425
f 3417/3417/3417 3425/3425/3425 3424/3424/3424
f 3418/3418/3418 3419/3419/3419 3426/3426/3426
f 3418/3418/3418 3426/3426/3426 3425/3425/3425
f 3419/3419/3419 3420/3420/3420 3427/3427/3427
f 3419/3419/3419 3427/3427/3427 3426/3426/3426
f 3422/3422/3422 3421/3421/3421 3428/3428/3428
f 3422/3422/3422 3428/3428/3428 3429/3429/3429
f 3421/3421/3421 3423/3423/3423 3430/3430/3430
f 3421/3421/3421 3430/3430/3430 3428/3428/3428
f 3423/3423/3423 3424/3424/3424 3431/3431/3431
f 3423/3423/3423 3431/3431/3431 3430/3430/3430
f 3424/3424/3424 3425/3425/3425 3432/3432/3432
f 3424/3424/3424 3432/3432/3432 3431/3431/3431
f 3425/3425/3425 3426/3426/3426 3433/3433/3433
f 3425/3425/3425 3433/3433/3433 3432/3432/3432
f 3426/3426/3426 3427/3427/3427 3434/3434/3434
f 3426/3426/3426 3434/3434/3434 3433/3433/3433
f 3429/3429/3429 3428/3428/3428 3435/3435/3435
f 3429/3429/3429 3435/3435/3435 3436/3436/3436
f 3428/3428/3428 3430/3430/3430 3437/3437/3437
f 3428/3428/3428 3437/3437/3437 3435/3435/3435
f 3430/3430/3430 3431/3431/3431 3438/3438/3438
f 3430/3430/3430 3438/3438/3438 3437/3437/3437
f 3431/3431/3431 3432/3432/3432 3439/3439/3439
f 3431/3431/3431 3439/3439/3439 3438/3438/3438
f 3432/3432/3432 3433/3433/3433 3440/3440/3440
f 3432/3432/3432 3440/3440/3440 3439/3439/3439
f 3433/3433/3433 3434/3434/3434 3441/3441/3441
f 3433/3433/3433 3441/3441/3441 3440/3440/3440
f 3442/3442/3442 3443/3443/3443 3393/3393/3393
f 3442/3442/3442 3393/3393/3393 3444/3444/3444
f 3443/3443/3443 3445/3445/3445 3394/3394/3394
f 3443/3443/3443 3394/3394/3394 3393/3393/3393
f 3445/3445/3445 3446/3446/3446 3397/3397/3397
f 3445/3445/3445 3397/3397/3397 3394/3394/3394
f 3446/3446/3446 3382/3382/3382 3399/3399/3399
f 3446/3446/3446 3399/3399/3399 3397/3397/3397
f 3382/3382/3382 3380/3380/3380 3401/3401/3401
f 3382/3382/3382 3401/3401/3401 3399/3399/3399
f 3380/3380/3380 3378/3378/3378 3403/3403/3403
f 3380/3380/3380 3403/3403/3403 3401/3401/3401
f 3378/3378/3378 3376/3376/3376 3405/3405/3405
f 3378/3378/3378 3405/3405/3405 3403/3403/3403
f 3376/3376/3376 3375/3375/3375 3447/3447/3447
f 3376/3376/3376 3447/3447/3447 3405/3405/3405
f 3405/3405/3405 3447/3447/3447 3448/3448/3448
f 3405/3405/3405 3448/3448/3448 3406/3406/3406
f 3406/3406/3406 3448/3448/3448 3449/3449/3449
f 3406/3406/3406 3449/3449/3449 3413/3413/3413
f 3413/3413/3413 3449/3449/3449 3450/3450/3450
f 3413/3413/3413 3450/3450/3450 3420/3420/3420
f 3420/3420/3420 3450/3450/3450 3451/3451/3451
f 3420/3420/3420 3451/3451/3451 3427/3427/3427
f 3427/3427/3427 3451/3451/3451 3452/3452/3452
f 3427/3427/3427 3452/3452/3452 3434/3434/3434
f 3434/3434/3434 3452/3452/3452 3453/3453/3453
f 3434/3434/3434 3453/3453/3453 3441/3441/3441
f 3441/3441/3441 3453/3453/3453 3316/3316/3316
f 3441/3441/3441 3316/3316/3316 3314/3314/3314
f 3440/3440/3440 3441/3441/3441 3314/3314/3314
f 3440/3440/3440 3314/3314/3314 3312/3312/3312
f 3439/3439/3439 3440/3440/3440 3312/3312/3312
f 3439/3439/3439 3312/3312/3312 3310/3310/3310
f 3438/3438/3438 3439/3439/3439 3310/3310/3310
f 3438/3438/3438 3310/3310/3310 3308/3308/3308
f 3437/3437/3437 3438/3438/3438 3308/3308/3308
f 3437/3437/3437 3308/3308/3308 3305/3305/3305
f 3435/3435/3435 3437/3437/3437 3305/3305/3305
f 3435/3435/3435 3305/3305/3305 3304/3304/3304
f 3436/3436/3436 3435/3435/3435 3304/3304/3304
f 3436/3436/3436 3304/3304/3304 3454/3454/3454
f 3455/3455/3455 3436/3436/3436 3454/3454/3454
f 3455/3455/3455 3454/3454/3454 3456/3456/3456
f 3457/3457/3457 3429/3429/3429 3436/3436/3436
f 3457/3457/3457 3436/3436/3436 3455/3455/3455
f 3458/3458/3458 3422/3422/3422 3429/3429/3429
f 3458/3458/3458 3429/3429/3429 3457/3457/3457
f 3459/3459/3459 3415/3415/3415 3422/3422/3422
f 3459/3459/3459 3422/3422/3422 3458/3458/3458
f 3460/3460/3460 3408/3408/3408 3415/3415/3415
f 3460/3460/3460 3415/3415/3415 3459/3459/3459
f 3461/3461/3461 3396/3396/3396 3408/3408/3408
f 3461/3461/3461 3408/3408/3408 3460/3460/3460
f 3444/3444/3444 3393/3393/3393 3396/3396/3396
f 3444/3444/3444 3396/3396/3396 3461/3461/3461
f 3462/3462/3462 3463/3463/3463 3464/3464/3464
f 3462/3462/3462 3464/3464/3464 3465/3465/3465
f 3463/3463/3463 3466/3466/3466 3467/3467/3467
f 3463/3463/3463 3467/3467/3467 3464/3464/3464
f 3466/3466/3466 3468/3468/3468 3469/3469/3469
f 3466/3466/3466 3469/3469/3469 3467/3467/3467
f 3468/3468/3468 3470/3470/3470 3471/3471/3471
f 3468/3468/3468 3471/3471/3471 3469/3469/3469
f 3470/3470/3470 3472/3472/3472 3473/3473/3473
f 3470/3470/3470 3473/3473/3473 3471/3471/3471
f 3474/3474/3474 3475/3475/3475 3476/3476/3476
f 3474/3474/3474 3476/3476/3476 3477/3477/3477
f 3465/3465/3465 3464/3464/3464 3478/3478/3478
f 3465/3465/3465 3478/3478/3478 3479/3479/3479
f 3464/3464/3464 3467/3467/3467 3480/3480/3480
f 3464/3464/3464 3480/3480/3480 3478/3478/3478
f 3467/3467/3467 3469/3469/3469 3481/3481/3481
f 3467/3467/3467 3481/3481/3481 3480/3480/3480
f 3469/3469/3469 3471/3471/3471 3482/3482/3482
f 3469/3469/3469 3482/3482/3482 3481/3481/3481
f 3471/3471/3471 3473/3473/3473 3483/3483/3483
f 3471/3471/3471 3483/3483/3483 3482/3482/3482
f 3477/3477/3477 3476/3476/3476 3484/3484/3484
f 3477/3477/3477 3484/3484/3484 3485/3485/3485
f 3479/3479/3479 3478/3478/3478 3486/3486/3486
f 3479/3479/3479 3486/3486/3486 3487/3487/3487
f 3478/3478/3478 3480/3480/3480 3488/3488/3488
f 3478/3478/3478 3488/3488/3488 3486/3486/3486
f 3480/3480/3480 3481/3481/3481 3489/3489/3489
f 3480/3480/3480 3489/3489/3489 3488/3488/3488
f 3481/3481/3481 3482/3482/3482 3490/3490/3490
f 3481/3481/3481 3490/3490/3490 3489/3489/3489
f 3482/3482/3482 3483/3483/3483 3491/3491/3491
f 3482/3482/3482 3491/3491/3491 3490/3490/3490
f 3485/3485/3485 3484/3484/3484 3492/3492/3492
f 3485/3485/3485 3492/3492/3492 3493/3493/3493
f 3487/3487/3487 3486/3486/3486 3494/3494/3494
f 3487/3487/3487 3494/3494/3494 3495/3495/3495
f 3486/3486/3486 3488/3488/3488 3496/3496/3496
f 3486/3486/3486 3496/3496/3496 3494/3494/3494
f 3488/3488/3488 3489/3489/3489 3497/3497/3497
f 3488/3488/3488 3497/3497/3497 3496/3496/3496
f 3489/3489/3489 3490/3490/3490 3498/3498/3498
f 3489/3489/3489 3498/3498/3498 3497/3497/3497
f 3490/3490/3490 3491/3491/3491 3499/3499/3499
f 3490/3490/3490 3499/3499/3499 3498/3498/3498
f 3493/3493/3493 3492/3492/3492 3500/3500/3500
f 3493/3493/3493 3500/3500/3500 3501/3501/3501
f 3475/3475/3475 3392/3392/3392 3391/3391/3391
f 3475/3475/3475 3391/3391/3391 3476/3476/3476
f 3476/3476/3476 3391/3391/3391 3390/3390/3390
f 3476/3476/3476 3390/3390/3390 3484/3484/3484
f 3484/3484/3484 3390/3390/3390 3389/3389/3389
f 3484/3484/3484 3389/3389/3389 3492/3492/3492
f 3492/3492/3492 3389/3389/3389 3387/3387/3387
f 3492/3492/3492 3387/3387/3387 3500/3500/3500
f 3500/3500/3500 3387/3387/3387 3388/3388/3388
f 3500/3500/3500 3388/3388/3388 3502/3502/3502
f 3501/3501/3501 3500/3500/3500 3502/3502/3502
f 3501/3501/3501 3502/3502/3502 3503/3503/3503
f 3504/3504/3504 3505/3505/3505 3461/3461/3461
f 3504/3504/3504 3461/3461/3461 3460/3460/3460
f 3497/3497/3497 3498/3498/3498 3506/3506/3506
f 3497/3497/3497 3506/3506/3506 3507/3507/3507
f 3496/3496/3496 3497/3497/3497 3507/3507/3507
f 3496/3496/3496 3507/3507/3507 3508/3508/3508
f 3494/3494/3494 3496/3496/3496 3508/3508/3508
f 3494/3494/3494 3508/3508/3508 3509/3509/3509
f 3495/3495/3495 3494/3494/3494 3509/3509/3509
f 3495/3495/3495 3509/3509/3509 3510/3510/3510
f 3302/3302/3302 3495/3495/3495 3510/3510/3510
f 3302/3302/3302 3510/3510/3510 3300/3300/3300
f 3326/3326/3326 3487/3487/3487 3495/3495/3495
f 3326/3326/3326 3495/3495/3495 3302/3302/3302
f 3325/3325/3325 3479/3479/3479 3487/3487/3487
f 3325/3325/3325 3487/3487/3487 3326/3326/3326
f 3323/3323/3323 3465/3465/3465 3479/3479/3479
f 3323/3323/3323 3479/3479/3479 3325/3325/3325
f 3324/3324/3324 3462/3462/3462 3465/3465/3465
f 3324/3324/3324 3465/3465/3465 3323/3323/3323
f 3511/3511/3511 3512/3512/3512 3513/3513/3513
f 3511/3511/3511 3513/3513/3513 3514/3514/3514
f 3512/3512/3512 3515/3515/3515 3516/3516/3516
f 3512/3512/3512 3516/3516/3516 3513/3513/3513
f 3515/3515/3515 3517/3517/3517 3518/3518/3518
f 3515/3515/3515 3518/3518/3518 3516/3516/3516
f 3517/3517/3517 3519/3519/3519 3520/3520/3520
f 3517/3517/3517 3520/3520/3520 3518/3518/3518
f 3519/3519/3519 3521/3521/3521 3522/3522/3522
f 3519/3519/3519 3522/3522/3522 3520/3520/3520
f 3523/3523/3523 3524/3524/3524 3525/3525/3525
f 3523/3523/3523 3525/3525/3525 3526/3526/3526
f 3514/3514/3514 3513/3513/3513 3527/3527/3527
f 3514/3514/3514 3527/3527/3527 3528/3528/3528
f 3513/3513/3513 3516/3516/3516 3529/3529/3529
f 3513/3513/3513 3529/3529/3529 3527/3527/3527
f 3516/3516/3516 3518/3518/3518 3530/3530/3530
f 3516/3516/3516 3530/3530/3530 3529/3529/3529
f 3518/3518/3518 3520/3520/3520 3531/3531/3531
f 3518/3518/3518 3531/3531/3531 3530/3530/3530
f 3520/3520/3520 3522/3522/3522 3532/3532/3532
f 3520/3520/3520 3532/3532/3532 3531/3531/3531
f 3526/3526/3526 3525/3525/3525 3533/3533/3533
f 3526/3526/3526 3533/3533/3533 3534/3534/3534
f 3528/3528/3528 3527/3527/3527 3535/3535/3535
f 3528/3528/3528 3535/3535/3535 3536/3536/3536
f 3527/3527/3527 3529/3529/3529 3537/3537/3537
f 3527/3527/3527 3537/3537/3537 3535/3535/3535
f 3529/3529/3529 3530/3530/3530 3538/3538/3538
f 3529/3529/3529 3538/3538/3538 3537/3537/3537
f 3530/3530/3530 3531/3531/3531 3539/3539/3539
f 3530/3530/3530 3539/3539/3539 3538/3538/3538
f 3531/3531/3531 3532/3532/3532 3540/3540/3540
f 3531/3531/3531 3540/3540/3540 3539/3539/3539
f 3534/3534/3534 3533/3533/3533 3541/3541/3541
f 3534/3534/3534 3541/3541/3541 3542/3542/3542
f 3536/3536/3536 3535/3535/3535 3543/3543/3543
f 3536/3536/3536 3543/3543/3543 3544/3544/3544
f 3535/3535/3535 3537/3537/3537 3545/3545/3545
f 3535/3535/3535 3545/3545/3545 3543/3543/3543
f 3537/3537/3537 3538/3538/3538 3546/3546/3546
f 3537/3537/3537 3546/3546/3546 3545/3545/3545
f 3538/3538/3538 3539/3539/3539 3547/3547/3547
f 3538/3538/3538 3547/3547/3547 3546/3546/3546
f 3548/3548/3548 3549/3549/3549 3550/3550/3550
f 3548/3548/3548 3550/3550/3550 3551/3551/3551
f 3542/3542/3542 3541/3541/3541 3552/3552/3552
f 3542/3542/3542 3552/3552/3552 3553/3553/3553
f 3524/3524/3524 3322/3322/3322 3321/3321/3321
f 3524/3524/3524 3321/3321/3321 3525/3525/3525
f 3525/3525/3525 3321/3321/3321 3320/3320/3320
f 3525/3525/3525 3320/3320/3320 3533/3533/3533
f 3533/3533/3533 3320/3320/3320 3319/3319/3319
f 3533/3533/3533 3319/3319/3319 3541/3541/3541
f 3541/3541/3541 3319/3319/3319 3318/3318/3318
f 3541/3541/3541 3318/3318/3318 3552/3552/3552
f 3554/3554/3554 3317/3317/3317 3316/3316/3316
f 3554/3554/3554 3316/3316/3316 3453/3453/3453
f 3550/3550/3550 3554/3554/3554 3453/3453/3453
f 3550/3550/3550 3453/3453/3453 3452/3452/3452
f 3551/3551/3551 3550/3550/3550 3452/3452/3452
f 3551/3551/3551 3452/3452/3452 3451/3451/3451
f 3555/3555/3555 3551/3551/3551 3451/3451/3451
f 3555/3555/3555 3451/3451/3451 3450/3450/3450
f 3556/3556/3556 3555/3555/3555 3450/3450/3450
f 3556/3556/3556 3450/3450/3450 3449/3449/3449
f 3557/3557/3557 3556/3556/3556 3449/3449/3449
f 3557/3557/3557 3449/3449/3449 3448/3448/3448
f 3558/3558/3558 3557/3557/3557 3448/3448/3448
f 3558/3558/3558 3448/3448/3448 3447/3447/3447
f 3371/3371/3371 3544/3544/3544 3559/3559/3559
f 3371/3371/3371 3559/3559/3559 3560/3560/3560
f 3370/3370/3370 3536/3536/3536 3544/3544/3544
f 3370/3370/3370 3544/3544/3544 3371/3371/3371
f 3369/3369/3369 3528/3528/3528 3536/3536/3536
f 3369/3369/3369 3536/3536/3536 3370/3370/3370
f 3368/3368/3368 3514/3514/3514 3528/3528/3528
f 3368/3368/3368 3528/3528/3528 3369/3369/3369
f 3367/3367/3367 3511/3511/3511 3514/3514/3514
f 3367/3367/3367 3514/3514/3514 3368/3368/3368
f 3561/3561/3561 3562/3562/3562 3563/3563/3563
f 3561/3561/3561 3563/3563/3563 3564/3564/3564
f 3565/3565/3565 3566/3566/3566 3567/3567/3567
f 3565/3565/3565 3567/3567/3567 3568/3568/3568
f 3568/3568/3568 3567/3567/3567 3569/3569/3569
f 3568/3568/3568 3569/3569/3569 3570/3570/3570
f 3570/3570/3570 3569/3569/3569 3571/3571/3571
f 3570/3570/3570 3571/3571/3571 3572/3572/3572
f 3572/3572/3572 3571/3571/3571 3562/3562/3562
f 3572/3572/3572 3562/3562/3562 3561/3561/3561
