# Blender 4.0.2
# www.blender.org
o Cube.002
v -0.143429 0.049936 -0.006816
v -0.157752 0.049936 0.030379
v -0.143429 0.029280 -0.006816
v -0.157752 0.029280 0.030379
v -0.209543 0.053379 -0.045562
v -0.230341 0.053379 0.002976
v -0.209543 0.025838 -0.045562
v -0.230341 0.025838 0.002976
v -0.301335 0.025838 -0.054733
v -0.271896 0.025838 -0.096074
v -0.271896 0.053379 -0.096074
v -0.301335 0.053379 -0.054733
v -0.357205 0.029280 -0.129453
v -0.329714 0.029280 -0.152982
v -0.329714 0.049936 -0.152982
v -0.357205 0.049936 -0.129453
v -0.089302 0.041902 -0.132546
v -0.050439 0.041680 -0.141394
v -0.089725 0.021294 -0.133887
v -0.050862 0.021072 -0.142735
v -0.118043 0.050529 -0.203140
v -0.067026 0.050369 -0.216767
v -0.118607 0.023052 -0.204928
v -0.067590 0.022892 -0.218555
v -0.114460 0.028943 -0.296894
v -0.159602 0.028362 -0.273706
v -0.159039 0.055839 -0.271918
v -0.113896 0.056421 -0.295106
v -0.180269 0.038006 -0.362494
v -0.207507 0.037017 -0.338694
v -0.207084 0.057625 -0.337353
v -0.179846 0.058614 -0.361153
v -0.136185 0.039608 -0.008494
v -0.144916 0.052199 0.014180
v -0.153647 0.039608 0.036853
v -0.144916 0.027017 0.014180
v -0.169475 0.026428 -0.024246
v -0.187967 0.026428 0.023092
v -0.219942 0.020674 -0.021293
v -0.205644 0.039608 -0.054663
v -0.234241 0.039608 0.012077
v -0.219942 0.058543 -0.021293
v -0.169475 0.052789 -0.024246
v -0.187967 0.052789 0.023092
v -0.286615 0.020674 -0.075404
v -0.266376 0.039608 -0.103826
v -0.306855 0.039608 -0.046981
v -0.286615 0.058543 -0.075404
v -0.266833 0.025838 -0.021814
v -0.242404 0.025838 -0.067868
v -0.242404 0.053379 -0.067868
v -0.266833 0.053379 -0.021814
v -0.347960 0.027017 -0.146690
v -0.330919 0.039608 -0.160575
v -0.365000 0.039608 -0.132806
v -0.347960 0.052199 -0.146690
v -0.304550 0.052789 -0.131023
v -0.337293 0.052789 -0.097421
v -0.304550 0.026428 -0.131023
v -0.337293 0.026428 -0.097421
v -0.092217 0.031204 -0.126301
v -0.068269 0.043631 -0.130877
v -0.044837 0.030934 -0.137088
v -0.068785 0.018507 -0.132512
v -0.103277 0.020557 -0.162279
v -0.053778 0.020292 -0.173800
v -0.093204 0.017820 -0.212077
v -0.127891 0.036821 -0.201479
v -0.057742 0.036601 -0.220216
v -0.092429 0.055601 -0.209618
v -0.102737 0.046858 -0.160568
v -0.053239 0.046592 -0.172088
v -0.137137 0.023501 -0.285635
v -0.167785 0.041991 -0.268465
v -0.105714 0.042791 -0.300347
v -0.136362 0.061282 -0.283177
v -0.086860 0.025859 -0.258129
v -0.135943 0.025723 -0.240561
v -0.135379 0.053200 -0.238773
v -0.086296 0.053336 -0.256341
v -0.198701 0.035691 -0.355965
v -0.214634 0.047619 -0.340295
v -0.182252 0.048886 -0.370000
v -0.198185 0.060815 -0.354330
v -0.188925 0.058282 -0.309186
v -0.150964 0.059295 -0.336739
v -0.189464 0.031982 -0.310898
v -0.151503 0.032994 -0.338450
v -0.133008 0.039608 0.019212
v -0.178161 0.021471 -0.000340
v -0.254619 0.020674 -0.044841
v -0.178161 0.057746 -0.000340
v -0.165439 0.039608 -0.032910
v -0.190884 0.039608 0.032230
v -0.321365 0.057746 -0.114761
v -0.254619 0.058543 -0.044841
v -0.237824 0.039608 -0.076503
v -0.271414 0.039608 -0.013179
v -0.357403 0.039608 -0.158175
v -0.298776 0.039608 -0.137781
v -0.343955 0.039608 -0.091742
v -0.321365 0.021471 -0.114761
v -0.065263 0.030191 -0.119216
v -0.078476 0.015438 -0.167775
v -0.111507 0.020639 -0.249680
v -0.077733 0.051629 -0.165420
v -0.112161 0.033716 -0.158671
v -0.044048 0.033351 -0.174524
v -0.170313 0.063777 -0.323156
v -0.110732 0.058420 -0.247221
v -0.144864 0.039436 -0.236373
v -0.077375 0.039623 -0.260529
v -0.208446 0.049170 -0.366111
v -0.196712 0.044978 -0.305301
v -0.144655 0.046385 -0.343365
v -0.171055 0.027586 -0.325511
v 0.143429 0.049936 -0.006816
v 0.157752 0.049936 0.030379
v 0.143429 0.029280 -0.006816
v 0.157752 0.029280 0.030379
v 0.209543 0.053379 -0.045562
v 0.230341 0.053379 0.002976
v 0.209543 0.025838 -0.045562
v 0.230341 0.025838 0.002976
v 0.301335 0.025838 -0.054733
v 0.271896 0.025838 -0.096074
v 0.271896 0.053379 -0.096074
v 0.301335 0.053379 -0.054733
v 0.357205 0.029280 -0.129453
v 0.329714 0.029280 -0.152982
v 0.329714 0.049936 -0.152982
v 0.357205 0.049936 -0.129453
v 0.089302 0.041902 -0.132546
v 0.050439 0.041680 -0.141394
v 0.089725 0.021294 -0.133887
v 0.050862 0.021072 -0.142735
v 0.118043 0.050529 -0.203140
v 0.067026 0.050369 -0.216767
v 0.118607 0.023052 -0.204928
v 0.067590 0.022892 -0.218555
v 0.114460 0.028943 -0.296894
v 0.159602 0.028362 -0.273706
v 0.159039 0.055839 -0.271918
v 0.113896 0.056421 -0.295106
v 0.180269 0.038006 -0.362494
v 0.207507 0.037017 -0.338694
v 0.207084 0.057625 -0.337353
v 0.179846 0.058614 -0.361153
v 0.136185 0.039608 -0.008494
v 0.144916 0.052199 0.014180
v 0.153647 0.039608 0.036853
v 0.144916 0.027017 0.014180
v 0.169475 0.026428 -0.024246
v 0.187967 0.026428 0.023092
v 0.219942 0.020674 -0.021293
v 0.205644 0.039608 -0.054663
v 0.234241 0.039608 0.012077
v 0.219942 0.058543 -0.021293
v 0.169475 0.052789 -0.024246
v 0.187967 0.052789 0.023092
v 0.286615 0.020674 -0.075404
v 0.266376 0.039608 -0.103826
v 0.306855 0.039608 -0.046981
v 0.286615 0.058543 -0.075404
v 0.266833 0.025838 -0.021814
v 0.242404 0.025838 -0.067868
v 0.242404 0.053379 -0.067868
v 0.266833 0.053379 -0.021814
v 0.347960 0.027017 -0.146690
v 0.330919 0.039608 -0.160575
v 0.365000 0.039608 -0.132806
v 0.347960 0.052199 -0.146690
v 0.304550 0.052789 -0.131023
v 0.337293 0.052789 -0.097421
v 0.304550 0.026428 -0.131023
v 0.337293 0.026428 -0.097421
v 0.092217 0.031204 -0.126301
v 0.068269 0.043631 -0.130877
v 0.044837 0.030934 -0.137088
v 0.068785 0.018507 -0.132512
v 0.103277 0.020557 -0.162279
v 0.053778 0.020292 -0.173800
v 0.093204 0.017820 -0.212077
v 0.127891 0.036821 -0.201479
v 0.057742 0.036601 -0.220216
v 0.092429 0.055601 -0.209618
v 0.102737 0.046858 -0.160568
v 0.053239 0.046592 -0.172088
v 0.137137 0.023501 -0.285635
v 0.167785 0.041991 -0.268465
v 0.105714 0.042791 -0.300347
v 0.136362 0.061282 -0.283177
v 0.086860 0.025859 -0.258129
v 0.135943 0.025723 -0.240561
v 0.135379 0.053200 -0.238773
v 0.086296 0.053336 -0.256341
v 0.198701 0.035691 -0.355965
v 0.214634 0.047619 -0.340295
v 0.182252 0.048886 -0.370000
v 0.198185 0.060815 -0.354330
v 0.188925 0.058282 -0.309186
v 0.150964 0.059295 -0.336739
v 0.189464 0.031982 -0.310898
v 0.151503 0.032994 -0.338450
v 0.133008 0.039608 0.019212
v 0.178161 0.021471 -0.000340
v 0.254619 0.020674 -0.044841
v 0.178161 0.057746 -0.000340
v 0.165439 0.039608 -0.032910
v 0.190884 0.039608 0.032230
v 0.321365 0.057746 -0.114761
v 0.254619 0.058543 -0.044841
v 0.237824 0.039608 -0.076503
v 0.271414 0.039608 -0.013179
v 0.357403 0.039608 -0.158175
v 0.298776 0.039608 -0.137781
v 0.343955 0.039608 -0.091742
v 0.321365 0.021471 -0.114761
v 0.065263 0.030191 -0.119216
v 0.078476 0.015438 -0.167775
v 0.111507 0.020639 -0.249680
v 0.077733 0.051629 -0.165420
v 0.112161 0.033716 -0.158671
v 0.044048 0.033351 -0.174524
v 0.170313 0.063777 -0.323156
v 0.110732 0.058420 -0.247221
v 0.144864 0.039436 -0.236373
v 0.077375 0.039623 -0.260529
v 0.208446 0.049170 -0.366111
v 0.196712 0.044978 -0.305301
v 0.144655 0.046385 -0.343365
v 0.171055 0.027586 -0.325511
v -0.074892 -0.081606 0.324025
v -0.121635 -0.120193 -0.121672
v -0.074892 0.028703 0.324025
v -0.121635 0.067290 -0.121672
v 0.074892 -0.081606 0.324025
v 0.121635 -0.120193 -0.121672
v 0.074892 0.028703 0.324025
v 0.121635 0.067290 -0.121672
v -0.137831 -0.134900 0.112135
v 0.137830 0.081997 0.112135
v -0.137831 0.081997 0.112135
v 0.137831 -0.134900 0.112135
v 0.125843 -0.113612 -0.124350
v 0.130571 -0.105030 -0.127351
v 0.135612 -0.094237 -0.130546
v 0.140231 -0.082139 -0.133467
v 0.144116 -0.069060 -0.135918
v 0.147082 -0.055259 -0.137785
v 0.148974 -0.040976 -0.138974
v 0.149639 -0.026452 -0.139391
v 0.148974 -0.011928 -0.138974
v 0.147082 0.002356 -0.137785
v 0.144116 0.016157 -0.135918
v 0.140231 0.029236 -0.133467
v 0.135612 0.041334 -0.130546
v 0.130571 0.052127 -0.127351
v 0.125843 0.060709 -0.124350
v -0.113126 -0.123373 -0.124350
v -0.102016 -0.126942 -0.127351
v -0.088028 -0.130744 -0.130546
v -0.072334 -0.134225 -0.133467
v -0.055356 -0.137150 -0.135918
v -0.037430 -0.139380 -0.137785
v -0.018873 -0.140802 -0.138974
v -0.000000 -0.141301 -0.139391
v 0.018873 -0.140802 -0.138974
v 0.037430 -0.139380 -0.137785
v 0.055356 -0.137150 -0.135918
v 0.072334 -0.134225 -0.133467
v 0.088028 -0.130744 -0.130546
v 0.102016 -0.126942 -0.127351
v 0.113126 -0.123373 -0.124350
v -0.140658 -0.137195 0.093483
v -0.143239 -0.139219 0.074759
v -0.145489 -0.140917 0.056095
v -0.147322 -0.142234 0.037624
v -0.148651 -0.143114 0.019478
v -0.149390 -0.143502 0.001791
v -0.149454 -0.143342 -0.015306
v -0.148756 -0.142579 -0.031678
v -0.147236 -0.141177 -0.047200
v -0.144939 -0.139177 -0.061767
v -0.141933 -0.136636 -0.075282
v -0.138288 -0.133616 -0.087645
v -0.134104 -0.130199 -0.098745
v -0.129606 -0.126563 -0.108406
v -0.125398 -0.123190 -0.115953
v 0.134829 0.079480 0.130588
v 0.131664 0.076761 0.148749
v 0.128335 0.073853 0.166528
v 0.124836 0.070769 0.183840
v 0.121166 0.067522 0.200596
v 0.117322 0.064127 0.216708
v 0.113301 0.060595 0.232090
v 0.109100 0.056940 0.246654
v 0.104724 0.053180 0.260316
v 0.100212 0.049351 0.273013
v 0.095612 0.045495 0.284688
v 0.090971 0.041652 0.295281
v 0.086356 0.037879 0.304720
v 0.081911 0.034287 0.312885
v 0.078085 0.031229 0.319233
v -0.140658 0.084292 0.093483
v -0.143239 0.086316 0.074759
v -0.145489 0.088014 0.056095
v -0.147322 0.089331 0.037624
v -0.148651 0.090211 0.019478
v -0.149390 0.090599 0.001791
v -0.149454 0.090439 -0.015306
v -0.148756 0.089676 -0.031678
v -0.147236 0.088274 -0.047200
v -0.144939 0.086273 -0.061767
v -0.141933 0.083733 -0.075282
v -0.138288 0.080713 -0.087645
v -0.134104 0.077295 -0.098745
v -0.129606 0.073660 -0.108406
v -0.125398 0.070287 -0.115953
v 0.140658 -0.137195 0.093483
v 0.143239 -0.139219 0.074759
v 0.145489 -0.140917 0.056095
v 0.147322 -0.142234 0.037624
v 0.148651 -0.143114 0.019478
v 0.149390 -0.143502 0.001791
v 0.149454 -0.143342 -0.015306
v 0.148756 -0.142579 -0.031678
v 0.147236 -0.141177 -0.047200
v 0.144939 -0.139177 -0.061767
v 0.141933 -0.136636 -0.075282
v 0.138288 -0.133616 -0.087645
v 0.134104 -0.130199 -0.098745
v 0.129606 -0.126563 -0.108406
v 0.125398 -0.123190 -0.115953
v -0.069440 0.030077 0.326268
v -0.062425 0.031589 0.328781
v -0.053697 0.033176 0.331456
v -0.044004 0.034602 0.333902
v -0.033605 0.035776 0.335954
v -0.022690 0.036655 0.337518
v -0.011431 0.037205 0.338513
v -0.000000 0.037396 0.338863
v 0.011431 0.037205 0.338513
v 0.022690 0.036655 0.337518
v 0.033605 0.035776 0.335954
v 0.044004 0.034602 0.333902
v 0.053697 0.033176 0.331456
v 0.062425 0.031589 0.328781
v 0.069440 0.030077 0.326268
v -0.076912 -0.077549 0.326268
v -0.079149 -0.072348 0.328781
v -0.081506 -0.065896 0.331456
v -0.083636 -0.058752 0.333902
v -0.085401 -0.051105 0.335954
v -0.086729 -0.043091 0.337518
v -0.087565 -0.034832 0.338513
v -0.087856 -0.026452 0.338863
v -0.087565 -0.018071 0.338513
v -0.086729 -0.009813 0.337518
v -0.085401 -0.001799 0.335954
v -0.083636 0.005849 0.333902
v -0.081506 0.012993 0.331456
v -0.079149 0.019444 0.328781
v -0.076912 0.024645 0.326268
v 0.113126 0.070470 -0.124350
v 0.102016 0.074039 -0.127351
v 0.088028 0.077841 -0.130546
v 0.072334 0.081322 -0.133467
v 0.055356 0.084246 -0.135918
v 0.037430 0.086477 -0.137785
v 0.018873 0.087899 -0.138974
v 0.000000 0.088398 -0.139391
v -0.018873 0.087899 -0.138974
v -0.037430 0.086477 -0.137785
v -0.055356 0.084246 -0.135918
v -0.072334 0.081322 -0.133467
v -0.088028 0.077841 -0.130546
v -0.102016 0.074039 -0.127351
v -0.113126 0.070470 -0.124350
v 0.076912 0.024645 0.326268
v 0.079149 0.019444 0.328781
v 0.081506 0.012993 0.331456
v 0.083636 0.005849 0.333902
v 0.085401 -0.001799 0.335954
v 0.086729 -0.009813 0.337518
v 0.087565 -0.018071 0.338513
v 0.087856 -0.026452 0.338863
v 0.087565 -0.034832 0.338513
v 0.086729 -0.043091 0.337518
v 0.085401 -0.051105 0.335954
v 0.083636 -0.058752 0.333902
v 0.081506 -0.065896 0.331456
v 0.079149 -0.072348 0.328781
v 0.076912 -0.077549 0.326268
v 0.069440 -0.082980 0.326268
v 0.062425 -0.084493 0.328781
v 0.053697 -0.086079 0.331456
v 0.044004 -0.087505 0.333902
v 0.033605 -0.088680 0.335954
v 0.022690 -0.089558 0.337518
v 0.011431 -0.090109 0.338513
v -0.000000 -0.090299 0.338863
v -0.011431 -0.090109 0.338513
v -0.022690 -0.089558 0.337518
v -0.033605 -0.088680 0.335954
v -0.044004 -0.087505 0.333902
v -0.053697 -0.086079 0.331456
v -0.062425 -0.084493 0.328781
v -0.069440 -0.082980 0.326268
v -0.125843 0.060709 -0.124350
v -0.130571 0.052127 -0.127351
v -0.135612 0.041334 -0.130546
v -0.140231 0.029236 -0.133467
v -0.144116 0.016157 -0.135918
v -0.147082 0.002356 -0.137785
v -0.148974 -0.011928 -0.138974
v -0.149639 -0.026452 -0.139391
v -0.148974 -0.040976 -0.138974
v -0.147082 -0.055259 -0.137785
v -0.144116 -0.069060 -0.135918
v -0.140231 -0.082139 -0.133467
v -0.135612 -0.094237 -0.130546
v -0.130571 -0.105030 -0.127351
v -0.125843 -0.113612 -0.124350
v -0.078085 -0.084133 0.319233
v -0.081911 -0.087190 0.312885
v -0.086356 -0.090782 0.304720
v -0.090971 -0.094556 0.295281
v -0.095612 -0.098398 0.284688
v -0.100212 -0.102254 0.273013
v -0.104724 -0.106083 0.260316
v -0.109100 -0.109843 0.246654
v -0.113301 -0.113498 0.232090
v -0.117322 -0.117030 0.216708
v -0.121166 -0.120426 0.200596
v -0.124836 -0.123672 0.183840
v -0.128335 -0.126756 0.166528
v -0.131664 -0.129664 0.148748
v -0.134829 -0.132383 0.130588
v 0.125398 0.070287 -0.115953
v 0.129606 0.073660 -0.108406
v 0.134104 0.077295 -0.098745
v 0.138288 0.080713 -0.087645
v 0.141933 0.083733 -0.075282
v 0.144939 0.086273 -0.061767
v 0.147236 0.088274 -0.047200
v 0.148756 0.089676 -0.031678
v 0.149454 0.090439 -0.015306
v 0.149390 0.090599 0.001791
v 0.148651 0.090211 0.019478
v 0.147322 0.089331 0.037624
v 0.145489 0.088014 0.056095
v 0.143239 0.086316 0.074759
v 0.140658 0.084292 0.093483
v -0.078085 0.031229 0.319233
v -0.081911 0.034287 0.312885
v -0.086356 0.037879 0.304720
v -0.090971 0.041652 0.295281
v -0.095612 0.045495 0.284688
v -0.100212 0.049351 0.273013
v -0.104724 0.053180 0.260316
v -0.109100 0.056940 0.246654
v -0.113301 0.060595 0.232090
v -0.117322 0.064127 0.216708
v -0.121166 0.067522 0.200596
v -0.124836 0.070769 0.183840
v -0.128335 0.073853 0.166528
v -0.131664 0.076761 0.148749
v -0.134829 0.079480 0.130588
v 0.078085 -0.084133 0.319233
v 0.081911 -0.087190 0.312885
v 0.086356 -0.090782 0.304720
v 0.090971 -0.094556 0.295281
v 0.095612 -0.098398 0.284688
v 0.100212 -0.102254 0.273013
v 0.104724 -0.106083 0.260316
v 0.109100 -0.109843 0.246654
v 0.113301 -0.113498 0.232090
v 0.117322 -0.117030 0.216708
v 0.121166 -0.120426 0.200596
v 0.124836 -0.123672 0.183840
v 0.128335 -0.126756 0.166528
v 0.131664 -0.129664 0.148749
v 0.134829 -0.132383 0.130588
v 0.124135 -0.144432 0.112135
v 0.109026 -0.152692 0.112135
v 0.092706 -0.159682 0.112135
v 0.075376 -0.165401 0.112135
v 0.057239 -0.169849 0.112135
v 0.038496 -0.173027 0.112135
v 0.019349 -0.174933 0.112135
v -0.000000 -0.175568 0.112135
v -0.019349 -0.174933 0.112135
v -0.038496 -0.173027 0.112135
v -0.057239 -0.169849 0.112135
v -0.075376 -0.165401 0.112135
v -0.092706 -0.159682 0.112135
v -0.109026 -0.152692 0.112135
v -0.124135 -0.144432 0.112135
v -0.149945 -0.124124 0.112135
v -0.160443 -0.112236 0.112135
v -0.169327 -0.099395 0.112135
v -0.176595 -0.085759 0.112135
v -0.182249 -0.071488 0.112135
v -0.186287 -0.056741 0.112135
v -0.188709 -0.041676 0.112135
v -0.189517 -0.026452 0.112135
v -0.188709 -0.011228 0.112135
v -0.186287 0.003838 0.112135
v -0.182249 0.018585 0.112135
v -0.176595 0.032856 0.112135
v -0.169327 0.046492 0.112135
v -0.160443 0.059333 0.112135
v -0.149945 0.071221 0.112135
v 0.149945 0.071221 0.112135
v 0.160443 0.059333 0.112135
v 0.169327 0.046492 0.112135
v 0.176595 0.032856 0.112135
v 0.182249 0.018585 0.112135
v 0.186287 0.003838 0.112135
v 0.188709 -0.011228 0.112135
v 0.189517 -0.026452 0.112135
v 0.188709 -0.041676 0.112135
v 0.186287 -0.056741 0.112135
v 0.182249 -0.071488 0.112135
v 0.176595 -0.085759 0.112135
v 0.169327 -0.099395 0.112135
v 0.160443 -0.112236 0.112135
v 0.149945 -0.124124 0.112135
v -0.124135 0.091529 0.112135
v -0.109026 0.099789 0.112135
v -0.092706 0.106779 0.112135
v -0.075376 0.112498 0.112135
v -0.057239 0.116946 0.112135
v -0.038496 0.120123 0.112135
v -0.019349 0.122030 0.112135
v 0.000000 0.122665 0.112135
v 0.019349 0.122030 0.112135
v 0.038496 0.120123 0.112135
v 0.057239 0.116946 0.112135
v 0.075376 0.112498 0.112135
v 0.092706 0.106779 0.112135
v 0.109026 0.099789 0.112135
v 0.124135 0.091529 0.112135
v -0.070088 -0.077850 0.330512
v -0.062190 -0.078617 0.334311
v -0.053309 -0.079654 0.337650
v -0.043598 -0.080697 0.340534
v -0.033249 -0.081599 0.342890
v -0.022429 -0.082296 0.344653
v -0.011293 -0.082745 0.345758
v -0.000000 -0.082904 0.346140
v 0.011293 -0.082745 0.345758
v 0.022429 -0.082296 0.344653
v 0.033249 -0.081599 0.342890
v 0.043598 -0.080697 0.340534
v 0.053309 -0.079654 0.337650
v 0.062190 -0.078617 0.334311
v 0.070088 -0.077850 0.330512
v -0.071363 -0.071977 0.334311
v -0.062823 -0.072260 0.338984
v -0.053559 -0.072869 0.342950
v -0.043656 -0.073587 0.346252
v -0.033217 -0.074251 0.348894
v -0.022371 -0.074786 0.350841
v -0.011253 -0.075144 0.352044
v -0.000000 -0.075274 0.352456
v 0.011253 -0.075144 0.352044
v 0.022371 -0.074786 0.350841
v 0.033217 -0.074251 0.348894
v 0.043656 -0.073587 0.346252
v 0.053559 -0.072869 0.342950
v 0.062823 -0.072260 0.338984
v 0.071363 -0.071977 0.334311
v -0.072995 -0.065421 0.337650
v -0.063879 -0.065429 0.342950
v -0.054205 -0.065744 0.347412
v -0.044028 -0.066204 0.351078
v -0.033413 -0.066667 0.353974
v -0.022462 -0.067064 0.356082
v -0.011287 -0.067340 0.357370
v -0.000000 -0.067444 0.357806
v 0.011287 -0.067340 0.357370
v 0.022462 -0.067064 0.356082
v 0.033413 -0.066667 0.353974
v 0.044028 -0.066204 0.351078
v 0.054205 -0.065744 0.347412
v 0.063879 -0.065429 0.342950
v 0.072995 -0.065421 0.337650
v -0.074617 -0.058287 0.340534
v -0.065060 -0.058175 0.346252
v -0.055022 -0.058307 0.351078
v -0.044561 -0.058576 0.355034
v -0.033740 -0.058880 0.358138
v -0.022646 -0.059161 0.360377
v -0.011368 -0.059366 0.361733
v -0.000000 -0.059446 0.362190
v 0.011368 -0.059366 0.361733
v 0.022646 -0.059161 0.360377
v 0.033740 -0.058880 0.358138
v 0.044561 -0.058576 0.355034
v 0.055022 -0.058307 0.351078
v 0.065060 -0.058175 0.346252
v 0.074617 -0.058287 0.340534
v -0.076019 -0.050710 0.342890
v -0.066135 -0.050562 0.348894
v -0.055813 -0.050593 0.353974
v -0.045115 -0.050735 0.358138
v -0.034109 -0.050923 0.361390
v -0.022869 -0.051112 0.363724
v -0.011473 -0.051257 0.365132
v -0.000000 -0.051315 0.365603
v 0.011473 -0.051257 0.365132
v 0.022869 -0.051112 0.363724
v 0.034109 -0.050923 0.361390
v 0.045115 -0.050735 0.358138
v 0.055813 -0.050593 0.353974
v 0.066135 -0.050562 0.348894
v 0.076019 -0.050710 0.342890
v -0.077105 -0.042806 0.344653
v -0.066998 -0.042677 0.350841
v -0.056476 -0.042665 0.356082
v -0.045605 -0.042731 0.360377
v -0.034451 -0.042838 0.363724
v -0.023085 -0.042953 0.366121
v -0.011578 -0.043045 0.367563
v -0.000000 -0.043083 0.368044
v 0.011578 -0.043045 0.367563
v 0.023085 -0.042953 0.366121
v 0.034451 -0.042838 0.363724
v 0.045605 -0.042731 0.360377
v 0.056476 -0.042665 0.356082
v 0.066998 -0.042677 0.350841
v 0.077105 -0.042806 0.344653
v -0.077805 -0.034683 0.345758
v -0.067572 -0.034610 0.352044
v -0.056932 -0.034594 0.357370
v -0.045953 -0.034618 0.361733
v -0.034702 -0.034666 0.365132
v -0.023248 -0.034721 0.367563
v -0.011658 -0.034765 0.369023
v -0.000000 -0.034784 0.369511
v 0.011658 -0.034765 0.369023
v 0.023248 -0.034721 0.367563
v 0.034702 -0.034666 0.365132
v 0.045953 -0.034618 0.361733
v 0.056932 -0.034594 0.357370
v 0.067572 -0.034610 0.352044
v 0.077805 -0.034683 0.345758
v -0.078054 -0.026452 0.346141
v -0.067780 -0.026452 0.352456
v -0.057101 -0.026452 0.357806
v -0.046086 -0.026452 0.362190
v -0.034800 -0.026452 0.365603
v -0.023313 -0.026452 0.368044
v -0.011690 -0.026452 0.369511
v 0.000000 -0.026452 0.370000
v 0.011690 -0.026452 0.369511
v 0.023313 -0.026452 0.368044
v 0.034800 -0.026452 0.365603
v 0.046086 -0.026452 0.362190
v 0.057101 -0.026452 0.357806
v 0.067780 -0.026452 0.352456
v 0.078054 -0.026452 0.346141
v -0.077805 -0.018220 0.345758
v -0.067572 -0.018294 0.352044
v -0.056932 -0.018310 0.357370
v -0.045953 -0.018285 0.361733
v -0.034702 -0.018237 0.365132
v -0.023248 -0.018183 0.367563
v -0.011658 -0.018138 0.369023
v 0.000000 -0.018119 0.369511
v 0.011658 -0.018138 0.369023
v 0.023248 -0.018183 0.367563
v 0.034702 -0.018237 0.365132
v 0.045953 -0.018285 0.361733
v 0.056932 -0.018310 0.357370
v 0.067572 -0.018294 0.352044
v 0.077805 -0.018220 0.345758
v -0.077105 -0.010097 0.344653
v -0.066998 -0.010227 0.350841
v -0.056476 -0.010239 0.356082
v -0.045605 -0.010173 0.360377
v -0.034451 -0.010066 0.363724
v -0.023085 -0.009950 0.366121
v -0.011578 -0.009858 0.367563
v 0.000000 -0.009821 0.368044
v 0.011578 -0.009858 0.367563
v 0.023085 -0.009950 0.366121
v 0.034451 -0.010066 0.363724
v 0.045605 -0.010173 0.360377
v 0.056476 -0.010239 0.356082
v 0.066998 -0.010227 0.350841
v 0.077105 -0.010097 0.344653
v -0.076019 -0.002193 0.342890
v -0.066135 -0.002341 0.348895
v -0.055813 -0.002310 0.353974
v -0.045115 -0.002169 0.358138
v -0.034109 -0.001980 0.361390
v -0.022869 -0.001792 0.363724
v -0.011473 -0.001647 0.365132
v 0.000000 -0.001589 0.365603
v 0.011473 -0.001647 0.365132
v 0.022869 -0.001792 0.363724
v 0.034109 -0.001980 0.361390
v 0.045115 -0.002169 0.358138
v 0.055813 -0.002310 0.353974
v 0.066135 -0.002341 0.348895
v 0.076019 -0.002193 0.342890
v -0.074617 0.005383 0.340534
v -0.065060 0.005272 0.346252
v -0.055022 0.005404 0.351078
v -0.044561 0.005672 0.355034
v -0.033740 0.005977 0.358138
v -0.022646 0.006257 0.360377
v -0.011368 0.006463 0.361733
v 0.000000 0.006543 0.362190
v 0.011368 0.006463 0.361733
v 0.022646 0.006257 0.360377
v 0.033740 0.005977 0.358138
v 0.044561 0.005672 0.355034
v 0.055022 0.005404 0.351078
v 0.065060 0.005272 0.346252
v 0.074617 0.005383 0.340534
v -0.072995 0.012518 0.337650
v -0.063879 0.012526 0.342950
v -0.054205 0.012841 0.347412
v -0.044028 0.013301 0.351078
v -0.033413 0.013764 0.353974
v -0.022462 0.014160 0.356082
v -0.011287 0.014437 0.357370
v 0.000000 0.014540 0.357806
v 0.011287 0.014437 0.357370
v 0.022462 0.014160 0.356082
v 0.033413 0.013764 0.353974
v 0.044028 0.013301 0.351078
v 0.054205 0.012841 0.347412
v 0.063879 0.012526 0.342950
v 0.072995 0.012518 0.337650
v -0.071363 0.019074 0.334311
v -0.062823 0.019356 0.338984
v -0.053559 0.019965 0.342950
v -0.043656 0.020684 0.346252
v -0.033217 0.021348 0.348895
v -0.022371 0.021883 0.350841
v -0.011253 0.022241 0.352044
v 0.000000 0.022371 0.352456
v 0.011253 0.022241 0.352044
v 0.022371 0.021883 0.350841
v 0.033217 0.021348 0.348895
v 0.043656 0.020684 0.346252
v 0.053559 0.019965 0.342950
v 0.062823 0.019356 0.338984
v 0.071363 0.019074 0.334311
v -0.070088 0.024947 0.330512
v -0.062190 0.025713 0.334311
v -0.053309 0.026751 0.337650
v -0.043598 0.027794 0.340534
v -0.033249 0.028696 0.342890
v -0.022429 0.029392 0.344653
v -0.011293 0.029841 0.345758
v 0.000000 0.030000 0.346141
v 0.011293 0.029841 0.345758
v 0.022429 0.029392 0.344653
v 0.033249 0.028696 0.342890
v 0.043598 0.027794 0.340534
v 0.053309 0.026751 0.337650
v 0.062190 0.025713 0.334311
v 0.070088 0.024947 0.330512
v -0.121432 0.088790 0.130588
v -0.118582 0.085831 0.148750
v -0.115585 0.082664 0.166532
v -0.112439 0.079303 0.183848
v -0.109140 0.075762 0.200611
v -0.105688 0.072053 0.216735
v -0.102080 0.068191 0.232132
v -0.098315 0.064188 0.246716
v -0.094400 0.060061 0.260406
v -0.090383 0.055838 0.273140
v -0.086323 0.051550 0.284866
v -0.082277 0.047230 0.295528
v -0.078330 0.042909 0.305065
v -0.074677 0.038626 0.313395
v -0.071640 0.034356 0.320462
v -0.106652 0.096859 0.130589
v -0.104150 0.093691 0.148752
v -0.101519 0.090299 0.166540
v -0.098759 0.086696 0.183868
v -0.095866 0.082896 0.200652
v -0.092842 0.078911 0.216805
v -0.089683 0.074755 0.232243
v -0.086389 0.070441 0.246882
v -0.082970 0.065983 0.260643
v -0.079477 0.061400 0.273474
v -0.075974 0.056712 0.285330
v -0.072525 0.051936 0.296167
v -0.069218 0.047085 0.305943
v -0.066247 0.042131 0.314637
v -0.063861 0.037014 0.322242
v -0.090687 0.103686 0.130589
v -0.088560 0.100342 0.148756
v -0.086324 0.096758 0.166553
v -0.083979 0.092949 0.183898
v -0.081523 0.088927 0.200709
v -0.078956 0.084704 0.216904
v -0.076277 0.080293 0.232400
v -0.073485 0.075708 0.247116
v -0.070591 0.070961 0.260978
v -0.067646 0.066059 0.273943
v -0.064715 0.061011 0.285977
v -0.061860 0.055825 0.297046
v -0.059164 0.050499 0.307123
v -0.056783 0.044988 0.316211
v -0.054896 0.039237 0.324317
v -0.073735 0.109272 0.130590
v -0.072006 0.105783 0.148760
v -0.070188 0.102042 0.166567
v -0.068283 0.098063 0.183931
v -0.066288 0.093856 0.200774
v -0.064204 0.089435 0.217017
v -0.062030 0.084812 0.232580
v -0.059766 0.079998 0.247385
v -0.057422 0.075005 0.261361
v -0.055044 0.069833 0.274475
v -0.052693 0.064481 0.286701
v -0.050426 0.058948 0.298014
v -0.048311 0.053227 0.308392
v -0.046456 0.047287 0.317833
v -0.044981 0.041091 0.326336
v -0.055992 0.113617 0.130590
v -0.054679 0.110015 0.148764
v -0.053300 0.106151 0.166581
v -0.051853 0.102038 0.183965
v -0.050340 0.097686 0.200840
v -0.048759 0.093108 0.217130
v -0.047111 0.088316 0.232760
v -0.045395 0.083320 0.247654
v -0.043620 0.078130 0.261744
v -0.041824 0.072742 0.275001
v -0.040058 0.067151 0.287402
v -0.038367 0.061350 0.298928
v -0.036806 0.055332 0.309557
v -0.035442 0.049078 0.319279
v -0.034351 0.042566 0.328081
v -0.037657 0.116720 0.130591
v -0.036774 0.113037 0.148768
v -0.035847 0.109085 0.166593
v -0.034874 0.104876 0.183994
v -0.033857 0.100420 0.200897
v -0.032795 0.095728 0.217229
v -0.031687 0.090811 0.232917
v -0.030535 0.085682 0.247888
v -0.029343 0.080346 0.262077
v -0.028141 0.074801 0.275454
v -0.026961 0.069039 0.287999
v -0.025839 0.063051 0.299690
v -0.024810 0.056831 0.310505
v -0.023914 0.050366 0.320427
v -0.023194 0.043644 0.329437
v -0.018927 0.118582 0.130591
v -0.018484 0.114851 0.148770
v -0.018017 0.110846 0.166602
v -0.017529 0.106578 0.184015
v -0.017018 0.102058 0.200938
v -0.016484 0.097297 0.217299
v -0.015928 0.092305 0.233028
v -0.015349 0.087092 0.248054
v -0.014751 0.081667 0.262312
v -0.014148 0.076026 0.275773
v -0.013557 0.070160 0.288414
v -0.012998 0.064063 0.300211
v -0.012487 0.057726 0.311142
v -0.012043 0.051143 0.321185
v -0.011685 0.044306 0.330316
v -0.000000 0.119203 0.130591
v 0.000000 0.115455 0.148771
v 0.000000 0.111432 0.166605
v 0.000000 0.107145 0.184023
v 0.000000 0.102604 0.200953
v 0.000000 0.097819 0.217326
v 0.000000 0.092801 0.233070
v 0.000000 0.087561 0.248116
v 0.000000 0.082105 0.262402
v -0.000000 0.076431 0.275894
v -0.000000 0.070530 0.288570
v -0.000000 0.064397 0.300405
v -0.000000 0.058024 0.311376
v -0.000000 0.051404 0.321458
v -0.000000 0.044530 0.330628
v 0.018927 0.118582 0.130591
v 0.018484 0.114851 0.148770
v 0.018017 0.110846 0.166602
v 0.017529 0.106578 0.184015
v 0.017018 0.102058 0.200938
v 0.016484 0.097297 0.217299
v 0.015928 0.092305 0.233028
v 0.015349 0.087092 0.248054
v 0.014751 0.081667 0.262312
v 0.014148 0.076026 0.275773
v 0.013557 0.070160 0.288414
v 0.012998 0.064063 0.300211
v 0.012487 0.057726 0.311142
v 0.012043 0.051143 0.321185
v 0.011685 0.044306 0.330316
v 0.037657 0.116720 0.130591
v 0.036774 0.113037 0.148768
v 0.035847 0.109085 0.166593
v 0.034874 0.104876 0.183994
v 0.033857 0.100420 0.200897
v 0.032795 0.095728 0.217229
v 0.031687 0.090811 0.232917
v 0.030535 0.085682 0.247888
v 0.029343 0.080346 0.262077
v 0.028141 0.074801 0.275454
v 0.026961 0.069039 0.287999
v 0.025839 0.063051 0.299690
v 0.024810 0.056831 0.310505
v 0.023914 0.050366 0.320427
v 0.023194 0.043644 0.329437
v 0.055992 0.113617 0.130590
v 0.054679 0.110015 0.148764
v 0.053300 0.106151 0.166581
v 0.051853 0.102038 0.183965
v 0.050340 0.097686 0.200840
v 0.048759 0.093109 0.217130
v 0.047111 0.088316 0.232760
v 0.045395 0.083320 0.247654
v 0.043620 0.078130 0.261744
v 0.041824 0.072742 0.275001
v 0.040058 0.067151 0.287402
v 0.038367 0.061350 0.298928
v 0.036806 0.055332 0.309557
v 0.035442 0.049078 0.319279
v 0.034351 0.042566 0.328081
v 0.073735 0.109272 0.130590
v 0.072006 0.105783 0.148760
v 0.070188 0.102042 0.166567
v 0.068283 0.098063 0.183931
v 0.066288 0.093856 0.200774
v 0.064204 0.089435 0.217017
v 0.062030 0.084812 0.232580
v 0.059766 0.079998 0.247385
v 0.057422 0.075005 0.261361
v 0.055044 0.069833 0.274475
v 0.052693 0.064481 0.286701
v 0.050426 0.058948 0.298014
v 0.048311 0.053227 0.308392
v 0.046456 0.047287 0.317833
v 0.044981 0.041091 0.326336
v 0.090687 0.103686 0.130589
v 0.088560 0.100342 0.148756
v 0.086324 0.096758 0.166553
v 0.083979 0.092949 0.183898
v 0.081523 0.088927 0.200709
v 0.078956 0.084704 0.216904
v 0.076277 0.080293 0.232400
v 0.073485 0.075708 0.247116
v 0.070591 0.070961 0.260978
v 0.067646 0.066059 0.273943
v 0.064715 0.061011 0.285977
v 0.061860 0.055825 0.297046
v 0.059164 0.050499 0.307123
v 0.056783 0.044988 0.316210
v 0.054896 0.039237 0.324317
v 0.106652 0.096859 0.130589
v 0.104150 0.093691 0.148752
v 0.101519 0.090299 0.166540
v 0.098759 0.086696 0.183869
v 0.095866 0.082896 0.200652
v 0.092842 0.078911 0.216805
v 0.089683 0.074755 0.232243
v 0.086389 0.070441 0.246882
v 0.082970 0.065983 0.260643
v 0.079477 0.061400 0.273474
v 0.075974 0.056712 0.285330
v 0.072525 0.051936 0.296167
v 0.069218 0.047085 0.305943
v 0.066247 0.042131 0.314637
v 0.063861 0.037014 0.322242
v 0.121432 0.088790 0.130588
v 0.118582 0.085831 0.148750
v 0.115585 0.082664 0.166532
v 0.112439 0.079303 0.183848
v 0.109140 0.075762 0.200611
v 0.105688 0.072053 0.216735
v 0.102080 0.068191 0.232132
v 0.098315 0.064188 0.246716
v 0.094400 0.060061 0.260406
v 0.090383 0.055838 0.273140
v 0.086323 0.051550 0.284866
v 0.082277 0.047230 0.295527
v 0.078330 0.042909 0.305065
v 0.074677 0.038626 0.313395
v 0.071640 0.034356 0.320462
v 0.146679 0.068954 0.130588
v 0.143235 0.066506 0.148749
v 0.139610 0.063889 0.166532
v 0.135798 0.061116 0.183848
v 0.131796 0.058199 0.200611
v 0.127600 0.055151 0.216735
v 0.123206 0.051984 0.232132
v 0.118609 0.048711 0.246716
v 0.113812 0.045350 0.260406
v 0.108840 0.041943 0.273140
v 0.103725 0.038538 0.284866
v 0.098499 0.035180 0.295528
v 0.093197 0.031938 0.305065
v 0.087861 0.028957 0.313395
v 0.082444 0.026473 0.320462
v 0.156949 0.057342 0.130589
v 0.153263 0.055192 0.148752
v 0.149380 0.052895 0.166540
v 0.145295 0.050463 0.183868
v 0.141002 0.047906 0.200652
v 0.136496 0.045236 0.216805
v 0.131772 0.042465 0.232243
v 0.126823 0.039604 0.246882
v 0.121648 0.036671 0.260643
v 0.116257 0.033710 0.273474
v 0.110666 0.030769 0.285330
v 0.104886 0.027898 0.296167
v 0.098922 0.025165 0.305943
v 0.092724 0.022711 0.314637
v 0.086203 0.020716 0.322242
v 0.165639 0.044799 0.130589
v 0.161747 0.042971 0.148756
v 0.157646 0.041019 0.166553
v 0.153328 0.038953 0.183898
v 0.148786 0.036782 0.200709
v 0.144014 0.034517 0.216904
v 0.139004 0.032168 0.232400
v 0.133750 0.029744 0.247116
v 0.128245 0.027264 0.260978
v 0.122486 0.024767 0.273943
v 0.116469 0.022302 0.285977
v 0.110192 0.019918 0.297046
v 0.103637 0.017674 0.307123
v 0.096734 0.015685 0.316211
v 0.089391 0.014078 0.324317
v 0.172749 0.031480 0.130590
v 0.168689 0.029994 0.148760
v 0.164408 0.028408 0.166567
v 0.159898 0.026729 0.183931
v 0.155150 0.024966 0.200774
v 0.150157 0.023128 0.217017
v 0.144909 0.021222 0.232580
v 0.139398 0.019258 0.247385
v 0.133615 0.017249 0.261361
v 0.127545 0.015233 0.274475
v 0.121171 0.013253 0.286701
v 0.114475 0.011352 0.298014
v 0.107434 0.009581 0.308392
v 0.099990 0.008016 0.317833
v 0.092079 0.006744 0.326336
v 0.178278 0.017540 0.130590
v 0.174088 0.016412 0.148764
v 0.169667 0.015208 0.166581
v 0.165006 0.013934 0.183965
v 0.160096 0.012596 0.200840
v 0.154928 0.011202 0.217130
v 0.149491 0.009758 0.232760
v 0.143776 0.008269 0.247654
v 0.137772 0.006749 0.261744
v 0.131455 0.005226 0.275000
v 0.124802 0.003737 0.287402
v 0.117787 0.002315 0.298928
v 0.110382 0.001000 0.309557
v 0.102546 -0.000159 0.319279
v 0.094234 -0.001110 0.328081
v 0.182228 0.003135 0.130591
v 0.177944 0.002376 0.148768
v 0.173422 0.001566 0.166593
v 0.168654 0.000710 0.183994
v 0.163627 -0.000189 0.200897
v 0.158331 -0.001126 0.217229
v 0.152757 -0.002096 0.232917
v 0.146893 -0.003095 0.247888
v 0.140726 -0.004116 0.262077
v 0.134231 -0.005136 0.275454
v 0.127379 -0.006131 0.287999
v 0.120143 -0.007077 0.299690
v 0.112494 -0.007947 0.310505
v 0.104397 -0.008713 0.320427
v 0.095820 -0.009345 0.329437
v 0.184598 -0.011581 0.130591
v 0.180257 -0.011962 0.148770
v 0.175675 -0.012369 0.166602
v 0.170841 -0.012799 0.184015
v 0.165744 -0.013251 0.200938
v 0.160371 -0.013722 0.217299
v 0.154713 -0.014209 0.233028
v 0.148757 -0.014711 0.248054
v 0.142490 -0.015223 0.262312
v 0.135886 -0.015735 0.275773
v 0.128916 -0.016233 0.288414
v 0.121552 -0.016705 0.300211
v 0.113764 -0.017138 0.311142
v 0.105523 -0.017519 0.321185
v 0.096800 -0.017835 0.330316
v 0.185388 -0.026452 0.130591
v 0.181029 -0.026452 0.148771
v 0.176426 -0.026452 0.166605
v 0.171570 -0.026452 0.184023
v 0.166449 -0.026452 0.200953
v 0.161050 -0.026452 0.217326
v 0.155363 -0.026452 0.233070
v 0.149376 -0.026452 0.248116
v 0.143075 -0.026452 0.262402
v 0.136435 -0.026452 0.275894
v 0.129425 -0.026452 0.288570
v 0.122019 -0.026452 0.300405
v 0.114188 -0.026452 0.311376
v 0.105903 -0.026452 0.321458
v 0.097135 -0.026452 0.330628
v 0.184598 -0.041322 0.130591
v 0.180257 -0.040941 0.148770
v 0.175675 -0.040534 0.166602
v 0.170841 -0.040104 0.184015
v 0.165744 -0.039652 0.200938
v 0.160371 -0.039182 0.217299
v 0.154713 -0.038694 0.233028
v 0.148757 -0.038193 0.248054
v 0.142490 -0.037680 0.262312
v 0.135886 -0.037169 0.275773
v 0.128916 -0.036670 0.288414
v 0.121552 -0.036198 0.300211
v 0.113764 -0.035765 0.311142
v 0.105523 -0.035384 0.321185
v 0.096800 -0.035069 0.330316
v 0.182228 -0.056038 0.130591
v 0.177944 -0.055280 0.148768
v 0.173422 -0.054470 0.166593
v 0.168654 -0.053613 0.183994
v 0.163627 -0.052714 0.200897
v 0.158331 -0.051777 0.217229
v 0.152757 -0.050807 0.232917
v 0.146893 -0.049808 0.247888
v 0.140726 -0.048788 0.262077
v 0.134231 -0.047767 0.275454
v 0.127379 -0.046772 0.287999
v 0.120143 -0.045827 0.299690
v 0.112494 -0.044956 0.310505
v 0.104397 -0.044190 0.320427
v 0.095820 -0.043558 0.329437
v 0.178278 -0.070443 0.130590
v 0.174088 -0.069315 0.148764
v 0.169667 -0.068111 0.166581
v 0.165006 -0.066837 0.183965
v 0.160096 -0.065499 0.200840
v 0.154928 -0.064105 0.217130
v 0.149491 -0.062661 0.232760
v 0.143776 -0.061173 0.247653
v 0.137772 -0.059652 0.261744
v 0.131455 -0.058130 0.275000
v 0.124802 -0.056640 0.287402
v 0.117787 -0.055218 0.298928
v 0.110382 -0.053903 0.309557
v 0.102546 -0.052744 0.319279
v 0.094234 -0.051793 0.328081
v 0.172749 -0.084383 0.130590
v 0.168689 -0.082897 0.148760
v 0.164408 -0.081311 0.166567
v 0.159898 -0.079632 0.183931
v 0.155150 -0.077869 0.200774
v 0.150157 -0.076031 0.217017
v 0.144909 -0.074125 0.232580
v 0.139398 -0.072161 0.247385
v 0.133615 -0.070152 0.261361
v 0.127545 -0.068136 0.274475
v 0.121171 -0.066157 0.286701
v 0.114475 -0.064256 0.298014
v 0.107434 -0.062484 0.308392
v 0.099990 -0.060919 0.317833
v 0.092079 -0.059647 0.326336
v 0.165639 -0.097702 0.130589
v 0.161747 -0.095875 0.148756
v 0.157646 -0.093923 0.166553
v 0.153328 -0.091856 0.183898
v 0.148786 -0.089685 0.200709
v 0.144014 -0.087420 0.216904
v 0.139004 -0.085071 0.232400
v 0.133750 -0.082648 0.247116
v 0.128245 -0.080167 0.260978
v 0.122486 -0.077670 0.273943
v 0.116469 -0.075206 0.285977
v 0.110192 -0.072821 0.297046
v 0.103637 -0.070578 0.307123
v 0.096734 -0.068588 0.316210
v 0.089391 -0.066982 0.324317
v 0.156949 -0.110245 0.130589
v 0.153263 -0.108096 0.148752
v 0.149380 -0.105799 0.166540
v 0.145295 -0.103366 0.183868
v 0.141002 -0.100809 0.200652
v 0.136496 -0.098139 0.216805
v 0.131772 -0.095368 0.232243
v 0.126823 -0.092507 0.246882
v 0.121648 -0.089574 0.260643
v 0.116257 -0.086613 0.273474
v 0.110666 -0.083672 0.285330
v 0.104886 -0.080801 0.296167
v 0.098922 -0.078068 0.305943
v 0.092724 -0.075614 0.314637
v 0.086203 -0.073619 0.322242
v 0.146679 -0.121857 0.130588
v 0.143235 -0.119409 0.148749
v 0.139610 -0.116792 0.166532
v 0.135798 -0.114019 0.183848
v 0.131796 -0.111102 0.200611
v 0.127600 -0.108054 0.216735
v 0.123206 -0.104887 0.232132
v 0.118609 -0.101614 0.246716
v 0.113812 -0.098254 0.260406
v 0.108840 -0.094847 0.273140
v 0.103725 -0.091441 0.284866
v 0.098499 -0.088083 0.295527
v 0.093197 -0.084841 0.305065
v 0.087861 -0.081860 0.313395
v 0.082444 -0.079376 0.320462
v 0.115609 -0.115428 -0.129419
v 0.103242 -0.118008 -0.133955
v 0.088941 -0.120989 -0.137942
v 0.073026 -0.123884 -0.141387
v 0.055858 -0.126386 -0.144201
v 0.037757 -0.128331 -0.146306
v 0.019034 -0.129592 -0.147626
v -0.000000 -0.130040 -0.148082
v -0.019034 -0.129592 -0.147626
v -0.037757 -0.128331 -0.146306
v -0.055858 -0.126386 -0.144201
v -0.073026 -0.123884 -0.141387
v -0.088941 -0.120989 -0.137942
v -0.103242 -0.118008 -0.133955
v -0.115609 -0.115428 -0.129419
v 0.119081 -0.105865 -0.133955
v 0.105757 -0.107702 -0.139536
v 0.090780 -0.109988 -0.144272
v 0.074382 -0.112328 -0.148215
v 0.056816 -0.114409 -0.151371
v 0.038367 -0.116060 -0.153696
v 0.019331 -0.117149 -0.155133
v -0.000000 -0.117541 -0.155624
v -0.019331 -0.117149 -0.155133
v -0.038367 -0.116060 -0.153696
v -0.056816 -0.114409 -0.151371
v -0.074382 -0.112328 -0.148215
v -0.090780 -0.109988 -0.144272
v -0.105757 -0.107702 -0.139536
v -0.119081 -0.105865 -0.133955
v 0.123067 -0.094836 -0.137942
v 0.108844 -0.096155 -0.144272
v 0.093133 -0.097879 -0.149600
v 0.076132 -0.099710 -0.153978
v 0.058053 -0.101383 -0.157438
v 0.039156 -0.102739 -0.159955
v 0.019714 -0.103648 -0.161493
v -0.000000 -0.103981 -0.162014
v -0.019714 -0.103648 -0.161493
v -0.039156 -0.102739 -0.159955
v -0.058053 -0.101383 -0.157438
v -0.076132 -0.099710 -0.153978
v -0.093133 -0.097879 -0.149600
v -0.108844 -0.096155 -0.144272
v -0.123067 -0.094836 -0.137942
v 0.126933 -0.082580 -0.141387
v 0.111990 -0.083539 -0.148215
v 0.095610 -0.084809 -0.153978
v 0.078006 -0.086185 -0.158703
v 0.059393 -0.087472 -0.162410
v 0.040018 -0.088540 -0.165084
v 0.020136 -0.089267 -0.166704
v -0.000000 -0.089536 -0.167248
v -0.020136 -0.089267 -0.166704
v -0.040018 -0.088540 -0.165084
v -0.059393 -0.087473 -0.162410
v -0.078006 -0.086185 -0.158703
v -0.095610 -0.084809 -0.153978
v -0.111990 -0.083539 -0.148215
v -0.126933 -0.082580 -0.141387
v 0.130274 -0.069373 -0.144201
v 0.114782 -0.070043 -0.151371
v 0.097866 -0.070934 -0.157438
v 0.079752 -0.071911 -0.162410
v 0.060666 -0.072846 -0.166293
v 0.040850 -0.073635 -0.169081
v 0.020547 -0.074180 -0.170762
v -0.000000 -0.074384 -0.171325
v -0.020547 -0.074180 -0.170762
v -0.040850 -0.073635 -0.169081
v -0.060666 -0.072846 -0.166293
v -0.079752 -0.071911 -0.162410
v -0.097866 -0.070934 -0.157438
v -0.114782 -0.070043 -0.151371
v -0.130274 -0.069373 -0.144201
v 0.132871 -0.055459 -0.146306
v 0.116997 -0.055882 -0.153696
v 0.099693 -0.056446 -0.159955
v 0.081194 -0.057072 -0.165084
v 0.061735 -0.057681 -0.169081
v 0.041557 -0.058201 -0.171944
v 0.020899 -0.058565 -0.173665
v -0.000000 -0.058701 -0.174240
v -0.020899 -0.058565 -0.173665
v -0.041557 -0.058201 -0.171944
v -0.061735 -0.057681 -0.169081
v -0.081194 -0.057072 -0.165084
v -0.099693 -0.056446 -0.159955
v -0.116997 -0.055882 -0.153696
v -0.132871 -0.055459 -0.146306
v 0.134555 -0.041073 -0.147626
v 0.118456 -0.041277 -0.155133
v 0.100915 -0.041551 -0.161493
v 0.082174 -0.041856 -0.166704
v 0.062472 -0.042156 -0.170762
v 0.042048 -0.042415 -0.173665
v 0.021144 -0.042596 -0.175409
v -0.000000 -0.042665 -0.175991
v -0.021144 -0.042596 -0.175409
v -0.042048 -0.042415 -0.173665
v -0.062472 -0.042156 -0.170762
v -0.082174 -0.041856 -0.166704
v -0.100915 -0.041551 -0.161493
v -0.118456 -0.041277 -0.155133
v -0.134555 -0.041073 -0.147626
v 0.135154 -0.026452 -0.148082
v 0.118981 -0.026452 -0.155624
v 0.101362 -0.026452 -0.162014
v 0.082536 -0.026452 -0.167248
v 0.062746 -0.026452 -0.171325
v 0.042233 -0.026452 -0.174240
v 0.021237 -0.026452 -0.175991
v -0.000000 -0.026452 -0.176576
v -0.021237 -0.026452 -0.175991
v -0.042233 -0.026452 -0.174240
v -0.062746 -0.026452 -0.171325
v -0.082536 -0.026452 -0.167248
v -0.101362 -0.026452 -0.162014
v -0.118981 -0.026452 -0.155624
v -0.135154 -0.026452 -0.148082
v 0.134555 -0.011830 -0.147626
v 0.118456 -0.011626 -0.155133
v 0.100915 -0.011352 -0.161493
v 0.082174 -0.011047 -0.166704
v 0.062472 -0.010747 -0.170762
v 0.042048 -0.010488 -0.173665
v 0.021144 -0.010307 -0.175409
v -0.000000 -0.010238 -0.175991
v -0.021144 -0.010307 -0.175409
v -0.042048 -0.010488 -0.173665
v -0.062472 -0.010747 -0.170762
v -0.082174 -0.011047 -0.166704
v -0.100915 -0.011352 -0.161493
v -0.118456 -0.011626 -0.155133
v -0.134555 -0.011830 -0.147626
v 0.132871 0.002556 -0.146306
v 0.116997 0.002979 -0.153696
v 0.099693 0.003543 -0.159955
v 0.081194 0.004169 -0.165084
v 0.061735 0.004778 -0.169081
v 0.041557 0.005298 -0.171944
v 0.020899 0.005662 -0.173665
v -0.000000 0.005798 -0.174240
v -0.020899 0.005662 -0.173665
v -0.041557 0.005298 -0.171944
v -0.061735 0.004778 -0.169081
v -0.081194 0.004169 -0.165084
v -0.099693 0.003543 -0.159955
v -0.116997 0.002979 -0.153696
v -0.132871 0.002556 -0.146306
v 0.130274 0.016470 -0.144201
v 0.114782 0.017140 -0.151371
v 0.097866 0.018030 -0.157438
v 0.079752 0.019008 -0.162410
v 0.060666 0.019943 -0.166293
v 0.040850 0.020732 -0.169081
v 0.020547 0.021277 -0.170762
v -0.000000 0.021481 -0.171325
v -0.020547 0.021277 -0.170762
v -0.040850 0.020732 -0.169081
v -0.060666 0.019943 -0.166293
v -0.079752 0.019008 -0.162410
v -0.097866 0.018030 -0.157438
v -0.114782 0.017140 -0.151371
v -0.130274 0.016470 -0.144201
v 0.126933 0.029677 -0.141387
v 0.111990 0.030636 -0.148215
v 0.095610 0.031906 -0.153978
v 0.078006 0.033281 -0.158703
v 0.059393 0.034569 -0.162410
v 0.040018 0.035637 -0.165084
v 0.020136 0.036364 -0.166704
v -0.000000 0.036633 -0.167248
v -0.020136 0.036364 -0.166704
v -0.040018 0.035637 -0.165084
v -0.059393 0.034569 -0.162410
v -0.078006 0.033281 -0.158703
v -0.095610 0.031906 -0.153978
v -0.111990 0.030636 -0.148215
v -0.126933 0.029677 -0.141387
v 0.123067 0.041932 -0.137942
v 0.108844 0.043252 -0.144272
v 0.093133 0.044976 -0.149600
v 0.076132 0.046807 -0.153978
v 0.058053 0.048480 -0.157438
v 0.039156 0.049836 -0.159955
v 0.019714 0.050745 -0.161493
v -0.000000 0.051078 -0.162014
v -0.019714 0.050745 -0.161493
v -0.039156 0.049836 -0.159955
v -0.058053 0.048479 -0.157438
v -0.076132 0.046807 -0.153978
v -0.093133 0.044976 -0.149600
v -0.108844 0.043252 -0.144272
v -0.123067 0.041932 -0.137942
v 0.119081 0.052962 -0.133955
v 0.105757 0.054799 -0.139536
v 0.090780 0.057084 -0.144272
v 0.074382 0.059425 -0.148215
v 0.056816 0.061506 -0.151371
v 0.038367 0.063157 -0.153696
v 0.019331 0.064245 -0.155133
v 0.000000 0.064638 -0.155624
v -0.019331 0.064245 -0.155133
v -0.038367 0.063157 -0.153696
v -0.056816 0.061506 -0.151371
v -0.074382 0.059425 -0.148215
v -0.090780 0.057084 -0.144272
v -0.105757 0.054799 -0.139535
v -0.119081 0.052962 -0.133955
v 0.115609 0.062525 -0.129419
v 0.103242 0.065105 -0.133955
v 0.088941 0.068086 -0.137942
v 0.073026 0.070981 -0.141387
v 0.055858 0.073483 -0.144201
v 0.037757 0.075428 -0.146306
v 0.019034 0.076689 -0.147626
v 0.000000 0.077137 -0.148082
v -0.019034 0.076689 -0.147626
v -0.037757 0.075428 -0.146306
v -0.055858 0.073483 -0.144201
v -0.073026 0.070981 -0.141387
v -0.088941 0.068086 -0.137942
v -0.103242 0.065105 -0.133955
v -0.115609 0.062525 -0.129419
v -0.146679 -0.121857 0.130588
v -0.143235 -0.119409 0.148749
v -0.139610 -0.116792 0.166532
v -0.135798 -0.114019 0.183848
v -0.131796 -0.111102 0.200611
v -0.127600 -0.108054 0.216735
v -0.123206 -0.104887 0.232132
v -0.118609 -0.101614 0.246716
v -0.113812 -0.098254 0.260406
v -0.108840 -0.094847 0.273140
v -0.103725 -0.091441 0.284866
v -0.098499 -0.088083 0.295527
v -0.093197 -0.084841 0.305065
v -0.087861 -0.081860 0.313395
v -0.082444 -0.079376 0.320462
v -0.156949 -0.110245 0.130589
v -0.153263 -0.108096 0.148752
v -0.149380 -0.105799 0.166540
v -0.145295 -0.103366 0.183868
v -0.141002 -0.100809 0.200652
v -0.136496 -0.098139 0.216805
v -0.131772 -0.095368 0.232243
v -0.126823 -0.092507 0.246882
v -0.121648 -0.089574 0.260643
v -0.116257 -0.086613 0.273474
v -0.110666 -0.083672 0.285330
v -0.104886 -0.080801 0.296167
v -0.098922 -0.078068 0.305943
v -0.092724 -0.075614 0.314637
v -0.086203 -0.073619 0.322242
v -0.165639 -0.097702 0.130589
v -0.161747 -0.095875 0.148756
v -0.157646 -0.093923 0.166553
v -0.153328 -0.091856 0.183898
v -0.148786 -0.089685 0.200709
v -0.144014 -0.087420 0.216904
v -0.139004 -0.085071 0.232400
v -0.133750 -0.082648 0.247116
v -0.128245 -0.080167 0.260978
v -0.122486 -0.077670 0.273943
v -0.116469 -0.075206 0.285977
v -0.110192 -0.072821 0.297046
v -0.103637 -0.070578 0.307123
v -0.096734 -0.068588 0.316210
v -0.089391 -0.066982 0.324317
v -0.172749 -0.084383 0.130590
v -0.168689 -0.082897 0.148760
v -0.164408 -0.081311 0.166567
v -0.159898 -0.079632 0.183931
v -0.155150 -0.077869 0.200774
v -0.150157 -0.076031 0.217017
v -0.144909 -0.074125 0.232580
v -0.139398 -0.072161 0.247385
v -0.133615 -0.070152 0.261361
v -0.127545 -0.068136 0.274475
v -0.121171 -0.066157 0.286701
v -0.114475 -0.064256 0.298014
v -0.107434 -0.062484 0.308392
v -0.099990 -0.060919 0.317833
v -0.092079 -0.059647 0.326336
v -0.178278 -0.070443 0.130590
v -0.174088 -0.069315 0.148764
v -0.169667 -0.068111 0.166581
v -0.165006 -0.066837 0.183965
v -0.160096 -0.065499 0.200840
v -0.154928 -0.064105 0.217130
v -0.149491 -0.062661 0.232760
v -0.143776 -0.061173 0.247653
v -0.137772 -0.059652 0.261744
v -0.131455 -0.058130 0.275000
v -0.124802 -0.056640 0.287402
v -0.117787 -0.055218 0.298928
v -0.110382 -0.053903 0.309557
v -0.102546 -0.052744 0.319279
v -0.094234 -0.051793 0.328081
v -0.182228 -0.056038 0.130591
v -0.177944 -0.055280 0.148768
v -0.173422 -0.054470 0.166593
v -0.168654 -0.053613 0.183994
v -0.163627 -0.052714 0.200897
v -0.158332 -0.051777 0.217229
v -0.152757 -0.050807 0.232917
v -0.146893 -0.049808 0.247888
v -0.140726 -0.048788 0.262077
v -0.134231 -0.047767 0.275454
v -0.127379 -0.046772 0.287999
v -0.120143 -0.045827 0.299690
v -0.112494 -0.044956 0.310505
v -0.104397 -0.044190 0.320427
v -0.095820 -0.043558 0.329437
v -0.184598 -0.041322 0.130591
v -0.180257 -0.040941 0.148770
v -0.175675 -0.040534 0.166602
v -0.170841 -0.040104 0.184015
v -0.165744 -0.039652 0.200938
v -0.160371 -0.039182 0.217299
v -0.154713 -0.038694 0.233028
v -0.148757 -0.038193 0.248054
v -0.142490 -0.037680 0.262312
v -0.135886 -0.037169 0.275773
v -0.128916 -0.036670 0.288414
v -0.121552 -0.036198 0.300211
v -0.113764 -0.035765 0.311142
v -0.105523 -0.035384 0.321185
v -0.096800 -0.035069 0.330316
v -0.185388 -0.026452 0.130591
v -0.181029 -0.026452 0.148771
v -0.176426 -0.026452 0.166605
v -0.171570 -0.026452 0.184023
v -0.166449 -0.026452 0.200953
v -0.161050 -0.026452 0.217326
v -0.155363 -0.026452 0.233070
v -0.149376 -0.026452 0.248116
v -0.143075 -0.026452 0.262402
v -0.136435 -0.026452 0.275894
v -0.129425 -0.026452 0.288570
v -0.122019 -0.026452 0.300405
v -0.114188 -0.026452 0.311376
v -0.105903 -0.026452 0.321458
v -0.097135 -0.026452 0.330628
v -0.184598 -0.011581 0.130591
v -0.180257 -0.011962 0.148770
v -0.175675 -0.012369 0.166602
v -0.170841 -0.012799 0.184015
v -0.165744 -0.013251 0.200938
v -0.160371 -0.013722 0.217299
v -0.154713 -0.014209 0.233028
v -0.148757 -0.014711 0.248054
v -0.142490 -0.015223 0.262312
v -0.135886 -0.015735 0.275773
v -0.128916 -0.016233 0.288414
v -0.121552 -0.016705 0.300211
v -0.113764 -0.017138 0.311142
v -0.105523 -0.017519 0.321185
v -0.096800 -0.017835 0.330316
v -0.182228 0.003135 0.130591
v -0.177944 0.002376 0.148768
v -0.173422 0.001566 0.166593
v -0.168654 0.000710 0.183994
v -0.163627 -0.000189 0.200897
v -0.158331 -0.001126 0.217229
v -0.152757 -0.002096 0.232917
v -0.146893 -0.003095 0.247888
v -0.140726 -0.004116 0.262077
v -0.134231 -0.005136 0.275454
v -0.127379 -0.006131 0.287999
v -0.120143 -0.007077 0.299690
v -0.112494 -0.007947 0.310505
v -0.104397 -0.008713 0.320427
v -0.095820 -0.009345 0.329437
v -0.178278 0.017540 0.130590
v -0.174088 0.016412 0.148764
v -0.169667 0.015208 0.166581
v -0.165006 0.013934 0.183965
v -0.160096 0.012596 0.200840
v -0.154928 0.011202 0.217130
v -0.149491 0.009758 0.232760
v -0.143776 0.008269 0.247654
v -0.137772 0.006749 0.261744
v -0.131455 0.005226 0.275001
v -0.124802 0.003737 0.287402
v -0.117787 0.002315 0.298928
v -0.110382 0.001000 0.309557
v -0.102546 -0.000159 0.319279
v -0.094234 -0.001110 0.328081
v -0.172749 0.031480 0.130590
v -0.168689 0.029994 0.148760
v -0.164408 0.028408 0.166567
v -0.159898 0.026729 0.183931
v -0.155150 0.024966 0.200774
v -0.150157 0.023128 0.217017
v -0.144909 0.021222 0.232580
v -0.139398 0.019258 0.247385
v -0.133615 0.017249 0.261361
v -0.127545 0.015233 0.274475
v -0.121171 0.013253 0.286701
v -0.114475 0.011352 0.298014
v -0.107434 0.009581 0.308392
v -0.099990 0.008016 0.317833
v -0.092079 0.006744 0.326336
v -0.165639 0.044799 0.130589
v -0.161747 0.042971 0.148756
v -0.157646 0.041019 0.166553
v -0.153328 0.038953 0.183898
v -0.148786 0.036782 0.200709
v -0.144014 0.034517 0.216904
v -0.139004 0.032168 0.232400
v -0.133750 0.029744 0.247116
v -0.128245 0.027264 0.260978
v -0.122486 0.024767 0.273943
v -0.116469 0.022302 0.285977
v -0.110192 0.019918 0.297046
v -0.103637 0.017674 0.307123
v -0.096734 0.015685 0.316210
v -0.089391 0.014078 0.324317
v -0.156949 0.057342 0.130589
v -0.153263 0.055192 0.148752
v -0.149380 0.052895 0.166540
v -0.145295 0.050463 0.183868
v -0.141002 0.047906 0.200652
v -0.136496 0.045236 0.216805
v -0.131772 0.042465 0.232243
v -0.126823 0.039604 0.246882
v -0.121648 0.036671 0.260643
v -0.116257 0.033710 0.273474
v -0.110666 0.030769 0.285330
v -0.104886 0.027898 0.296167
v -0.098922 0.025165 0.305943
v -0.092724 0.022711 0.314637
v -0.086203 0.020716 0.322242
v -0.146679 0.068954 0.130588
v -0.143235 0.066506 0.148749
v -0.139610 0.063889 0.166532
v -0.135798 0.061116 0.183848
v -0.131796 0.058199 0.200611
v -0.127600 0.055151 0.216735
v -0.123206 0.051984 0.232132
v -0.118609 0.048711 0.246716
v -0.113812 0.045350 0.260406
v -0.108840 0.041943 0.273140
v -0.103725 0.038538 0.284866
v -0.098499 0.035180 0.295527
v -0.093197 0.031938 0.305065
v -0.087861 0.028957 0.313395
v -0.082444 0.026473 0.320462
v 0.121432 -0.141693 0.130588
v 0.118582 -0.138734 0.148749
v 0.115585 -0.135567 0.166532
v 0.112439 -0.132207 0.183848
v 0.109140 -0.128665 0.200611
v 0.105688 -0.124957 0.216735
v 0.102080 -0.121094 0.232132
v 0.098315 -0.117091 0.246716
v 0.094400 -0.112964 0.260406
v 0.090383 -0.108741 0.273140
v 0.086323 -0.104454 0.284866
v 0.082277 -0.100133 0.295527
v 0.078330 -0.095812 0.305065
v 0.074677 -0.091530 0.313395
v 0.071640 -0.087260 0.320462
v 0.106652 -0.149762 0.130589
v 0.104150 -0.146594 0.148752
v 0.101519 -0.143202 0.166540
v 0.098759 -0.139600 0.183868
v 0.095866 -0.135799 0.200652
v 0.092842 -0.131814 0.216805
v 0.089683 -0.127658 0.232243
v 0.086389 -0.123344 0.246882
v 0.082970 -0.118887 0.260643
v 0.079477 -0.114304 0.273474
v 0.075974 -0.109615 0.285330
v 0.072525 -0.104840 0.296167
v 0.069218 -0.099988 0.305943
v 0.066247 -0.095034 0.314637
v 0.063861 -0.089918 0.322242
v 0.090687 -0.156589 0.130589
v 0.088560 -0.153245 0.148756
v 0.086324 -0.149662 0.166553
v 0.083979 -0.145852 0.183898
v 0.081523 -0.141830 0.200709
v 0.078956 -0.137607 0.216904
v 0.076277 -0.133197 0.232400
v 0.073485 -0.128612 0.247116
v 0.070591 -0.123864 0.260978
v 0.067646 -0.118962 0.273943
v 0.064715 -0.113914 0.285977
v 0.061860 -0.108728 0.297046
v 0.059164 -0.103402 0.307123
v 0.056783 -0.097891 0.316211
v 0.054896 -0.092140 0.324317
v 0.073735 -0.162175 0.130590
v 0.072006 -0.158686 0.148760
v 0.070188 -0.154946 0.166567
v 0.068283 -0.150966 0.183931
v 0.066288 -0.146759 0.200774
v 0.064204 -0.142338 0.217017
v 0.062030 -0.137715 0.232580
v 0.059766 -0.132902 0.247385
v 0.057422 -0.127908 0.261361
v 0.055044 -0.122736 0.274475
v 0.052693 -0.117384 0.286701
v 0.050426 -0.111851 0.298014
v 0.048311 -0.106130 0.308392
v 0.046456 -0.100190 0.317833
v 0.044981 -0.093994 0.326336
v 0.055992 -0.166520 0.130590
v 0.054679 -0.162918 0.148764
v 0.053300 -0.159054 0.166581
v 0.051853 -0.154941 0.183965
v 0.050340 -0.150590 0.200840
v 0.048759 -0.146012 0.217130
v 0.047111 -0.141219 0.232760
v 0.045395 -0.136223 0.247653
v 0.043620 -0.131033 0.261744
v 0.041824 -0.125645 0.275000
v 0.040058 -0.120054 0.287402
v 0.038367 -0.114254 0.298928
v 0.036806 -0.108235 0.309557
v 0.035442 -0.101981 0.319279
v 0.034351 -0.095470 0.328081
v 0.037657 -0.169623 0.130590
v 0.036774 -0.165940 0.148768
v 0.035847 -0.161989 0.166593
v 0.034874 -0.157779 0.183994
v 0.033857 -0.153323 0.200897
v 0.032795 -0.148631 0.217229
v 0.031687 -0.143715 0.232917
v 0.030535 -0.138585 0.247888
v 0.029343 -0.133250 0.262077
v 0.028141 -0.127704 0.275454
v 0.026961 -0.121942 0.287999
v 0.025839 -0.115954 0.299690
v 0.024810 -0.109734 0.310505
v 0.023914 -0.103269 0.320427
v 0.023194 -0.096548 0.329437
v 0.018927 -0.171485 0.130591
v 0.018484 -0.167754 0.148770
v 0.018017 -0.163749 0.166602
v 0.017529 -0.159481 0.184015
v 0.017018 -0.154961 0.200938
v 0.016484 -0.150200 0.217299
v 0.015928 -0.145208 0.233028
v 0.015349 -0.139996 0.248054
v 0.014751 -0.134571 0.262312
v 0.014148 -0.128929 0.275773
v 0.013557 -0.123063 0.288414
v 0.012998 -0.116966 0.300211
v 0.012487 -0.110630 0.311142
v 0.012043 -0.104047 0.321185
v 0.011685 -0.097209 0.330316
v 0.000000 -0.172106 0.130591
v 0.000000 -0.168358 0.148771
v -0.000000 -0.164336 0.166605
v -0.000000 -0.160048 0.184023
v -0.000000 -0.155507 0.200953
v -0.000000 -0.150722 0.217326
v -0.000000 -0.145704 0.233070
v -0.000000 -0.140464 0.248116
v -0.000000 -0.135008 0.262402
v 0.000000 -0.129334 0.275894
v 0.000000 -0.123434 0.288570
v 0.000000 -0.117300 0.300405
v 0.000000 -0.110927 0.311376
v 0.000000 -0.104307 0.321458
v 0.000000 -0.097434 0.330628
v -0.018927 -0.171485 0.130591
v -0.018484 -0.167754 0.148770
v -0.018017 -0.163749 0.166602
v -0.017529 -0.159481 0.184015
v -0.017018 -0.154961 0.200938
v -0.016484 -0.150200 0.217299
v -0.015928 -0.145208 0.233028
v -0.015349 -0.139996 0.248054
v -0.014751 -0.134571 0.262312
v -0.014148 -0.128929 0.275773
v -0.013557 -0.123063 0.288414
v -0.012998 -0.116966 0.300211
v -0.012487 -0.110630 0.311142
v -0.012043 -0.104047 0.321185
v -0.011685 -0.097209 0.330316
v -0.037657 -0.169623 0.130590
v -0.036774 -0.165940 0.148768
v -0.035847 -0.161989 0.166593
v -0.034874 -0.157779 0.183994
v -0.033857 -0.153323 0.200897
v -0.032795 -0.148631 0.217229
v -0.031687 -0.143715 0.232917
v -0.030535 -0.138585 0.247888
v -0.029343 -0.133250 0.262077
v -0.028141 -0.127704 0.275454
v -0.026961 -0.121942 0.287999
v -0.025839 -0.115954 0.299690
v -0.024810 -0.109734 0.310505
v -0.023914 -0.103269 0.320427
v -0.023194 -0.096548 0.329437
v -0.055992 -0.166520 0.130590
v -0.054679 -0.162918 0.148764
v -0.053300 -0.159054 0.166581
v -0.051853 -0.154941 0.183965
v -0.050340 -0.150590 0.200840
v -0.048759 -0.146012 0.217130
v -0.047111 -0.141219 0.232760
v -0.045395 -0.136223 0.247653
v -0.043620 -0.131033 0.261744
v -0.041824 -0.125645 0.275000
v -0.040058 -0.120054 0.287402
v -0.038367 -0.114254 0.298928
v -0.036806 -0.108235 0.309557
v -0.035442 -0.101981 0.319279
v -0.034351 -0.095470 0.328081
v -0.073735 -0.162175 0.130590
v -0.072006 -0.158686 0.148760
v -0.070188 -0.154946 0.166567
v -0.068283 -0.150966 0.183931
v -0.066288 -0.146759 0.200774
v -0.064204 -0.142338 0.217017
v -0.062030 -0.137715 0.232580
v -0.059766 -0.132902 0.247385
v -0.057422 -0.127908 0.261361
v -0.055044 -0.122736 0.274475
v -0.052693 -0.117384 0.286701
v -0.050426 -0.111851 0.298014
v -0.048311 -0.106130 0.308392
v -0.046456 -0.100190 0.317833
v -0.044981 -0.093994 0.326336
v -0.090687 -0.156589 0.130589
v -0.088560 -0.153245 0.148756
v -0.086324 -0.149662 0.166553
v -0.083979 -0.145852 0.183898
v -0.081523 -0.141830 0.200709
v -0.078956 -0.137607 0.216904
v -0.076277 -0.133197 0.232400
v -0.073485 -0.128612 0.247116
v -0.070591 -0.123864 0.260978
v -0.067646 -0.118962 0.273943
v -0.064715 -0.113914 0.285977
v -0.061860 -0.108728 0.297046
v -0.059164 -0.103402 0.307123
v -0.056783 -0.097891 0.316210
v -0.054896 -0.092140 0.324317
v -0.106652 -0.149762 0.130589
v -0.104150 -0.146594 0.148752
v -0.101519 -0.143202 0.166540
v -0.098759 -0.139600 0.183868
v -0.095866 -0.135799 0.200652
v -0.092842 -0.131814 0.216805
v -0.089683 -0.127658 0.232243
v -0.086389 -0.123344 0.246882
v -0.082970 -0.118887 0.260643
v -0.079477 -0.114304 0.273474
v -0.075974 -0.109615 0.285330
v -0.072525 -0.104840 0.296167
v -0.069218 -0.099988 0.305943
v -0.066247 -0.095034 0.314637
v -0.063861 -0.089918 0.322242
v -0.121432 -0.141693 0.130588
v -0.118582 -0.138734 0.148749
v -0.115585 -0.135567 0.166532
v -0.112439 -0.132207 0.183848
v -0.109140 -0.128665 0.200611
v -0.105688 -0.124957 0.216735
v -0.102080 -0.121094 0.232132
v -0.098315 -0.117091 0.246716
v -0.094400 -0.112964 0.260406
v -0.090383 -0.108741 0.273140
v -0.086323 -0.104454 0.284866
v -0.082277 -0.100133 0.295527
v -0.078330 -0.095812 0.305065
v -0.074677 -0.091530 0.313395
v -0.071640 -0.087260 0.320462
v 0.115013 -0.129121 -0.117421
v 0.117888 -0.134252 -0.109015
v 0.121332 -0.138797 -0.099156
v 0.124773 -0.142817 -0.087940
v 0.127878 -0.146265 -0.075494
v 0.130504 -0.149104 -0.061919
v 0.132555 -0.151300 -0.047308
v 0.133935 -0.152817 -0.031753
v 0.134576 -0.153636 -0.015356
v 0.134529 -0.153802 0.001759
v 0.133870 -0.153375 0.019460
v 0.132678 -0.152414 0.037615
v 0.131031 -0.150979 0.056091
v 0.129006 -0.149131 0.074758
v 0.126681 -0.146928 0.093483
v 0.102599 -0.134454 -0.119547
v 0.104509 -0.140777 -0.110498
v 0.107065 -0.146175 -0.100204
v 0.109805 -0.150765 -0.088704
v 0.112372 -0.154612 -0.076049
v 0.114604 -0.157721 -0.062318
v 0.116385 -0.160087 -0.047591
v 0.117604 -0.161700 -0.031951
v 0.118177 -0.162565 -0.015488
v 0.118143 -0.162734 0.001676
v 0.117569 -0.162271 0.019412
v 0.116526 -0.161238 0.037590
v 0.115081 -0.159700 0.056081
v 0.113304 -0.157721 0.074755
v 0.111262 -0.155364 0.093483
v 0.088329 -0.139161 -0.122025
v 0.089597 -0.146335 -0.112377
v 0.091457 -0.152404 -0.101615
v 0.093562 -0.157488 -0.089754
v 0.095610 -0.161684 -0.076821
v 0.097442 -0.165026 -0.062877
v 0.098939 -0.167534 -0.047991
v 0.099980 -0.169226 -0.032231
v 0.100474 -0.170127 -0.015676
v 0.100450 -0.170296 0.001558
v 0.099965 -0.169800 0.019343
v 0.099081 -0.168706 0.037555
v 0.097853 -0.167080 0.056066
v 0.096343 -0.164990 0.074751
v 0.094607 -0.162502 0.093482
v 0.072493 -0.143237 -0.124436
v 0.073350 -0.150975 -0.114315
v 0.074671 -0.157534 -0.103130
v 0.076221 -0.163009 -0.090909
v 0.077785 -0.167488 -0.077686
v 0.079226 -0.171017 -0.063513
v 0.080429 -0.173639 -0.048449
v 0.081278 -0.175391 -0.032552
v 0.081684 -0.176318 -0.015891
v 0.081667 -0.176486 0.001422
v 0.081276 -0.175962 0.019265
v 0.080558 -0.174817 0.037515
v 0.079561 -0.173119 0.056049
v 0.078333 -0.170937 0.074746
v 0.076922 -0.168342 0.093482
v 0.055433 -0.146574 -0.126520
v 0.055993 -0.154697 -0.116041
v 0.056889 -0.161596 -0.104521
v 0.057970 -0.167348 -0.092001
v 0.059097 -0.172027 -0.078523
v 0.060163 -0.175691 -0.064140
v 0.061067 -0.178395 -0.048906
v 0.061713 -0.180191 -0.032872
v 0.062024 -0.181138 -0.016106
v 0.062013 -0.181302 0.001287
v 0.061717 -0.180756 0.019187
v 0.061172 -0.179570 0.037475
v 0.060416 -0.177816 0.056032
v 0.059484 -0.175563 0.074741
v 0.058413 -0.172884 0.093481
v 0.037461 -0.149075 -0.128140
v 0.037796 -0.157444 -0.117413
v 0.038347 -0.164557 -0.105653
v 0.039030 -0.170483 -0.092911
v 0.039759 -0.175290 -0.079236
v 0.040462 -0.179041 -0.064683
v 0.041067 -0.181798 -0.049303
v 0.041502 -0.183624 -0.033152
v 0.041711 -0.184583 -0.016293
v 0.041705 -0.184745 0.001169
v 0.041507 -0.184181 0.019118
v 0.041141 -0.182966 0.037440
v 0.040632 -0.181171 0.056018
v 0.040006 -0.178867 0.074736
v 0.039285 -0.176129 0.093480
v 0.018883 -0.150644 -0.129189
v 0.019038 -0.159144 -0.118318
v 0.019300 -0.166369 -0.106414
v 0.019630 -0.172385 -0.093534
v 0.019988 -0.177259 -0.079732
v 0.020337 -0.181057 -0.065063
v 0.020640 -0.183844 -0.049584
v 0.020859 -0.185687 -0.033350
v 0.020964 -0.186652 -0.016426
v 0.020961 -0.186811 0.001086
v 0.020862 -0.186237 0.019070
v 0.020678 -0.185004 0.037415
v 0.020423 -0.183184 0.056007
v 0.020108 -0.180850 0.074733
v 0.019746 -0.178075 0.093480
v -0.000000 -0.151188 -0.129562
v -0.000000 -0.159727 -0.118644
v -0.000000 -0.166984 -0.106693
v -0.000000 -0.173025 -0.093765
v -0.000000 -0.177919 -0.079917
v -0.000000 -0.181731 -0.065207
v 0.000000 -0.184527 -0.049691
v 0.000000 -0.186375 -0.033425
v -0.000000 -0.187342 -0.016476
v 0.000000 -0.187500 0.001054
v -0.000000 -0.186923 0.019052
v 0.000000 -0.185683 0.037406
v 0.000000 -0.183855 0.056003
v 0.000000 -0.181511 0.074732
v -0.000000 -0.178724 0.093480
v -0.018883 -0.150644 -0.129189
v -0.019038 -0.159144 -0.118317
v -0.019300 -0.166369 -0.106414
v -0.019630 -0.172385 -0.093534
v -0.019988 -0.177259 -0.079732
v -0.020337 -0.181057 -0.065063
v -0.020640 -0.183844 -0.049584
v -0.020859 -0.185687 -0.033350
v -0.020964 -0.186652 -0.016426
v -0.020961 -0.186811 0.001086
v -0.020862 -0.186237 0.019070
v -0.020678 -0.185004 0.037415
v -0.020423 -0.183184 0.056007
v -0.020108 -0.180850 0.074733
v -0.019746 -0.178075 0.093480
v -0.037461 -0.149075 -0.128140
v -0.037796 -0.157444 -0.117413
v -0.038347 -0.164557 -0.105653
v -0.039030 -0.170483 -0.092911
v -0.039759 -0.175290 -0.079236
v -0.040462 -0.179041 -0.064683
v -0.041067 -0.181798 -0.049303
v -0.041502 -0.183624 -0.033152
v -0.041711 -0.184583 -0.016293
v -0.041705 -0.184745 0.001169
v -0.041507 -0.184182 0.019118
v -0.041141 -0.182966 0.037440
v -0.040632 -0.181171 0.056018
v -0.040006 -0.178867 0.074736
v -0.039285 -0.176129 0.093480
v -0.055433 -0.146574 -0.126520
v -0.055993 -0.154697 -0.116041
v -0.056889 -0.161596 -0.104521
v -0.057970 -0.167348 -0.092001
v -0.059097 -0.172027 -0.078523
v -0.060163 -0.175691 -0.064140
v -0.061067 -0.178395 -0.048906
v -0.061713 -0.180191 -0.032872
v -0.062024 -0.181138 -0.016106
v -0.062013 -0.181302 0.001287
v -0.061717 -0.180756 0.019187
v -0.061172 -0.179570 0.037475
v -0.060416 -0.177816 0.056032
v -0.059484 -0.175563 0.074741
v -0.058413 -0.172884 0.093481
v -0.072493 -0.143237 -0.124436
v -0.073350 -0.150975 -0.114315
v -0.074671 -0.157534 -0.103130
v -0.076221 -0.163009 -0.090909
v -0.077785 -0.167488 -0.077686
v -0.079226 -0.171017 -0.063513
v -0.080429 -0.173638 -0.048449
v -0.081278 -0.175391 -0.032552
v -0.081684 -0.176318 -0.015891
v -0.081667 -0.176486 0.001422
v -0.081276 -0.175962 0.019265
v -0.080558 -0.174817 0.037515
v -0.079561 -0.173119 0.056049
v -0.078333 -0.170937 0.074746
v -0.076922 -0.168342 0.093482
v -0.088329 -0.139161 -0.122025
v -0.089597 -0.146335 -0.112377
v -0.091457 -0.152404 -0.101615
v -0.093562 -0.157488 -0.089754
v -0.095610 -0.161684 -0.076821
v -0.097442 -0.165026 -0.062877
v -0.098939 -0.167534 -0.047991
v -0.099980 -0.169226 -0.032231
v -0.100474 -0.170127 -0.015676
v -0.100450 -0.170296 0.001558
v -0.099965 -0.169800 0.019343
v -0.099081 -0.168706 0.037555
v -0.097853 -0.167080 0.056066
v -0.096343 -0.164990 0.074751
v -0.094607 -0.162502 0.093482
v -0.102599 -0.134454 -0.119547
v -0.104509 -0.140777 -0.110498
v -0.107065 -0.146175 -0.100204
v -0.109805 -0.150765 -0.088704
v -0.112372 -0.154612 -0.076049
v -0.114604 -0.157721 -0.062318
v -0.116385 -0.160087 -0.047591
v -0.117604 -0.161700 -0.031951
v -0.118177 -0.162565 -0.015488
v -0.118143 -0.162734 0.001676
v -0.117569 -0.162271 0.019412
v -0.116526 -0.161238 0.037590
v -0.115081 -0.159700 0.056081
v -0.113304 -0.157721 0.074755
v -0.111262 -0.155364 0.093483
v -0.115013 -0.129121 -0.117421
v -0.117888 -0.134252 -0.109015
v -0.121332 -0.138797 -0.099156
v -0.124773 -0.142817 -0.087940
v -0.127878 -0.146265 -0.075494
v -0.130504 -0.149104 -0.061919
v -0.132555 -0.151300 -0.047308
v -0.133935 -0.152817 -0.031753
v -0.134576 -0.153636 -0.015356
v -0.134529 -0.153802 0.001759
v -0.133870 -0.153375 0.019460
v -0.132678 -0.152414 0.037615
v -0.131031 -0.150979 0.056091
v -0.129006 -0.149131 0.074758
v -0.126681 -0.146928 0.093483
v -0.133155 -0.115180 -0.117421
v -0.139614 -0.117531 -0.109015
v -0.145268 -0.120340 -0.099156
v -0.150206 -0.123165 -0.087940
v -0.154374 -0.125745 -0.075494
v -0.157735 -0.127967 -0.061919
v -0.160251 -0.129751 -0.047308
v -0.161887 -0.131018 -0.031753
v -0.162627 -0.131713 -0.015356
v -0.162544 -0.131862 0.001759
v -0.161729 -0.131516 0.019460
v -0.160277 -0.130727 0.037615
v -0.158280 -0.129542 0.056091
v -0.155830 -0.128014 0.074758
v -0.153020 -0.126191 0.093483
v -0.140154 -0.105598 -0.119547
v -0.148137 -0.107199 -0.110498
v -0.154872 -0.109310 -0.100204
v -0.160520 -0.111576 -0.088704
v -0.165174 -0.113719 -0.076049
v -0.168853 -0.115610 -0.062318
v -0.171557 -0.117159 -0.047591
v -0.173286 -0.118276 -0.031951
v -0.174057 -0.118890 -0.015488
v -0.173952 -0.119025 0.001676
v -0.173069 -0.118725 0.019412
v -0.171507 -0.118033 0.037590
v -0.169365 -0.116994 0.056081
v -0.166742 -0.115652 0.074755
v -0.163735 -0.114051 0.093483
v -0.146351 -0.094581 -0.122025
v -0.155417 -0.095676 -0.112377
v -0.162998 -0.097235 -0.101615
v -0.169258 -0.098991 -0.089754
v -0.174336 -0.100709 -0.076821
v -0.178287 -0.102267 -0.062877
v -0.181147 -0.103569 -0.047991
v -0.182949 -0.104520 -0.032231
v -0.183740 -0.105046 -0.015676
v -0.183612 -0.105163 0.001558
v -0.182668 -0.104910 0.019343
v -0.181012 -0.104323 0.037555
v -0.178747 -0.103440 0.056066
v -0.175975 -0.102299 0.074751
v -0.172801 -0.100938 0.093482
v -0.151730 -0.082358 -0.124436
v -0.161509 -0.083120 -0.114315
v -0.169703 -0.084245 -0.103130
v -0.176447 -0.085550 -0.090909
v -0.181865 -0.086870 -0.077686
v -0.186032 -0.088099 -0.063513
v -0.189012 -0.089145 -0.048449
v -0.190868 -0.089919 -0.032552
v -0.191672 -0.090349 -0.015891
v -0.191522 -0.090447 0.001422
v -0.190526 -0.090242 0.019265
v -0.188790 -0.089765 0.037515
v -0.186423 -0.089048 0.056049
v -0.183530 -0.088121 0.074746
v -0.180218 -0.087014 0.093482
v -0.156141 -0.069196 -0.126520
v -0.166405 -0.069709 -0.116041
v -0.175022 -0.070482 -0.104521
v -0.182104 -0.071401 -0.092001
v -0.187761 -0.072357 -0.078523
v -0.192080 -0.073268 -0.064140
v -0.195145 -0.074055 -0.048906
v -0.197038 -0.074643 -0.032872
v -0.197848 -0.074971 -0.016106
v -0.197678 -0.075046 0.001287
v -0.196640 -0.074891 0.019187
v -0.194842 -0.074530 0.037475
v -0.192394 -0.073985 0.056032
v -0.189406 -0.073282 0.074741
v -0.185988 -0.072441 0.093481
v -0.159451 -0.055336 -0.128140
v -0.170024 -0.055649 -0.117413
v -0.178905 -0.056131 -0.105653
v -0.186198 -0.056716 -0.092911
v -0.192004 -0.057337 -0.079236
v -0.196419 -0.057939 -0.064683
v -0.199537 -0.058465 -0.049303
v -0.201453 -0.058861 -0.033152
v -0.202264 -0.059082 -0.016293
v -0.202079 -0.059133 0.001169
v -0.201008 -0.059029 0.019118
v -0.199165 -0.058786 0.037440
v -0.196659 -0.058420 0.056018
v -0.193603 -0.057947 0.074736
v -0.190109 -0.057382 0.093480
v -0.161530 -0.041010 -0.129189
v -0.172267 -0.041158 -0.118317
v -0.181285 -0.041389 -0.106414
v -0.188685 -0.041673 -0.093534
v -0.194568 -0.041979 -0.079732
v -0.199032 -0.042278 -0.065063
v -0.202179 -0.042542 -0.049584
v -0.204106 -0.042741 -0.033350
v -0.204917 -0.042852 -0.016426
v -0.204721 -0.042878 0.001086
v -0.203631 -0.042826 0.019070
v -0.201759 -0.042704 0.037415
v -0.199219 -0.042520 0.056007
v -0.196122 -0.042282 0.074733
v -0.192581 -0.041998 0.093480
v -0.162252 -0.026452 -0.129562
v -0.173037 -0.026452 -0.118644
v -0.182093 -0.026452 -0.106693
v -0.189524 -0.026452 -0.093765
v -0.195428 -0.026452 -0.079917
v -0.199907 -0.026452 -0.065207
v -0.203061 -0.026452 -0.049691
v -0.204992 -0.026452 -0.033425
v -0.205802 -0.026452 -0.016476
v -0.205602 -0.026452 0.001054
v -0.204505 -0.026452 0.019052
v -0.202624 -0.026452 0.037406
v -0.200072 -0.026452 0.056003
v -0.196961 -0.026452 0.074732
v -0.193405 -0.026452 0.093480
v -0.161530 -0.011893 -0.129189
v -0.172267 -0.011745 -0.118317
v -0.181285 -0.011514 -0.106414
v -0.188685 -0.011230 -0.093534
v -0.194568 -0.010924 -0.079732
v -0.199032 -0.010625 -0.065063
v -0.202179 -0.010361 -0.049584
v -0.204106 -0.010163 -0.033350
v -0.204917 -0.010051 -0.016426
v -0.204721 -0.010026 0.001086
v -0.203631 -0.010078 0.019070
v -0.201759 -0.010200 0.037415
v -0.199219 -0.010383 0.056007
v -0.196122 -0.010621 0.074733
v -0.192581 -0.010905 0.093480
v -0.159451 0.002433 -0.128140
v -0.170024 0.002746 -0.117413
v -0.178905 0.003228 -0.105653
v -0.186198 0.003812 -0.092911
v -0.192004 0.004434 -0.079236
v -0.196419 0.005036 -0.064683
v -0.199537 0.005562 -0.049303
v -0.201453 0.005958 -0.033152
v -0.202264 0.006179 -0.016293
v -0.202079 0.006230 0.001169
v -0.201008 0.006126 0.019118
v -0.199165 0.005883 0.037440
v -0.196659 0.005517 0.056018
v -0.193603 0.005044 0.074736
v -0.190109 0.004479 0.093480
v -0.156141 0.016293 -0.126520
v -0.166405 0.016805 -0.116041
v -0.175022 0.017579 -0.104521
v -0.182104 0.018498 -0.092001
v -0.187761 0.019454 -0.078523
v -0.192080 0.020365 -0.064140
v -0.195145 0.021152 -0.048906
v -0.197038 0.021740 -0.032872
v -0.197848 0.022068 -0.016106
v -0.197678 0.022143 0.001287
v -0.196640 0.021988 0.019187
v -0.194842 0.021627 0.037475
v -0.192394 0.021082 0.056032
v -0.189406 0.020378 0.074741
v -0.185988 0.019538 0.093481
v -0.151730 0.029455 -0.124436
v -0.161509 0.030217 -0.114315
v -0.169703 0.031342 -0.103130
v -0.176447 0.032647 -0.090909
v -0.181865 0.033967 -0.077686
v -0.186032 0.035196 -0.063513
v -0.189012 0.036242 -0.048449
v -0.190868 0.037016 -0.032552
v -0.191672 0.037446 -0.015891
v -0.191522 0.037543 0.001422
v -0.190526 0.037338 0.019265
v -0.188790 0.036862 0.037515
v -0.186423 0.036145 0.056049
v -0.183530 0.035218 0.074746
v -0.180218 0.034111 0.093482
v -0.146351 0.041678 -0.122025
v -0.155417 0.042773 -0.112377
v -0.162998 0.044332 -0.101614
v -0.169258 0.046088 -0.089754
v -0.174336 0.047806 -0.076821
v -0.178287 0.049364 -0.062877
v -0.181147 0.050666 -0.047991
v -0.182949 0.051616 -0.032231
v -0.183740 0.052143 -0.015676
v -0.183612 0.052260 0.001558
v -0.182668 0.052007 0.019343
v -0.181012 0.051419 0.037555
v -0.178747 0.050537 0.056066
v -0.175975 0.049396 0.074751
v -0.172801 0.048035 0.093482
v -0.140154 0.052695 -0.119547
v -0.148137 0.054296 -0.110498
v -0.154872 0.056407 -0.100204
v -0.160520 0.058673 -0.088704
v -0.165174 0.060815 -0.076049
v -0.168853 0.062707 -0.062318
v -0.171557 0.064256 -0.047591
v -0.173286 0.065372 -0.031951
v -0.174057 0.065987 -0.015488
v -0.173952 0.066122 0.001676
v -0.173069 0.065822 0.019412
v -0.171507 0.065130 0.037590
v -0.169365 0.064091 0.056081
v -0.166742 0.062749 0.074755
v -0.163735 0.061148 0.093483
v -0.133155 0.062277 -0.117421
v -0.139614 0.064628 -0.109015
v -0.145268 0.067437 -0.099156
v -0.150206 0.070261 -0.087940
v -0.154374 0.072842 -0.075494
v -0.157735 0.075064 -0.061919
v -0.160251 0.076848 -0.047308
v -0.161887 0.078115 -0.031753
v -0.162627 0.078809 -0.015356
v -0.162544 0.078959 0.001759
v -0.161729 0.078613 0.019460
v -0.160277 0.077823 0.037615
v -0.158280 0.076639 0.056091
v -0.155830 0.075110 0.074758
v -0.153020 0.073288 0.093483
v 0.133155 0.062277 -0.117421
v 0.139614 0.064628 -0.109015
v 0.145268 0.067437 -0.099156
v 0.150206 0.070261 -0.087940
v 0.154374 0.072842 -0.075494
v 0.157735 0.075064 -0.061919
v 0.160251 0.076848 -0.047308
v 0.161887 0.078115 -0.031753
v 0.162627 0.078809 -0.015356
v 0.162544 0.078959 0.001759
v 0.161729 0.078613 0.019460
v 0.160277 0.077823 0.037615
v 0.158280 0.076639 0.056091
v 0.155830 0.075110 0.074758
v 0.153020 0.073288 0.093483
v 0.140154 0.052695 -0.119547
v 0.148137 0.054296 -0.110498
v 0.154872 0.056407 -0.100204
v 0.160520 0.058673 -0.088704
v 0.165174 0.060815 -0.076049
v 0.168853 0.062707 -0.062318
v 0.171557 0.064256 -0.047591
v 0.173286 0.065372 -0.031951
v 0.174057 0.065987 -0.015488
v 0.173952 0.066122 0.001676
v 0.173069 0.065822 0.019412
v 0.171507 0.065130 0.037590
v 0.169365 0.064091 0.056081
v 0.166742 0.062749 0.074755
v 0.163735 0.061148 0.093483
v 0.146351 0.041678 -0.122025
v 0.155417 0.042773 -0.112377
v 0.162998 0.044332 -0.101615
v 0.169258 0.046088 -0.089754
v 0.174336 0.047806 -0.076821
v 0.178287 0.049364 -0.062877
v 0.181147 0.050666 -0.047991
v 0.182949 0.051616 -0.032231
v 0.183740 0.052143 -0.015676
v 0.183612 0.052260 0.001558
v 0.182668 0.052007 0.019343
v 0.181012 0.051419 0.037555
v 0.178747 0.050537 0.056066
v 0.175975 0.049396 0.074751
v 0.172801 0.048035 0.093482
v 0.151730 0.029455 -0.124436
v 0.161509 0.030217 -0.114315
v 0.169703 0.031342 -0.103130
v 0.176447 0.032647 -0.090909
v 0.181865 0.033967 -0.077686
v 0.186032 0.035196 -0.063513
v 0.189012 0.036242 -0.048449
v 0.190868 0.037016 -0.032552
v 0.191672 0.037446 -0.015891
v 0.191522 0.037543 0.001422
v 0.190526 0.037338 0.019265
v 0.188790 0.036862 0.037515
v 0.186423 0.036145 0.056049
v 0.183530 0.035218 0.074746
v 0.180218 0.034111 0.093482
v 0.156141 0.016293 -0.126520
v 0.166405 0.016805 -0.116041
v 0.175022 0.017579 -0.104521
v 0.182104 0.018498 -0.092001
v 0.187761 0.019454 -0.078523
v 0.192080 0.020365 -0.064140
v 0.195145 0.021152 -0.048906
v 0.197038 0.021740 -0.032872
v 0.197848 0.022068 -0.016106
v 0.197678 0.022143 0.001287
v 0.196640 0.021988 0.019187
v 0.194842 0.021627 0.037475
v 0.192394 0.021082 0.056032
v 0.189406 0.020378 0.074741
v 0.185988 0.019538 0.093481
v 0.159451 0.002433 -0.128140
v 0.170024 0.002746 -0.117413
v 0.178905 0.003228 -0.105653
v 0.186198 0.003812 -0.092911
v 0.192004 0.004434 -0.079236
v 0.196419 0.005036 -0.064683
v 0.199537 0.005562 -0.049303
v 0.201453 0.005958 -0.033152
v 0.202264 0.006179 -0.016293
v 0.202079 0.006230 0.001169
v 0.201008 0.006126 0.019118
v 0.199165 0.005883 0.037440
v 0.196659 0.005517 0.056018
v 0.193603 0.005044 0.074736
v 0.190109 0.004479 0.093480
v 0.161530 -0.011893 -0.129189
v 0.172267 -0.011745 -0.118317
v 0.181285 -0.011514 -0.106414
v 0.188685 -0.011230 -0.093534
v 0.194568 -0.010924 -0.079732
v 0.199032 -0.010625 -0.065063
v 0.202179 -0.010361 -0.049584
v 0.204106 -0.010163 -0.033350
v 0.204917 -0.010051 -0.016426
v 0.204721 -0.010026 0.001086
v 0.203631 -0.010078 0.019070
v 0.201759 -0.010200 0.037415
v 0.199219 -0.010383 0.056007
v 0.196122 -0.010621 0.074733
v 0.192581 -0.010905 0.093480
v 0.162252 -0.026452 -0.129562
v 0.173037 -0.026452 -0.118644
v 0.182093 -0.026452 -0.106693
v 0.189524 -0.026452 -0.093765
v 0.195428 -0.026452 -0.079917
v 0.199907 -0.026452 -0.065207
v 0.203061 -0.026452 -0.049691
v 0.204992 -0.026452 -0.033425
v 0.205802 -0.026452 -0.016476
v 0.205602 -0.026452 0.001054
v 0.204505 -0.026452 0.019052
v 0.202624 -0.026452 0.037406
v 0.200072 -0.026452 0.056003
v 0.196961 -0.026452 0.074732
v 0.193405 -0.026452 0.093480
v 0.161530 -0.041010 -0.129189
v 0.172267 -0.041158 -0.118317
v 0.181285 -0.041389 -0.106414
v 0.188685 -0.041673 -0.093534
v 0.194568 -0.041979 -0.079732
v 0.199032 -0.042278 -0.065063
v 0.202179 -0.042542 -0.049584
v 0.204106 -0.042741 -0.033350
v 0.204917 -0.042852 -0.016426
v 0.204721 -0.042878 0.001086
v 0.203631 -0.042826 0.019070
v 0.201759 -0.042704 0.037415
v 0.199219 -0.042520 0.056007
v 0.196122 -0.042282 0.074733
v 0.192581 -0.041998 0.093480
v 0.159451 -0.055336 -0.128140
v 0.170024 -0.055649 -0.117413
v 0.178905 -0.056131 -0.105653
v 0.186198 -0.056716 -0.092911
v 0.192004 -0.057337 -0.079236
v 0.196419 -0.057939 -0.064683
v 0.199537 -0.058465 -0.049303
v 0.201453 -0.058861 -0.033152
v 0.202264 -0.059082 -0.016293
v 0.202079 -0.059133 0.001169
v 0.201008 -0.059029 0.019118
v 0.199165 -0.058786 0.037440
v 0.196659 -0.058420 0.056018
v 0.193603 -0.057947 0.074736
v 0.190109 -0.057382 0.093480
v 0.156141 -0.069196 -0.126520
v 0.166405 -0.069709 -0.116041
v 0.175022 -0.070482 -0.104521
v 0.182104 -0.071401 -0.092001
v 0.187761 -0.072357 -0.078523
v 0.192080 -0.073268 -0.064140
v 0.195145 -0.074055 -0.048906
v 0.197038 -0.074643 -0.032872
v 0.197848 -0.074971 -0.016106
v 0.197678 -0.075046 0.001287
v 0.196640 -0.074891 0.019187
v 0.194842 -0.074530 0.037475
v 0.192394 -0.073985 0.056032
v 0.189406 -0.073282 0.074741
v 0.185988 -0.072441 0.093481
v 0.151730 -0.082358 -0.124436
v 0.161509 -0.083120 -0.114315
v 0.169703 -0.084245 -0.103130
v 0.176447 -0.085550 -0.090909
v 0.181865 -0.086870 -0.077686
v 0.186032 -0.088099 -0.063513
v 0.189012 -0.089145 -0.048449
v 0.190868 -0.089919 -0.032552
v 0.191672 -0.090349 -0.015891
v 0.191522 -0.090447 0.001422
v 0.190526 -0.090242 0.019265
v 0.188790 -0.089765 0.037515
v 0.186423 -0.089048 0.056049
v 0.183530 -0.088121 0.074746
v 0.180218 -0.087014 0.093482
v 0.146351 -0.094581 -0.122025
v 0.155417 -0.095676 -0.112377
v 0.162998 -0.097235 -0.101615
v 0.169258 -0.098991 -0.089754
v 0.174336 -0.100709 -0.076821
v 0.178287 -0.102267 -0.062877
v 0.181147 -0.103569 -0.047991
v 0.182949 -0.104520 -0.032231
v 0.183740 -0.105046 -0.015676
v 0.183612 -0.105163 0.001558
v 0.182668 -0.104910 0.019343
v 0.181012 -0.104323 0.037555
v 0.178747 -0.103440 0.056066
v 0.175975 -0.102299 0.074751
v 0.172801 -0.100938 0.093482
v 0.140154 -0.105598 -0.119547
v 0.148137 -0.107199 -0.110498
v 0.154872 -0.109310 -0.100204
v 0.160520 -0.111576 -0.088704
v 0.165174 -0.113719 -0.076049
v 0.168853 -0.115610 -0.062318
v 0.171557 -0.117159 -0.047591
v 0.173286 -0.118276 -0.031951
v 0.174057 -0.118890 -0.015488
v 0.173952 -0.119025 0.001676
v 0.173069 -0.118725 0.019412
v 0.171507 -0.118033 0.037590
v 0.169365 -0.116994 0.056081
v 0.166742 -0.115652 0.074755
v 0.163735 -0.114051 0.093483
v 0.133155 -0.115180 -0.117421
v 0.139614 -0.117531 -0.109015
v 0.145268 -0.120340 -0.099156
v 0.150206 -0.123165 -0.087940
v 0.154374 -0.125745 -0.075494
v 0.157735 -0.127967 -0.061919
v 0.160251 -0.129751 -0.047308
v 0.161887 -0.131018 -0.031753
v 0.162627 -0.131713 -0.015356
v 0.162544 -0.131862 0.001759
v 0.161729 -0.131516 0.019460
v 0.160277 -0.130727 0.037615
v 0.158280 -0.129542 0.056091
v 0.155830 -0.128014 0.074758
v 0.153020 -0.126191 0.093483
v -0.115013 0.076218 -0.117421
v -0.117888 0.081349 -0.109015
v -0.121332 0.085894 -0.099156
v -0.124773 0.089914 -0.087940
v -0.127878 0.093362 -0.075494
v -0.130504 0.096201 -0.061919
v -0.132555 0.098397 -0.047308
v -0.133935 0.099914 -0.031753
v -0.134576 0.100733 -0.015356
v -0.134529 0.100899 0.001759
v -0.133870 0.100472 0.019460
v -0.132678 0.099511 0.037615
v -0.131031 0.098076 0.056091
v -0.129006 0.096228 0.074758
v -0.126681 0.094025 0.093483
v -0.102599 0.081551 -0.119547
v -0.104509 0.087874 -0.110498
v -0.107065 0.093272 -0.100204
v -0.109805 0.097862 -0.088704
v -0.112372 0.101709 -0.076049
v -0.114604 0.104818 -0.062318
v -0.116385 0.107184 -0.047591
v -0.117604 0.108797 -0.031951
v -0.118177 0.109662 -0.015488
v -0.118143 0.109831 0.001676
v -0.117569 0.109367 0.019412
v -0.116526 0.108335 0.037590
v -0.115081 0.106797 0.056081
v -0.113304 0.104818 0.074755
v -0.111262 0.102461 0.093483
v -0.088329 0.086258 -0.122025
v -0.089597 0.093432 -0.112377
v -0.091457 0.099501 -0.101614
v -0.093562 0.104584 -0.089754
v -0.095610 0.108780 -0.076821
v -0.097442 0.112123 -0.062877
v -0.098939 0.114631 -0.047991
v -0.099980 0.116323 -0.032231
v -0.100474 0.117223 -0.015676
v -0.100450 0.117392 0.001558
v -0.099965 0.116897 0.019343
v -0.099081 0.115803 0.037555
v -0.097853 0.114177 0.056066
v -0.096343 0.112087 0.074751
v -0.094607 0.109599 0.093482
v -0.072493 0.090334 -0.124436
v -0.073350 0.098072 -0.114315
v -0.074671 0.104631 -0.103130
v -0.076221 0.110106 -0.090909
v -0.077785 0.114584 -0.077686
v -0.079226 0.118114 -0.063513
v -0.080429 0.120735 -0.048449
v -0.081278 0.122487 -0.032552
v -0.081684 0.123415 -0.015891
v -0.081667 0.123582 0.001422
v -0.081276 0.123059 0.019265
v -0.080558 0.121913 0.037515
v -0.079561 0.120215 0.056049
v -0.078333 0.118034 0.074746
v -0.076922 0.115439 0.093482
v -0.055433 0.093671 -0.126520
v -0.055993 0.101794 -0.116041
v -0.056889 0.108692 -0.104521
v -0.057970 0.114445 -0.092001
v -0.059097 0.119124 -0.078523
v -0.060163 0.122788 -0.064140
v -0.061067 0.125492 -0.048906
v -0.061713 0.127288 -0.032872
v -0.062024 0.128234 -0.016106
v -0.062013 0.128399 0.001287
v -0.061717 0.127853 0.019187
v -0.061172 0.126667 0.037475
v -0.060416 0.124912 0.056032
v -0.059484 0.122660 0.074741
v -0.058413 0.119981 0.093481
v -0.037461 0.096171 -0.128140
v -0.037796 0.104541 -0.117413
v -0.038347 0.111654 -0.105653
v -0.039030 0.117580 -0.092911
v -0.039759 0.122386 -0.079236
v -0.040462 0.126137 -0.064683
v -0.041067 0.128895 -0.049303
v -0.041502 0.130721 -0.033152
v -0.041711 0.131680 -0.016293
v -0.041705 0.131841 0.001169
v -0.041507 0.131278 0.019118
v -0.041141 0.130063 0.037440
v -0.040632 0.128267 0.056018
v -0.040006 0.125964 0.074736
v -0.039285 0.123225 0.093481
v -0.018883 0.097741 -0.129189
v -0.019038 0.106241 -0.118317
v -0.019300 0.113466 -0.106414
v -0.019630 0.119482 -0.093534
v -0.019988 0.124356 -0.079732
v -0.020337 0.128153 -0.065063
v -0.020640 0.130941 -0.049584
v -0.020859 0.132783 -0.033350
v -0.020964 0.133748 -0.016426
v -0.020961 0.133908 0.001086
v -0.020862 0.133334 0.019070
v -0.020678 0.132101 0.037415
v -0.020423 0.130281 0.056007
v -0.020108 0.127947 0.074733
v -0.019746 0.125172 0.093480
v 0.000000 0.098285 -0.129562
v 0.000000 0.106824 -0.118644
v 0.000000 0.114080 -0.106692
v 0.000000 0.120122 -0.093765
v 0.000000 0.125016 -0.079917
v 0.000000 0.128827 -0.065207
v -0.000000 0.131624 -0.049691
v -0.000000 0.133472 -0.033425
v -0.000000 0.134439 -0.016476
v -0.000000 0.134597 0.001054
v -0.000000 0.134020 0.019052
v -0.000000 0.132780 0.037406
v -0.000000 0.130952 0.056003
v -0.000000 0.128608 0.074732
v 0.000000 0.125821 0.093480
v 0.018883 0.097741 -0.129189
v 0.019038 0.106241 -0.118317
v 0.019300 0.113466 -0.106414
v 0.019630 0.119482 -0.093534
v 0.019988 0.124356 -0.079732
v 0.020337 0.128153 -0.065063
v 0.020640 0.130941 -0.049584
v 0.020859 0.132783 -0.033350
v 0.020964 0.133749 -0.016426
v 0.020961 0.133908 0.001086
v 0.020862 0.133334 0.019070
v 0.020678 0.132101 0.037415
v 0.020423 0.130281 0.056007
v 0.020108 0.127947 0.074733
v 0.019746 0.125172 0.093480
v 0.037461 0.096171 -0.128140
v 0.037796 0.104541 -0.117413
v 0.038347 0.111654 -0.105653
v 0.039030 0.117580 -0.092911
v 0.039759 0.122386 -0.079236
v 0.040462 0.126137 -0.064683
v 0.041067 0.128895 -0.049303
v 0.041502 0.130721 -0.033152
v 0.041711 0.131680 -0.016293
v 0.041705 0.131841 0.001169
v 0.041507 0.131278 0.019118
v 0.041141 0.130063 0.037440
v 0.040632 0.128267 0.056018
v 0.040006 0.125964 0.074736
v 0.039285 0.123225 0.093481
v 0.055433 0.093671 -0.126520
v 0.055993 0.101794 -0.116041
v 0.056889 0.108692 -0.104521
v 0.057970 0.114445 -0.092001
v 0.059097 0.119124 -0.078523
v 0.060163 0.122788 -0.064140
v 0.061067 0.125492 -0.048906
v 0.061713 0.127288 -0.032872
v 0.062024 0.128234 -0.016106
v 0.062013 0.128399 0.001287
v 0.061717 0.127853 0.019187
v 0.061172 0.126667 0.037475
v 0.060416 0.124912 0.056032
v 0.059484 0.122660 0.074741
v 0.058413 0.119981 0.093481
v 0.072493 0.090334 -0.124436
v 0.073350 0.098072 -0.114315
v 0.074671 0.104631 -0.103130
v 0.076221 0.110106 -0.090909
v 0.077785 0.114584 -0.077686
v 0.079226 0.118114 -0.063513
v 0.080429 0.120735 -0.048449
v 0.081278 0.122487 -0.032552
v 0.081684 0.123415 -0.015891
v 0.081667 0.123582 0.001422
v 0.081276 0.123059 0.019265
v 0.080558 0.121913 0.037515
v 0.079561 0.120215 0.056049
v 0.078333 0.118034 0.074746
v 0.076922 0.115439 0.093482
v 0.088329 0.086258 -0.122025
v 0.089597 0.093432 -0.112377
v 0.091457 0.099501 -0.101614
v 0.093562 0.104584 -0.089754
v 0.095610 0.108780 -0.076821
v 0.097442 0.112123 -0.062877
v 0.098939 0.114631 -0.047991
v 0.099980 0.116323 -0.032231
v 0.100474 0.117223 -0.015676
v 0.100450 0.117393 0.001558
v 0.099965 0.116897 0.019343
v 0.099081 0.115803 0.037555
v 0.097853 0.114177 0.056066
v 0.096343 0.112087 0.074751
v 0.094607 0.109599 0.093482
v 0.102599 0.081551 -0.119547
v 0.104509 0.087874 -0.110498
v 0.107065 0.093272 -0.100204
v 0.109805 0.097862 -0.088704
v 0.112372 0.101709 -0.076049
v 0.114604 0.104818 -0.062318
v 0.116385 0.107184 -0.047591
v 0.117604 0.108797 -0.031951
v 0.118177 0.109662 -0.015488
v 0.118143 0.109831 0.001676
v 0.117569 0.109367 0.019412
v 0.116526 0.108335 0.037590
v 0.115081 0.106797 0.056081
v 0.113304 0.104818 0.074755
v 0.111262 0.102461 0.093483
v 0.115013 0.076218 -0.117421
v 0.117888 0.081349 -0.109015
v 0.121332 0.085894 -0.099156
v 0.124773 0.089914 -0.087940
v 0.127878 0.093362 -0.075494
v 0.130504 0.096201 -0.061919
v 0.132555 0.098397 -0.047308
v 0.133935 0.099914 -0.031753
v 0.134576 0.100733 -0.015356
v 0.134529 0.100899 0.001759
v 0.133870 0.100472 0.019460
v 0.132678 0.099511 0.037615
v 0.131031 0.098076 0.056091
v 0.129006 0.096228 0.074758
v 0.126681 0.094025 0.093483
v 0.057956 0.157819 -0.030419
v 0.057956 0.157819 0.085492
v -0.057956 0.157819 -0.030419
v -0.057956 0.157819 0.085492
v 0.069505 0.100696 -0.041968
v 0.070656 0.114107 -0.043119
v 0.069505 0.127518 -0.041968
v 0.066410 0.140041 -0.038873
v 0.062027 0.150724 -0.034489
v 0.062027 0.160889 -0.021013
v 0.066410 0.164195 -0.006848
v 0.069505 0.166529 0.009756
v 0.070656 0.167398 0.027537
v 0.069505 0.166529 0.045317
v 0.066410 0.164195 0.061922
v 0.062027 0.160889 0.076086
v 0.062027 0.150724 0.089563
v 0.066410 0.140041 0.093946
v 0.069505 0.127517 0.097041
v 0.070656 0.114106 0.098192
v 0.069505 0.100695 0.097041
v -0.062027 0.150724 -0.034489
v -0.066410 0.140041 -0.038873
v -0.069505 0.127518 -0.041968
v -0.070656 0.114107 -0.043119
v -0.069505 0.100695 -0.041968
v -0.069505 0.100695 0.097041
v -0.070656 0.114106 0.098192
v -0.069505 0.127517 0.097041
v -0.066410 0.140041 0.093946
v -0.062027 0.150724 0.089563
v -0.062027 0.160889 0.076086
v -0.066410 0.164195 0.061922
v -0.069505 0.166529 0.045317
v -0.070656 0.167398 0.027537
v -0.069505 0.166529 0.009756
v -0.066410 0.164195 -0.006848
v -0.062027 0.160889 -0.021013
v 0.048550 0.160889 -0.034489
v 0.034385 0.164195 -0.038873
v 0.017781 0.166529 -0.041968
v 0.000000 0.167398 -0.043119
v -0.017781 0.166529 -0.041968
v -0.034385 0.164195 -0.038873
v -0.048550 0.160889 -0.034489
v -0.048550 0.160889 0.089563
v -0.034385 0.164195 0.093946
v -0.017781 0.166529 0.097041
v 0.000000 0.167398 0.098192
v 0.017781 0.166529 0.097041
v 0.034385 0.164195 0.093946
v 0.048550 0.160889 0.089563
v 0.070760 0.151853 -0.022509
v 0.076981 0.153911 -0.007582
v 0.080910 0.155581 0.009444
v 0.082292 0.156244 0.027537
v 0.080910 0.155581 0.045629
v 0.076981 0.153911 0.062656
v 0.070760 0.151853 0.077582
v 0.076981 0.140595 -0.025238
v 0.084499 0.141746 -0.009110
v 0.089072 0.142788 0.008769
v 0.090624 0.143231 0.027537
v 0.089072 0.142788 0.046304
v 0.084499 0.141746 0.064183
v 0.076981 0.140595 0.080311
v 0.080910 0.127753 -0.027452
v 0.089072 0.128262 -0.010490
v 0.093989 0.128757 0.008112
v 0.095635 0.128979 0.027537
v 0.093989 0.128757 0.046961
v 0.089072 0.128262 0.065564
v 0.080910 0.127753 0.082525
v 0.082292 0.114106 -0.028331
v 0.090624 0.114106 -0.011078
v 0.095635 0.114106 0.007818
v 0.097309 0.114107 0.027537
v 0.095635 0.114106 0.047255
v 0.090624 0.114106 0.066151
v 0.082292 0.114106 0.083404
v 0.080910 0.100460 -0.027452
v 0.089072 0.099951 -0.010490
v 0.093989 0.099456 0.008112
v 0.095635 0.099234 0.027537
v 0.093989 0.099456 0.046961
v 0.089072 0.099951 0.065564
v 0.080910 0.100460 0.082525
v -0.080910 0.100460 -0.027452
v -0.089072 0.099951 -0.010490
v -0.093989 0.099456 0.008112
v -0.095635 0.099234 0.027537
v -0.093989 0.099456 0.046961
v -0.089072 0.099951 0.065564
v -0.080910 0.100460 0.082525
v -0.082292 0.114107 -0.028331
v -0.090624 0.114107 -0.011078
v -0.095635 0.114107 0.007818
v -0.097309 0.114106 0.027537
v -0.095635 0.114107 0.047255
v -0.090624 0.114107 0.066151
v -0.082292 0.114106 0.083404
v -0.080910 0.127753 -0.027452
v -0.089072 0.128262 -0.010490
v -0.093989 0.128757 0.008112
v -0.095635 0.128979 0.027537
v -0.093989 0.128757 0.046961
v -0.089072 0.128262 0.065564
v -0.080910 0.127753 0.082525
v -0.076981 0.140595 -0.025238
v -0.084499 0.141746 -0.009110
v -0.089072 0.142788 0.008769
v -0.090624 0.143231 0.027537
v -0.089072 0.142788 0.046304
v -0.084499 0.141746 0.064183
v -0.076981 0.140595 0.080311
v -0.070760 0.151853 -0.022509
v -0.076981 0.153911 -0.007582
v -0.080910 0.155581 0.009444
v -0.082292 0.156244 0.027537
v -0.080910 0.155581 0.045629
v -0.076981 0.153911 0.062656
v -0.070760 0.151853 0.077582
v -0.050046 0.167476 -0.022509
v -0.052775 0.172168 -0.007582
v -0.054989 0.175131 0.009444
v -0.055868 0.176173 0.027537
v -0.054989 0.175131 0.045629
v -0.052775 0.172168 0.062656
v -0.050046 0.167476 0.077582
v -0.035119 0.172168 -0.025238
v -0.036647 0.177838 -0.009110
v -0.038027 0.181287 0.008769
v -0.038615 0.182458 0.027537
v -0.038027 0.181287 0.046304
v -0.036647 0.177838 0.064183
v -0.035119 0.172168 0.080311
v -0.018093 0.175131 -0.027452
v -0.018768 0.181287 -0.010490
v -0.019425 0.184996 0.008112
v -0.019718 0.186237 0.027537
v -0.019425 0.184996 0.046961
v -0.018768 0.181287 0.065564
v -0.018093 0.175131 0.082525
v 0.000000 0.176174 -0.028331
v 0.000000 0.182458 -0.011078
v 0.000000 0.186237 0.007818
v -0.000000 0.187500 0.027537
v -0.000000 0.186237 0.047255
v -0.000000 0.182458 0.066151
v -0.000000 0.176173 0.083404
v 0.018093 0.175131 -0.027452
v 0.018768 0.181287 -0.010490
v 0.019425 0.184996 0.008112
v 0.019718 0.186237 0.027537
v 0.019425 0.184996 0.046961
v 0.018768 0.181287 0.065564
v 0.018093 0.175131 0.082525
v 0.035119 0.172168 -0.025238
v 0.036647 0.177838 -0.009110
v 0.038027 0.181287 0.008769
v 0.038615 0.182458 0.027537
v 0.038027 0.181287 0.046304
v 0.036647 0.177838 0.064183
v 0.035119 0.172168 0.080311
v 0.050046 0.167476 -0.022509
v 0.052775 0.172168 -0.007582
v 0.054989 0.175131 0.009444
v 0.055868 0.176173 0.027537
v 0.054989 0.175131 0.045629
v 0.052775 0.172168 0.062656
v 0.050046 0.167476 0.077582
v 0.054989 0.100460 -0.053372
v 0.038027 0.099951 -0.061534
v 0.019425 0.099456 -0.066451
v -0.000000 0.099234 -0.068097
v -0.019425 0.099456 -0.066451
v -0.038027 0.099951 -0.061534
v -0.054989 0.100460 -0.053372
v 0.055868 0.114107 -0.054754
v 0.038615 0.114107 -0.063086
v 0.019718 0.114107 -0.068097
v -0.000000 0.114107 -0.069772
v -0.019718 0.114107 -0.068097
v -0.038615 0.114107 -0.063086
v -0.055868 0.114107 -0.054754
v 0.054989 0.127753 -0.053372
v 0.038027 0.128262 -0.061534
v 0.019425 0.128757 -0.066451
v -0.000000 0.128979 -0.068097
v -0.019425 0.128757 -0.066451
v -0.038027 0.128262 -0.061534
v -0.054989 0.127753 -0.053372
v 0.052775 0.140595 -0.049444
v 0.036647 0.141746 -0.056961
v 0.018768 0.142788 -0.061534
v -0.000000 0.143231 -0.063086
v -0.018768 0.142788 -0.061534
v -0.036647 0.141746 -0.056961
v -0.052775 0.140595 -0.049444
v 0.050046 0.151853 -0.043223
v 0.035119 0.153911 -0.049444
v 0.018093 0.155581 -0.053372
v -0.000000 0.156244 -0.054754
v -0.018093 0.155581 -0.053372
v -0.035119 0.153911 -0.049444
v -0.050046 0.151853 -0.043223
v -0.054989 0.100460 0.108446
v -0.038027 0.099951 0.116608
v -0.019425 0.099456 0.121525
v 0.000000 0.099234 0.123171
v 0.019425 0.099456 0.121525
v 0.038027 0.099951 0.116608
v 0.054989 0.100460 0.108446
v -0.055868 0.114106 0.109828
v -0.038615 0.114106 0.118159
v -0.019718 0.114106 0.123171
v 0.000000 0.114106 0.124845
v 0.019718 0.114106 0.123171
v 0.038615 0.114106 0.118159
v 0.055868 0.114106 0.109828
v -0.054989 0.127753 0.108446
v -0.038027 0.128262 0.116608
v -0.019425 0.128757 0.121525
v 0.000000 0.128979 0.123171
v 0.019425 0.128757 0.121525
v 0.038027 0.128262 0.116608
v 0.054989 0.127753 0.108446
v -0.052775 0.140595 0.104517
v -0.036647 0.141746 0.112035
v -0.018768 0.142788 0.116608
v 0.000000 0.143231 0.118159
v 0.018768 0.142788 0.116608
v 0.036647 0.141746 0.112035
v 0.052775 0.140595 0.104517
v -0.050046 0.151853 0.098296
v -0.035119 0.153911 0.104517
v -0.018093 0.155581 0.108446
v 0.000000 0.156244 0.109828
v 0.018093 0.155581 0.108446
v 0.035119 0.153911 0.104517
v 0.050046 0.151853 0.098296
v -0.103819 0.045847 -0.127931
v -0.168822 0.042192 -0.082151
v -0.178444 0.045853 -0.230458
v -0.243227 0.045853 -0.186239
v -0.163132 0.049533 -0.209953
v -0.147843 0.052994 -0.189447
v -0.133282 0.049534 -0.168942
v -0.118743 0.045856 -0.148436
v -0.183952 0.038771 -0.101193
v -0.198490 0.042449 -0.121698
v -0.212845 0.049344 -0.143670
v -0.227915 0.049523 -0.165730
vn 0.5323 0.7879 -0.3097
vn 0.4661 0.8660 0.1813
vn 0.9295 -0.0000 0.3688
vn 0.8979 -0.0000 -0.4403
vn 0.1523 0.7921 0.5911
vn 0.3280 -0.0000 0.9447
vn 0.1523 -0.7921 0.5911
vn 0.4661 -0.8660 0.1813
vn 0.5323 -0.7879 -0.3097
vn 0.0716 -0.9969 0.0315
vn 0.3275 -0.8303 -0.4509
vn -0.1382 -0.8291 0.5417
vn -0.2711 -0.8332 0.4819
vn 0.0029 -0.9999 0.0098
vn 0.2789 -0.8462 -0.4540
vn -0.0084 -0.9999 0.0072
vn 0.3350 -0.8453 -0.4163
vn -0.3545 -0.8271 0.4361
vn -0.4157 -0.8247 0.3835
vn -0.0110 -0.9999 -0.0019
vn 0.3875 -0.8349 -0.3908
vn 0.2789 0.8462 -0.4540
vn 0.0029 0.9999 0.0098
vn 0.0716 0.9969 0.0315
vn 0.3275 0.8303 -0.4509
vn -0.2711 0.8332 0.4819
vn -0.1382 0.8291 0.5417
vn 0.5495 -0.0000 -0.8355
vn 0.5222 -0.0000 -0.8528
vn -0.2864 -0.0000 0.9581
vn -0.4904 -0.0000 0.8715
vn -0.4157 0.8247 0.3835
vn -0.0110 0.9999 -0.0019
vn -0.0494 0.9975 -0.0496
vn -0.4929 0.8139 0.3076
vn 0.3875 0.8349 -0.3908
vn 0.3623 0.8211 -0.4411
vn 0.1871 0.7876 -0.5871
vn -0.3027 0.8824 -0.3603
vn -0.6093 0.7864 0.1019
vn -0.0084 0.9999 0.0072
vn -0.3545 0.8271 0.4361
vn 0.3350 0.8453 -0.4163
vn 0.6334 -0.0000 -0.7738
vn 0.7090 -0.0000 -0.7052
vn -0.6239 -0.0000 0.7815
vn -0.7284 -0.0000 0.6852
vn 0.1871 -0.7876 -0.5871
vn -0.3027 -0.8824 -0.3603
vn -0.6368 -0.0000 -0.7710
vn 0.2012 -0.0000 -0.9796
vn -0.6093 -0.7864 0.1019
vn -0.9998 -0.0000 0.0193
vn 0.6617 -0.0000 -0.7498
vn 0.3623 -0.8211 -0.4411
vn -0.8285 -0.0000 0.5600
vn -0.4929 -0.8139 0.3076
vn -0.0494 -0.9975 -0.0496
vn 0.3669 -0.7626 -0.5328
vn -0.1300 -0.8301 -0.5423
vn -0.2310 0.0678 -0.9706
vn 0.5649 0.0420 -0.8241
vn -0.5791 -0.7634 -0.2860
vn -0.8874 0.0480 -0.4585
vn -0.5467 0.8170 -0.1833
vn -0.0945 0.8979 -0.4300
vn 0.3992 0.8095 -0.4306
vn -0.0005 0.9999 -0.0105
vn 0.5102 0.8351 -0.2054
vn -0.5389 0.8348 0.1131
vn -0.4988 0.8289 0.2532
vn 0.0112 0.9981 0.0606
vn 0.5067 0.8479 -0.1560
vn 0.0122 0.9973 0.0721
vn 0.4774 0.8515 -0.2167
vn -0.4656 0.8164 0.3417
vn -0.4224 0.8086 0.4095
vn 0.0208 0.9969 0.0759
vn 0.4595 0.8452 -0.2729
vn 0.4721 -0.8406 -0.2657
vn -0.0297 -0.9972 -0.0691
vn -0.0413 -0.9893 -0.1398
vn 0.4763 -0.8217 -0.3131
vn -0.5329 -0.8337 0.1451
vn -0.5728 -0.8197 0.0056
vn 0.9057 0.0090 -0.4237
vn 0.9190 0.0068 -0.3943
vn -0.9892 0.0108 0.1464
vn -0.9329 -0.0043 0.3602
vn -0.4561 -0.8369 0.3025
vn -0.0201 -0.9984 -0.0537
vn 0.0215 -0.9997 -0.0088
vn -0.3919 -0.8331 0.3902
vn 0.4254 -0.8208 -0.3812
vn 0.4718 -0.8100 -0.3483
vn 0.5917 -0.7917 -0.1522
vn 0.2949 -0.9095 0.2930
vn -0.2046 -0.8189 0.5363
vn -0.0287 -0.9979 -0.0576
vn -0.4994 -0.8341 0.2344
vn 0.4429 -0.8351 -0.3264
vn 0.8568 0.0159 -0.5154
vn 0.7998 0.0226 -0.5998
vn -0.8630 -0.0151 0.5049
vn -0.7828 -0.0244 0.6218
vn 0.6239 0.7799 -0.0501
vn 0.3310 0.8511 0.4075
vn 0.6711 -0.0618 0.7388
vn 0.9981 -0.0166 -0.0591
vn -0.1725 0.7502 0.6383
vn -0.1631 -0.0607 0.9847
vn 0.8371 0.0184 -0.5467
vn 0.5053 0.8284 -0.2418
vn -0.6734 -0.0342 0.7385
vn -0.3587 0.7909 0.4958
vn 0.0623 0.9908 0.1205
vn -0.5323 0.7879 -0.3097
vn -0.8979 -0.0000 -0.4403
vn -0.9295 -0.0000 0.3688
vn -0.4661 0.8660 0.1813
vn -0.3280 -0.0000 0.9447
vn -0.1523 0.7921 0.5911
vn -0.4661 -0.8660 0.1813
vn -0.1523 -0.7921 0.5911
vn -0.5323 -0.7879 -0.3097
vn -0.3275 -0.8303 -0.4509
vn -0.0716 -0.9969 0.0315
vn 0.1382 -0.8291 0.5417
vn -0.0029 -0.9999 0.0098
vn 0.2711 -0.8332 0.4819
vn -0.2789 -0.8462 -0.4540
vn -0.3350 -0.8453 -0.4163
vn 0.0084 -0.9999 0.0072
vn 0.3545 -0.8271 0.4361
vn 0.0110 -0.9999 -0.0019
vn 0.4157 -0.8247 0.3835
vn -0.3875 -0.8349 -0.3908
vn -0.2789 0.8462 -0.4540
vn -0.3275 0.8303 -0.4509
vn -0.0716 0.9969 0.0315
vn -0.0029 0.9999 0.0098
vn 0.1382 0.8291 0.5417
vn 0.2711 0.8332 0.4819
vn -0.5495 -0.0000 -0.8355
vn -0.5222 -0.0000 -0.8528
vn 0.4904 -0.0000 0.8715
vn 0.2864 -0.0000 0.9581
vn 0.4157 0.8247 0.3835
vn 0.4929 0.8139 0.3076
vn 0.0494 0.9975 -0.0496
vn 0.0110 0.9999 -0.0019
vn -0.3623 0.8211 -0.4411
vn -0.3875 0.8349 -0.3908
vn 0.3027 0.8824 -0.3603
vn -0.1871 0.7876 -0.5871
vn 0.6093 0.7864 0.1019
vn 0.3545 0.8271 0.4361
vn 0.0084 0.9999 0.0072
vn -0.3350 0.8453 -0.4163
vn -0.6334 -0.0000 -0.7738
vn -0.7090 -0.0000 -0.7052
vn 0.6239 -0.0000 0.7815
vn 0.7284 -0.0000 0.6852
vn -0.1871 -0.7876 -0.5871
vn -0.2012 -0.0000 -0.9796
vn 0.6368 -0.0000 -0.7710
vn 0.3027 -0.8824 -0.3603
vn 0.9998 -0.0000 0.0193
vn 0.6093 -0.7864 0.1019
vn -0.6617 -0.0000 -0.7498
vn -0.3623 -0.8211 -0.4411
vn 0.4929 -0.8139 0.3076
vn 0.8285 -0.0000 0.5600
vn 0.0494 -0.9975 -0.0496
vn -0.3669 -0.7626 -0.5328
vn -0.5649 0.0420 -0.8241
vn 0.2310 0.0679 -0.9706
vn 0.1300 -0.8301 -0.5423
vn 0.8874 0.0480 -0.4585
vn 0.5791 -0.7634 -0.2860
vn 0.0945 0.8979 -0.4300
vn 0.5467 0.8170 -0.1833
vn -0.3992 0.8095 -0.4306
vn -0.5102 0.8351 -0.2054
vn 0.0005 0.9999 -0.0105
vn 0.5389 0.8348 0.1131
vn -0.0112 0.9981 0.0606
vn 0.4988 0.8289 0.2532
vn -0.5067 0.8479 -0.1560
vn -0.4774 0.8515 -0.2167
vn -0.0122 0.9973 0.0721
vn 0.4656 0.8164 0.3417
vn -0.0208 0.9969 0.0759
vn 0.4224 0.8086 0.4095
vn -0.4595 0.8452 -0.2729
vn -0.4721 -0.8406 -0.2657
vn -0.4763 -0.8217 -0.3131
vn 0.0413 -0.9893 -0.1398
vn 0.0297 -0.9972 -0.0691
vn 0.5728 -0.8197 0.0056
vn 0.5329 -0.8337 0.1451
vn -0.9057 0.0090 -0.4237
vn -0.9190 0.0068 -0.3943
vn 0.9329 -0.0043 0.3602
vn 0.9892 0.0108 0.1464
vn 0.4561 -0.8369 0.3025
vn 0.3919 -0.8331 0.3902
vn -0.0215 -0.9997 -0.0088
vn 0.0201 -0.9984 -0.0537
vn -0.4718 -0.8100 -0.3483
vn -0.4254 -0.8208 -0.3812
vn -0.2949 -0.9095 0.2930
vn -0.5917 -0.7917 -0.1522
vn 0.2046 -0.8189 0.5363
vn 0.4994 -0.8341 0.2344
vn 0.0287 -0.9979 -0.0576
vn -0.4429 -0.8351 -0.3264
vn -0.8568 0.0159 -0.5154
vn -0.7998 0.0226 -0.5998
vn 0.8630 -0.0151 0.5049
vn 0.7828 -0.0244 0.6218
vn -0.6239 0.7799 -0.0501
vn -0.9981 -0.0166 -0.0591
vn -0.6711 -0.0618 0.7388
vn -0.3310 0.8511 0.4075
vn 0.1631 -0.0607 0.9847
vn 0.1725 0.7502 0.6383
vn -0.8371 0.0184 -0.5467
vn -0.5053 0.8284 -0.2418
vn 0.3587 0.7909 0.4958
vn 0.6734 -0.0342 0.7385
vn -0.0623 0.9908 0.1205
vn -0.4228 -0.5823 0.6944
vn -0.3674 -0.6022 0.7088
vn -0.3896 -0.5386 0.7470
vn -0.4499 -0.5221 0.7245
vn -0.3111 -0.6213 0.7192
vn -0.3284 -0.5558 0.7637
vn -0.2524 -0.6379 0.7276
vn -0.2659 -0.5712 0.7765
vn -0.1923 -0.6513 0.7340
vn -0.2025 -0.5839 0.7862
vn -0.1311 -0.6613 0.7386
vn -0.1379 -0.5933 0.7931
vn -0.0673 -0.6675 0.7415
vn -0.0706 -0.5991 0.7976
vn -0.0000 -0.6697 0.7426
vn -0.0000 -0.6010 0.7992
vn 0.0673 -0.6675 0.7415
vn 0.0706 -0.5991 0.7976
vn 0.1311 -0.6613 0.7386
vn 0.1379 -0.5933 0.7931
vn 0.1923 -0.6513 0.7340
vn 0.2025 -0.5839 0.7862
vn 0.2524 -0.6379 0.7276
vn 0.2659 -0.5712 0.7765
vn 0.3111 -0.6213 0.7192
vn 0.3284 -0.5558 0.7637
vn 0.3674 -0.6022 0.7088
vn 0.3896 -0.5386 0.7470
vn 0.4228 -0.5823 0.6944
vn 0.4499 -0.5221 0.7245
vn -0.4135 -0.4682 0.7809
vn -0.4777 -0.4554 0.7513
vn -0.3478 -0.4825 0.8039
vn -0.2812 -0.4960 0.8215
vn -0.2138 -0.5074 0.8348
vn -0.1451 -0.5158 0.8444
vn -0.0740 -0.5208 0.8505
vn -0.0000 -0.5225 0.8526
vn 0.0740 -0.5208 0.8504
vn 0.1451 -0.5158 0.8444
vn 0.2138 -0.5074 0.8348
vn 0.2812 -0.4960 0.8215
vn 0.3478 -0.4825 0.8039
vn 0.4135 -0.4682 0.7809
vn 0.4777 -0.4554 0.7513
vn -0.4363 -0.3900 0.8109
vn -0.5038 -0.3798 0.7758
vn -0.3670 -0.4014 0.8392
vn -0.2965 -0.4125 0.8613
vn -0.2250 -0.4219 0.8783
vn -0.1522 -0.4287 0.8905
vn -0.0772 -0.4327 0.8982
vn -0.0000 -0.4340 0.9009
vn 0.0772 -0.4327 0.8982
vn 0.1522 -0.4287 0.8905
vn 0.2250 -0.4219 0.8783
vn 0.2965 -0.4125 0.8613
vn 0.3670 -0.4014 0.8392
vn 0.4363 -0.3900 0.8109
vn 0.5038 -0.3798 0.7758
vn -0.4563 -0.3042 0.8362
vn -0.5264 -0.2964 0.7969
vn -0.3839 -0.3128 0.8688
vn -0.3100 -0.3209 0.8949
vn -0.2349 -0.3276 0.9151
vn -0.1582 -0.3324 0.9298
vn -0.0799 -0.3350 0.9388
vn -0.0000 -0.3359 0.9419
vn 0.0799 -0.3350 0.9388
vn 0.1582 -0.3324 0.9298
vn 0.2349 -0.3276 0.9151
vn 0.3100 -0.3209 0.8949
vn 0.3839 -0.3128 0.8688
vn 0.4563 -0.3042 0.8362
vn 0.5264 -0.2964 0.7969
vn -0.4720 -0.2110 0.8560
vn -0.5442 -0.2059 0.8133
vn -0.3973 -0.2164 0.8918
vn -0.3206 -0.2212 0.9210
vn -0.2424 -0.2250 0.9437
vn -0.1628 -0.2276 0.9600
vn -0.0819 -0.2289 0.9700
vn -0.0000 -0.2293 0.9733
vn 0.0819 -0.2289 0.9700
vn 0.1628 -0.2276 0.9600
vn 0.2424 -0.2250 0.9437
vn 0.3206 -0.2212 0.9210
vn 0.3973 -0.2164 0.8918
vn 0.4720 -0.2110 0.8560
vn 0.5442 -0.2059 0.8133
vn -0.4823 -0.1094 0.8692
vn -0.5559 -0.1070 0.8243
vn -0.4059 -0.1117 0.9071
vn -0.3274 -0.1136 0.9380
vn -0.2472 -0.1150 0.9621
vn -0.1657 -0.1159 0.9793
vn -0.0832 -0.1163 0.9897
vn -0.0000 -0.1164 0.9932
vn 0.0832 -0.1163 0.9897
vn 0.1657 -0.1159 0.9793
vn 0.2472 -0.1150 0.9621
vn 0.3274 -0.1136 0.9380
vn 0.4059 -0.1117 0.9071
vn 0.4823 -0.1094 0.8692
vn 0.5559 -0.1070 0.8243
vn -0.4860 -0.0000 0.8740
vn -0.5601 -0.0000 0.8284
vn -0.4090 -0.0000 0.9126
vn -0.3297 -0.0000 0.9441
vn -0.2488 -0.0000 0.9686
vn -0.1666 -0.0000 0.9860
vn -0.0836 -0.0000 0.9965
vn -0.0000 -0.0000 1.0000
vn 0.0836 -0.0000 0.9965
vn 0.1666 -0.0000 0.9860
vn 0.2488 -0.0000 0.9686
vn 0.3297 -0.0000 0.9441
vn 0.4090 -0.0000 0.9125
vn 0.4860 -0.0000 0.8740
vn 0.5601 -0.0000 0.8284
vn -0.4823 0.1094 0.8692
vn -0.5559 0.1070 0.8243
vn -0.4059 0.1117 0.9071
vn -0.3274 0.1136 0.9380
vn -0.2472 0.1150 0.9621
vn -0.1657 0.1159 0.9793
vn -0.0832 0.1163 0.9897
vn -0.0000 0.1164 0.9932
vn 0.0832 0.1163 0.9897
vn 0.1657 0.1159 0.9793
vn 0.2472 0.1150 0.9621
vn 0.3274 0.1136 0.9380
vn 0.4059 0.1117 0.9071
vn 0.4823 0.1094 0.8692
vn 0.5559 0.1070 0.8243
vn -0.4720 0.2110 0.8560
vn -0.5442 0.2059 0.8133
vn -0.3973 0.2164 0.8918
vn -0.3206 0.2212 0.9210
vn -0.2424 0.2250 0.9437
vn -0.1628 0.2276 0.9600
vn -0.0819 0.2289 0.9700
vn -0.0000 0.2293 0.9733
vn 0.0819 0.2289 0.9700
vn 0.1628 0.2276 0.9600
vn 0.2424 0.2250 0.9437
vn 0.3206 0.2212 0.9210
vn 0.3973 0.2164 0.8918
vn 0.4720 0.2110 0.8560
vn 0.5442 0.2059 0.8133
vn -0.4563 0.3042 0.8362
vn -0.5264 0.2964 0.7969
vn -0.3839 0.3128 0.8688
vn -0.3100 0.3209 0.8949
vn -0.2349 0.3276 0.9151
vn -0.1582 0.3324 0.9298
vn -0.0799 0.3350 0.9388
vn -0.0000 0.3359 0.9419
vn 0.0799 0.3350 0.9388
vn 0.1582 0.3324 0.9298
vn 0.2349 0.3276 0.9151
vn 0.3100 0.3209 0.8949
vn 0.3839 0.3128 0.8688
vn 0.4563 0.3042 0.8362
vn 0.5264 0.2964 0.7969
vn -0.4363 0.3900 0.8109
vn -0.5038 0.3798 0.7758
vn -0.3670 0.4014 0.8392
vn -0.2965 0.4125 0.8613
vn -0.2250 0.4219 0.8783
vn -0.1522 0.4287 0.8905
vn -0.0772 0.4327 0.8982
vn -0.0000 0.4340 0.9009
vn 0.0772 0.4327 0.8982
vn 0.1522 0.4287 0.8905
vn 0.2250 0.4219 0.8783
vn 0.2965 0.4125 0.8613
vn 0.3670 0.4014 0.8392
vn 0.4363 0.3900 0.8109
vn 0.5038 0.3798 0.7758
vn -0.4135 0.4682 0.7809
vn -0.4777 0.4554 0.7513
vn -0.3478 0.4825 0.8039
vn -0.2812 0.4960 0.8215
vn -0.2138 0.5074 0.8348
vn -0.1451 0.5158 0.8444
vn -0.0740 0.5208 0.8504
vn -0.0000 0.5225 0.8526
vn 0.0740 0.5208 0.8505
vn 0.1451 0.5158 0.8444
vn 0.2138 0.5074 0.8348
vn 0.2812 0.4960 0.8215
vn 0.3478 0.4825 0.8039
vn 0.4135 0.4682 0.7809
vn 0.4777 0.4554 0.7513
vn -0.3896 0.5386 0.7470
vn -0.4499 0.5221 0.7245
vn -0.3284 0.5558 0.7637
vn -0.2659 0.5712 0.7765
vn -0.2025 0.5839 0.7862
vn -0.1379 0.5933 0.7931
vn -0.0706 0.5991 0.7976
vn -0.0000 0.6010 0.7992
vn 0.0706 0.5991 0.7976
vn 0.1379 0.5933 0.7931
vn 0.2025 0.5839 0.7862
vn 0.2659 0.5712 0.7765
vn 0.3284 0.5558 0.7637
vn 0.3896 0.5386 0.7470
vn 0.4499 0.5221 0.7245
vn -0.3674 0.6022 0.7088
vn -0.4228 0.5823 0.6944
vn -0.3111 0.6213 0.7192
vn -0.2524 0.6379 0.7276
vn -0.1923 0.6513 0.7340
vn -0.1311 0.6613 0.7386
vn -0.0673 0.6675 0.7415
vn -0.0000 0.6697 0.7426
vn 0.0673 0.6675 0.7415
vn 0.1311 0.6613 0.7386
vn 0.1923 0.6513 0.7340
vn 0.2524 0.6379 0.7276
vn 0.3111 0.6213 0.7192
vn 0.3674 0.6022 0.7088
vn 0.4228 0.5823 0.6944
vn -0.4478 -0.6166 0.6475
vn -0.4024 -0.6371 0.6574
vn -0.4766 -0.5691 0.6701
vn -0.3521 -0.6584 0.6653
vn -0.2986 -0.6783 0.6714
vn -0.2420 -0.6957 0.6763
vn -0.1841 -0.7097 0.6800
vn -0.1254 -0.7200 0.6825
vn -0.0644 -0.7265 0.6841
vn -0.0000 -0.7288 0.6847
vn 0.0644 -0.7265 0.6841
vn 0.1254 -0.7200 0.6825
vn 0.1841 -0.7098 0.6800
vn 0.2420 -0.6957 0.6763
vn 0.2986 -0.6783 0.6714
vn 0.3521 -0.6584 0.6653
vn 0.4024 -0.6371 0.6574
vn 0.4478 -0.6166 0.6475
vn 0.4766 -0.5691 0.6701
vn 0.5075 -0.5125 0.6927
vn 0.5385 -0.4474 0.7141
vn 0.5677 -0.3728 0.7340
vn 0.5930 -0.2904 0.7510
vn 0.6126 -0.2015 0.7643
vn 0.6256 -0.1047 0.7731
vn 0.6302 -0.0000 0.7764
vn 0.6256 0.1047 0.7731
vn 0.6126 0.2015 0.7643
vn 0.5930 0.2904 0.7510
vn 0.5677 0.3728 0.7340
vn 0.5385 0.4474 0.7141
vn 0.5075 0.5125 0.6927
vn 0.4766 0.5691 0.6701
vn 0.4478 0.6166 0.6475
vn 0.4024 0.6371 0.6574
vn 0.3521 0.6584 0.6653
vn 0.2986 0.6783 0.6714
vn 0.2420 0.6957 0.6763
vn 0.1841 0.7097 0.6800
vn 0.1254 0.7200 0.6825
vn 0.0644 0.7265 0.6841
vn -0.0000 0.7288 0.6847
vn -0.0644 0.7265 0.6841
vn -0.1254 0.7200 0.6825
vn -0.1841 0.7097 0.6800
vn -0.2420 0.6957 0.6763
vn -0.2986 0.6783 0.6714
vn -0.3521 0.6584 0.6653
vn -0.4024 0.6371 0.6574
vn -0.4766 0.5691 0.6701
vn -0.4478 0.6166 0.6475
vn -0.5075 0.5125 0.6927
vn -0.5385 0.4474 0.7141
vn -0.5677 0.3728 0.7340
vn -0.5930 0.2904 0.7510
vn -0.6126 0.2015 0.7643
vn -0.6256 0.1047 0.7731
vn -0.6302 -0.0000 0.7764
vn -0.6256 -0.1047 0.7731
vn -0.6126 -0.2015 0.7643
vn -0.5930 -0.2904 0.7510
vn -0.5677 -0.3728 0.7340
vn -0.5385 -0.4474 0.7141
vn -0.5075 -0.5125 0.6927
vn -0.5142 0.8322 0.2075
vn -0.5114 0.8295 0.2245
vn -0.4251 0.8778 0.2208
vn -0.4275 0.8808 0.2036
vn -0.5080 0.8265 0.2426
vn -0.4221 0.8745 0.2390
vn -0.5039 0.8230 0.2620
vn -0.4187 0.8706 0.2584
vn -0.4992 0.8189 0.2831
vn -0.4146 0.8661 0.2793
vn -0.4938 0.8139 0.3062
vn -0.4100 0.8606 0.3021
vn -0.4874 0.8076 0.3319
vn -0.4047 0.8538 0.3274
vn -0.4801 0.7997 0.3605
vn -0.3988 0.8453 0.3555
vn -0.4719 0.7900 0.3914
vn -0.3923 0.8349 0.3860
vn -0.4628 0.7785 0.4239
vn -0.3853 0.8225 0.4183
vn -0.4528 0.7648 0.4583
vn -0.3777 0.8077 0.4528
vn -0.4418 0.7481 0.4952
vn -0.3695 0.7894 0.4902
vn -0.4299 0.7281 0.5339
vn -0.3612 0.7670 0.5303
vn -0.4175 0.7050 0.5733
vn -0.3535 0.7393 0.5730
vn -0.4059 0.6766 0.6144
vn -0.3486 0.7042 0.6185
vn -0.3442 0.9133 0.2177
vn -0.3462 0.9165 0.2003
vn -0.3417 0.9097 0.2359
vn -0.3388 0.9055 0.2553
vn -0.3355 0.9007 0.2761
vn -0.3317 0.8948 0.2987
vn -0.3275 0.8877 0.3237
vn -0.3228 0.8788 0.3514
vn -0.3179 0.8680 0.3816
vn -0.3126 0.8549 0.4140
vn -0.3070 0.8392 0.4489
vn -0.3014 0.8198 0.4870
vn -0.2962 0.7955 0.5286
vn -0.2926 0.7649 0.5739
vn -0.2927 0.7261 0.6222
vn -0.2685 0.9389 0.2151
vn -0.2701 0.9423 0.1976
vn -0.2666 0.9351 0.2335
vn -0.2643 0.9307 0.2529
vn -0.2616 0.9256 0.2736
vn -0.2586 0.9195 0.2961
vn -0.2554 0.9121 0.3208
vn -0.2519 0.9030 0.3482
vn -0.2483 0.8918 0.3781
vn -0.2446 0.8784 0.4107
vn -0.2408 0.8620 0.4461
vn -0.2372 0.8417 0.4850
vn -0.2345 0.8164 0.5278
vn -0.2336 0.7844 0.5745
vn -0.2358 0.7445 0.6246
vn -0.1974 0.9569 0.2132
vn -0.1986 0.9604 0.1956
vn -0.1959 0.9529 0.2317
vn -0.1942 0.9483 0.2511
vn -0.1922 0.9430 0.2718
vn -0.1900 0.9367 0.2942
vn -0.1876 0.9291 0.3187
vn -0.1852 0.9199 0.3458
vn -0.1828 0.9086 0.3755
vn -0.1804 0.8949 0.4082
vn -0.1782 0.8781 0.4441
vn -0.1764 0.8573 0.4836
vn -0.1753 0.8315 0.5272
vn -0.1758 0.7992 0.5749
vn -0.1786 0.7589 0.6262
vn -0.1296 0.9687 0.2119
vn -0.1304 0.9723 0.1942
vn -0.1287 0.9646 0.2304
vn -0.1275 0.9598 0.2499
vn -0.1262 0.9544 0.2706
vn -0.1248 0.9480 0.2930
vn -0.1232 0.9403 0.3173
vn -0.1217 0.9310 0.3441
vn -0.1203 0.9197 0.3737
vn -0.1191 0.9059 0.4064
vn -0.1180 0.8889 0.4426
vn -0.1174 0.8680 0.4825
vn -0.1175 0.8419 0.5266
vn -0.1186 0.8096 0.5749
vn -0.1212 0.7693 0.6272
vn -0.0642 0.9753 0.2111
vn -0.0646 0.9790 0.1934
vn -0.0638 0.9712 0.2297
vn -0.0632 0.9664 0.2492
vn -0.0625 0.9609 0.2699
vn -0.0618 0.9544 0.2922
vn -0.0611 0.9466 0.3165
vn -0.0604 0.9374 0.3431
vn -0.0598 0.9261 0.3726
vn -0.0593 0.9123 0.4053
vn -0.0590 0.8953 0.4415
vn -0.0590 0.8743 0.4817
vn -0.0594 0.8483 0.5261
vn -0.0604 0.8160 0.5749
vn -0.0620 0.7759 0.6278
vn -0.0000 0.9775 0.2109
vn -0.0000 0.9812 0.1931
vn -0.0000 0.9733 0.2294
vn -0.0000 0.9685 0.2489
vn -0.0000 0.9630 0.2697
vn -0.0000 0.9564 0.2920
vn -0.0000 0.9487 0.3162
vn -0.0000 0.9394 0.3428
vn -0.0000 0.9282 0.3722
vn -0.0000 0.9144 0.4049
vn -0.0000 0.8974 0.4412
vn -0.0000 0.8765 0.4815
vn -0.0000 0.8505 0.5260
vn -0.0000 0.8182 0.5749
vn -0.0000 0.7782 0.6281
vn 0.0642 0.9753 0.2111
vn 0.0646 0.9790 0.1934
vn 0.0637 0.9712 0.2297
vn 0.0632 0.9664 0.2492
vn 0.0625 0.9609 0.2699
vn 0.0618 0.9544 0.2922
vn 0.0611 0.9466 0.3165
vn 0.0604 0.9374 0.3431
vn 0.0598 0.9261 0.3726
vn 0.0593 0.9123 0.4053
vn 0.0590 0.8953 0.4415
vn 0.0590 0.8743 0.4817
vn 0.0594 0.8483 0.5261
vn 0.0604 0.8160 0.5749
vn 0.0620 0.7759 0.6278
vn 0.1296 0.9687 0.2119
vn 0.1304 0.9723 0.1942
vn 0.1287 0.9646 0.2304
vn 0.1275 0.9598 0.2499
vn 0.1262 0.9544 0.2706
vn 0.1248 0.9480 0.2930
vn 0.1232 0.9403 0.3173
vn 0.1217 0.9310 0.3441
vn 0.1203 0.9197 0.3737
vn 0.1191 0.9059 0.4064
vn 0.1180 0.8889 0.4426
vn 0.1174 0.8680 0.4825
vn 0.1175 0.8419 0.5266
vn 0.1186 0.8096 0.5749
vn 0.1212 0.7693 0.6272
vn 0.1974 0.9569 0.2132
vn 0.1986 0.9604 0.1956
vn 0.1959 0.9529 0.2317
vn 0.1942 0.9483 0.2511
vn 0.1922 0.9430 0.2718
vn 0.1900 0.9367 0.2942
vn 0.1876 0.9291 0.3187
vn 0.1852 0.9199 0.3458
vn 0.1828 0.9086 0.3755
vn 0.1804 0.8949 0.4082
vn 0.1782 0.8781 0.4441
vn 0.1764 0.8573 0.4836
vn 0.1753 0.8315 0.5272
vn 0.1758 0.7992 0.5749
vn 0.1786 0.7589 0.6262
vn 0.2685 0.9389 0.2151
vn 0.2701 0.9423 0.1976
vn 0.2666 0.9351 0.2335
vn 0.2643 0.9307 0.2529
vn 0.2616 0.9256 0.2736
vn 0.2586 0.9195 0.2961
vn 0.2554 0.9121 0.3208
vn 0.2519 0.9030 0.3482
vn 0.2483 0.8918 0.3781
vn 0.2446 0.8784 0.4107
vn 0.2408 0.8620 0.4461
vn 0.2372 0.8417 0.4850
vn 0.2345 0.8164 0.5278
vn 0.2336 0.7844 0.5745
vn 0.2358 0.7445 0.6246
vn 0.3442 0.9133 0.2177
vn 0.3462 0.9165 0.2003
vn 0.3417 0.9097 0.2359
vn 0.3388 0.9055 0.2553
vn 0.3355 0.9007 0.2761
vn 0.3317 0.8948 0.2987
vn 0.3275 0.8877 0.3237
vn 0.3228 0.8788 0.3514
vn 0.3179 0.8680 0.3816
vn 0.3126 0.8549 0.4140
vn 0.3070 0.8392 0.4489
vn 0.3014 0.8198 0.4870
vn 0.2962 0.7955 0.5286
vn 0.2926 0.7649 0.5739
vn 0.2927 0.7261 0.6222
vn 0.4251 0.8778 0.2208
vn 0.4275 0.8808 0.2036
vn 0.4221 0.8745 0.2390
vn 0.4187 0.8706 0.2584
vn 0.4146 0.8661 0.2793
vn 0.4100 0.8606 0.3021
vn 0.4047 0.8538 0.3274
vn 0.3988 0.8453 0.3555
vn 0.3923 0.8349 0.3860
vn 0.3853 0.8225 0.4183
vn 0.3777 0.8077 0.4528
vn 0.3695 0.7894 0.4902
vn 0.3612 0.7670 0.5303
vn 0.3535 0.7393 0.5730
vn 0.3486 0.7042 0.6185
vn 0.5114 0.8295 0.2245
vn 0.5142 0.8322 0.2075
vn 0.5080 0.8265 0.2426
vn 0.5039 0.8230 0.2620
vn 0.4992 0.8189 0.2831
vn 0.4938 0.8139 0.3062
vn 0.4874 0.8076 0.3319
vn 0.4801 0.7997 0.3605
vn 0.4719 0.7900 0.3914
vn 0.4628 0.7785 0.4239
vn 0.4528 0.7648 0.4583
vn 0.4418 0.7481 0.4952
vn 0.4299 0.7281 0.5339
vn 0.4175 0.7050 0.5733
vn 0.4059 0.6766 0.6144
vn -0.6070 0.7703 0.1952
vn -0.6044 0.7681 0.2116
vn -0.5165 0.8348 0.1908
vn -0.6012 0.7657 0.2285
vn -0.5974 0.7631 0.2466
vn -0.5929 0.7601 0.2660
vn -0.5875 0.7565 0.2872
vn -0.5813 0.7521 0.3107
vn -0.5739 0.7465 0.3368
vn -0.5651 0.7394 0.3661
vn -0.5550 0.7307 0.3976
vn -0.5436 0.7205 0.4306
vn -0.5308 0.7083 0.4654
vn -0.5163 0.6935 0.5024
vn -0.5001 0.6763 0.5408
vn -0.4830 0.6571 0.5787
vn -0.4655 0.6366 0.6149
vn 0.4655 0.6366 0.6149
vn 0.4830 0.6571 0.5787
vn 0.5001 0.6763 0.5408
vn 0.5163 0.6935 0.5024
vn 0.5308 0.7083 0.4654
vn 0.5436 0.7205 0.4306
vn 0.5550 0.7307 0.3976
vn 0.5651 0.7394 0.3661
vn 0.5739 0.7465 0.3368
vn 0.5813 0.7521 0.3107
vn 0.5875 0.7565 0.2872
vn 0.5929 0.7601 0.2660
vn 0.5974 0.7631 0.2466
vn 0.6012 0.7657 0.2285
vn 0.6044 0.7681 0.2116
vn 0.5165 0.8348 0.1908
vn 0.6070 0.7703 0.1952
vn 0.4294 0.8836 0.1867
vn 0.3478 0.9195 0.1832
vn 0.2714 0.9454 0.1804
vn 0.1995 0.9636 0.1782
vn 0.1311 0.9755 0.1767
vn 0.0649 0.9823 0.1758
vn -0.0000 0.9845 0.1755
vn -0.0649 0.9823 0.1758
vn -0.1311 0.9755 0.1767
vn -0.1995 0.9636 0.1782
vn -0.2714 0.9454 0.1804
vn -0.3478 0.9195 0.1832
vn -0.4294 0.8836 0.1867
vn 0.6912 0.6898 0.2155
vn 0.6877 0.6879 0.2322
vn 0.7641 0.6006 0.2352
vn 0.7678 0.6022 0.2187
vn 0.6835 0.6857 0.2502
vn 0.7598 0.5989 0.2531
vn 0.6786 0.6832 0.2697
vn 0.7546 0.5969 0.2727
vn 0.6728 0.6801 0.2911
vn 0.7484 0.5944 0.2943
vn 0.6658 0.6764 0.3149
vn 0.7409 0.5913 0.3184
vn 0.6575 0.6716 0.3415
vn 0.7318 0.5874 0.3455
vn 0.6473 0.6656 0.3714
vn 0.7207 0.5825 0.3759
vn 0.6354 0.6582 0.4037
vn 0.7073 0.5765 0.4090
vn 0.6219 0.6495 0.4375
vn 0.6918 0.5694 0.4441
vn 0.6062 0.6391 0.4733
vn 0.6736 0.5607 0.4814
vn 0.5880 0.6266 0.5115
vn 0.6520 0.5505 0.5214
vn 0.5671 0.6120 0.5512
vn 0.6262 0.5387 0.5637
vn 0.5436 0.5957 0.5913
vn 0.5951 0.5261 0.6075
vn 0.5155 0.5789 0.6318
vn 0.5566 0.5153 0.6517
vn 0.8286 0.5070 0.2375
vn 0.8323 0.5083 0.2211
vn 0.8241 0.5057 0.2553
vn 0.8187 0.5041 0.2750
vn 0.8123 0.5021 0.2968
vn 0.8044 0.4997 0.3212
vn 0.7948 0.4967 0.3487
vn 0.7830 0.4929 0.3795
vn 0.7685 0.4882 0.4135
vn 0.7514 0.4827 0.4499
vn 0.7310 0.4759 0.4891
vn 0.7063 0.4680 0.5312
vn 0.6761 0.4593 0.5761
vn 0.6388 0.4513 0.6232
vn 0.5929 0.4463 0.6703
vn 0.8806 0.4091 0.2391
vn 0.8844 0.4100 0.2230
vn 0.8761 0.4081 0.2569
vn 0.8706 0.4069 0.2766
vn 0.8640 0.4054 0.2986
vn 0.8559 0.4036 0.3233
vn 0.8460 0.4013 0.3510
vn 0.8337 0.3985 0.3823
vn 0.8184 0.3953 0.4170
vn 0.8000 0.3913 0.4548
vn 0.7777 0.3866 0.4957
vn 0.7505 0.3811 0.5399
vn 0.7170 0.3755 0.5873
vn 0.6757 0.3713 0.6369
vn 0.6257 0.3699 0.6867
vn 0.9204 0.3084 0.2403
vn 0.9242 0.3091 0.2243
vn 0.9158 0.3077 0.2580
vn 0.9103 0.3069 0.2778
vn 0.9036 0.3058 0.2999
vn 0.8954 0.3045 0.3247
vn 0.8853 0.3030 0.3527
vn 0.8727 0.3011 0.3844
vn 0.8570 0.2991 0.4196
vn 0.8377 0.2967 0.4585
vn 0.8140 0.2939 0.5010
vn 0.7850 0.2909 0.5470
vn 0.7493 0.2881 0.5963
vn 0.7057 0.2864 0.6480
vn 0.6535 0.2870 0.7004
vn 0.9484 0.2062 0.2410
vn 0.9522 0.2066 0.2251
vn 0.9438 0.2058 0.2587
vn 0.9382 0.2052 0.2785
vn 0.9315 0.2046 0.3007
vn 0.9233 0.2038 0.3257
vn 0.9130 0.2028 0.3539
vn 0.9003 0.2018 0.3857
vn 0.8844 0.2007 0.4214
vn 0.8646 0.1996 0.4610
vn 0.8402 0.1985 0.5046
vn 0.8101 0.1974 0.5521
vn 0.7732 0.1967 0.6029
vn 0.7283 0.1969 0.6564
vn 0.6747 0.1984 0.7109
vn 0.9649 0.1033 0.2414
vn 0.9687 0.1035 0.2256
vn 0.9603 0.1031 0.2591
vn 0.9548 0.1028 0.2789
vn 0.9480 0.1025 0.3012
vn 0.9398 0.1021 0.3262
vn 0.9295 0.1017 0.3545
vn 0.9167 0.1012 0.3864
vn 0.9008 0.1009 0.4224
vn 0.8809 0.1006 0.4625
vn 0.8562 0.1004 0.5067
vn 0.8257 0.1004 0.5551
vn 0.7883 0.1007 0.6070
vn 0.7428 0.1014 0.6617
vn 0.6886 0.1028 0.7178
vn 0.9704 -0.0000 0.2415
vn 0.9742 -0.0000 0.2257
vn 0.9658 -0.0000 0.2592
vn 0.9603 -0.0000 0.2790
vn 0.9535 -0.0000 0.3013
vn 0.9452 -0.0000 0.3264
vn 0.9350 -0.0000 0.3547
vn 0.9222 -0.0000 0.3867
vn 0.9063 -0.0000 0.4227
vn 0.8864 -0.0000 0.4629
vn 0.8617 -0.0000 0.5074
vn 0.8311 -0.0000 0.5561
vn 0.7936 -0.0000 0.6085
vn 0.7480 -0.0000 0.6637
vn 0.6936 -0.0000 0.7204
vn 0.9649 -0.1033 0.2414
vn 0.9687 -0.1035 0.2256
vn 0.9603 -0.1031 0.2591
vn 0.9548 -0.1028 0.2789
vn 0.9480 -0.1025 0.3012
vn 0.9398 -0.1021 0.3262
vn 0.9295 -0.1017 0.3545
vn 0.9167 -0.1012 0.3864
vn 0.9008 -0.1009 0.4224
vn 0.8809 -0.1006 0.4625
vn 0.8562 -0.1004 0.5067
vn 0.8257 -0.1004 0.5551
vn 0.7883 -0.1007 0.6070
vn 0.7428 -0.1014 0.6617
vn 0.6886 -0.1028 0.7178
vn 0.9484 -0.2062 0.2410
vn 0.9522 -0.2066 0.2251
vn 0.9438 -0.2058 0.2587
vn 0.9382 -0.2052 0.2785
vn 0.9315 -0.2046 0.3007
vn 0.9233 -0.2038 0.3257
vn 0.9130 -0.2028 0.3539
vn 0.9003 -0.2018 0.3857
vn 0.8844 -0.2007 0.4214
vn 0.8646 -0.1996 0.4610
vn 0.8402 -0.1985 0.5046
vn 0.8101 -0.1974 0.5521
vn 0.7732 -0.1967 0.6029
vn 0.7283 -0.1969 0.6564
vn 0.6747 -0.1984 0.7109
vn 0.9204 -0.3084 0.2403
vn 0.9242 -0.3091 0.2243
vn 0.9158 -0.3077 0.2580
vn 0.9103 -0.3069 0.2778
vn 0.9036 -0.3058 0.2999
vn 0.8954 -0.3045 0.3247
vn 0.8853 -0.3030 0.3527
vn 0.8727 -0.3011 0.3844
vn 0.8570 -0.2991 0.4196
vn 0.8377 -0.2967 0.4585
vn 0.8140 -0.2939 0.5010
vn 0.7850 -0.2909 0.5470
vn 0.7493 -0.2881 0.5963
vn 0.7057 -0.2864 0.6480
vn 0.6535 -0.2870 0.7004
vn 0.8806 -0.4091 0.2391
vn 0.8844 -0.4100 0.2230
vn 0.8761 -0.4081 0.2569
vn 0.8706 -0.4069 0.2766
vn 0.8640 -0.4054 0.2986
vn 0.8559 -0.4036 0.3233
vn 0.8460 -0.4013 0.3510
vn 0.8337 -0.3985 0.3823
vn 0.8184 -0.3953 0.4170
vn 0.8000 -0.3913 0.4548
vn 0.7777 -0.3866 0.4957
vn 0.7505 -0.3811 0.5399
vn 0.7170 -0.3755 0.5873
vn 0.6757 -0.3713 0.6369
vn 0.6257 -0.3699 0.6867
vn 0.8286 -0.5070 0.2375
vn 0.8323 -0.5083 0.2211
vn 0.8241 -0.5057 0.2553
vn 0.8187 -0.5041 0.2750
vn 0.8123 -0.5021 0.2968
vn 0.8044 -0.4997 0.3212
vn 0.7948 -0.4967 0.3487
vn 0.7830 -0.4929 0.3795
vn 0.7685 -0.4882 0.4135
vn 0.7514 -0.4827 0.4499
vn 0.7310 -0.4759 0.4891
vn 0.7063 -0.4680 0.5312
vn 0.6761 -0.4593 0.5761
vn 0.6388 -0.4513 0.6232
vn 0.5929 -0.4463 0.6703
vn 0.7641 -0.6006 0.2352
vn 0.7678 -0.6022 0.2187
vn 0.7598 -0.5989 0.2531
vn 0.7546 -0.5969 0.2727
vn 0.7484 -0.5944 0.2943
vn 0.7409 -0.5913 0.3184
vn 0.7318 -0.5874 0.3455
vn 0.7207 -0.5825 0.3759
vn 0.7073 -0.5765 0.4090
vn 0.6918 -0.5694 0.4441
vn 0.6736 -0.5607 0.4814
vn 0.6520 -0.5505 0.5214
vn 0.6262 -0.5386 0.5637
vn 0.5951 -0.5261 0.6075
vn 0.5566 -0.5153 0.6517
vn 0.6877 -0.6879 0.2322
vn 0.6912 -0.6898 0.2155
vn 0.6835 -0.6857 0.2502
vn 0.6786 -0.6832 0.2697
vn 0.6728 -0.6801 0.2911
vn 0.6658 -0.6764 0.3149
vn 0.6575 -0.6716 0.3415
vn 0.6473 -0.6656 0.3714
vn 0.6354 -0.6582 0.4037
vn 0.6219 -0.6495 0.4375
vn 0.6062 -0.6391 0.4733
vn 0.5880 -0.6266 0.5115
vn 0.5671 -0.6120 0.5512
vn 0.5436 -0.5957 0.5913
vn 0.5155 -0.5789 0.6318
vn 0.6941 0.6918 0.1994
vn 0.4655 -0.6366 0.6149
vn 0.4830 -0.6571 0.5787
vn 0.5001 -0.6763 0.5408
vn 0.5163 -0.6935 0.5024
vn 0.5308 -0.7083 0.4654
vn 0.5436 -0.7205 0.4306
vn 0.5550 -0.7307 0.3976
vn 0.5651 -0.7394 0.3661
vn 0.5739 -0.7465 0.3368
vn 0.5813 -0.7521 0.3107
vn 0.5875 -0.7565 0.2872
vn 0.5929 -0.7601 0.2660
vn 0.5974 -0.7631 0.2466
vn 0.6012 -0.7657 0.2285
vn 0.6044 -0.7681 0.2116
vn 0.6941 -0.6918 0.1994
vn 0.6070 -0.7703 0.1952
vn 0.7709 -0.6038 0.2029
vn 0.8355 -0.5095 0.2057
vn 0.8877 -0.4109 0.2078
vn 0.9275 -0.3097 0.2093
vn 0.9554 -0.2071 0.2104
vn 0.9720 -0.1037 0.2110
vn 0.9775 -0.0000 0.2112
vn 0.9720 0.1037 0.2110
vn 0.9554 0.2071 0.2104
vn 0.9275 0.3097 0.2093
vn 0.8877 0.4109 0.2078
vn 0.8355 0.5095 0.2057
vn 0.7709 0.6038 0.2029
vn 0.4160 -0.5421 -0.7301
vn 0.3565 -0.5479 -0.7568
vn 0.3619 -0.4721 -0.8038
vn 0.4285 -0.4740 -0.7692
vn 0.2993 -0.5536 -0.7771
vn 0.2993 -0.4724 -0.8290
vn 0.2415 -0.5579 -0.7940
vn 0.2391 -0.4729 -0.8481
vn 0.1834 -0.5611 -0.8072
vn 0.1805 -0.4730 -0.8624
vn 0.1250 -0.5633 -0.8167
vn 0.1222 -0.4729 -0.8726
vn 0.0642 -0.5646 -0.8228
vn 0.0625 -0.4726 -0.8790
vn -0.0000 -0.5651 -0.8250
vn -0.0000 -0.4725 -0.8813
vn -0.0642 -0.5646 -0.8228
vn -0.0625 -0.4726 -0.8790
vn -0.1250 -0.5633 -0.8167
vn -0.1222 -0.4729 -0.8726
vn -0.1834 -0.5611 -0.8072
vn -0.1805 -0.4730 -0.8624
vn -0.2415 -0.5579 -0.7940
vn -0.2391 -0.4729 -0.8481
vn -0.2993 -0.5536 -0.7771
vn -0.2993 -0.4724 -0.8290
vn -0.3565 -0.5479 -0.7568
vn -0.3619 -0.4721 -0.8038
vn -0.4160 -0.5421 -0.7301
vn -0.4285 -0.4740 -0.7692
vn 0.3681 -0.3971 -0.8407
vn 0.4406 -0.4048 -0.8013
vn 0.3009 -0.3928 -0.8690
vn 0.2380 -0.3901 -0.8895
vn 0.1782 -0.3880 -0.9043
vn 0.1197 -0.3862 -0.9146
vn 0.0607 -0.3849 -0.9210
vn -0.0000 -0.3844 -0.9232
vn -0.0607 -0.3849 -0.9210
vn -0.1197 -0.3862 -0.9146
vn -0.1782 -0.3880 -0.9043
vn -0.2380 -0.3901 -0.8895
vn -0.3009 -0.3928 -0.8690
vn -0.3681 -0.3971 -0.8407
vn -0.4406 -0.4048 -0.8013
vn 0.3735 -0.3218 -0.8700
vn 0.4506 -0.3315 -0.8289
vn 0.3027 -0.3150 -0.8995
vn 0.2375 -0.3103 -0.9205
vn 0.1764 -0.3067 -0.9353
vn 0.1175 -0.3038 -0.9455
vn 0.0591 -0.3017 -0.9516
vn -0.0000 -0.3010 -0.9536
vn -0.0591 -0.3017 -0.9516
vn -0.1175 -0.3038 -0.9455
vn -0.1764 -0.3067 -0.9353
vn -0.2375 -0.3103 -0.9205
vn -0.3027 -0.3151 -0.8995
vn -0.3735 -0.3218 -0.8700
vn -0.4506 -0.3315 -0.8289
vn 0.3777 -0.2455 -0.8928
vn 0.4587 -0.2549 -0.8513
vn 0.3041 -0.2383 -0.9223
vn 0.2370 -0.2328 -0.9432
vn 0.1747 -0.2285 -0.9577
vn 0.1155 -0.2250 -0.9675
vn 0.0577 -0.2227 -0.9732
vn -0.0000 -0.2219 -0.9751
vn -0.0577 -0.2227 -0.9732
vn -0.1155 -0.2250 -0.9675
vn -0.1747 -0.2285 -0.9577
vn -0.2370 -0.2328 -0.9432
vn -0.3041 -0.2383 -0.9223
vn -0.3777 -0.2455 -0.8928
vn -0.4587 -0.2549 -0.8513
vn 0.3805 -0.1676 -0.9095
vn 0.4647 -0.1753 -0.8680
vn 0.3049 -0.1613 -0.9386
vn 0.2364 -0.1562 -0.9590
vn 0.1733 -0.1521 -0.9731
vn 0.1139 -0.1489 -0.9823
vn 0.0565 -0.1468 -0.9875
vn -0.0000 -0.1461 -0.9893
vn -0.0565 -0.1468 -0.9875
vn -0.1139 -0.1489 -0.9823
vn -0.1733 -0.1521 -0.9731
vn -0.2364 -0.1562 -0.9590
vn -0.3049 -0.1613 -0.9386
vn -0.3805 -0.1676 -0.9094
vn -0.4647 -0.1753 -0.8680
vn 0.3823 -0.0861 -0.9200
vn 0.4686 -0.0906 -0.8788
vn 0.3052 -0.0822 -0.9487
vn 0.2358 -0.0789 -0.9686
vn 0.1722 -0.0763 -0.9821
vn 0.1127 -0.0742 -0.9909
vn 0.0558 -0.0730 -0.9958
vn -0.0000 -0.0725 -0.9974
vn -0.0558 -0.0730 -0.9958
vn -0.1127 -0.0742 -0.9909
vn -0.1722 -0.0763 -0.9821
vn -0.2358 -0.0789 -0.9686
vn -0.3052 -0.0822 -0.9487
vn -0.3823 -0.0861 -0.9200
vn -0.4686 -0.0906 -0.8788
vn 0.3829 -0.0000 -0.9238
vn 0.4700 -0.0000 -0.8827
vn 0.3053 -0.0000 -0.9522
vn 0.2356 -0.0000 -0.9719
vn 0.1718 -0.0000 -0.9851
vn 0.1123 -0.0000 -0.9937
vn 0.0555 -0.0000 -0.9985
vn -0.0000 -0.0000 -1.0000
vn -0.0555 -0.0000 -0.9985
vn -0.1123 -0.0000 -0.9937
vn -0.1718 -0.0000 -0.9851
vn -0.2355 -0.0000 -0.9719
vn -0.3053 -0.0000 -0.9522
vn -0.3829 -0.0000 -0.9238
vn -0.4700 -0.0000 -0.8827
vn 0.3823 0.0861 -0.9200
vn 0.4686 0.0906 -0.8788
vn 0.3052 0.0822 -0.9487
vn 0.2358 0.0789 -0.9686
vn 0.1722 0.0763 -0.9821
vn 0.1127 0.0742 -0.9909
vn 0.0558 0.0730 -0.9958
vn -0.0000 0.0725 -0.9974
vn -0.0558 0.0730 -0.9958
vn -0.1127 0.0742 -0.9909
vn -0.1722 0.0763 -0.9821
vn -0.2358 0.0789 -0.9686
vn -0.3052 0.0822 -0.9487
vn -0.3823 0.0861 -0.9200
vn -0.4686 0.0906 -0.8788
vn 0.3805 0.1676 -0.9095
vn 0.4647 0.1753 -0.8680
vn 0.3049 0.1613 -0.9386
vn 0.2364 0.1562 -0.9590
vn 0.1733 0.1521 -0.9731
vn 0.1139 0.1489 -0.9823
vn 0.0565 0.1468 -0.9875
vn -0.0000 0.1461 -0.9893
vn -0.0565 0.1468 -0.9875
vn -0.1139 0.1489 -0.9823
vn -0.1733 0.1521 -0.9731
vn -0.2364 0.1562 -0.9590
vn -0.3049 0.1613 -0.9386
vn -0.3805 0.1676 -0.9094
vn -0.4647 0.1753 -0.8680
vn 0.3777 0.2455 -0.8928
vn 0.4587 0.2549 -0.8513
vn 0.3041 0.2383 -0.9223
vn 0.2370 0.2328 -0.9432
vn 0.1747 0.2285 -0.9577
vn 0.1155 0.2250 -0.9675
vn 0.0577 0.2227 -0.9732
vn -0.0000 0.2219 -0.9751
vn -0.0577 0.2227 -0.9732
vn -0.1155 0.2250 -0.9675
vn -0.1747 0.2285 -0.9577
vn -0.2370 0.2328 -0.9432
vn -0.3041 0.2383 -0.9223
vn -0.3777 0.2455 -0.8928
vn -0.4587 0.2549 -0.8513
vn 0.3735 0.3218 -0.8700
vn 0.4506 0.3315 -0.8289
vn 0.3027 0.3150 -0.8995
vn 0.2375 0.3103 -0.9205
vn 0.1764 0.3067 -0.9353
vn 0.1175 0.3038 -0.9455
vn 0.0591 0.3017 -0.9516
vn -0.0000 0.3010 -0.9536
vn -0.0591 0.3017 -0.9516
vn -0.1175 0.3038 -0.9455
vn -0.1764 0.3067 -0.9353
vn -0.2375 0.3103 -0.9205
vn -0.3027 0.3150 -0.8995
vn -0.3735 0.3218 -0.8700
vn -0.4506 0.3315 -0.8289
vn 0.3681 0.3971 -0.8407
vn 0.4406 0.4048 -0.8013
vn 0.3009 0.3928 -0.8690
vn 0.2380 0.3901 -0.8895
vn 0.1782 0.3880 -0.9043
vn 0.1197 0.3862 -0.9146
vn 0.0607 0.3849 -0.9210
vn -0.0000 0.3844 -0.9232
vn -0.0607 0.3849 -0.9210
vn -0.1197 0.3862 -0.9146
vn -0.1782 0.3880 -0.9043
vn -0.2380 0.3901 -0.8895
vn -0.3009 0.3928 -0.8690
vn -0.3681 0.3971 -0.8407
vn -0.4406 0.4048 -0.8013
vn 0.3619 0.4721 -0.8038
vn 0.4285 0.4740 -0.7692
vn 0.2993 0.4724 -0.8290
vn 0.2391 0.4729 -0.8481
vn 0.1805 0.4730 -0.8624
vn 0.1222 0.4729 -0.8726
vn 0.0625 0.4726 -0.8790
vn -0.0000 0.4725 -0.8813
vn -0.0625 0.4726 -0.8790
vn -0.1222 0.4729 -0.8726
vn -0.1805 0.4730 -0.8624
vn -0.2391 0.4729 -0.8481
vn -0.2993 0.4724 -0.8290
vn -0.3619 0.4721 -0.8038
vn -0.4285 0.4740 -0.7692
vn 0.3565 0.5479 -0.7568
vn 0.4160 0.5421 -0.7301
vn 0.2993 0.5536 -0.7771
vn 0.2415 0.5579 -0.7940
vn 0.1834 0.5611 -0.8072
vn 0.1250 0.5633 -0.8167
vn 0.0642 0.5646 -0.8228
vn -0.0000 0.5651 -0.8250
vn -0.0642 0.5646 -0.8228
vn -0.1250 0.5633 -0.8167
vn -0.1834 0.5611 -0.8072
vn -0.2415 0.5579 -0.7940
vn -0.2993 0.5536 -0.7771
vn -0.3565 0.5479 -0.7568
vn -0.4160 0.5421 -0.7301
vn 0.4572 -0.5972 -0.6590
vn 0.4093 -0.6111 -0.6775
vn 0.4786 -0.5450 -0.6884
vn 0.3574 -0.6234 -0.6954
vn 0.3026 -0.6340 -0.7116
vn 0.2454 -0.6430 -0.7255
vn 0.1871 -0.6500 -0.7366
vn 0.1279 -0.6551 -0.7447
vn 0.0659 -0.6583 -0.7498
vn -0.0000 -0.6595 -0.7517
vn -0.0659 -0.6583 -0.7498
vn -0.1279 -0.6551 -0.7447
vn -0.1871 -0.6500 -0.7366
vn -0.2454 -0.6430 -0.7255
vn -0.3026 -0.6341 -0.7116
vn -0.3574 -0.6234 -0.6954
vn -0.4093 -0.6111 -0.6775
vn -0.4572 -0.5972 -0.6590
vn -0.4786 -0.5450 -0.6884
vn -0.4985 -0.4847 -0.7187
vn -0.5167 -0.4181 -0.7471
vn -0.5331 -0.3448 -0.7726
vn -0.5466 -0.2666 -0.7938
vn -0.5570 -0.1842 -0.8098
vn -0.5638 -0.0956 -0.8204
vn -0.5664 -0.0000 -0.8242
vn -0.5638 0.0956 -0.8203
vn -0.5570 0.1842 -0.8098
vn -0.5467 0.2666 -0.7938
vn -0.5331 0.3448 -0.7726
vn -0.5167 0.4181 -0.7471
vn -0.4985 0.4847 -0.7187
vn -0.4786 0.5450 -0.6884
vn -0.4572 0.5972 -0.6590
vn -0.4093 0.6111 -0.6775
vn -0.3574 0.6234 -0.6954
vn -0.3026 0.6341 -0.7116
vn -0.2454 0.6430 -0.7255
vn -0.1871 0.6500 -0.7366
vn -0.1279 0.6551 -0.7447
vn -0.0659 0.6583 -0.7498
vn -0.0000 0.6595 -0.7517
vn 0.0659 0.6583 -0.7498
vn 0.1279 0.6551 -0.7447
vn 0.1871 0.6500 -0.7366
vn 0.2454 0.6430 -0.7255
vn 0.3026 0.6341 -0.7116
vn 0.3574 0.6234 -0.6954
vn 0.4093 0.6111 -0.6775
vn 0.4786 0.5450 -0.6884
vn 0.4572 0.5972 -0.6590
vn 0.4985 0.4847 -0.7187
vn 0.5167 0.4181 -0.7471
vn 0.5331 0.3448 -0.7726
vn 0.5467 0.2666 -0.7938
vn 0.5570 0.1842 -0.8098
vn 0.5638 0.0956 -0.8204
vn 0.5664 -0.0000 -0.8242
vn 0.5638 -0.0956 -0.8204
vn 0.5570 -0.1842 -0.8098
vn 0.5466 -0.2666 -0.7938
vn 0.5331 -0.3448 -0.7726
vn 0.5167 -0.4181 -0.7471
vn 0.4985 -0.4847 -0.7187
vn -0.6912 -0.6898 0.2155
vn -0.6877 -0.6879 0.2322
vn -0.7641 -0.6006 0.2352
vn -0.7678 -0.6022 0.2187
vn -0.6835 -0.6857 0.2502
vn -0.7598 -0.5989 0.2531
vn -0.6786 -0.6832 0.2697
vn -0.7546 -0.5969 0.2727
vn -0.6728 -0.6801 0.2911
vn -0.7484 -0.5944 0.2943
vn -0.6658 -0.6764 0.3149
vn -0.7409 -0.5913 0.3184
vn -0.6575 -0.6716 0.3415
vn -0.7318 -0.5874 0.3455
vn -0.6473 -0.6656 0.3714
vn -0.7207 -0.5825 0.3759
vn -0.6354 -0.6582 0.4037
vn -0.7073 -0.5765 0.4090
vn -0.6219 -0.6495 0.4375
vn -0.6918 -0.5694 0.4441
vn -0.6062 -0.6391 0.4733
vn -0.6736 -0.5607 0.4814
vn -0.5880 -0.6266 0.5115
vn -0.6520 -0.5505 0.5214
vn -0.5671 -0.6120 0.5512
vn -0.6262 -0.5387 0.5637
vn -0.5436 -0.5957 0.5913
vn -0.5951 -0.5261 0.6075
vn -0.5155 -0.5789 0.6318
vn -0.5566 -0.5153 0.6517
vn -0.8286 -0.5070 0.2375
vn -0.8323 -0.5083 0.2211
vn -0.8241 -0.5057 0.2553
vn -0.8187 -0.5041 0.2750
vn -0.8123 -0.5021 0.2968
vn -0.8044 -0.4997 0.3212
vn -0.7948 -0.4967 0.3487
vn -0.7830 -0.4929 0.3795
vn -0.7685 -0.4882 0.4135
vn -0.7514 -0.4827 0.4499
vn -0.7310 -0.4759 0.4891
vn -0.7063 -0.4680 0.5312
vn -0.6761 -0.4593 0.5761
vn -0.6388 -0.4513 0.6232
vn -0.5929 -0.4463 0.6703
vn -0.8806 -0.4091 0.2391
vn -0.8844 -0.4100 0.2230
vn -0.8761 -0.4081 0.2569
vn -0.8706 -0.4069 0.2766
vn -0.8640 -0.4054 0.2986
vn -0.8559 -0.4036 0.3233
vn -0.8460 -0.4013 0.3510
vn -0.8337 -0.3985 0.3823
vn -0.8184 -0.3953 0.4170
vn -0.8000 -0.3913 0.4548
vn -0.7777 -0.3866 0.4957
vn -0.7505 -0.3811 0.5399
vn -0.7170 -0.3755 0.5873
vn -0.6757 -0.3713 0.6369
vn -0.6257 -0.3699 0.6867
vn -0.9204 -0.3084 0.2403
vn -0.9242 -0.3091 0.2243
vn -0.9158 -0.3077 0.2580
vn -0.9103 -0.3069 0.2778
vn -0.9036 -0.3058 0.2999
vn -0.8954 -0.3045 0.3247
vn -0.8853 -0.3030 0.3527
vn -0.8727 -0.3011 0.3844
vn -0.8570 -0.2991 0.4196
vn -0.8377 -0.2967 0.4585
vn -0.8140 -0.2939 0.5010
vn -0.7850 -0.2909 0.5470
vn -0.7493 -0.2881 0.5963
vn -0.7057 -0.2864 0.6480
vn -0.6535 -0.2870 0.7004
vn -0.9484 -0.2062 0.2410
vn -0.9522 -0.2066 0.2251
vn -0.9438 -0.2058 0.2587
vn -0.9382 -0.2052 0.2785
vn -0.9315 -0.2046 0.3007
vn -0.9233 -0.2038 0.3257
vn -0.9130 -0.2028 0.3539
vn -0.9003 -0.2018 0.3857
vn -0.8844 -0.2007 0.4214
vn -0.8646 -0.1996 0.4610
vn -0.8402 -0.1985 0.5046
vn -0.8101 -0.1974 0.5521
vn -0.7732 -0.1967 0.6029
vn -0.7283 -0.1969 0.6564
vn -0.6747 -0.1984 0.7109
vn -0.9649 -0.1033 0.2414
vn -0.9687 -0.1035 0.2256
vn -0.9603 -0.1031 0.2591
vn -0.9548 -0.1028 0.2789
vn -0.9480 -0.1025 0.3012
vn -0.9398 -0.1021 0.3262
vn -0.9295 -0.1017 0.3545
vn -0.9167 -0.1012 0.3864
vn -0.9008 -0.1009 0.4224
vn -0.8809 -0.1006 0.4625
vn -0.8562 -0.1004 0.5067
vn -0.8257 -0.1004 0.5551
vn -0.7883 -0.1007 0.6070
vn -0.7428 -0.1014 0.6617
vn -0.6886 -0.1028 0.7178
vn -0.9704 -0.0000 0.2415
vn -0.9742 -0.0000 0.2257
vn -0.9658 -0.0000 0.2592
vn -0.9603 -0.0000 0.2790
vn -0.9535 -0.0000 0.3013
vn -0.9452 -0.0000 0.3264
vn -0.9350 -0.0000 0.3547
vn -0.9222 -0.0000 0.3867
vn -0.9063 -0.0000 0.4227
vn -0.8864 -0.0000 0.4629
vn -0.8617 -0.0000 0.5074
vn -0.8311 -0.0000 0.5561
vn -0.7936 -0.0000 0.6085
vn -0.7480 -0.0000 0.6637
vn -0.6936 -0.0000 0.7204
vn -0.9649 0.1033 0.2414
vn -0.9687 0.1035 0.2256
vn -0.9603 0.1031 0.2591
vn -0.9548 0.1028 0.2789
vn -0.9480 0.1025 0.3012
vn -0.9398 0.1021 0.3262
vn -0.9295 0.1017 0.3545
vn -0.9167 0.1012 0.3864
vn -0.9008 0.1009 0.4224
vn -0.8809 0.1006 0.4625
vn -0.8562 0.1004 0.5067
vn -0.8257 0.1004 0.5551
vn -0.7883 0.1007 0.6070
vn -0.7428 0.1014 0.6617
vn -0.6886 0.1028 0.7178
vn -0.9484 0.2062 0.2410
vn -0.9522 0.2066 0.2251
vn -0.9438 0.2058 0.2587
vn -0.9382 0.2052 0.2785
vn -0.9315 0.2046 0.3007
vn -0.9233 0.2038 0.3257
vn -0.9130 0.2028 0.3539
vn -0.9003 0.2018 0.3857
vn -0.8844 0.2007 0.4214
vn -0.8646 0.1996 0.4610
vn -0.8402 0.1985 0.5046
vn -0.8101 0.1974 0.5521
vn -0.7732 0.1967 0.6029
vn -0.7283 0.1969 0.6564
vn -0.6747 0.1984 0.7109
vn -0.9204 0.3084 0.2403
vn -0.9242 0.3091 0.2243
vn -0.9158 0.3077 0.2580
vn -0.9103 0.3069 0.2778
vn -0.9036 0.3058 0.2999
vn -0.8954 0.3045 0.3247
vn -0.8853 0.3030 0.3527
vn -0.8727 0.3011 0.3844
vn -0.8570 0.2991 0.4196
vn -0.8377 0.2967 0.4585
vn -0.8140 0.2939 0.5010
vn -0.7850 0.2909 0.5470
vn -0.7493 0.2881 0.5963
vn -0.7057 0.2864 0.6480
vn -0.6535 0.2870 0.7004
vn -0.8806 0.4091 0.2391
vn -0.8844 0.4100 0.2230
vn -0.8761 0.4081 0.2569
vn -0.8706 0.4069 0.2766
vn -0.8640 0.4054 0.2986
vn -0.8559 0.4036 0.3233
vn -0.8460 0.4013 0.3510
vn -0.8337 0.3985 0.3823
vn -0.8184 0.3953 0.4170
vn -0.8000 0.3913 0.4548
vn -0.7777 0.3866 0.4957
vn -0.7505 0.3811 0.5399
vn -0.7170 0.3755 0.5873
vn -0.6757 0.3713 0.6369
vn -0.6257 0.3699 0.6867
vn -0.8286 0.5070 0.2375
vn -0.8323 0.5083 0.2211
vn -0.8241 0.5057 0.2553
vn -0.8187 0.5041 0.2750
vn -0.8123 0.5021 0.2968
vn -0.8044 0.4997 0.3212
vn -0.7948 0.4967 0.3487
vn -0.7830 0.4929 0.3795
vn -0.7685 0.4882 0.4135
vn -0.7514 0.4827 0.4499
vn -0.7310 0.4759 0.4891
vn -0.7063 0.4680 0.5312
vn -0.6761 0.4593 0.5761
vn -0.6388 0.4513 0.6232
vn -0.5929 0.4463 0.6703
vn -0.7641 0.6006 0.2352
vn -0.7678 0.6022 0.2187
vn -0.7598 0.5989 0.2531
vn -0.7546 0.5969 0.2727
vn -0.7484 0.5944 0.2943
vn -0.7409 0.5913 0.3184
vn -0.7318 0.5874 0.3455
vn -0.7207 0.5825 0.3759
vn -0.7073 0.5765 0.4090
vn -0.6918 0.5694 0.4441
vn -0.6736 0.5607 0.4814
vn -0.6520 0.5505 0.5214
vn -0.6262 0.5387 0.5637
vn -0.5951 0.5261 0.6075
vn -0.5566 0.5153 0.6517
vn -0.6877 0.6879 0.2322
vn -0.6912 0.6898 0.2155
vn -0.6835 0.6857 0.2502
vn -0.6786 0.6832 0.2697
vn -0.6728 0.6801 0.2911
vn -0.6658 0.6764 0.3149
vn -0.6575 0.6716 0.3415
vn -0.6473 0.6656 0.3714
vn -0.6354 0.6582 0.4037
vn -0.6219 0.6495 0.4375
vn -0.6062 0.6391 0.4733
vn -0.5880 0.6266 0.5115
vn -0.5671 0.6120 0.5512
vn -0.5436 0.5957 0.5913
vn -0.5155 0.5789 0.6318
vn -0.6070 -0.7703 0.1952
vn -0.6044 -0.7681 0.2116
vn -0.6941 -0.6918 0.1994
vn -0.6012 -0.7657 0.2285
vn -0.5974 -0.7631 0.2466
vn -0.5929 -0.7601 0.2660
vn -0.5875 -0.7565 0.2872
vn -0.5813 -0.7521 0.3107
vn -0.5739 -0.7465 0.3368
vn -0.5651 -0.7394 0.3661
vn -0.5550 -0.7307 0.3976
vn -0.5436 -0.7205 0.4306
vn -0.5308 -0.7083 0.4654
vn -0.5163 -0.6935 0.5024
vn -0.5001 -0.6763 0.5408
vn -0.4830 -0.6571 0.5787
vn -0.4655 -0.6366 0.6149
vn -0.6941 0.6918 0.1994
vn -0.7709 0.6038 0.2029
vn -0.8355 0.5095 0.2057
vn -0.8877 0.4109 0.2078
vn -0.9275 0.3097 0.2093
vn -0.9554 0.2071 0.2104
vn -0.9720 0.1037 0.2110
vn -0.9775 -0.0000 0.2112
vn -0.9720 -0.1037 0.2110
vn -0.9554 -0.2071 0.2104
vn -0.9275 -0.3097 0.2093
vn -0.8877 -0.4109 0.2078
vn -0.8355 -0.5095 0.2057
vn -0.7709 -0.6038 0.2029
vn 0.5142 -0.8322 0.2075
vn 0.5114 -0.8295 0.2245
vn 0.4251 -0.8778 0.2208
vn 0.4275 -0.8808 0.2036
vn 0.5080 -0.8265 0.2426
vn 0.4221 -0.8745 0.2390
vn 0.5039 -0.8230 0.2620
vn 0.4187 -0.8706 0.2584
vn 0.4992 -0.8189 0.2831
vn 0.4146 -0.8661 0.2793
vn 0.4938 -0.8139 0.3062
vn 0.4100 -0.8606 0.3021
vn 0.4874 -0.8076 0.3319
vn 0.4047 -0.8538 0.3274
vn 0.4801 -0.7997 0.3605
vn 0.3988 -0.8453 0.3555
vn 0.4719 -0.7900 0.3914
vn 0.3923 -0.8349 0.3860
vn 0.4628 -0.7785 0.4239
vn 0.3853 -0.8225 0.4183
vn 0.4528 -0.7648 0.4583
vn 0.3777 -0.8077 0.4528
vn 0.4418 -0.7481 0.4952
vn 0.3695 -0.7894 0.4902
vn 0.4299 -0.7281 0.5339
vn 0.3612 -0.7670 0.5303
vn 0.4175 -0.7050 0.5733
vn 0.3535 -0.7393 0.5730
vn 0.4059 -0.6766 0.6144
vn 0.3486 -0.7042 0.6185
vn 0.3442 -0.9133 0.2177
vn 0.3462 -0.9165 0.2003
vn 0.3417 -0.9097 0.2359
vn 0.3388 -0.9055 0.2553
vn 0.3355 -0.9007 0.2761
vn 0.3317 -0.8948 0.2987
vn 0.3275 -0.8877 0.3237
vn 0.3228 -0.8788 0.3514
vn 0.3179 -0.8680 0.3816
vn 0.3126 -0.8549 0.4140
vn 0.3070 -0.8392 0.4489
vn 0.3014 -0.8198 0.4870
vn 0.2962 -0.7955 0.5286
vn 0.2926 -0.7649 0.5739
vn 0.2927 -0.7261 0.6222
vn 0.2685 -0.9389 0.2151
vn 0.2701 -0.9423 0.1976
vn 0.2666 -0.9351 0.2335
vn 0.2643 -0.9307 0.2529
vn 0.2616 -0.9256 0.2736
vn 0.2586 -0.9195 0.2961
vn 0.2554 -0.9121 0.3208
vn 0.2519 -0.9030 0.3482
vn 0.2483 -0.8918 0.3781
vn 0.2446 -0.8784 0.4107
vn 0.2408 -0.8620 0.4461
vn 0.2372 -0.8417 0.4850
vn 0.2345 -0.8164 0.5278
vn 0.2336 -0.7844 0.5745
vn 0.2358 -0.7445 0.6246
vn 0.1974 -0.9569 0.2132
vn 0.1986 -0.9604 0.1956
vn 0.1959 -0.9529 0.2317
vn 0.1942 -0.9483 0.2511
vn 0.1922 -0.9430 0.2718
vn 0.1900 -0.9367 0.2942
vn 0.1876 -0.9291 0.3187
vn 0.1852 -0.9199 0.3458
vn 0.1828 -0.9086 0.3755
vn 0.1804 -0.8949 0.4082
vn 0.1782 -0.8781 0.4441
vn 0.1764 -0.8573 0.4836
vn 0.1753 -0.8315 0.5272
vn 0.1758 -0.7992 0.5749
vn 0.1786 -0.7589 0.6262
vn 0.1296 -0.9687 0.2119
vn 0.1304 -0.9723 0.1942
vn 0.1287 -0.9646 0.2304
vn 0.1275 -0.9598 0.2499
vn 0.1262 -0.9544 0.2706
vn 0.1248 -0.9480 0.2930
vn 0.1232 -0.9403 0.3173
vn 0.1217 -0.9310 0.3441
vn 0.1203 -0.9197 0.3737
vn 0.1191 -0.9059 0.4064
vn 0.1180 -0.8889 0.4426
vn 0.1174 -0.8680 0.4825
vn 0.1175 -0.8419 0.5266
vn 0.1186 -0.8096 0.5749
vn 0.1212 -0.7693 0.6272
vn 0.0642 -0.9753 0.2111
vn 0.0646 -0.9790 0.1934
vn 0.0637 -0.9712 0.2297
vn 0.0632 -0.9664 0.2492
vn 0.0625 -0.9609 0.2699
vn 0.0618 -0.9544 0.2922
vn 0.0611 -0.9466 0.3165
vn 0.0604 -0.9374 0.3431
vn 0.0598 -0.9261 0.3726
vn 0.0593 -0.9123 0.4053
vn 0.0590 -0.8953 0.4415
vn 0.0590 -0.8743 0.4817
vn 0.0594 -0.8483 0.5261
vn 0.0604 -0.8160 0.5749
vn 0.0620 -0.7759 0.6278
vn -0.0000 -0.9775 0.2109
vn -0.0000 -0.9812 0.1931
vn -0.0000 -0.9733 0.2294
vn -0.0000 -0.9685 0.2489
vn -0.0000 -0.9630 0.2697
vn -0.0000 -0.9564 0.2920
vn -0.0000 -0.9487 0.3162
vn -0.0000 -0.9394 0.3428
vn -0.0000 -0.9282 0.3722
vn -0.0000 -0.9144 0.4049
vn -0.0000 -0.8974 0.4412
vn -0.0000 -0.8765 0.4815
vn -0.0000 -0.8505 0.5260
vn -0.0000 -0.8182 0.5749
vn -0.0000 -0.7782 0.6281
vn -0.0642 -0.9753 0.2111
vn -0.0646 -0.9790 0.1934
vn -0.0637 -0.9712 0.2297
vn -0.0632 -0.9664 0.2492
vn -0.0625 -0.9609 0.2699
vn -0.0618 -0.9544 0.2922
vn -0.0611 -0.9466 0.3165
vn -0.0604 -0.9374 0.3431
vn -0.0598 -0.9261 0.3726
vn -0.0593 -0.9123 0.4053
vn -0.0590 -0.8953 0.4415
vn -0.0590 -0.8743 0.4817
vn -0.0594 -0.8483 0.5261
vn -0.0604 -0.8160 0.5749
vn -0.0620 -0.7759 0.6278
vn -0.1296 -0.9687 0.2119
vn -0.1304 -0.9723 0.1942
vn -0.1287 -0.9646 0.2304
vn -0.1275 -0.9598 0.2499
vn -0.1262 -0.9544 0.2706
vn -0.1248 -0.9480 0.2930
vn -0.1232 -0.9403 0.3173
vn -0.1217 -0.9310 0.3441
vn -0.1203 -0.9197 0.3737
vn -0.1191 -0.9059 0.4064
vn -0.1180 -0.8889 0.4426
vn -0.1174 -0.8680 0.4825
vn -0.1175 -0.8419 0.5266
vn -0.1186 -0.8096 0.5749
vn -0.1212 -0.7693 0.6272
vn -0.1974 -0.9569 0.2132
vn -0.1986 -0.9604 0.1956
vn -0.1959 -0.9529 0.2317
vn -0.1942 -0.9483 0.2511
vn -0.1922 -0.9430 0.2718
vn -0.1900 -0.9367 0.2942
vn -0.1876 -0.9291 0.3187
vn -0.1852 -0.9199 0.3457
vn -0.1828 -0.9086 0.3755
vn -0.1804 -0.8949 0.4082
vn -0.1782 -0.8781 0.4441
vn -0.1764 -0.8573 0.4836
vn -0.1753 -0.8315 0.5272
vn -0.1758 -0.7992 0.5749
vn -0.1786 -0.7589 0.6262
vn -0.2685 -0.9389 0.2151
vn -0.2701 -0.9423 0.1976
vn -0.2666 -0.9351 0.2335
vn -0.2643 -0.9307 0.2529
vn -0.2616 -0.9256 0.2736
vn -0.2586 -0.9195 0.2961
vn -0.2554 -0.9121 0.3208
vn -0.2519 -0.9030 0.3482
vn -0.2483 -0.8918 0.3781
vn -0.2446 -0.8784 0.4107
vn -0.2408 -0.8620 0.4461
vn -0.2372 -0.8417 0.4850
vn -0.2345 -0.8164 0.5278
vn -0.2336 -0.7844 0.5745
vn -0.2358 -0.7445 0.6246
vn -0.3442 -0.9133 0.2177
vn -0.3462 -0.9165 0.2003
vn -0.3417 -0.9097 0.2359
vn -0.3388 -0.9055 0.2553
vn -0.3355 -0.9007 0.2761
vn -0.3317 -0.8948 0.2987
vn -0.3275 -0.8877 0.3237
vn -0.3228 -0.8788 0.3514
vn -0.3179 -0.8680 0.3816
vn -0.3126 -0.8549 0.4140
vn -0.3070 -0.8392 0.4489
vn -0.3014 -0.8198 0.4870
vn -0.2962 -0.7955 0.5286
vn -0.2926 -0.7649 0.5739
vn -0.2927 -0.7261 0.6222
vn -0.4251 -0.8778 0.2208
vn -0.4275 -0.8808 0.2036
vn -0.4221 -0.8745 0.2390
vn -0.4187 -0.8706 0.2584
vn -0.4146 -0.8661 0.2793
vn -0.4100 -0.8606 0.3021
vn -0.4047 -0.8538 0.3274
vn -0.3988 -0.8453 0.3555
vn -0.3923 -0.8349 0.3860
vn -0.3853 -0.8225 0.4183
vn -0.3777 -0.8077 0.4528
vn -0.3695 -0.7894 0.4902
vn -0.3612 -0.7670 0.5303
vn -0.3535 -0.7393 0.5730
vn -0.3486 -0.7042 0.6185
vn -0.5114 -0.8295 0.2245
vn -0.5142 -0.8322 0.2075
vn -0.5080 -0.8265 0.2426
vn -0.5039 -0.8230 0.2620
vn -0.4992 -0.8189 0.2831
vn -0.4938 -0.8139 0.3062
vn -0.4874 -0.8076 0.3319
vn -0.4801 -0.7997 0.3605
vn -0.4719 -0.7900 0.3914
vn -0.4628 -0.7785 0.4239
vn -0.4528 -0.7648 0.4583
vn -0.4418 -0.7481 0.4952
vn -0.4299 -0.7281 0.5339
vn -0.4175 -0.7050 0.5733
vn -0.4059 -0.6766 0.6144
vn 0.5165 -0.8348 0.1908
vn -0.5165 -0.8348 0.1908
vn -0.4294 -0.8836 0.1867
vn -0.3478 -0.9195 0.1832
vn -0.2714 -0.9454 0.1804
vn -0.1995 -0.9636 0.1782
vn -0.1311 -0.9755 0.1767
vn -0.0649 -0.9823 0.1758
vn -0.0000 -0.9845 0.1755
vn 0.0649 -0.9823 0.1758
vn 0.1311 -0.9755 0.1767
vn 0.1995 -0.9636 0.1782
vn 0.2714 -0.9454 0.1804
vn 0.3478 -0.9195 0.1832
vn 0.4295 -0.8836 0.1867
vn 0.4269 -0.6694 -0.6080
vn 0.4492 -0.7153 -0.5354
vn 0.3836 -0.7479 -0.5417
vn 0.3679 -0.6918 -0.6214
vn 0.4700 -0.7530 -0.4605
vn 0.3989 -0.7929 -0.4607
vn 0.4874 -0.7847 -0.3831
vn 0.4117 -0.8282 -0.3803
vn 0.5010 -0.8094 -0.3064
vn 0.4214 -0.8549 -0.3026
vn 0.5110 -0.8274 -0.2330
vn 0.4283 -0.8741 -0.2291
vn 0.5180 -0.8398 -0.1626
vn 0.4327 -0.8873 -0.1595
vn 0.5223 -0.8474 -0.0954
vn 0.4352 -0.8954 -0.0939
vn 0.5244 -0.8507 -0.0347
vn 0.4362 -0.8991 -0.0350
vn 0.5249 -0.8510 0.0167
vn 0.4364 -0.8996 0.0149
vn 0.5245 -0.8493 0.0597
vn 0.4359 -0.8982 0.0568
vn 0.5234 -0.8467 0.0957
vn 0.4351 -0.8957 0.0921
vn 0.5220 -0.8436 0.1260
vn 0.4339 -0.8926 0.1220
vn 0.5203 -0.8404 0.1515
vn 0.4326 -0.8895 0.1472
vn 0.5185 -0.8374 0.1728
vn 0.4311 -0.8864 0.1685
vn 0.3199 -0.7718 -0.5494
vn 0.3100 -0.7085 -0.6340
vn 0.3302 -0.8223 -0.4634
vn 0.3390 -0.8609 -0.3795
vn 0.3455 -0.8892 -0.2998
vn 0.3498 -0.9093 -0.2255
vn 0.3522 -0.9228 -0.1561
vn 0.3533 -0.9310 -0.0920
vn 0.3536 -0.9348 -0.0349
vn 0.3534 -0.9354 0.0135
vn 0.3529 -0.9341 0.0544
vn 0.3522 -0.9317 0.0891
vn 0.3514 -0.9287 0.1185
vn 0.3504 -0.9255 0.1436
vn 0.3492 -0.9224 0.1649
vn 0.2574 -0.7901 -0.5563
vn 0.2509 -0.7223 -0.6445
vn 0.2638 -0.8442 -0.4666
vn 0.2692 -0.8851 -0.3796
vn 0.2731 -0.9147 -0.2978
vn 0.2754 -0.9353 -0.2222
vn 0.2763 -0.9488 -0.1529
vn 0.2764 -0.9568 -0.0899
vn 0.2762 -0.9605 -0.0345
vn 0.2758 -0.9611 0.0126
vn 0.2753 -0.9599 0.0526
vn 0.2748 -0.9576 0.0867
vn 0.2741 -0.9547 0.1158
vn 0.2734 -0.9516 0.1406
vn 0.2725 -0.9484 0.1619
vn 0.1952 -0.8040 -0.5617
vn 0.1912 -0.7331 -0.6527
vn 0.1989 -0.8604 -0.4693
vn 0.2018 -0.9028 -0.3798
vn 0.2036 -0.9332 -0.2960
vn 0.2043 -0.9540 -0.2193
vn 0.2042 -0.9674 -0.1500
vn 0.2037 -0.9751 -0.0880
vn 0.2032 -0.9785 -0.0340
vn 0.2028 -0.9792 0.0120
vn 0.2024 -0.9780 0.0513
vn 0.2020 -0.9757 0.0849
vn 0.2015 -0.9729 0.1136
vn 0.2009 -0.9698 0.1384
vn 0.2003 -0.9666 0.1597
vn 0.1328 -0.8140 -0.5655
vn 0.1305 -0.7410 -0.6587
vn 0.1344 -0.8718 -0.4710
vn 0.1354 -0.9152 -0.3796
vn 0.1357 -0.9460 -0.2943
vn 0.1354 -0.9668 -0.2168
vn 0.1348 -0.9798 -0.1476
vn 0.1342 -0.9872 -0.0865
vn 0.1336 -0.9905 -0.0336
vn 0.1332 -0.9910 0.0117
vn 0.1329 -0.9898 0.0504
vn 0.1326 -0.9876 0.0836
vn 0.1323 -0.9848 0.1122
vn 0.1320 -0.9818 0.1368
vn 0.1316 -0.9786 0.1581
vn 0.0680 -0.8204 -0.5678
vn 0.0672 -0.7460 -0.6625
vn 0.0684 -0.8790 -0.4718
vn 0.0684 -0.9228 -0.3792
vn 0.0681 -0.9537 -0.2930
vn 0.0677 -0.9742 -0.2151
vn 0.0671 -0.9870 -0.1460
vn 0.0666 -0.9941 -0.0855
vn 0.0663 -0.9972 -0.0332
vn 0.0660 -0.9978 0.0115
vn 0.0659 -0.9966 0.0499
vn 0.0657 -0.9944 0.0829
vn 0.0656 -0.9916 0.1113
vn 0.0654 -0.9886 0.1359
vn 0.0652 -0.9854 0.1572
vn -0.0000 -0.8226 -0.5686
vn -0.0000 -0.7479 -0.6638
vn -0.0000 -0.8816 -0.4721
vn -0.0000 -0.9254 -0.3790
vn -0.0000 -0.9562 -0.2926
vn -0.0000 -0.9767 -0.2145
vn -0.0000 -0.9894 -0.1454
vn -0.0000 -0.9964 -0.0851
vn -0.0000 -0.9995 -0.0331
vn -0.0000 -0.9999 0.0115
vn -0.0000 -0.9988 0.0497
vn -0.0000 -0.9966 0.0826
vn -0.0000 -0.9938 0.1110
vn -0.0000 -0.9908 0.1356
vn -0.0000 -0.9876 0.1569
vn -0.0680 -0.8204 -0.5678
vn -0.0672 -0.7460 -0.6625
vn -0.0684 -0.8790 -0.4718
vn -0.0684 -0.9228 -0.3792
vn -0.0681 -0.9537 -0.2930
vn -0.0677 -0.9742 -0.2151
vn -0.0671 -0.9870 -0.1460
vn -0.0666 -0.9941 -0.0855
vn -0.0663 -0.9972 -0.0332
vn -0.0660 -0.9978 0.0115
vn -0.0659 -0.9966 0.0499
vn -0.0657 -0.9944 0.0829
vn -0.0656 -0.9916 0.1113
vn -0.0654 -0.9886 0.1359
vn -0.0652 -0.9854 0.1572
vn -0.1328 -0.8140 -0.5655
vn -0.1305 -0.7410 -0.6587
vn -0.1344 -0.8718 -0.4710
vn -0.1354 -0.9152 -0.3796
vn -0.1357 -0.9460 -0.2943
vn -0.1354 -0.9668 -0.2168
vn -0.1348 -0.9798 -0.1476
vn -0.1342 -0.9872 -0.0865
vn -0.1336 -0.9905 -0.0336
vn -0.1332 -0.9910 0.0117
vn -0.1329 -0.9898 0.0504
vn -0.1326 -0.9876 0.0836
vn -0.1323 -0.9848 0.1122
vn -0.1320 -0.9818 0.1368
vn -0.1316 -0.9786 0.1581
vn -0.1952 -0.8040 -0.5617
vn -0.1912 -0.7331 -0.6527
vn -0.1989 -0.8604 -0.4693
vn -0.2018 -0.9028 -0.3798
vn -0.2036 -0.9332 -0.2960
vn -0.2043 -0.9540 -0.2193
vn -0.2042 -0.9674 -0.1500
vn -0.2037 -0.9751 -0.0880
vn -0.2032 -0.9785 -0.0340
vn -0.2028 -0.9792 0.0120
vn -0.2024 -0.9780 0.0513
vn -0.2020 -0.9757 0.0849
vn -0.2015 -0.9729 0.1136
vn -0.2009 -0.9698 0.1384
vn -0.2003 -0.9666 0.1597
vn -0.2574 -0.7901 -0.5563
vn -0.2509 -0.7223 -0.6445
vn -0.2638 -0.8442 -0.4666
vn -0.2692 -0.8851 -0.3796
vn -0.2731 -0.9147 -0.2978
vn -0.2754 -0.9353 -0.2222
vn -0.2763 -0.9488 -0.1529
vn -0.2764 -0.9568 -0.0899
vn -0.2762 -0.9605 -0.0345
vn -0.2758 -0.9611 0.0126
vn -0.2753 -0.9599 0.0526
vn -0.2748 -0.9576 0.0867
vn -0.2741 -0.9547 0.1158
vn -0.2734 -0.9516 0.1406
vn -0.2725 -0.9484 0.1619
vn -0.3199 -0.7718 -0.5494
vn -0.3100 -0.7085 -0.6340
vn -0.3302 -0.8223 -0.4634
vn -0.3390 -0.8609 -0.3795
vn -0.3455 -0.8892 -0.2998
vn -0.3498 -0.9093 -0.2255
vn -0.3522 -0.9228 -0.1561
vn -0.3533 -0.9310 -0.0920
vn -0.3536 -0.9348 -0.0349
vn -0.3534 -0.9354 0.0135
vn -0.3529 -0.9341 0.0544
vn -0.3522 -0.9317 0.0891
vn -0.3514 -0.9287 0.1185
vn -0.3504 -0.9255 0.1436
vn -0.3492 -0.9224 0.1649
vn -0.3836 -0.7479 -0.5417
vn -0.3679 -0.6918 -0.6214
vn -0.3989 -0.7929 -0.4607
vn -0.4117 -0.8282 -0.3803
vn -0.4214 -0.8549 -0.3026
vn -0.4283 -0.8741 -0.2291
vn -0.4327 -0.8873 -0.1595
vn -0.4352 -0.8954 -0.0939
vn -0.4362 -0.8991 -0.0350
vn -0.4364 -0.8996 0.0149
vn -0.4359 -0.8982 0.0568
vn -0.4351 -0.8957 0.0921
vn -0.4339 -0.8926 0.1220
vn -0.4326 -0.8895 0.1472
vn -0.4311 -0.8864 0.1685
vn -0.4492 -0.7153 -0.5354
vn -0.4269 -0.6694 -0.6080
vn -0.4700 -0.7530 -0.4605
vn -0.4874 -0.7847 -0.3831
vn -0.5010 -0.8094 -0.3064
vn -0.5110 -0.8274 -0.2330
vn -0.5180 -0.8398 -0.1626
vn -0.5223 -0.8474 -0.0954
vn -0.5244 -0.8507 -0.0347
vn -0.5249 -0.8510 0.0167
vn -0.5245 -0.8493 0.0597
vn -0.5234 -0.8467 0.0957
vn -0.5220 -0.8436 0.1260
vn -0.5203 -0.8404 0.1515
vn -0.5185 -0.8374 0.1728
vn 0.4864 -0.6323 -0.6030
vn 0.5149 -0.6680 -0.5373
vn 0.5411 -0.7005 -0.4653
vn 0.5641 -0.7286 -0.3886
vn 0.5826 -0.7507 -0.3114
vn 0.5966 -0.7668 -0.2370
vn 0.6065 -0.7777 -0.1652
vn 0.6130 -0.7842 -0.0962
vn 0.6163 -0.7868 -0.0337
vn 0.6173 -0.7865 0.0191
vn 0.6168 -0.7846 0.0631
vn 0.6155 -0.7818 0.0998
vn 0.6137 -0.7787 0.1305
vn 0.6116 -0.7756 0.1561
vn 0.6094 -0.7728 0.1774
vn -0.6094 -0.7728 0.1774
vn -0.6116 -0.7756 0.1561
vn -0.6137 -0.7787 0.1305
vn -0.6155 -0.7818 0.0998
vn -0.6168 -0.7846 0.0631
vn -0.6173 -0.7865 0.0191
vn -0.6163 -0.7868 -0.0337
vn -0.6130 -0.7842 -0.0962
vn -0.6065 -0.7777 -0.1652
vn -0.5966 -0.7668 -0.2370
vn -0.5826 -0.7507 -0.3114
vn -0.5641 -0.7286 -0.3886
vn -0.5411 -0.7005 -0.4653
vn -0.5149 -0.6680 -0.5373
vn -0.4864 -0.6323 -0.6030
vn -0.5312 -0.5731 -0.6240
vn -0.5728 -0.6058 -0.5522
vn -0.6198 -0.5353 -0.5738
vn -0.5641 -0.5074 -0.6514
vn -0.6076 -0.6356 -0.4762
vn -0.6659 -0.5615 -0.4912
vn -0.6375 -0.6605 -0.3967
vn -0.7032 -0.5832 -0.4067
vn -0.6614 -0.6797 -0.3172
vn -0.7322 -0.5994 -0.3233
vn -0.6793 -0.6933 -0.2405
vn -0.7538 -0.6104 -0.2433
vn -0.6922 -0.7022 -0.1666
vn -0.7691 -0.6170 -0.1669
vn -0.7007 -0.7070 -0.0959
vn -0.7789 -0.6200 -0.0946
vn -0.7050 -0.7085 -0.0321
vn -0.7838 -0.6203 -0.0298
vn -0.7063 -0.7076 0.0218
vn -0.7852 -0.6188 0.0248
vn -0.7057 -0.7054 0.0666
vn -0.7844 -0.6163 0.0701
vn -0.7041 -0.7025 0.1039
vn -0.7823 -0.6135 0.1077
vn -0.7018 -0.6995 0.1350
vn -0.7796 -0.6106 0.1389
vn -0.6993 -0.6965 0.1607
vn -0.7767 -0.6080 0.1646
vn -0.6967 -0.6939 0.1818
vn -0.7738 -0.6056 0.1857
vn -0.6588 -0.4596 -0.5956
vn -0.5915 -0.4373 -0.6774
vn -0.7150 -0.4810 -0.5073
vn -0.7596 -0.4989 -0.4173
vn -0.7934 -0.5119 -0.3292
vn -0.8180 -0.5203 -0.2452
vn -0.8350 -0.5245 -0.1661
vn -0.8456 -0.5258 -0.0924
vn -0.8507 -0.5250 -0.0272
vn -0.8518 -0.5231 0.0277
vn -0.8506 -0.5206 0.0733
vn -0.8482 -0.5180 0.1111
vn -0.8451 -0.5154 0.1423
vn -0.8418 -0.5130 0.1680
vn -0.8386 -0.5110 0.1888
vn -0.6914 -0.3788 -0.6152
vn -0.6157 -0.3612 -0.7003
vn -0.7555 -0.3954 -0.5224
vn -0.8062 -0.4091 -0.4273
vn -0.8443 -0.4187 -0.3344
vn -0.8714 -0.4242 -0.2464
vn -0.8895 -0.4264 -0.1646
vn -0.9001 -0.4262 -0.0899
vn -0.9050 -0.4247 -0.0246
vn -0.9058 -0.4226 0.0304
vn -0.9042 -0.4203 0.0760
vn -0.9013 -0.4179 0.1138
vn -0.8979 -0.4157 0.1450
vn -0.8943 -0.4137 0.1706
vn -0.8908 -0.4121 0.1912
vn -0.7179 -0.2932 -0.6314
vn -0.6357 -0.2799 -0.7194
vn -0.7879 -0.3051 -0.5349
vn -0.8434 -0.3145 -0.4356
vn -0.8847 -0.3206 -0.3384
vn -0.9135 -0.3235 -0.2468
vn -0.9320 -0.3239 -0.1627
vn -0.9424 -0.3228 -0.0874
vn -0.9468 -0.3210 -0.0221
vn -0.9472 -0.3190 0.0327
vn -0.9452 -0.3170 0.0782
vn -0.9419 -0.3151 0.1160
vn -0.9382 -0.3133 0.1472
vn -0.9343 -0.3118 0.1726
vn -0.9307 -0.3106 0.1930
vn -0.7380 -0.2024 -0.6437
vn -0.6511 -0.1936 -0.7339
vn -0.8123 -0.2097 -0.5443
vn -0.8711 -0.2149 -0.4415
vn -0.9145 -0.2179 -0.3409
vn -0.9441 -0.2187 -0.2465
vn -0.9626 -0.2181 -0.1609
vn -0.9725 -0.2167 -0.0852
vn -0.9764 -0.2151 -0.0201
vn -0.9763 -0.2135 0.0344
vn -0.9740 -0.2120 0.0799
vn -0.9705 -0.2107 0.1176
vn -0.9664 -0.2095 0.1486
vn -0.9624 -0.2084 0.1740
vn -0.9587 -0.2076 0.1942
vn -0.7513 -0.1047 -0.6516
vn -0.6612 -0.1005 -0.7434
vn -0.8281 -0.1079 -0.5501
vn -0.8888 -0.1099 -0.4449
vn -0.9331 -0.1107 -0.3421
vn -0.9629 -0.1106 -0.2460
vn -0.9811 -0.1099 -0.1595
vn -0.9905 -0.1089 -0.0837
vn -0.9940 -0.1079 -0.0188
vn -0.9936 -0.1070 0.0356
vn -0.9910 -0.1062 0.0809
vn -0.9873 -0.1055 0.1185
vn -0.9832 -0.1049 0.1495
vn -0.9791 -0.1044 0.1748
vn -0.9753 -0.1040 0.1949
vn -0.7561 -0.0000 -0.6544
vn -0.6650 -0.0000 -0.7469
vn -0.8338 -0.0000 -0.5521
vn -0.8950 -0.0000 -0.4461
vn -0.9395 -0.0000 -0.3425
vn -0.9693 -0.0000 -0.2458
vn -0.9873 -0.0000 -0.1590
vn -0.9965 -0.0000 -0.0831
vn -0.9998 -0.0000 -0.0184
vn -0.9994 -0.0000 0.0360
vn -0.9967 -0.0000 0.0813
vn -0.9929 -0.0000 0.1189
vn -0.9887 -0.0000 0.1498
vn -0.9846 -0.0000 0.1750
vn -0.9808 -0.0000 0.1952
vn -0.7513 0.1047 -0.6516
vn -0.6612 0.1005 -0.7434
vn -0.8281 0.1079 -0.5501
vn -0.8888 0.1099 -0.4449
vn -0.9331 0.1107 -0.3421
vn -0.9629 0.1106 -0.2461
vn -0.9811 0.1099 -0.1595
vn -0.9905 0.1089 -0.0837
vn -0.9940 0.1079 -0.0189
vn -0.9936 0.1070 0.0356
vn -0.9910 0.1062 0.0809
vn -0.9873 0.1055 0.1185
vn -0.9832 0.1049 0.1495
vn -0.9791 0.1044 0.1748
vn -0.9753 0.1040 0.1949
vn -0.7380 0.2024 -0.6437
vn -0.6511 0.1936 -0.7339
vn -0.8123 0.2097 -0.5443
vn -0.8711 0.2149 -0.4415
vn -0.9145 0.2179 -0.3409
vn -0.9441 0.2187 -0.2465
vn -0.9626 0.2181 -0.1609
vn -0.9725 0.2167 -0.0852
vn -0.9764 0.2151 -0.0201
vn -0.9763 0.2135 0.0344
vn -0.9740 0.2120 0.0799
vn -0.9705 0.2107 0.1176
vn -0.9664 0.2095 0.1486
vn -0.9624 0.2084 0.1740
vn -0.9587 0.2076 0.1942
vn -0.7179 0.2932 -0.6314
vn -0.6357 0.2799 -0.7194
vn -0.7879 0.3051 -0.5349
vn -0.8434 0.3145 -0.4356
vn -0.8847 0.3206 -0.3384
vn -0.9135 0.3235 -0.2468
vn -0.9320 0.3239 -0.1627
vn -0.9424 0.3228 -0.0874
vn -0.9468 0.3210 -0.0221
vn -0.9472 0.3190 0.0327
vn -0.9452 0.3170 0.0782
vn -0.9419 0.3151 0.1160
vn -0.9382 0.3133 0.1472
vn -0.9343 0.3118 0.1726
vn -0.9307 0.3106 0.1930
vn -0.6914 0.3788 -0.6152
vn -0.6157 0.3612 -0.7003
vn -0.7555 0.3954 -0.5224
vn -0.8062 0.4091 -0.4273
vn -0.8443 0.4187 -0.3344
vn -0.8714 0.4242 -0.2464
vn -0.8895 0.4264 -0.1646
vn -0.9001 0.4262 -0.0899
vn -0.9050 0.4247 -0.0246
vn -0.9058 0.4226 0.0304
vn -0.9042 0.4203 0.0760
vn -0.9013 0.4179 0.1138
vn -0.8979 0.4157 0.1450
vn -0.8943 0.4137 0.1706
vn -0.8908 0.4121 0.1912
vn -0.6588 0.4596 -0.5956
vn -0.5915 0.4373 -0.6774
vn -0.7150 0.4810 -0.5073
vn -0.7596 0.4989 -0.4173
vn -0.7934 0.5119 -0.3292
vn -0.8180 0.5203 -0.2452
vn -0.8350 0.5245 -0.1661
vn -0.8456 0.5258 -0.0924
vn -0.8507 0.5250 -0.0272
vn -0.8518 0.5231 0.0277
vn -0.8506 0.5206 0.0733
vn -0.8482 0.5180 0.1111
vn -0.8451 0.5154 0.1423
vn -0.8418 0.5130 0.1680
vn -0.8386 0.5110 0.1888
vn -0.6198 0.5353 -0.5738
vn -0.5641 0.5074 -0.6514
vn -0.6659 0.5615 -0.4912
vn -0.7032 0.5832 -0.4067
vn -0.7322 0.5994 -0.3233
vn -0.7538 0.6104 -0.2433
vn -0.7691 0.6170 -0.1669
vn -0.7789 0.6200 -0.0946
vn -0.7838 0.6203 -0.0298
vn -0.7852 0.6188 0.0248
vn -0.7844 0.6163 0.0701
vn -0.7823 0.6135 0.1077
vn -0.7796 0.6106 0.1389
vn -0.7767 0.6080 0.1646
vn -0.7738 0.6056 0.1857
vn -0.5728 0.6058 -0.5522
vn -0.5312 0.5731 -0.6240
vn -0.6076 0.6356 -0.4762
vn -0.6375 0.6605 -0.3967
vn -0.6614 0.6797 -0.3172
vn -0.6793 0.6933 -0.2405
vn -0.6922 0.7022 -0.1666
vn -0.7007 0.7070 -0.0959
vn -0.7050 0.7085 -0.0321
vn -0.7063 0.7076 0.0218
vn -0.7057 0.7054 0.0666
vn -0.7041 0.7025 0.1039
vn -0.7018 0.6995 0.1349
vn -0.6993 0.6965 0.1607
vn -0.6967 0.6939 0.1818
vn -0.6094 0.7728 0.1774
vn -0.6116 0.7756 0.1561
vn -0.6137 0.7787 0.1305
vn -0.6155 0.7818 0.0998
vn -0.6168 0.7846 0.0631
vn -0.6173 0.7865 0.0191
vn -0.6163 0.7868 -0.0337
vn -0.6130 0.7842 -0.0962
vn -0.6065 0.7777 -0.1652
vn -0.5966 0.7668 -0.2370
vn -0.5826 0.7507 -0.3114
vn -0.5641 0.7286 -0.3886
vn -0.5411 0.7005 -0.4653
vn -0.5149 0.6680 -0.5373
vn -0.4864 0.6323 -0.6030
vn 0.5312 0.5731 -0.6240
vn 0.5728 0.6058 -0.5522
vn 0.6198 0.5353 -0.5738
vn 0.5641 0.5074 -0.6514
vn 0.6076 0.6356 -0.4762
vn 0.6659 0.5615 -0.4912
vn 0.6375 0.6605 -0.3967
vn 0.7032 0.5832 -0.4067
vn 0.6614 0.6797 -0.3172
vn 0.7322 0.5994 -0.3233
vn 0.6793 0.6933 -0.2405
vn 0.7538 0.6104 -0.2433
vn 0.6922 0.7022 -0.1666
vn 0.7691 0.6170 -0.1669
vn 0.7007 0.7070 -0.0959
vn 0.7789 0.6200 -0.0946
vn 0.7050 0.7085 -0.0321
vn 0.7838 0.6203 -0.0298
vn 0.7063 0.7076 0.0218
vn 0.7852 0.6188 0.0248
vn 0.7057 0.7054 0.0666
vn 0.7844 0.6163 0.0701
vn 0.7041 0.7025 0.1039
vn 0.7823 0.6135 0.1077
vn 0.7018 0.6995 0.1350
vn 0.7796 0.6106 0.1389
vn 0.6993 0.6965 0.1607
vn 0.7767 0.6080 0.1646
vn 0.6967 0.6939 0.1818
vn 0.7738 0.6056 0.1857
vn 0.6588 0.4596 -0.5956
vn 0.5915 0.4373 -0.6774
vn 0.7150 0.4810 -0.5073
vn 0.7596 0.4989 -0.4173
vn 0.7934 0.5119 -0.3292
vn 0.8180 0.5203 -0.2452
vn 0.8350 0.5245 -0.1661
vn 0.8456 0.5258 -0.0924
vn 0.8507 0.5250 -0.0272
vn 0.8518 0.5231 0.0277
vn 0.8506 0.5206 0.0733
vn 0.8482 0.5180 0.1111
vn 0.8451 0.5154 0.1423
vn 0.8418 0.5130 0.1680
vn 0.8386 0.5110 0.1888
vn 0.6914 0.3788 -0.6152
vn 0.6157 0.3612 -0.7003
vn 0.7555 0.3954 -0.5224
vn 0.8062 0.4091 -0.4273
vn 0.8443 0.4187 -0.3344
vn 0.8714 0.4242 -0.2464
vn 0.8895 0.4264 -0.1646
vn 0.9001 0.4262 -0.0899
vn 0.9050 0.4247 -0.0246
vn 0.9058 0.4226 0.0304
vn 0.9042 0.4203 0.0760
vn 0.9013 0.4179 0.1138
vn 0.8979 0.4157 0.1450
vn 0.8943 0.4137 0.1706
vn 0.8908 0.4121 0.1912
vn 0.7179 0.2932 -0.6314
vn 0.6357 0.2799 -0.7194
vn 0.7879 0.3051 -0.5349
vn 0.8434 0.3145 -0.4356
vn 0.8847 0.3206 -0.3384
vn 0.9135 0.3235 -0.2468
vn 0.9320 0.3239 -0.1627
vn 0.9424 0.3228 -0.0874
vn 0.9468 0.3210 -0.0221
vn 0.9472 0.3190 0.0327
vn 0.9452 0.3170 0.0783
vn 0.9419 0.3151 0.1160
vn 0.9382 0.3133 0.1472
vn 0.9343 0.3118 0.1726
vn 0.9307 0.3106 0.1930
vn 0.7380 0.2024 -0.6437
vn 0.6511 0.1936 -0.7339
vn 0.8123 0.2097 -0.5443
vn 0.8711 0.2149 -0.4415
vn 0.9145 0.2179 -0.3409
vn 0.9441 0.2187 -0.2465
vn 0.9626 0.2181 -0.1609
vn 0.9725 0.2167 -0.0852
vn 0.9764 0.2151 -0.0201
vn 0.9763 0.2135 0.0344
vn 0.9740 0.2120 0.0799
vn 0.9705 0.2107 0.1176
vn 0.9664 0.2095 0.1486
vn 0.9624 0.2084 0.1740
vn 0.9587 0.2076 0.1942
vn 0.7513 0.1047 -0.6516
vn 0.6612 0.1005 -0.7434
vn 0.8281 0.1079 -0.5501
vn 0.8888 0.1099 -0.4449
vn 0.9331 0.1107 -0.3421
vn 0.9629 0.1106 -0.2460
vn 0.9811 0.1099 -0.1595
vn 0.9905 0.1089 -0.0837
vn 0.9940 0.1079 -0.0189
vn 0.9936 0.1070 0.0356
vn 0.9910 0.1062 0.0809
vn 0.9873 0.1055 0.1185
vn 0.9832 0.1049 0.1495
vn 0.9791 0.1044 0.1748
vn 0.9753 0.1040 0.1949
vn 0.7561 -0.0000 -0.6544
vn 0.6650 -0.0000 -0.7469
vn 0.8338 -0.0000 -0.5521
vn 0.8950 -0.0000 -0.4461
vn 0.9395 -0.0000 -0.3425
vn 0.9693 -0.0000 -0.2458
vn 0.9873 -0.0000 -0.1590
vn 0.9965 -0.0000 -0.0831
vn 0.9998 -0.0000 -0.0184
vn 0.9994 -0.0000 0.0360
vn 0.9967 -0.0000 0.0813
vn 0.9929 -0.0000 0.1189
vn 0.9887 -0.0000 0.1498
vn 0.9846 -0.0000 0.1750
vn 0.9808 -0.0000 0.1952
vn 0.7513 -0.1047 -0.6516
vn 0.6612 -0.1005 -0.7434
vn 0.8281 -0.1079 -0.5501
vn 0.8888 -0.1099 -0.4449
vn 0.9331 -0.1107 -0.3421
vn 0.9629 -0.1106 -0.2461
vn 0.9811 -0.1099 -0.1595
vn 0.9905 -0.1089 -0.0837
vn 0.9940 -0.1079 -0.0188
vn 0.9936 -0.1070 0.0356
vn 0.9910 -0.1062 0.0809
vn 0.9873 -0.1055 0.1185
vn 0.9832 -0.1049 0.1495
vn 0.9791 -0.1044 0.1748
vn 0.9753 -0.1040 0.1949
vn 0.7380 -0.2024 -0.6437
vn 0.6511 -0.1936 -0.7339
vn 0.8123 -0.2097 -0.5443
vn 0.8711 -0.2149 -0.4415
vn 0.9145 -0.2179 -0.3409
vn 0.9441 -0.2187 -0.2465
vn 0.9626 -0.2181 -0.1609
vn 0.9725 -0.2167 -0.0852
vn 0.9764 -0.2151 -0.0201
vn 0.9763 -0.2135 0.0344
vn 0.9740 -0.2120 0.0799
vn 0.9705 -0.2107 0.1176
vn 0.9664 -0.2095 0.1486
vn 0.9624 -0.2084 0.1740
vn 0.9587 -0.2076 0.1942
vn 0.7179 -0.2932 -0.6314
vn 0.6357 -0.2799 -0.7194
vn 0.7879 -0.3051 -0.5349
vn 0.8434 -0.3145 -0.4356
vn 0.8847 -0.3206 -0.3384
vn 0.9135 -0.3235 -0.2468
vn 0.9320 -0.3239 -0.1627
vn 0.9424 -0.3228 -0.0874
vn 0.9468 -0.3210 -0.0221
vn 0.9472 -0.3190 0.0327
vn 0.9452 -0.3170 0.0782
vn 0.9419 -0.3151 0.1160
vn 0.9382 -0.3133 0.1472
vn 0.9343 -0.3118 0.1726
vn 0.9307 -0.3106 0.1930
vn 0.6914 -0.3788 -0.6152
vn 0.6157 -0.3612 -0.7003
vn 0.7555 -0.3954 -0.5224
vn 0.8062 -0.4091 -0.4273
vn 0.8443 -0.4187 -0.3344
vn 0.8714 -0.4242 -0.2464
vn 0.8895 -0.4264 -0.1646
vn 0.9001 -0.4262 -0.0899
vn 0.9050 -0.4247 -0.0246
vn 0.9058 -0.4226 0.0304
vn 0.9042 -0.4203 0.0760
vn 0.9013 -0.4179 0.1138
vn 0.8979 -0.4157 0.1450
vn 0.8943 -0.4137 0.1706
vn 0.8908 -0.4121 0.1912
vn 0.6588 -0.4596 -0.5956
vn 0.5915 -0.4373 -0.6774
vn 0.7150 -0.4810 -0.5073
vn 0.7596 -0.4989 -0.4173
vn 0.7934 -0.5119 -0.3292
vn 0.8180 -0.5203 -0.2452
vn 0.8350 -0.5245 -0.1661
vn 0.8456 -0.5258 -0.0924
vn 0.8507 -0.5250 -0.0272
vn 0.8518 -0.5231 0.0277
vn 0.8506 -0.5206 0.0733
vn 0.8482 -0.5180 0.1111
vn 0.8451 -0.5154 0.1423
vn 0.8418 -0.5130 0.1680
vn 0.8386 -0.5110 0.1888
vn 0.6198 -0.5353 -0.5738
vn 0.5641 -0.5074 -0.6514
vn 0.6659 -0.5615 -0.4912
vn 0.7032 -0.5832 -0.4067
vn 0.7322 -0.5994 -0.3233
vn 0.7538 -0.6104 -0.2433
vn 0.7691 -0.6170 -0.1669
vn 0.7789 -0.6200 -0.0946
vn 0.7838 -0.6203 -0.0298
vn 0.7852 -0.6188 0.0248
vn 0.7844 -0.6163 0.0701
vn 0.7823 -0.6135 0.1077
vn 0.7796 -0.6106 0.1389
vn 0.7767 -0.6080 0.1646
vn 0.7738 -0.6056 0.1857
vn 0.5728 -0.6058 -0.5522
vn 0.5312 -0.5731 -0.6240
vn 0.6076 -0.6356 -0.4762
vn 0.6375 -0.6605 -0.3967
vn 0.6614 -0.6797 -0.3172
vn 0.6793 -0.6933 -0.2405
vn 0.6922 -0.7022 -0.1666
vn 0.7007 -0.7070 -0.0959
vn 0.7050 -0.7085 -0.0321
vn 0.7063 -0.7076 0.0218
vn 0.7057 -0.7054 0.0666
vn 0.7041 -0.7025 0.1039
vn 0.7018 -0.6995 0.1350
vn 0.6993 -0.6965 0.1607
vn 0.6967 -0.6939 0.1818
vn 0.4864 0.6323 -0.6030
vn 0.5149 0.6680 -0.5373
vn 0.5411 0.7005 -0.4653
vn 0.5641 0.7286 -0.3886
vn 0.5826 0.7507 -0.3114
vn 0.5966 0.7668 -0.2370
vn 0.6065 0.7777 -0.1652
vn 0.6130 0.7842 -0.0962
vn 0.6163 0.7868 -0.0337
vn 0.6173 0.7865 0.0191
vn 0.6168 0.7846 0.0631
vn 0.6155 0.7818 0.0998
vn 0.6137 0.7787 0.1305
vn 0.6116 0.7756 0.1561
vn 0.6094 0.7728 0.1774
vn -0.4269 0.6694 -0.6080
vn -0.4492 0.7153 -0.5354
vn -0.3836 0.7479 -0.5417
vn -0.3679 0.6918 -0.6214
vn -0.4700 0.7530 -0.4605
vn -0.3989 0.7929 -0.4607
vn -0.4874 0.7847 -0.3831
vn -0.4117 0.8282 -0.3803
vn -0.5010 0.8094 -0.3064
vn -0.4214 0.8549 -0.3026
vn -0.5110 0.8274 -0.2330
vn -0.4283 0.8741 -0.2291
vn -0.5180 0.8398 -0.1626
vn -0.4327 0.8873 -0.1595
vn -0.5223 0.8474 -0.0954
vn -0.4352 0.8954 -0.0939
vn -0.5244 0.8507 -0.0347
vn -0.4362 0.8991 -0.0350
vn -0.5249 0.8510 0.0167
vn -0.4364 0.8996 0.0149
vn -0.5245 0.8493 0.0597
vn -0.4359 0.8982 0.0568
vn -0.5234 0.8467 0.0957
vn -0.4351 0.8957 0.0921
vn -0.5220 0.8436 0.1260
vn -0.4339 0.8926 0.1220
vn -0.5203 0.8404 0.1515
vn -0.4326 0.8895 0.1472
vn -0.5185 0.8374 0.1728
vn -0.4311 0.8864 0.1685
vn -0.3199 0.7718 -0.5494
vn -0.3100 0.7085 -0.6340
vn -0.3302 0.8223 -0.4634
vn -0.3390 0.8609 -0.3795
vn -0.3455 0.8892 -0.2998
vn -0.3498 0.9093 -0.2255
vn -0.3522 0.9228 -0.1561
vn -0.3533 0.9310 -0.0920
vn -0.3536 0.9348 -0.0349
vn -0.3534 0.9354 0.0135
vn -0.3529 0.9341 0.0544
vn -0.3522 0.9317 0.0891
vn -0.3514 0.9287 0.1185
vn -0.3504 0.9255 0.1436
vn -0.3492 0.9224 0.1649
vn -0.2574 0.7901 -0.5563
vn -0.2509 0.7223 -0.6445
vn -0.2638 0.8442 -0.4666
vn -0.2692 0.8851 -0.3796
vn -0.2731 0.9147 -0.2978
vn -0.2754 0.9353 -0.2222
vn -0.2763 0.9488 -0.1529
vn -0.2764 0.9568 -0.0899
vn -0.2762 0.9605 -0.0345
vn -0.2758 0.9611 0.0126
vn -0.2753 0.9599 0.0526
vn -0.2748 0.9576 0.0867
vn -0.2741 0.9547 0.1158
vn -0.2734 0.9516 0.1406
vn -0.2725 0.9484 0.1619
vn -0.1952 0.8040 -0.5617
vn -0.1912 0.7331 -0.6527
vn -0.1989 0.8604 -0.4693
vn -0.2018 0.9028 -0.3798
vn -0.2036 0.9332 -0.2960
vn -0.2043 0.9540 -0.2193
vn -0.2042 0.9674 -0.1500
vn -0.2037 0.9751 -0.0880
vn -0.2032 0.9785 -0.0340
vn -0.2028 0.9792 0.0120
vn -0.2024 0.9780 0.0513
vn -0.2020 0.9757 0.0849
vn -0.2015 0.9729 0.1136
vn -0.2009 0.9698 0.1384
vn -0.2003 0.9666 0.1597
vn -0.1328 0.8140 -0.5655
vn -0.1305 0.7410 -0.6587
vn -0.1344 0.8718 -0.4710
vn -0.1354 0.9152 -0.3796
vn -0.1357 0.9460 -0.2943
vn -0.1354 0.9668 -0.2168
vn -0.1348 0.9798 -0.1476
vn -0.1342 0.9872 -0.0865
vn -0.1336 0.9905 -0.0336
vn -0.1332 0.9910 0.0117
vn -0.1329 0.9898 0.0504
vn -0.1326 0.9876 0.0836
vn -0.1323 0.9848 0.1122
vn -0.1320 0.9818 0.1368
vn -0.1316 0.9786 0.1581
vn -0.0680 0.8204 -0.5678
vn -0.0672 0.7460 -0.6625
vn -0.0684 0.8790 -0.4718
vn -0.0684 0.9228 -0.3792
vn -0.0681 0.9537 -0.2930
vn -0.0677 0.9742 -0.2151
vn -0.0671 0.9870 -0.1460
vn -0.0666 0.9941 -0.0855
vn -0.0663 0.9972 -0.0332
vn -0.0660 0.9978 0.0115
vn -0.0659 0.9966 0.0499
vn -0.0657 0.9944 0.0828
vn -0.0656 0.9916 0.1113
vn -0.0654 0.9886 0.1359
vn -0.0652 0.9854 0.1572
vn -0.0000 0.8226 -0.5686
vn -0.0000 0.7479 -0.6638
vn -0.0000 0.8816 -0.4721
vn -0.0000 0.9254 -0.3790
vn -0.0000 0.9562 -0.2926
vn -0.0000 0.9767 -0.2145
vn -0.0000 0.9894 -0.1454
vn -0.0000 0.9964 -0.0851
vn -0.0000 0.9995 -0.0331
vn -0.0000 0.9999 0.0115
vn -0.0000 0.9988 0.0497
vn -0.0000 0.9966 0.0826
vn -0.0000 0.9938 0.1110
vn -0.0000 0.9908 0.1356
vn -0.0000 0.9876 0.1569
vn 0.0680 0.8204 -0.5678
vn 0.0672 0.7460 -0.6625
vn 0.0684 0.8790 -0.4718
vn 0.0684 0.9228 -0.3792
vn 0.0681 0.9537 -0.2930
vn 0.0677 0.9742 -0.2151
vn 0.0671 0.9870 -0.1460
vn 0.0666 0.9941 -0.0855
vn 0.0663 0.9972 -0.0332
vn 0.0660 0.9978 0.0115
vn 0.0659 0.9966 0.0499
vn 0.0657 0.9944 0.0829
vn 0.0656 0.9916 0.1113
vn 0.0654 0.9886 0.1359
vn 0.0652 0.9854 0.1572
vn 0.1328 0.8140 -0.5655
vn 0.1305 0.7410 -0.6587
vn 0.1344 0.8718 -0.4710
vn 0.1354 0.9152 -0.3796
vn 0.1357 0.9460 -0.2943
vn 0.1354 0.9668 -0.2168
vn 0.1348 0.9798 -0.1476
vn 0.1342 0.9872 -0.0865
vn 0.1336 0.9905 -0.0336
vn 0.1332 0.9910 0.0117
vn 0.1329 0.9898 0.0504
vn 0.1326 0.9876 0.0836
vn 0.1323 0.9848 0.1122
vn 0.1320 0.9818 0.1368
vn 0.1316 0.9786 0.1581
vn 0.1952 0.8040 -0.5617
vn 0.1912 0.7331 -0.6527
vn 0.1989 0.8604 -0.4693
vn 0.2018 0.9028 -0.3798
vn 0.2036 0.9332 -0.2960
vn 0.2043 0.9540 -0.2193
vn 0.2042 0.9674 -0.1500
vn 0.2037 0.9751 -0.0880
vn 0.2032 0.9785 -0.0340
vn 0.2028 0.9792 0.0120
vn 0.2024 0.9780 0.0513
vn 0.2020 0.9757 0.0849
vn 0.2015 0.9729 0.1136
vn 0.2009 0.9698 0.1384
vn 0.2003 0.9666 0.1597
vn 0.2574 0.7901 -0.5563
vn 0.2509 0.7223 -0.6445
vn 0.2638 0.8442 -0.4666
vn 0.2692 0.8851 -0.3796
vn 0.2731 0.9147 -0.2978
vn 0.2754 0.9353 -0.2222
vn 0.2763 0.9488 -0.1529
vn 0.2764 0.9568 -0.0899
vn 0.2762 0.9605 -0.0345
vn 0.2758 0.9611 0.0126
vn 0.2753 0.9599 0.0526
vn 0.2748 0.9576 0.0867
vn 0.2741 0.9547 0.1158
vn 0.2734 0.9516 0.1406
vn 0.2725 0.9484 0.1619
vn 0.3199 0.7718 -0.5494
vn 0.3100 0.7085 -0.6340
vn 0.3302 0.8223 -0.4634
vn 0.3390 0.8609 -0.3795
vn 0.3455 0.8892 -0.2998
vn 0.3498 0.9093 -0.2255
vn 0.3522 0.9228 -0.1561
vn 0.3533 0.9310 -0.0920
vn 0.3536 0.9348 -0.0349
vn 0.3534 0.9354 0.0135
vn 0.3529 0.9341 0.0544
vn 0.3522 0.9317 0.0891
vn 0.3514 0.9287 0.1185
vn 0.3504 0.9255 0.1436
vn 0.3492 0.9224 0.1649
vn 0.3836 0.7479 -0.5417
vn 0.3679 0.6918 -0.6214
vn 0.3989 0.7929 -0.4607
vn 0.4117 0.8282 -0.3803
vn 0.4214 0.8549 -0.3026
vn 0.4283 0.8741 -0.2291
vn 0.4327 0.8873 -0.1595
vn 0.4352 0.8954 -0.0939
vn 0.4362 0.8991 -0.0350
vn 0.4364 0.8996 0.0149
vn 0.4359 0.8982 0.0568
vn 0.4351 0.8957 0.0921
vn 0.4339 0.8926 0.1220
vn 0.4326 0.8895 0.1472
vn 0.4311 0.8864 0.1685
vn 0.4492 0.7153 -0.5354
vn 0.4269 0.6694 -0.6080
vn 0.4700 0.7530 -0.4605
vn 0.4874 0.7847 -0.3831
vn 0.5010 0.8094 -0.3064
vn 0.5110 0.8274 -0.2330
vn 0.5180 0.8398 -0.1626
vn 0.5223 0.8474 -0.0954
vn 0.5244 0.8507 -0.0347
vn 0.5249 0.8510 0.0167
vn 0.5245 0.8493 0.0597
vn 0.5234 0.8467 0.0957
vn 0.5220 0.8436 0.1260
vn 0.5203 0.8404 0.1515
vn 0.5185 0.8374 0.1728
vn 0.6777 0.5862 -0.4439
vn 0.7300 0.6126 -0.3032
vn 0.8420 0.4298 -0.3261
vn 0.7654 0.4198 -0.4878
vn 0.7617 0.6287 -0.1566
vn 0.8846 0.4363 -0.1649
vn 0.7730 0.6344 -0.0000
vn 0.8987 0.4385 -0.0000
vn 0.7617 0.6287 0.1566
vn 0.8846 0.4363 0.1649
vn 0.7300 0.6126 0.3032
vn 0.8420 0.4298 0.3261
vn 0.6777 0.5862 0.4439
vn 0.7654 0.4198 0.4878
vn 0.9125 0.2244 -0.3421
vn 0.8252 0.2240 -0.5185
vn 0.9596 0.2240 -0.1701
vn 0.9747 0.2237 -0.0000
vn 0.9596 0.2240 0.1701
vn 0.9125 0.2244 0.3421
vn 0.8252 0.2240 0.5185
vn 0.9374 -0.0000 -0.3481
vn 0.8478 -0.0000 -0.5303
vn 0.9851 -0.0000 -0.1719
vn 1.0000 -0.0000 -0.0000
vn 0.9851 -0.0000 0.1719
vn 0.9374 -0.0000 0.3481
vn 0.8478 -0.0000 0.5303
vn 0.9317 -0.1163 -0.3442
vn 0.8426 -0.1188 -0.5253
vn 0.9789 -0.1137 -0.1698
vn 0.9936 -0.1126 -0.0000
vn 0.9789 -0.1137 0.1698
vn 0.9317 -0.1163 0.3442
vn 0.8426 -0.1188 0.5253
vn 0.5153 0.6848 -0.5153
vn 0.5523 0.7273 -0.4074
vn 0.5817 0.5686 -0.5817
vn 0.5807 0.7635 -0.2826
vn 0.5994 0.7868 -0.1472
vn 0.6064 0.7952 -0.0000
vn 0.5994 0.7868 0.1472
vn 0.5807 0.7635 0.2826
vn 0.5523 0.7273 0.4074
vn 0.5153 0.6848 0.5153
vn 0.5817 0.5686 0.5817
vn 0.6436 0.4142 0.6436
vn 0.6892 0.2236 0.6892
vn 0.7071 -0.0000 0.7071
vn 0.7020 -0.1200 0.7020
vn 0.7071 -0.0000 -0.7071
vn 0.7020 -0.1200 -0.7020
vn 0.6892 0.2236 -0.6892
vn 0.6436 0.4142 -0.6436
vn -0.8426 -0.1188 -0.5253
vn -0.9317 -0.1163 -0.3442
vn -0.9374 -0.0000 -0.3481
vn -0.8478 -0.0000 -0.5303
vn -0.9789 -0.1137 -0.1698
vn -0.9851 -0.0000 -0.1719
vn -0.9936 -0.1126 -0.0000
vn -1.0000 -0.0000 -0.0000
vn -0.9789 -0.1137 0.1698
vn -0.9851 -0.0000 0.1719
vn -0.9317 -0.1163 0.3442
vn -0.9374 -0.0000 0.3481
vn -0.8426 -0.1188 0.5253
vn -0.8478 -0.0000 0.5303
vn -0.9125 0.2244 -0.3421
vn -0.8252 0.2240 -0.5185
vn -0.9596 0.2240 -0.1701
vn -0.9747 0.2237 -0.0000
vn -0.9596 0.2240 0.1701
vn -0.9125 0.2244 0.3421
vn -0.8252 0.2240 0.5185
vn -0.8420 0.4298 -0.3261
vn -0.7654 0.4198 -0.4878
vn -0.8846 0.4363 -0.1649
vn -0.8987 0.4385 -0.0000
vn -0.8846 0.4363 0.1649
vn -0.8420 0.4298 0.3261
vn -0.7654 0.4198 0.4878
vn -0.7300 0.6126 -0.3032
vn -0.6777 0.5862 -0.4439
vn -0.7617 0.6287 -0.1566
vn -0.7730 0.6344 -0.0000
vn -0.7617 0.6287 0.1566
vn -0.7300 0.6126 0.3032
vn -0.6777 0.5862 0.4439
vn -0.7020 -0.1200 0.7020
vn -0.7071 -0.0000 0.7071
vn -0.6892 0.2236 0.6892
vn -0.6436 0.4142 0.6436
vn -0.5817 0.5686 0.5817
vn -0.5153 0.6848 0.5153
vn -0.5523 0.7273 0.4074
vn -0.5807 0.7635 0.2826
vn -0.5994 0.7868 0.1472
vn -0.6064 0.7952 -0.0000
vn -0.5994 0.7868 -0.1472
vn -0.5807 0.7635 -0.2826
vn -0.5523 0.7273 -0.4074
vn -0.5817 0.5686 -0.5817
vn -0.5153 0.6848 -0.5153
vn -0.6436 0.4142 -0.6436
vn -0.6892 0.2236 -0.6892
vn -0.7071 -0.0000 -0.7071
vn -0.7020 -0.1200 -0.7020
vn -0.4062 0.8185 -0.4062
vn -0.4195 0.8657 -0.2732
vn -0.2717 0.9232 -0.2717
vn -0.2732 0.8657 -0.4195
vn -0.4270 0.8934 -0.1398
vn -0.2714 0.9529 -0.1351
vn -0.4297 0.9030 -0.0000
vn -0.2713 0.9625 -0.0000
vn -0.4270 0.8934 0.1398
vn -0.2714 0.9529 0.1351
vn -0.4195 0.8657 0.2732
vn -0.2717 0.9232 0.2717
vn -0.4062 0.8185 0.4062
vn -0.2732 0.8657 0.4195
vn -0.1351 0.9529 -0.2714
vn -0.1398 0.8934 -0.4270
vn -0.1322 0.9824 -0.1322
vn -0.1312 0.9914 -0.0000
vn -0.1322 0.9824 0.1322
vn -0.1351 0.9529 0.2714
vn -0.1398 0.8934 0.4270
vn -0.0000 0.9625 -0.2713
vn -0.0000 0.9030 -0.4297
vn -0.0000 0.9914 -0.1312
vn -0.0000 1.0000 -0.0000
vn -0.0000 0.9914 0.1312
vn -0.0000 0.9625 0.2713
vn -0.0000 0.9030 0.4297
vn 0.1351 0.9529 -0.2714
vn 0.1398 0.8934 -0.4270
vn 0.1322 0.9824 -0.1322
vn 0.1312 0.9914 -0.0000
vn 0.1322 0.9824 0.1322
vn 0.1351 0.9529 0.2714
vn 0.1398 0.8934 0.4270
vn 0.2717 0.9232 -0.2717
vn 0.2732 0.8657 -0.4195
vn 0.2714 0.9529 -0.1351
vn 0.2713 0.9625 -0.0000
vn 0.2714 0.9529 0.1351
vn 0.2717 0.9232 0.2717
vn 0.2732 0.8657 0.4195
vn 0.4195 0.8657 -0.2732
vn 0.4062 0.8185 -0.4062
vn 0.4270 0.8934 -0.1398
vn 0.4297 0.9030 -0.0000
vn 0.4270 0.8934 0.1398
vn 0.4195 0.8657 0.2732
vn 0.4062 0.8185 0.4062
vn -0.4074 0.7273 -0.5523
vn -0.4074 0.7273 0.5523
vn -0.2826 0.7635 0.5807
vn -0.1472 0.7868 0.5994
vn -0.0000 0.7952 0.6064
vn 0.1472 0.7868 0.5994
vn 0.2826 0.7635 0.5807
vn 0.4074 0.7273 0.5523
vn 0.4074 0.7273 -0.5523
vn 0.2826 0.7635 -0.5807
vn 0.1472 0.7868 -0.5994
vn -0.0000 0.7952 -0.6064
vn -0.1472 0.7868 -0.5994
vn -0.2826 0.7635 -0.5807
vn 0.5253 -0.1188 -0.8426
vn 0.3442 -0.1163 -0.9317
vn 0.3481 -0.0000 -0.9374
vn 0.5303 -0.0000 -0.8478
vn 0.1698 -0.1137 -0.9789
vn 0.1719 -0.0000 -0.9851
vn -0.0000 -0.1126 -0.9936
vn -0.1698 -0.1137 -0.9789
vn -0.1719 -0.0000 -0.9851
vn -0.3442 -0.1163 -0.9317
vn -0.3481 -0.0000 -0.9374
vn -0.5253 -0.1188 -0.8426
vn -0.5303 -0.0000 -0.8478
vn 0.3421 0.2244 -0.9125
vn 0.5185 0.2240 -0.8252
vn 0.1701 0.2240 -0.9596
vn -0.0000 0.2237 -0.9747
vn -0.1701 0.2240 -0.9596
vn -0.3421 0.2244 -0.9125
vn -0.5185 0.2240 -0.8252
vn 0.3261 0.4298 -0.8420
vn 0.4878 0.4198 -0.7654
vn 0.1649 0.4363 -0.8846
vn -0.0000 0.4385 -0.8987
vn -0.1649 0.4363 -0.8846
vn -0.3261 0.4298 -0.8420
vn -0.4878 0.4198 -0.7654
vn 0.3032 0.6126 -0.7300
vn 0.4439 0.5862 -0.6777
vn 0.1566 0.6287 -0.7617
vn -0.0000 0.6344 -0.7730
vn -0.1566 0.6287 -0.7617
vn -0.3032 0.6126 -0.7300
vn -0.4439 0.5862 -0.6777
vn -0.5253 -0.1188 0.8426
vn -0.3442 -0.1163 0.9317
vn -0.3481 -0.0000 0.9374
vn -0.5303 -0.0000 0.8478
vn -0.1698 -0.1137 0.9789
vn -0.1719 -0.0000 0.9851
vn -0.0000 -0.1126 0.9936
vn 0.1698 -0.1137 0.9789
vn 0.1719 -0.0000 0.9851
vn 0.3442 -0.1163 0.9317
vn 0.3481 -0.0000 0.9374
vn 0.5253 -0.1188 0.8426
vn 0.5303 -0.0000 0.8478
vn -0.3421 0.2244 0.9125
vn -0.5185 0.2240 0.8252
vn -0.1701 0.2240 0.9596
vn -0.0000 0.2237 0.9747
vn 0.1701 0.2240 0.9596
vn 0.3421 0.2244 0.9125
vn 0.5185 0.2240 0.8252
vn -0.3261 0.4298 0.8420
vn -0.4878 0.4198 0.7654
vn -0.1649 0.4363 0.8846
vn -0.0000 0.4385 0.8987
vn 0.1649 0.4363 0.8846
vn 0.3261 0.4298 0.8420
vn 0.4878 0.4198 0.7654
vn -0.3032 0.6126 0.7300
vn -0.4439 0.5862 0.6777
vn -0.1566 0.6287 0.7617
vn -0.0000 0.6344 0.7730
vn 0.1566 0.6287 0.7617
vn 0.3032 0.6126 0.7300
vn 0.4439 0.5862 0.6777
vn 0.0671 -0.9948 0.0768
vn 0.0676 -0.9946 0.0784
vn 0.0803 -0.9898 0.1175
vn 0.0930 -0.9956 0.0152
vn 0.0392 -0.9962 -0.0773
vn 0.0394 -0.9963 -0.0769
vn -0.0365 -0.9827 -0.1818
vn -0.0375 -0.9825 -0.1825
vn -0.0040 -0.9966 -0.0826
vn -0.0035 -0.9967 -0.0816
vt 0.001865 0.899837
vt 0.001308 0.880477
vt 0.012750 0.881459
vt 0.011037 0.904891
vt 0.953074 0.644385
vt 0.933114 0.644435
vt 0.929820 0.636648
vt 0.955289 0.631337
vt 0.015629 0.858465
vt 0.025358 0.863726
vt 0.025358 0.882878
vt 0.021591 0.901807
vt 0.866897 0.013312
vt 0.883379 0.001543
vt 0.892794 0.034792
vt 0.869787 0.043108
vt 0.903239 0.001308
vt 0.916199 0.028027
vt 0.927048 0.071668
vt 0.902659 0.078492
vt 0.878341 0.085769
vt 0.906278 0.118537
vt 0.881777 0.123711
vt 0.930850 0.113815
vt 0.927402 0.159431
vt 0.903056 0.160861
vt 0.878779 0.162744
vt 0.959970 0.728324
vt 0.935983 0.722458
vt 0.944823 0.678517
vt 0.967542 0.685485
vt 0.911151 0.715696
vt 0.920988 0.671812
vt 0.969571 0.655335
vt 0.957622 0.007085
vt 0.960155 0.036904
vt 0.948279 0.036737
vt 0.948198 0.001308
vt 0.960069 0.080444
vt 0.947649 0.080565
vt 0.933697 0.079949
vt 0.934913 0.036430
vt 0.937843 0.006713
vt 0.960673 0.347883
vt 0.960577 0.302862
vt 0.973757 0.301725
vt 0.974454 0.347615
vt 0.962511 0.273420
vt 0.972564 0.267163
vt 0.982320 0.273088
vt 0.985858 0.302438
vt 0.987085 0.347440
vt 0.912660 0.803165
vt 0.937336 0.804553
vt 0.946372 0.853792
vt 0.923507 0.855283
vt 0.961166 0.805046
vt 0.968138 0.850140
vt 0.969571 0.881775
vt 0.954245 0.892104
vt 0.935625 0.888831
vt 0.933228 0.762470
vt 0.908258 0.757808
vt 0.957352 0.766236
vt 0.947423 0.117470
vt 0.933467 0.117636
vt 0.959839 0.118131
vt 0.960146 0.155328
vt 0.947721 0.153488
vt 0.933774 0.154833
vt 0.974677 0.390011
vt 0.960892 0.389502
vt 0.987304 0.389058
vt 0.987065 0.432033
vt 0.974432 0.434151
vt 0.960654 0.432476
vt 0.871733 0.240397
vt 0.887495 0.250004
vt 0.884799 0.264546
vt 0.866897 0.246362
vt 0.905940 0.246475
vt 0.908265 0.254748
vt 0.685483 0.468999
vt 0.685483 0.443587
vt 0.696107 0.442923
vt 0.698617 0.461447
vt 0.948081 0.232842
vt 0.946615 0.254819
vt 0.934306 0.241671
vt 0.937775 0.228483
vt 0.948246 0.195575
vt 0.934913 0.197562
vt 0.960155 0.198035
vt 0.957554 0.228854
vt 0.973737 0.483942
vt 0.960577 0.480459
vt 0.985858 0.480035
vt 0.982373 0.509868
vt 0.972607 0.518181
vt 0.962564 0.510200
vt 0.894983 0.210613
vt 0.872704 0.208250
vt 0.917590 0.212095
vt 0.965660 0.027919
vt 0.964114 0.009010
vt 0.976073 0.001309
vt 0.975363 0.027639
vt 0.888991 0.642990
vt 0.869076 0.643122
vt 0.866250 0.636445
vt 0.891794 0.631337
vt 0.867651 0.534538
vt 0.869021 0.557156
vt 0.858850 0.560180
vt 0.855544 0.545245
vt 0.988294 0.009523
vt 0.985493 0.028339
vt 0.866897 0.278604
vt 0.883566 0.267163
vt 0.892139 0.300567
vt 0.869084 0.308437
vt 0.903470 0.267335
vt 0.915787 0.294293
vt 0.925686 0.338133
vt 0.901049 0.344446
vt 0.876711 0.351250
vt 0.903813 0.384547
vt 0.879338 0.389247
vt 0.928588 0.380340
vt 0.924172 0.425869
vt 0.899692 0.426791
vt 0.875512 0.428205
vt 0.895853 0.727175
vt 0.871556 0.720492
vt 0.880459 0.676552
vt 0.903474 0.684306
vt 0.846890 0.714071
vt 0.856782 0.670174
vt 0.905641 0.654383
vt 0.988337 0.051701
vt 0.975343 0.058257
vt 0.989218 0.082515
vt 0.975649 0.089498
vt 0.561532 0.778813
vt 0.562101 0.811211
vt 0.548907 0.817131
vt 0.548907 0.784752
vt 0.963024 0.051164
vt 0.855544 0.623828
vt 0.856334 0.587453
vt 0.869529 0.591442
vt 0.869323 0.628720
vt 0.878662 0.559559
vt 0.881619 0.586660
vt 0.881961 0.623000
vt 0.848403 0.801884
vt 0.872913 0.802909
vt 0.882013 0.852504
vt 0.859309 0.854360
vt 0.897052 0.804197
vt 0.904072 0.849589
vt 0.905641 0.881679
vt 0.890165 0.891657
vt 0.871594 0.888464
vt 0.868793 0.760631
vt 0.843988 0.756317
vt 0.893227 0.765206
vt 0.962773 0.081954
vt 0.975768 0.118570
vt 0.962894 0.111644
vt 0.989340 0.112205
vt 0.989218 0.146370
vt 0.975650 0.151661
vt 0.962773 0.145809
vt 0.972229 0.638887
vt 0.985358 0.631337
vt 0.985316 0.664042
vt 0.972188 0.670991
vt 0.998691 0.638713
vt 0.998651 0.670817
vt 0.998691 0.709961
vt 0.985358 0.704240
vt 0.972229 0.710134
vt 0.679507 0.442923
vt 0.682866 0.461205
vt 0.671255 0.468101
vt 0.669599 0.442923
vt 0.882392 0.515610
vt 0.900952 0.512461
vt 0.903339 0.520816
vt 0.879681 0.530140
vt 0.892789 0.905916
vt 0.869137 0.896596
vt 0.658720 0.462774
vt 0.659701 0.444210
vt 0.975432 0.191919
vt 0.963099 0.187063
vt 0.988411 0.187600
vt 0.985628 0.214757
vt 0.975524 0.221857
vt 0.965794 0.214336
vt 0.985480 0.755011
vt 0.972908 0.758695
vt 0.998237 0.758529
vt 0.995629 0.793222
vt 0.985680 0.798343
vt 0.975782 0.793353
vt 0.890584 0.476364
vt 0.868486 0.473574
vt 0.913260 0.478318
vt 0.866897 0.505700
vt 0.316418 0.772828
vt 0.305946 0.771484
vt 0.308011 0.745398
vt 0.320397 0.754413
vt 0.230447 0.481334
vt 0.228520 0.468623
vt 0.253931 0.473918
vt 0.250413 0.481428
vt 0.901694 0.590327
vt 0.888512 0.582646
vt 0.890037 0.565006
vt 0.900438 0.565436
vt 0.296688 0.771663
vt 0.296343 0.752992
vt 0.834023 0.642495
vt 0.831882 0.672562
vt 0.808429 0.665210
vt 0.817110 0.631337
vt 0.785087 0.658822
vt 0.797375 0.631542
vt 0.799827 0.709267
vt 0.775511 0.702836
vt 0.824568 0.715528
vt 0.822255 0.753588
vt 0.797393 0.749436
vt 0.772956 0.745113
vt 0.801858 0.791687
vt 0.777743 0.790650
vt 0.826398 0.792553
vt 0.223540 0.565438
vt 0.215999 0.522527
vt 0.238555 0.515374
vt 0.247357 0.559382
vt 0.262448 0.508771
vt 0.272249 0.552726
vt 0.214038 0.492394
vt 0.305840 0.802800
vt 0.294222 0.795481
vt 0.841371 0.674365
vt 0.834333 0.717681
vt 0.319402 0.796968
vt 0.320814 0.828914
vt 0.306662 0.835150
vt 0.546272 0.818790
vt 0.532553 0.812475
vt 0.533168 0.778813
vt 0.546290 0.785532
vt 0.884578 0.541483
vt 0.897191 0.534538
vt 0.909802 0.539738
vt 0.909802 0.563638
vt 0.282816 0.549542
vt 0.272402 0.504855
vt 0.270743 0.640395
vt 0.259934 0.692660
vt 0.237009 0.691049
vt 0.246007 0.641665
vt 0.215404 0.687556
vt 0.222347 0.642335
vt 0.229279 0.729617
vt 0.214038 0.719347
vt 0.247908 0.726380
vt 0.275135 0.594930
vt 0.250106 0.599482
vt 0.226152 0.603433
vt 0.321115 0.859453
vt 0.306957 0.865053
vt 0.832065 0.754951
vt 0.306568 0.898780
vt 0.294407 0.892722
vt 0.294808 0.857899
vt 0.320714 0.894275
vt 0.546079 0.854077
vt 0.532357 0.848424
vt 0.285754 0.592535
vt 0.532572 0.891337
vt 0.519866 0.896572
vt 0.519656 0.854785
vt 0.546289 0.895863
vt 0.835884 0.869831
vt 0.841371 0.875034
vt 0.824028 0.893746
vt 0.820320 0.880036
vt 0.800305 0.884625
vt 0.801902 0.876905
vt 0.227530 0.742781
vt 0.251059 0.733655
vt 0.714309 0.466906
vt 0.703785 0.465146
vt 0.701234 0.446793
vt 0.714309 0.442923
vt 0.319402 0.936164
vt 0.305884 0.939723
vt 0.294222 0.934677
vt 0.306098 0.970478
vt 0.296777 0.962641
vt 0.316508 0.963806
vt 0.546290 0.946873
vt 0.533186 0.944588
vt 0.520998 0.947551
vt 0.534183 0.988720
vt 0.524396 0.983175
vt 0.544214 0.982643
vt 0.833834 0.837869
vt 0.811423 0.841179
vt 0.789121 0.843019
vt 0.708677 0.653877
vt 0.702814 0.650037
vt 0.721894 0.631337
vt 0.725507 0.642509
vt 0.027975 0.879760
vt 0.040083 0.878800
vt 0.037413 0.903728
vt 0.027975 0.899658
vt 0.052022 0.882432
vt 0.047700 0.901850
vt 0.042584 0.858465
vt 0.051942 0.864723
vt 0.627864 0.743096
vt 0.625770 0.773002
vt 0.602907 0.765206
vt 0.611292 0.731680
vt 0.579139 0.758827
vt 0.591347 0.731802
vt 0.594036 0.809128
vt 0.569274 0.802706
vt 0.618174 0.815855
vt 0.615551 0.853879
vt 0.591276 0.849259
vt 0.566376 0.844944
vt 0.595391 0.891536
vt 0.570785 0.890509
vt 0.619371 0.892868
vt 0.718531 0.726458
vt 0.710967 0.683650
vt 0.734332 0.675846
vt 0.743189 0.719723
vt 0.757699 0.669793
vt 0.767533 0.713640
vt 0.745274 0.642832
vt 0.935683 0.272414
vt 0.946075 0.267163
vt 0.946164 0.302907
vt 0.932736 0.302279
vt 0.945474 0.346792
vt 0.931458 0.345843
vt 0.957960 0.302713
vt 0.957812 0.346297
vt 0.955448 0.272755
vt 0.314810 0.548485
vt 0.301987 0.547343
vt 0.301499 0.501658
vt 0.313781 0.503633
vt 0.300671 0.468623
vt 0.310484 0.475118
vt 0.288474 0.503796
vt 0.290655 0.475245
vt 0.288371 0.548655
vt 0.765820 0.801284
vt 0.754753 0.853629
vt 0.732378 0.851467
vt 0.741646 0.801982
vt 0.709993 0.848627
vt 0.717156 0.803333
vt 0.723768 0.890714
vt 0.708161 0.880757
vt 0.742199 0.887712
vt 0.770339 0.755824
vt 0.745862 0.759803
vt 0.721071 0.764434
vt 0.957559 0.384175
vt 0.945226 0.383883
vt 0.931205 0.383721
vt 0.945553 0.420321
vt 0.931542 0.421351
vt 0.957896 0.421805
vt 0.314968 0.590765
vt 0.302147 0.590413
vt 0.288528 0.590935
vt 0.301986 0.636231
vt 0.288371 0.635544
vt 0.314810 0.635374
vt 0.935608 0.495895
vt 0.945948 0.500463
vt 0.944341 0.521943
vt 0.932016 0.508596
vt 0.716926 0.447576
vt 0.729112 0.442923
vt 0.729112 0.467489
vt 0.719128 0.466321
vt 0.720275 0.905409
vt 0.743953 0.896233
vt 0.702814 0.886788
vt 0.957960 0.465111
vt 0.946128 0.462979
vt 0.932736 0.464677
vt 0.955373 0.496236
vt 0.313809 0.685967
vt 0.301514 0.688777
vt 0.288502 0.686130
vt 0.300740 0.726248
vt 0.290729 0.718231
vt 0.310558 0.718104
vt 0.626368 0.938264
vt 0.604460 0.941136
vt 0.581663 0.942992
vt 0.612464 0.980316
vt 0.593862 0.977115
vt 0.627864 0.970363
vt 0.586702 0.598607
vt 0.585292 0.590286
vt 0.591530 0.588537
vt 0.592520 0.597796
vt 0.583520 0.581302
vt 0.590144 0.578943
vt 0.581652 0.571766
vt 0.588577 0.569053
vt 0.579847 0.561863
vt 0.586997 0.558941
vt 0.578180 0.551759
vt 0.585486 0.548731
vt 0.576705 0.541612
vt 0.584102 0.538555
vt 0.575477 0.531582
vt 0.582906 0.528546
vt 0.574536 0.521822
vt 0.581940 0.518834
vt 0.573872 0.512453
vt 0.581188 0.509527
vt 0.573461 0.503595
vt 0.580617 0.500729
vt 0.573278 0.495362
vt 0.580191 0.492546
vt 0.573280 0.487880
vt 0.579856 0.485082
vt 0.788717 0.014575
vt 0.787813 0.020838
vt 0.781354 0.017335
vt 0.781807 0.010405
vt 0.787222 0.027131
vt 0.781281 0.024606
vt 0.598246 0.587394
vt 0.599015 0.597420
vt 0.597112 0.577226
vt 0.595774 0.566935
vt 0.594374 0.556556
vt 0.592989 0.546180
vt 0.591679 0.535915
vt 0.590505 0.525866
vt 0.589511 0.516135
vt 0.588674 0.506817
vt 0.587956 0.498001
vt 0.587317 0.489777
vt 0.586700 0.482233
vt 0.774488 0.014643
vt 0.774629 0.007143
vt 0.774716 0.022662
vt 0.605365 0.586582
vt 0.606052 0.597165
vt 0.604378 0.575940
vt 0.603202 0.565273
vt 0.601938 0.554622
vt 0.600653 0.544061
vt 0.599403 0.533674
vt 0.598244 0.523544
vt 0.597219 0.513752
vt 0.596303 0.504376
vt 0.595457 0.495493
vt 0.594643 0.487182
vt 0.593809 0.479516
vt 0.767265 0.012612
vt 0.767210 0.004669
vt 0.767631 0.021155
vt 0.612801 0.585903
vt 0.613480 0.596885
vt 0.611890 0.574906
vt 0.610817 0.563942
vt 0.609649 0.553062
vt 0.608440 0.542330
vt 0.607237 0.531814
vt 0.606090 0.521584
vt 0.605034 0.511708
vt 0.604047 0.502252
vt 0.603098 0.493287
vt 0.602151 0.484878
vt 0.601169 0.477095
vt 0.759751 0.011150
vt 0.759584 0.002885
vt 0.760168 0.020063
vt 0.620463 0.585283
vt 0.621177 0.596530
vt 0.619577 0.574046
vt 0.618563 0.562873
vt 0.617461 0.551820
vt 0.616311 0.540948
vt 0.615149 0.530318
vt 0.614011 0.519991
vt 0.612925 0.510028
vt 0.611877 0.500492
vt 0.610844 0.491446
vt 0.609803 0.482952
vt 0.608729 0.475073
vt 0.752034 0.010245
vt 0.751817 0.001766
vt 0.752442 0.019403
vt 0.628255 0.584682
vt 0.629032 0.596073
vt 0.627363 0.573309
vt 0.626379 0.562012
vt 0.625326 0.550850
vt 0.624227 0.539882
vt 0.623102 0.529168
vt 0.621975 0.518767
vt 0.620863 0.508738
vt 0.619761 0.499141
vt 0.618661 0.490035
vt 0.617553 0.481480
vt 0.616428 0.473537
vt 0.744205 0.009905
vt 0.743981 0.001308
vt 0.744566 0.019200
vt 0.636082 0.584058
vt 0.636932 0.595490
vt 0.635171 0.572642
vt 0.634208 0.561303
vt 0.633198 0.550102
vt 0.632147 0.539096
vt 0.631062 0.528348
vt 0.629950 0.517917
vt 0.628817 0.507862
vt 0.627669 0.498242
vt 0.626513 0.489115
vt 0.625356 0.480540
vt 0.624203 0.472573
vt 0.736357 0.010138
vt 0.736147 0.001505
vt 0.736649 0.019479
vt 0.643851 0.583385
vt 0.644768 0.594765
vt 0.642928 0.572014
vt 0.641991 0.560714
vt 0.641030 0.549544
vt 0.640034 0.538568
vt 0.638995 0.527847
vt 0.637904 0.517443
vt 0.636756 0.507417
vt 0.635569 0.497826
vt 0.634364 0.488729
vt 0.633165 0.480182
vt 0.631993 0.472243
vt 0.728580 0.010950
vt 0.728387 0.002352
vt 0.728800 0.020255
vt 0.651480 0.582704
vt 0.652441 0.593930
vt 0.650571 0.571469
vt 0.649683 0.560285
vt 0.648786 0.549216
vt 0.647856 0.538325
vt 0.646870 0.527681
vt 0.645805 0.517347
vt 0.644646 0.507391
vt 0.643422 0.497870
vt 0.642169 0.488842
vt 0.640923 0.480365
vt 0.639723 0.472496
vt 0.720958 0.012324
vt 0.720766 0.003844
vt 0.721120 0.021499
vt 0.658893 0.582070
vt 0.659854 0.593029
vt 0.658040 0.571069
vt 0.657238 0.560082
vt 0.656431 0.549172
vt 0.655582 0.538410
vt 0.654657 0.527872
vt 0.653620 0.517632
vt 0.652453 0.507765
vt 0.651190 0.498333
vt 0.649880 0.489397
vt 0.648572 0.481019
vt 0.647320 0.473258
vt 0.713573 0.014239
vt 0.713348 0.005978
vt 0.713707 0.023172
vt 0.666009 0.581540
vt 0.666911 0.592105
vt 0.665276 0.570877
vt 0.664613 0.560167
vt 0.663931 0.549467
vt 0.663182 0.538862
vt 0.662325 0.528443
vt 0.661319 0.518299
vt 0.660141 0.508520
vt 0.658832 0.499177
vt 0.657451 0.490339
vt 0.656053 0.482075
vt 0.654707 0.474453
vt 0.706506 0.016677
vt 0.706198 0.008751
vt 0.706659 0.025234
vt 0.672758 0.581198
vt 0.673512 0.591226
vt 0.672227 0.570980
vt 0.671768 0.560616
vt 0.671254 0.550163
vt 0.670626 0.539725
vt 0.669845 0.529416
vt 0.668869 0.519350
vt 0.667677 0.509636
vt 0.666312 0.500362
vt 0.664836 0.491608
vt 0.663311 0.483458
vt 0.661815 0.475988
vt 0.699836 0.019637
vt 0.699373 0.012178
vt 0.700079 0.027656
vt 0.679100 0.581256
vt 0.679550 0.590560
vt 0.678878 0.571565
vt 0.678685 0.561560
vt 0.678374 0.551344
vt 0.677886 0.541048
vt 0.677186 0.530815
vt 0.676239 0.520786
vt 0.675024 0.511094
vt 0.673589 0.501844
vt 0.588421 0.005202
vt 0.598242 0.009468
vt 0.596655 0.014988
vt 0.586892 0.010910
vt 0.607585 0.014387
vt 0.605895 0.019611
vt 0.616356 0.019927
vt 0.614498 0.024725
vt 0.624481 0.026115
vt 0.622357 0.030332
vt 0.694089 0.030440
vt 0.693620 0.023204
vt 0.685015 0.581994
vt 0.684959 0.590437
vt 0.685226 0.572845
vt 0.685353 0.563143
vt 0.685271 0.553098
vt 0.684936 0.542883
vt 0.545022 0.001309
vt 0.555664 0.002616
vt 0.553968 0.009293
vt 0.543334 0.007880
vt 0.566276 0.004663
vt 0.564609 0.011379
vt 0.576726 0.007446
vt 0.575104 0.014140
vt 0.585311 0.017507
vt 0.595096 0.021390
vt 0.604323 0.025701
vt 0.612848 0.030350
vt 0.620501 0.035244
vt 0.629376 0.036476
vt 0.627124 0.040384
vt 0.583433 0.605610
vt 0.581645 0.600080
vt 0.587554 0.606195
vt 0.579579 0.593086
vt 0.577282 0.584535
vt 0.575041 0.575214
vt 0.572964 0.565406
vt 0.571110 0.555310
vt 0.569524 0.545106
vt 0.568251 0.534970
vt 0.567328 0.525073
vt 0.106356 0.008092
vt 0.095801 0.010501
vt 0.095432 0.003803
vt 0.105860 0.001308
vt 0.085659 0.013411
vt 0.085398 0.006888
vt 0.076083 0.016725
vt 0.075897 0.010479
vt 0.067239 0.020326
vt 0.067076 0.014494
vt 0.059348 0.024024
vt 0.059102 0.018834
vt 0.793861 0.025447
vt 0.792473 0.030327
vt 0.791227 0.034389
vt 0.787131 0.033399
vt 0.781915 0.032320
vt 0.775487 0.031222
vt 0.768416 0.030289
vt 0.760902 0.029603
vt 0.753082 0.029215
vt 0.745081 0.029167
vt 0.737024 0.029501
vt 0.729030 0.030241
vt 0.721214 0.031348
vt 0.713685 0.032762
vt 0.706553 0.034428
vt 0.699940 0.036276
vt 0.694012 0.038201
vt 0.689267 0.039946
vt 0.688781 0.033717
vt 0.632628 0.045760
vt 0.630087 0.047860
vt 0.625397 0.044759
vt 0.619296 0.041085
vt 0.611623 0.036902
vt 0.603005 0.032707
vt 0.593655 0.028698
vt 0.583732 0.025000
vt 0.573382 0.021719
vt 0.562750 0.018963
vt 0.551988 0.016813
vt 0.541266 0.015261
vt 0.532867 0.007119
vt 0.530761 0.014274
vt 0.522726 0.006988
vt 0.520648 0.013820
vt 0.513076 0.007469
vt 0.511124 0.013855
vt 0.691271 0.575057
vt 0.690535 0.583860
vt 0.689709 0.591094
vt 0.685235 0.598073
vt 0.688871 0.596843
vt 0.680533 0.599480
vt 0.674650 0.601029
vt 0.668079 0.602522
vt 0.660983 0.603886
vt 0.653484 0.605085
vt 0.645692 0.606092
vt 0.637717 0.606878
vt 0.629671 0.607424
vt 0.621675 0.607730
vt 0.613854 0.607805
vt 0.606331 0.607656
vt 0.599245 0.607298
vt 0.592794 0.606775
vt 0.402943 0.192173
vt 0.409568 0.175577
vt 0.422729 0.179543
vt 0.416419 0.196239
vt 0.416261 0.159342
vt 0.429091 0.163199
vt 0.423005 0.143551
vt 0.435486 0.147288
vt 0.429781 0.128286
vt 0.441898 0.131889
vt 0.436574 0.113630
vt 0.448310 0.117083
vt 0.443367 0.099666
vt 0.454703 0.102951
vt 0.450141 0.086476
vt 0.461062 0.089575
vt 0.456873 0.074135
vt 0.467359 0.077025
vt 0.463502 0.062694
vt 0.473534 0.065341
vt 0.469963 0.052192
vt 0.479518 0.054553
vt 0.476187 0.042672
vt 0.485240 0.044693
vt 0.482081 0.034176
vt 0.490609 0.035779
vt 0.487443 0.026743
vt 0.495440 0.027786
vt 0.491963 0.020353
vt 0.499502 0.020663
vt 0.437027 0.183623
vt 0.431059 0.200422
vt 0.443029 0.167165
vt 0.449049 0.151125
vt 0.455068 0.135582
vt 0.461071 0.120613
vt 0.467039 0.106297
vt 0.472955 0.092710
vt 0.478795 0.079922
vt 0.484499 0.067961
vt 0.490002 0.056845
vt 0.495235 0.046595
vt 0.500117 0.037217
vt 0.504503 0.028672
vt 0.508231 0.020905
vt 0.452281 0.187775
vt 0.446678 0.204679
vt 0.457900 0.171201
vt 0.463520 0.155030
vt 0.469122 0.139337
vt 0.474692 0.124199
vt 0.480210 0.109688
vt 0.485662 0.095880
vt 0.491022 0.082840
vt 0.496239 0.070589
vt 0.501252 0.059137
vt 0.506002 0.048496
vt 0.510421 0.038670
vt 0.514408 0.029635
vt 0.517853 0.021362
vt 0.468309 0.191959
vt 0.463091 0.208968
vt 0.473527 0.175267
vt 0.478727 0.158965
vt 0.483892 0.143124
vt 0.489007 0.127815
vt 0.494056 0.113111
vt 0.499021 0.099083
vt 0.503881 0.085793
vt 0.508593 0.073260
vt 0.513107 0.061493
vt 0.517374 0.050501
vt 0.521340 0.040290
vt 0.524941 0.030853
vt 0.528104 0.022185
vt 0.484933 0.196133
vt 0.480112 0.213246
vt 0.489733 0.179327
vt 0.494497 0.162896
vt 0.499209 0.146911
vt 0.503852 0.131440
vt 0.508412 0.116552
vt 0.512873 0.102316
vt 0.517214 0.088793
vt 0.521404 0.076003
vt 0.525406 0.063958
vt 0.529183 0.052670
vt 0.532700 0.042149
vt 0.535914 0.032403
vt 0.538784 0.023438
vt 0.501970 0.200257
vt 0.497558 0.217472
vt 0.506342 0.183340
vt 0.510659 0.166788
vt 0.514903 0.150669
vt 0.519062 0.135049
vt 0.523118 0.119996
vt 0.527057 0.105578
vt 0.530861 0.091853
vt 0.534512 0.078846
vt 0.537987 0.066574
vt 0.541266 0.055053
vt 0.544327 0.044301
vt 0.547149 0.034333
vt 0.549710 0.025165
vt 0.519241 0.204290
vt 0.515243 0.221602
vt 0.523178 0.187269
vt 0.527039 0.170606
vt 0.530808 0.154367
vt 0.534470 0.138620
vt 0.538010 0.123430
vt 0.541413 0.108865
vt 0.544665 0.094984
vt 0.547759 0.081815
vt 0.550690 0.069380
vt 0.553455 0.057700
vt 0.556048 0.046797
vt 0.558465 0.036692
vt 0.560700 0.027407
vt 0.536564 0.208190
vt 0.532982 0.225595
vt 0.540064 0.191073
vt 0.543465 0.174312
vt 0.546754 0.157973
vt 0.549913 0.142124
vt 0.552928 0.126833
vt 0.555784 0.112166
vt 0.558469 0.098184
vt 0.560990 0.084918
vt 0.563361 0.072392
vt 0.565593 0.060632
vt 0.567697 0.049660
vt 0.569689 0.039501
vt 0.571579 0.030180
vt 0.553760 0.211917
vt 0.550592 0.229409
vt 0.556824 0.194712
vt 0.559768 0.177865
vt 0.562575 0.161443
vt 0.565231 0.145515
vt 0.567718 0.130152
vt 0.570022 0.115422
vt 0.572133 0.101387
vt 0.574071 0.088081
vt 0.575866 0.075530
vt 0.577544 0.063760
vt 0.579134 0.052798
vt 0.580672 0.042667
vt 0.582193 0.033393
vt 0.570647 0.215428
vt 0.567886 0.233000
vt 0.573282 0.198144
vt 0.575775 0.181221
vt 0.578108 0.164730
vt 0.580265 0.148743
vt 0.582228 0.133331
vt 0.583982 0.118567
vt 0.585520 0.104515
vt 0.586872 0.091211
vt 0.588079 0.078686
vt 0.589182 0.066968
vt 0.590226 0.056087
vt 0.591275 0.046066
vt 0.592395 0.036928
vt 0.587046 0.218680
vt 0.584679 0.236326
vt 0.589264 0.201326
vt 0.591317 0.184337
vt 0.593186 0.167789
vt 0.594855 0.151755
vt 0.596305 0.136312
vt 0.597520 0.121532
vt 0.598492 0.107486
vt 0.599260 0.094214
vt 0.599872 0.081754
vt 0.600379 0.070139
vt 0.600839 0.059405
vt 0.601355 0.049574
vt 0.602039 0.040668
vt 0.602776 0.221634
vt 0.600789 0.239345
vt 0.604593 0.204216
vt 0.606223 0.187170
vt 0.607646 0.170572
vt 0.608844 0.154502
vt 0.609798 0.139035
vt 0.610490 0.124250
vt 0.610913 0.110220
vt 0.611106 0.096995
vt 0.611122 0.084622
vt 0.611012 0.073146
vt 0.610848 0.062611
vt 0.610777 0.053043
vt 0.610973 0.044467
vt 0.617656 0.224245
vt 0.616028 0.242014
vt 0.619094 0.206772
vt 0.620322 0.189675
vt 0.621321 0.173035
vt 0.622072 0.156931
vt 0.622554 0.141444
vt 0.622747 0.126653
vt 0.622645 0.112636
vt 0.622283 0.099453
vt 0.621711 0.087162
vt 0.620978 0.075821
vt 0.620158 0.065488
vt 0.619428 0.056220
vt 0.619023 0.048072
vt 0.631506 0.226473
vt 0.630213 0.244292
vt 0.632590 0.208952
vt 0.633444 0.191810
vt 0.634048 0.175130
vt 0.634380 0.158992
vt 0.634420 0.143479
vt 0.634147 0.128673
vt 0.633551 0.114652
vt 0.632663 0.101486
vt 0.631524 0.089242
vt 0.630175 0.077986
vt 0.628683 0.067795
vt 0.627209 0.058795
vt 0.626045 0.051101
vt 0.384004 0.205051
vt 0.390815 0.188265
vt 0.396402 0.209047
vt 0.397724 0.171764
vt 0.404717 0.155632
vt 0.411776 0.139951
vt 0.418886 0.124806
vt 0.426030 0.110279
vt 0.433191 0.096455
vt 0.440354 0.083416
vt 0.447495 0.071240
vt 0.454562 0.059983
vt 0.461498 0.049692
vt 0.468243 0.040417
vt 0.474718 0.032216
vt 0.480757 0.025183
vt 0.485810 0.019766
vt 0.691489 0.601285
vt 0.693886 0.594916
vt 0.495434 0.014955
vt 0.502462 0.014292
vt 0.631954 0.053280
vt 0.634061 0.060339
vt 0.636342 0.069280
vt 0.638504 0.079462
vt 0.640445 0.090729
vt 0.642119 0.102994
vt 0.643495 0.116188
vt 0.644545 0.130242
vt 0.645245 0.145084
vt 0.645610 0.160635
vt 0.645660 0.176811
vt 0.645419 0.193532
vt 0.644907 0.210714
vt 0.644147 0.228275
vt 0.643159 0.246134
vt 0.628732 0.262326
vt 0.641967 0.264208
vt 0.614230 0.260000
vt 0.598651 0.257273
vt 0.582183 0.254188
vt 0.565014 0.250789
vt 0.547335 0.247119
vt 0.529334 0.243221
vt 0.511199 0.239139
vt 0.493121 0.234917
vt 0.475287 0.230596
vt 0.457887 0.226222
vt 0.441109 0.221836
vt 0.425143 0.217483
vt 0.410178 0.213205
vt 0.660569 0.241605
vt 0.661581 0.224100
vt 0.672226 0.227028
vt 0.671495 0.244603
vt 0.662788 0.206854
vt 0.673131 0.209703
vt 0.664184 0.189943
vt 0.674205 0.192704
vt 0.665764 0.173444
vt 0.675444 0.176104
vt 0.667522 0.157432
vt 0.676843 0.159977
vt 0.669453 0.141984
vt 0.678398 0.144398
vt 0.671552 0.127176
vt 0.680106 0.129439
vt 0.673808 0.113082
vt 0.681954 0.115172
vt 0.676185 0.099767
vt 0.683905 0.101647
vt 0.678641 0.087295
vt 0.685915 0.088915
vt 0.681135 0.075728
vt 0.687939 0.077023
vt 0.683607 0.065137
vt 0.689917 0.066011
vt 0.685922 0.055619
vt 0.691715 0.055891
vt 0.687859 0.047224
vt 0.693164 0.046648
vt 0.683769 0.229334
vt 0.683342 0.246967
vt 0.684347 0.211944
vt 0.685073 0.194868
vt 0.685945 0.178178
vt 0.686958 0.161943
vt 0.688111 0.146235
vt 0.689399 0.131125
vt 0.690812 0.116677
vt 0.692315 0.102929
vt 0.693863 0.089915
vt 0.695414 0.077666
vt 0.696911 0.066204
vt 0.698247 0.055508
vt 0.699301 0.045546
vt 0.696065 0.231029
vt 0.695963 0.248704
vt 0.696295 0.213588
vt 0.696653 0.196450
vt 0.697135 0.179682
vt 0.697741 0.163352
vt 0.698467 0.147526
vt 0.699314 0.132273
vt 0.700272 0.117653
vt 0.701308 0.103691
vt 0.702384 0.090407
vt 0.703461 0.077821
vt 0.704492 0.065945
vt 0.705405 0.054766
vt 0.706119 0.044266
vt 0.708969 0.232123
vt 0.709208 0.249826
vt 0.708836 0.214647
vt 0.708807 0.197462
vt 0.708882 0.180634
vt 0.709062 0.164226
vt 0.709346 0.148302
vt 0.709733 0.132927
vt 0.710219 0.118156
vt 0.710777 0.104009
vt 0.711375 0.090500
vt 0.711982 0.077639
vt 0.712564 0.065437
vt 0.713074 0.053893
vt 0.713464 0.043002
vt 0.722337 0.232626
vt 0.722928 0.250343
vt 0.721827 0.215130
vt 0.721399 0.197919
vt 0.721055 0.181051
vt 0.720796 0.164589
vt 0.720623 0.148594
vt 0.720540 0.133127
vt 0.720542 0.118241
vt 0.720612 0.103955
vt 0.720730 0.090278
vt 0.720873 0.077221
vt 0.721019 0.064794
vt 0.721143 0.053002
vt 0.721216 0.041851
vt 0.736024 0.232548
vt 0.736975 0.250263
vt 0.735129 0.215051
vt 0.734293 0.197832
vt 0.733520 0.180950
vt 0.732814 0.164464
vt 0.732178 0.148433
vt 0.731615 0.132916
vt 0.731127 0.117964
vt 0.730706 0.103596
vt 0.730343 0.089823
vt 0.730027 0.076655
vt 0.729748 0.064103
vt 0.729496 0.052176
vt 0.729260 0.040886
vt 0.749885 0.231900
vt 0.751201 0.249598
vt 0.748600 0.214420
vt 0.747352 0.197216
vt 0.746147 0.180348
vt 0.744990 0.163872
vt 0.743886 0.147848
vt 0.742842 0.132334
vt 0.741862 0.117379
vt 0.740950 0.103003
vt 0.740107 0.089216
vt 0.739337 0.076030
vt 0.738641 0.063454
vt 0.738022 0.051500
vt 0.737482 0.040179
vt 0.763775 0.230691
vt 0.765457 0.248358
vt 0.762101 0.213247
vt 0.760441 0.196083
vt 0.758803 0.179259
vt 0.757195 0.162833
vt 0.755626 0.146864
vt 0.754102 0.131411
vt 0.752633 0.116525
vt 0.751232 0.102223
vt 0.749915 0.088514
vt 0.748694 0.075406
vt 0.747585 0.062910
vt 0.746604 0.051032
vt 0.745764 0.039782
vt 0.777550 0.228932
vt 0.779594 0.246552
vt 0.775489 0.211540
vt 0.773420 0.194438
vt 0.771354 0.177686
vt 0.769301 0.161344
vt 0.767271 0.145474
vt 0.765273 0.130135
vt 0.763321 0.115379
vt 0.761438 0.101224
vt 0.759649 0.087674
vt 0.757981 0.074738
vt 0.756460 0.062423
vt 0.755116 0.050729
vt 0.753980 0.039659
vt 0.791064 0.226630
vt 0.793463 0.244190
vt 0.788624 0.209309
vt 0.786155 0.192288
vt 0.783669 0.175631
vt 0.781178 0.159401
vt 0.778696 0.143663
vt 0.776233 0.128478
vt 0.773807 0.113902
vt 0.771448 0.099950
vt 0.769193 0.086632
vt 0.767078 0.073953
vt 0.765141 0.061920
vt 0.763431 0.050524
vt 0.762001 0.039755
vt 0.804173 0.223796
vt 0.806917 0.241281
vt 0.801365 0.206559
vt 0.798507 0.189636
vt 0.795613 0.173094
vt 0.792697 0.156999
vt 0.789775 0.141418
vt 0.786859 0.126417
vt 0.783970 0.112053
vt 0.781145 0.098350
vt 0.778429 0.085320
vt 0.775865 0.072977
vt 0.773503 0.061328
vt 0.771419 0.050349
vt 0.769696 0.040013
vt 0.816732 0.220438
vt 0.819805 0.237837
vt 0.813571 0.203299
vt 0.810340 0.186488
vt 0.807053 0.170075
vt 0.803729 0.154131
vt 0.800382 0.138724
vt 0.797029 0.123924
vt 0.793691 0.109794
vt 0.790411 0.096366
vt 0.787239 0.083668
vt 0.784223 0.071725
vt 0.781423 0.060550
vt 0.778950 0.050109
vt 0.776926 0.040353
vt 0.828595 0.216566
vt 0.831981 0.233867
vt 0.825101 0.199536
vt 0.821516 0.182849
vt 0.817857 0.166576
vt 0.814143 0.150792
vt 0.810391 0.135567
vt 0.806619 0.120975
vt 0.802850 0.107083
vt 0.799129 0.093939
vt 0.795506 0.081583
vt 0.792033 0.070059
vt 0.788776 0.059398
vt 0.785875 0.049592
vt 0.783502 0.040604
vt 0.839619 0.212189
vt 0.843295 0.229380
vt 0.835813 0.195279
vt 0.831898 0.178723
vt 0.827891 0.162597
vt 0.823811 0.146976
vt 0.819677 0.131934
vt 0.815508 0.117545
vt 0.811328 0.103882
vt 0.807179 0.091003
vt 0.803113 0.078967
vt 0.799176 0.067831
vt 0.795438 0.057655
vt 0.792043 0.048520
vt 0.789223 0.040442
vt 0.654711 0.247510
vt 0.653776 0.265613
vt 0.655425 0.229620
vt 0.655897 0.212025
vt 0.656103 0.194806
vt 0.656021 0.178044
vt 0.655628 0.161820
vt 0.654901 0.146216
vt 0.653818 0.131312
vt 0.652363 0.117187
vt 0.650545 0.103906
vt 0.648380 0.091533
vt 0.645885 0.080131
vt 0.643077 0.069769
vt 0.639971 0.060552
vt 0.636501 0.052546
vt 0.793955 0.039638
vt 0.797299 0.046461
vt 0.801283 0.055086
vt 0.805535 0.064891
vt 0.809942 0.075723
vt 0.814446 0.087497
vt 0.819004 0.100147
vt 0.823573 0.113607
vt 0.828113 0.127809
vt 0.832603 0.142678
vt 0.837021 0.158139
vt 0.841349 0.174116
vt 0.845568 0.190534
vt 0.849657 0.207316
vt 0.853598 0.224387
vt 0.846823 0.246777
vt 0.857371 0.241671
vt 0.835241 0.251365
vt 0.822776 0.255425
vt 0.809581 0.258948
vt 0.795808 0.261923
vt 0.781610 0.264339
vt 0.767137 0.266188
vt 0.752543 0.267457
vt 0.737979 0.268138
vt 0.723598 0.268221
vt 0.709551 0.267694
vt 0.695992 0.266547
vt 0.683071 0.264772
vt 0.670942 0.262357
vt 0.659755 0.259292
vt 0.542600 0.562429
vt 0.544894 0.575042
vt 0.535502 0.575088
vt 0.533886 0.561220
vt 0.547459 0.589110
vt 0.537425 0.590046
vt 0.549842 0.604354
vt 0.539291 0.605912
vt 0.551757 0.620425
vt 0.540810 0.622466
vt 0.553053 0.637010
vt 0.541826 0.639441
vt 0.553616 0.653807
vt 0.542220 0.656557
vt 0.553331 0.670513
vt 0.541872 0.673535
vt 0.552124 0.686839
vt 0.540705 0.690104
vt 0.550094 0.702534
vt 0.538819 0.706025
vt 0.547379 0.717363
vt 0.536358 0.721066
vt 0.544120 0.731087
vt 0.533462 0.734998
vt 0.540490 0.743461
vt 0.530311 0.747590
vt 0.261576 0.447927
vt 0.274784 0.442341
vt 0.278312 0.447503
vt 0.264585 0.453901
vt 0.012447 0.840129
vt 0.014101 0.832186
vt 0.022800 0.835323
vt 0.021894 0.844520
vt 0.524885 0.574284
vt 0.523749 0.559331
vt 0.526282 0.590119
vt 0.527666 0.606683
vt 0.528794 0.623804
vt 0.529524 0.641245
vt 0.529737 0.658753
vt 0.529318 0.676076
vt 0.528192 0.692967
vt 0.526455 0.709198
vt 0.524245 0.724552
vt 0.521701 0.738806
vt 0.518984 0.751745
vt 0.527214 0.758624
vt 0.516356 0.763176
vt 0.032883 0.837817
vt 0.032515 0.847980
vt 0.513193 0.573096
vt 0.512397 0.557315
vt 0.514159 0.589686
vt 0.515107 0.606914
vt 0.515862 0.624597
vt 0.516306 0.642516
vt 0.516334 0.660439
vt 0.515840 0.678137
vt 0.514756 0.695383
vt 0.513171 0.711965
vt 0.511208 0.727670
vt 0.508994 0.742288
vt 0.506667 0.755612
vt 0.504418 0.767447
vt 0.044169 0.839868
vt 0.044185 0.850711
vt 0.500591 0.571884
vt 0.500071 0.555489
vt 0.501193 0.589063
vt 0.501757 0.606832
vt 0.502168 0.624996
vt 0.502336 0.643343
vt 0.502177 0.661655
vt 0.501605 0.679716
vt 0.500567 0.697312
vt 0.499135 0.714235
vt 0.497414 0.730278
vt 0.495507 0.745236
vt 0.493524 0.758904
vt 0.491597 0.771081
vt 0.056431 0.841519
vt 0.056755 0.852847
vt 0.487274 0.570828
vt 0.486990 0.554012
vt 0.487561 0.588421
vt 0.487783 0.606586
vt 0.487875 0.625118
vt 0.487777 0.643808
vt 0.487432 0.662444
vt 0.486783 0.680815
vt 0.485795 0.698712
vt 0.484521 0.715927
vt 0.483037 0.732256
vt 0.481421 0.747492
vt 0.479749 0.761431
vt 0.478106 0.773869
vt 0.069456 0.842765
vt 0.070039 0.854414
vt 0.473442 0.570060
vt 0.473368 0.553001
vt 0.473448 0.587897
vt 0.473359 0.606304
vt 0.473150 0.625071
vt 0.472794 0.643988
vt 0.472267 0.662846
vt 0.471544 0.681433
vt 0.470610 0.699541
vt 0.469499 0.716961
vt 0.468254 0.733487
vt 0.466920 0.748912
vt 0.465540 0.763030
vt 0.464159 0.775632
vt 0.083036 0.843586
vt 0.083841 0.855414
vt 0.459297 0.569711
vt 0.459419 0.552576
vt 0.459040 0.587628
vt 0.458657 0.606116
vt 0.458158 0.624964
vt 0.457552 0.643963
vt 0.456849 0.662902
vt 0.456056 0.681570
vt 0.455184 0.699757
vt 0.454243 0.717255
vt 0.453242 0.733856
vt 0.452190 0.749352
vt 0.451097 0.763535
vt 0.449973 0.776196
vt 0.096961 0.843963
vt 0.097966 0.855848
vt 0.445044 0.569871
vt 0.445362 0.552815
vt 0.444527 0.587704
vt 0.443853 0.606107
vt 0.443069 0.624871
vt 0.442218 0.643785
vt 0.441344 0.662640
vt 0.440489 0.681226
vt 0.439687 0.699334
vt 0.438923 0.716757
vt 0.438174 0.733287
vt 0.437414 0.748716
vt 0.436619 0.762837
vt 0.435762 0.775443
vt 0.111016 0.843884
vt 0.112212 0.855716
vt 0.430903 0.570452
vt 0.431429 0.553641
vt 0.430109 0.588038
vt 0.429133 0.606195
vt 0.428059 0.624719
vt 0.426963 0.643402
vt 0.425923 0.662034
vt 0.425012 0.680403
vt 0.424285 0.698302
vt 0.423707 0.715522
vt 0.423221 0.731857
vt 0.422770 0.747101
vt 0.422297 0.761048
vt 0.421735 0.773493
vt 0.124966 0.843356
vt 0.126357 0.855014
vt 0.417097 0.571328
vt 0.417859 0.554941
vt 0.415992 0.588495
vt 0.414684 0.606252
vt 0.413304 0.624404
vt 0.411961 0.642740
vt 0.410757 0.661045
vt 0.409795 0.679104
vt 0.409147 0.696703
vt 0.408760 0.713633
vt 0.408550 0.729686
vt 0.408434 0.744656
vt 0.408323 0.758336
vt 0.408102 0.770525
vt 0.138567 0.842394
vt 0.140172 0.853736
vt 0.403848 0.572366
vt 0.404889 0.556598
vt 0.402380 0.588941
vt 0.400694 0.606151
vt 0.398983 0.623818
vt 0.397383 0.641723
vt 0.396017 0.659636
vt 0.395008 0.677331
vt 0.394439 0.694581
vt 0.394247 0.711172
vt 0.394329 0.726891
vt 0.394581 0.741525
vt 0.394888 0.754867
vt 0.395072 0.766717
vt 0.151577 0.841012
vt 0.153429 0.851875
vt 0.391375 0.573394
vt 0.392767 0.558457
vt 0.389469 0.589207
vt 0.387347 0.605748
vt 0.385271 0.622847
vt 0.383403 0.640271
vt 0.381874 0.657767
vt 0.380819 0.675086
vt 0.380329 0.691981
vt 0.380334 0.708224
vt 0.380722 0.723594
vt 0.381381 0.737870
vt 0.382171 0.750833
vt 0.382845 0.762286
vt 0.163743 0.839211
vt 0.165902 0.849401
vt 0.379874 0.574050
vt 0.381777 0.560206
vt 0.377420 0.588979
vt 0.374803 0.604815
vt 0.372336 0.621343
vt 0.370190 0.638296
vt 0.368499 0.655399
vt 0.367399 0.672372
vt 0.366984 0.688946
vt 0.367183 0.704880
vt 0.367884 0.719943
vt 0.368974 0.733901
vt 0.370306 0.746523
vt 0.371586 0.757586
vt 0.174767 0.836942
vt 0.177377 0.846177
vt 0.369527 0.573873
vt 0.372175 0.561292
vt 0.366382 0.587902
vt 0.363219 0.603110
vt 0.360342 0.619149
vt 0.357912 0.635709
vt 0.356061 0.652489
vt 0.354917 0.669190
vt 0.354570 0.685521
vt 0.354954 0.701233
vt 0.355964 0.716086
vt 0.357497 0.729842
vt 0.359413 0.742254
vt 0.361437 0.753042
vt 0.184367 0.834000
vt 0.187651 0.841996
vt 0.546875 0.554044
vt 0.549768 0.562549
vt 0.540918 0.551452
vt 0.552954 0.573447
vt 0.556264 0.586922
vt 0.559181 0.601764
vt 0.561483 0.617523
vt 0.563044 0.633859
vt 0.563759 0.650460
vt 0.563526 0.667011
vt 0.562280 0.683213
vt 0.194278 0.457603
vt 0.211828 0.454103
vt 0.213682 0.462359
vt 0.195998 0.466006
vt 0.228724 0.450054
vt 0.230702 0.458055
vt 0.244672 0.445583
vt 0.246767 0.453207
vt 0.259362 0.440840
vt 0.272407 0.436063
vt 0.282732 0.431836
vt 0.286067 0.436475
vt 0.290609 0.428246
vt 0.295222 0.430364
vt 0.015213 0.824415
vt 0.022932 0.825757
vt 0.032734 0.827200
vt 0.043830 0.828539
vt 0.055940 0.829690
vt 0.068837 0.830603
vt 0.082307 0.831240
vt 0.096134 0.831560
vt 0.110100 0.831536
vt 0.123963 0.831191
vt 0.137476 0.830558
vt 0.150394 0.829674
vt 0.162451 0.828582
vt 0.173301 0.827359
vt 0.182005 0.826192
vt 0.188740 0.825136
vt 0.192361 0.830249
vt 0.196549 0.836470
vt 0.191495 0.850099
vt 0.201183 0.843763
vt 0.349605 0.738358
vt 0.347084 0.725919
vt 0.345114 0.712176
vt 0.343807 0.697375
vt 0.343253 0.681752
vt 0.343543 0.665544
vt 0.344732 0.648999
vt 0.346740 0.632417
vt 0.349452 0.616109
vt 0.352752 0.600387
vt 0.356503 0.585590
vt 0.360475 0.572164
vt 0.364125 0.561311
vt 0.373971 0.550339
vt 0.367322 0.552847
vt 0.382579 0.547526
vt 0.393329 0.544534
vt 0.405295 0.541805
vt 0.418139 0.539525
vt 0.431600 0.537807
vt 0.445433 0.536745
vt 0.459397 0.536433
vt 0.473253 0.536931
vt 0.486777 0.538175
vt 0.499752 0.540069
vt 0.511959 0.542516
vt 0.523166 0.545400
vt 0.533088 0.548529
vt 0.282031 0.184982
vt 0.276530 0.168190
vt 0.286526 0.167089
vt 0.292270 0.183858
vt 0.270911 0.151784
vt 0.280649 0.150705
vt 0.265182 0.135848
vt 0.274644 0.134787
vt 0.259348 0.120465
vt 0.268516 0.119417
vt 0.253417 0.105718
vt 0.262272 0.104675
vt 0.247396 0.091690
vt 0.255914 0.090644
vt 0.241290 0.078464
vt 0.249450 0.077403
vt 0.566842 0.675249
vt 0.569888 0.665512
vt 0.578942 0.671597
vt 0.576339 0.681659
vt 0.572941 0.655985
vt 0.581531 0.661702
vt 0.575958 0.646722
vt 0.584061 0.652007
vt 0.578895 0.637774
vt 0.586483 0.642546
vt 0.581690 0.629202
vt 0.588733 0.633342
vt 0.584207 0.621084
vt 0.590671 0.624371
vt 0.586213 0.613422
vt 0.592115 0.615573
vt 0.025663 0.583188
vt 0.028707 0.567857
vt 0.039722 0.565338
vt 0.036970 0.580610
vt 0.031892 0.552931
vt 0.042595 0.550468
vt 0.035207 0.538486
vt 0.045579 0.536077
vt 0.566376 0.722950
vt 0.568769 0.712529
vt 0.580151 0.718443
vt 0.578150 0.729063
vt 0.571236 0.702154
vt 0.582206 0.707851
vt 0.573764 0.691854
vt 0.584305 0.697313
vt 0.586433 0.686855
vt 0.588574 0.676501
vt 0.590687 0.666268
vt 0.592724 0.656171
vt 0.594639 0.646223
vt 0.596371 0.636424
vt 0.597806 0.626721
vt 0.598811 0.617041
vt 0.051584 0.563306
vt 0.049146 0.578533
vt 0.054122 0.548479
vt 0.056751 0.534126
vt 0.048659 0.522242
vt 0.059459 0.520322
vt 0.051825 0.509039
vt 0.062236 0.507141
vt 0.595338 0.701547
vt 0.593685 0.712285
vt 0.597005 0.690867
vt 0.598671 0.680264
vt 0.600297 0.669739
vt 0.601841 0.659293
vt 0.603259 0.648923
vt 0.604500 0.638619
vt 0.605483 0.628340
vt 0.606123 0.618036
vt 0.064148 0.561760
vt 0.062041 0.576953
vt 0.066333 0.546964
vt 0.068586 0.532636
vt 0.070902 0.518849
vt 0.073269 0.505674
vt 0.065071 0.494656
vt 0.075681 0.493183
vt 0.607934 0.693727
vt 0.606740 0.704582
vt 0.609115 0.682924
vt 0.610249 0.672168
vt 0.611301 0.661449
vt 0.612235 0.650755
vt 0.613010 0.640073
vt 0.613575 0.629374
vt 0.613874 0.618629
vt 0.077270 0.560700
vt 0.075509 0.575871
vt 0.079085 0.545923
vt 0.080949 0.531609
vt 0.082855 0.517829
vt 0.084796 0.504651
vt 0.086768 0.492145
vt 0.619102 0.695464
vt 0.618387 0.706442
vt 0.619790 0.684521
vt 0.620430 0.673602
vt 0.620994 0.662693
vt 0.621454 0.651780
vt 0.621785 0.640847
vt 0.621953 0.629875
vt 0.621928 0.618843
vt 0.090804 0.560124
vt 0.089399 0.575283
vt 0.092239 0.545356
vt 0.093701 0.531047
vt 0.095185 0.517266
vt 0.096688 0.504081
vt 0.098206 0.491559
vt 0.088763 0.480381
vt 0.099734 0.479769
vt 0.630582 0.685093
vt 0.630387 0.696111
vt 0.630727 0.674087
vt 0.630806 0.663077
vt 0.630804 0.652048
vt 0.630706 0.640984
vt 0.630495 0.629869
vt 0.630155 0.618688
vt 0.104606 0.560031
vt 0.103565 0.575188
vt 0.105653 0.545263
vt 0.106705 0.530953
vt 0.107760 0.517168
vt 0.108815 0.503975
vt 0.109869 0.491443
vt 0.110921 0.479639
vt 0.641373 0.684679
vt 0.641670 0.695696
vt 0.641026 0.673670
vt 0.640626 0.662651
vt 0.640169 0.651609
vt 0.639654 0.640526
vt 0.639075 0.629387
vt 0.638431 0.618177
vt 0.118531 0.560419
vt 0.117856 0.575586
vt 0.119188 0.545643
vt 0.119826 0.531326
vt 0.120446 0.517536
vt 0.121048 0.504340
vt 0.121633 0.491809
vt 0.122202 0.480008
vt 0.111969 0.468623
vt 0.122756 0.469001
vt 0.651214 0.672384
vt 0.652047 0.683308
vt 0.650341 0.661453
vt 0.649436 0.650499
vt 0.648510 0.639504
vt 0.647571 0.628450
vt 0.646628 0.617319
vt 0.132435 0.561288
vt 0.132126 0.576474
vt 0.132701 0.546494
vt 0.132925 0.532163
vt 0.133111 0.518364
vt 0.133260 0.505167
vt 0.133375 0.492642
vt 0.133458 0.480857
vt 0.133516 0.469877
vt 0.661179 0.670214
vt 0.662490 0.680970
vt 0.659840 0.659463
vt 0.658493 0.648700
vt 0.657159 0.637906
vt 0.655863 0.627055
vt 0.654630 0.616123
vt 0.146173 0.562634
vt 0.146225 0.577850
vt 0.146053 0.547813
vt 0.145868 0.533460
vt 0.145624 0.519645
vt 0.145324 0.506442
vt 0.144972 0.493921
vt 0.144572 0.482156
vt 0.144134 0.471210
vt 0.670807 0.667133
vt 0.672584 0.677647
vt 0.669012 0.656650
vt 0.667228 0.646182
vt 0.665488 0.635709
vt 0.663837 0.625195
vt 0.662320 0.614601
vt 0.159600 0.564457
vt 0.160004 0.579714
vt 0.159102 0.549597
vt 0.158518 0.535210
vt 0.157852 0.521370
vt 0.157111 0.508151
vt 0.156301 0.495628
vt 0.155426 0.483875
vt 0.154498 0.472958
vt 0.679985 0.663113
vt 0.682213 0.673317
vt 0.677744 0.652982
vt 0.675528 0.642914
vt 0.673382 0.632892
vt 0.671375 0.622861
vt 0.669582 0.612759
vt 0.172571 0.566753
vt 0.173316 0.582063
vt 0.171709 0.551843
vt 0.170738 0.537410
vt 0.169664 0.523531
vt 0.168495 0.510282
vt 0.167239 0.497741
vt 0.165901 0.485983
vt 0.164495 0.475080
vt 0.688601 0.658127
vt 0.691261 0.667963
vt 0.685926 0.648421
vt 0.683283 0.638852
vt 0.680726 0.629410
vt 0.678357 0.620023
vt 0.676291 0.610598
vt 0.184942 0.569522
vt 0.186012 0.584896
vt 0.183732 0.554548
vt 0.182391 0.540054
vt 0.180927 0.526119
vt 0.179348 0.512821
vt 0.177663 0.500239
vt 0.175879 0.488452
vt 0.174011 0.477533
vt 0.696540 0.652139
vt 0.699612 0.661564
vt 0.693447 0.642912
vt 0.690382 0.633907
vt 0.687408 0.625137
vt 0.684654 0.616557
vt 0.682285 0.608076
vt 0.196568 0.572760
vt 0.197943 0.588211
vt 0.195031 0.557709
vt 0.385945 0.148780
vt 0.393529 0.133282
vt 0.401944 0.136521
vt 0.394604 0.152104
vt 0.401197 0.118322
vt 0.409351 0.121477
vt 0.408937 0.103980
vt 0.416811 0.107054
vt 0.416735 0.090338
vt 0.424309 0.093335
vt 0.424578 0.077478
vt 0.431830 0.080404
vt 0.432451 0.065474
vt 0.439353 0.068338
vt 0.440331 0.054377
vt 0.446841 0.057192
vt 0.448193 0.044231
vt 0.454249 0.047014
vt 0.696716 0.627978
vt 0.700197 0.636391
vt 0.693313 0.619920
vt 0.690130 0.612277
vt 0.687388 0.605009
vt 0.275450 0.203456
vt 0.270334 0.186330
vt 0.287408 0.202079
vt 0.265110 0.169506
vt 0.259784 0.153070
vt 0.254366 0.137103
vt 0.248863 0.121690
vt 0.243282 0.106915
vt 0.237632 0.092859
vt 0.231921 0.079608
vt 0.226163 0.067239
vt 0.235112 0.066116
vt 0.220403 0.055805
vt 0.228892 0.054699
vt 0.214691 0.045358
vt 0.222665 0.044262
vt 0.568525 0.640234
vt 0.571980 0.631787
vt 0.575347 0.623812
vt 0.578530 0.616490
vt 0.581222 0.610453
vt 0.694643 0.606835
vt 0.468650 0.029769
vt 0.475530 0.022841
vt 0.461535 0.037854
vt 0.387347 0.168143
vt 0.380188 0.184555
vt 0.373141 0.201256
vt 0.186934 0.600592
vt 0.199148 0.603980
vt 0.173938 0.597696
vt 0.160310 0.595295
vt 0.146204 0.593390
vt 0.131771 0.591983
vt 0.117163 0.591075
vt 0.102532 0.590669
vt 0.088030 0.590765
vt 0.073809 0.591365
vt 0.060021 0.592472
vt 0.046818 0.594086
vt 0.034352 0.596209
vt 0.022776 0.598843
vt 0.297876 0.200930
vt 0.026302 0.219213
vt 0.026805 0.201618
vt 0.040206 0.199619
vt 0.040025 0.217168
vt 0.027505 0.184368
vt 0.040567 0.182414
vt 0.028416 0.167545
vt 0.041118 0.165634
vt 0.029549 0.151231
vt 0.041873 0.149358
vt 0.030917 0.135509
vt 0.042842 0.133668
vt 0.032532 0.120461
vt 0.044037 0.118644
vt 0.034407 0.106169
vt 0.045469 0.104366
vt 0.036544 0.092711
vt 0.047139 0.090909
vt 0.038904 0.080149
vt 0.049003 0.078330
vt 0.041437 0.068544
vt 0.051006 0.066679
vt 0.044094 0.057953
vt 0.053092 0.056006
vt 0.046801 0.048444
vt 0.055182 0.046362
vt 0.049382 0.040121
vt 0.057095 0.037792
vt 0.051538 0.033079
vt 0.058599 0.030337
vt 0.054757 0.197491
vt 0.054926 0.214992
vt 0.054749 0.180332
vt 0.054912 0.163593
vt 0.055257 0.147351
vt 0.055796 0.131684
vt 0.056537 0.116671
vt 0.057493 0.102389
vt 0.058663 0.088909
vt 0.060002 0.076279
vt 0.061453 0.064538
vt 0.062961 0.053728
vt 0.064451 0.043884
vt 0.065775 0.035026
vt 0.066766 0.027169
vt 0.070274 0.195259
vt 0.070816 0.212709
vt 0.069873 0.178147
vt 0.069623 0.161449
vt 0.069533 0.145239
vt 0.069614 0.129593
vt 0.069875 0.114585
vt 0.070328 0.100290
vt 0.070970 0.086777
vt 0.071761 0.074082
vt 0.072649 0.062239
vt 0.073581 0.051279
vt 0.074496 0.041230
vt 0.075292 0.032111
vt 0.075858 0.023937
vt 0.086574 0.192948
vt 0.087508 0.210346
vt 0.085761 0.175885
vt 0.085077 0.159230
vt 0.084532 0.143054
vt 0.084134 0.127430
vt 0.083894 0.112430
vt 0.083821 0.098125
vt 0.083916 0.084579
vt 0.084145 0.071828
vt 0.084464 0.059897
vt 0.084831 0.048813
vt 0.085200 0.038602
vt 0.085506 0.029285
vt 0.085682 0.020881
vt 0.103475 0.190584
vt 0.104814 0.207928
vt 0.102234 0.173572
vt 0.101101 0.156964
vt 0.100084 0.140828
vt 0.099193 0.125233
vt 0.098437 0.110249
vt 0.097824 0.095945
vt 0.097357 0.082383
vt 0.097013 0.069596
vt 0.096762 0.057608
vt 0.096576 0.046443
vt 0.096423 0.036128
vt 0.096267 0.026683
vt 0.096072 0.018133
vt 0.120791 0.188192
vt 0.122546 0.205481
vt 0.119113 0.171235
vt 0.117521 0.154678
vt 0.116023 0.138590
vt 0.114629 0.123036
vt 0.113346 0.108085
vt 0.112184 0.093805
vt 0.111147 0.080255
vt 0.110227 0.067467
vt 0.109408 0.055465
vt 0.108677 0.044274
vt 0.108021 0.033917
vt 0.107425 0.024418
vt 0.106875 0.015802
vt 0.138340 0.185797
vt 0.140517 0.203030
vt 0.136220 0.168898
vt 0.134163 0.152401
vt 0.132179 0.136371
vt 0.130277 0.120876
vt 0.128465 0.105983
vt 0.126751 0.091758
vt 0.125143 0.078260
vt 0.123646 0.065521
vt 0.122263 0.053563
vt 0.120997 0.042408
vt 0.119852 0.032080
vt 0.118830 0.022601
vt 0.117936 0.013994
vt 0.155940 0.183425
vt 0.158538 0.200600
vt 0.153375 0.166588
vt 0.150854 0.150158
vt 0.148384 0.134201
vt 0.145975 0.118785
vt 0.143634 0.103978
vt 0.141372 0.089846
vt 0.139197 0.076451
vt 0.137130 0.063818
vt 0.135188 0.051969
vt 0.133394 0.040922
vt 0.131766 0.030697
vt 0.130326 0.021312
vt 0.129095 0.012789
vt 0.173405 0.181100
vt 0.176423 0.198217
vt 0.170400 0.164328
vt 0.167418 0.147970
vt 0.164467 0.132096
vt 0.161556 0.116775
vt 0.158694 0.102077
vt 0.155889 0.088070
vt 0.153156 0.074816
vt 0.150525 0.062339
vt 0.148032 0.050655
vt 0.145711 0.039780
vt 0.143601 0.029729
vt 0.141742 0.020516
vt 0.140177 0.012152
vt 0.190553 0.178847
vt 0.193982 0.195906
vt 0.187116 0.162140
vt 0.183681 0.145857
vt 0.180258 0.130072
vt 0.176854 0.114856
vt 0.173480 0.100280
vt 0.170145 0.086418
vt 0.166863 0.073330
vt 0.163678 0.061041
vt 0.160637 0.049566
vt 0.157790 0.038918
vt 0.155189 0.029110
vt 0.152903 0.020144
vt 0.151003 0.012022
vt 0.207200 0.176689
vt 0.211029 0.193694
vt 0.203343 0.160046
vt 0.199469 0.143839
vt 0.195586 0.128144
vt 0.191704 0.113035
vt 0.187832 0.098588
vt 0.183979 0.084877
vt 0.180163 0.071968
vt 0.176434 0.059887
vt 0.172850 0.048650
vt 0.169471 0.038274
vt 0.166363 0.028771
vt 0.163633 0.020130
vt 0.161394 0.012337
vt 0.223162 0.174652
vt 0.227376 0.191604
vt 0.218903 0.158070
vt 0.214606 0.141935
vt 0.210281 0.126327
vt 0.205938 0.111322
vt 0.201585 0.097000
vt 0.197232 0.083437
vt 0.192898 0.070704
vt 0.188638 0.058833
vt 0.184515 0.047848
vt 0.180594 0.037774
vt 0.176957 0.028626
vt 0.173753 0.020382
vt 0.171155 0.013012
vt 0.238257 0.172760
vt 0.242834 0.189664
vt 0.233615 0.156233
vt 0.228917 0.140165
vt 0.224172 0.124635
vt 0.219389 0.109725
vt 0.214578 0.095516
vt 0.209747 0.082087
vt 0.204914 0.069512
vt 0.200136 0.057834
vt 0.195479 0.047085
vt 0.191006 0.037303
vt 0.186807 0.028511
vt 0.183071 0.020708
vt 0.180036 0.013868
vt 0.252301 0.171036
vt 0.257216 0.187897
vt 0.247302 0.154559
vt 0.242229 0.138548
vt 0.237090 0.123085
vt 0.231893 0.108253
vt 0.226648 0.094135
vt 0.221362 0.080814
vt 0.216054 0.068366
vt 0.210776 0.056840
vt 0.205588 0.046282
vt 0.200551 0.036734
vt 0.195753 0.028243
vt 0.191388 0.020863
vt 0.569566 0.602715
vt 0.574391 0.597291
vt 0.577640 0.604581
vt 0.573698 0.610300
vt 0.013352 0.239002
vt 0.013944 0.221101
vt 0.025984 0.237072
vt 0.014737 0.203462
vt 0.015744 0.186166
vt 0.016978 0.169297
vt 0.018453 0.152938
vt 0.020182 0.137171
vt 0.022179 0.122079
vt 0.024457 0.107744
vt 0.027020 0.094246
vt 0.029839 0.081649
vt 0.032875 0.070015
vt 0.036087 0.059405
vt 0.039420 0.049893
vt 0.801552 0.043095
vt 0.806224 0.051533
vt 0.796976 0.036000
vt 0.053061 0.027346
vt 0.117172 0.006283
vt 0.128093 0.005144
vt 0.138948 0.004649
vt 0.149562 0.004744
vt 0.566376 0.569628
vt 0.568769 0.579497
vt 0.571451 0.588814
vt 0.569777 0.617046
vt 0.203634 0.027623
vt 0.209078 0.035944
vt 0.262039 0.205058
vt 0.247336 0.206864
vt 0.231533 0.208849
vt 0.214823 0.210985
vt 0.197396 0.213247
vt 0.179446 0.215609
vt 0.161163 0.218046
vt 0.142740 0.220530
vt 0.124369 0.223036
vt 0.106242 0.225537
vt 0.088551 0.228009
vt 0.071488 0.230424
vt 0.055244 0.232757
vt 0.040013 0.234981
vt 0.064695 0.454562
vt 0.060675 0.446847
vt 0.073320 0.446421
vt 0.076553 0.454892
vt 0.055952 0.437833
vt 0.069350 0.436864
vt 0.051079 0.427537
vt 0.065083 0.426196
vt 0.046391 0.416037
vt 0.060864 0.414422
vt 0.042039 0.403411
vt 0.056856 0.401591
vt 0.038127 0.389736
vt 0.053179 0.387769
vt 0.034760 0.375089
vt 0.049950 0.373019
vt 0.032016 0.359557
vt 0.047260 0.357415
vt 0.029861 0.343264
vt 0.045087 0.341077
vt 0.028237 0.326346
vt 0.043379 0.324137
vt 0.027084 0.308936
vt 0.042084 0.306725
vt 0.026341 0.291169
vt 0.041151 0.288972
vt 0.025950 0.273180
vt 0.040529 0.271010
vt 0.025851 0.255103
vt 0.040167 0.252970
vt 0.087512 0.446190
vt 0.090246 0.455329
vt 0.084117 0.436086
vt 0.080388 0.424985
vt 0.076612 0.412873
vt 0.072947 0.399785
vt 0.069513 0.385772
vt 0.066435 0.370883
vt 0.063808 0.355180
vt 0.061616 0.338778
vt 0.059818 0.321802
vt 0.058371 0.304380
vt 0.057232 0.286638
vt 0.056360 0.268702
vt 0.055711 0.250700
vt 0.103018 0.445859
vt 0.105446 0.455511
vt 0.100061 0.435275
vt 0.096797 0.423754
vt 0.093434 0.411297
vt 0.090103 0.397938
vt 0.086922 0.383716
vt 0.084007 0.368670
vt 0.081449 0.352855
vt 0.079239 0.336378
vt 0.077347 0.319361
vt 0.075738 0.301925
vt 0.074380 0.284192
vt 0.073241 0.266283
vt 0.072288 0.248320
vt 0.119590 0.445199
vt 0.121797 0.455237
vt 0.116981 0.434236
vt 0.114113 0.422364
vt 0.111124 0.409606
vt 0.108118 0.395997
vt 0.105196 0.381572
vt 0.102454 0.366370
vt 0.099972 0.350442
vt 0.097747 0.333890
vt 0.095757 0.316831
vt 0.093980 0.299382
vt 0.092393 0.281658
vt 0.090974 0.263777
vt 0.089701 0.245855
vt 0.136956 0.444110
vt 0.138990 0.454417
vt 0.134634 0.432871
vt 0.132110 0.420734
vt 0.129468 0.407735
vt 0.126782 0.393915
vt 0.124124 0.379313
vt 0.121567 0.363971
vt 0.119168 0.347942
vt 0.116930 0.331324
vt 0.114842 0.314231
vt 0.112892 0.296773
vt 0.111068 0.279064
vt 0.109360 0.261213
vt 0.107755 0.243334
vt 0.154837 0.442523
vt 0.156725 0.452993
vt 0.152767 0.431108
vt 0.150558 0.418792
vt 0.148250 0.405623
vt 0.145884 0.391647
vt 0.143499 0.376911
vt 0.141135 0.361462
vt 0.138827 0.345357
vt 0.136580 0.328693
vt 0.134393 0.311580
vt 0.132268 0.294123
vt 0.130203 0.276433
vt 0.128198 0.258616
vt 0.126254 0.240781
vt 0.172956 0.440369
vt 0.174704 0.450904
vt 0.171129 0.428873
vt 0.169226 0.416470
vt 0.167251 0.403211
vt 0.165211 0.389150
vt 0.163109 0.374339
vt 0.160949 0.358832
vt 0.158738 0.342690
vt 0.156486 0.326009
vt 0.154203 0.308895
vt 0.151902 0.291454
vt 0.149594 0.273792
vt 0.147290 0.256013
vt 0.145002 0.238224
vt 0.191040 0.437614
vt 0.192632 0.448123
vt 0.189469 0.426130
vt 0.187886 0.413730
vt 0.186259 0.400468
vt 0.184557 0.386402
vt 0.182747 0.371588
vt 0.180800 0.356083
vt 0.178693 0.339950
vt 0.176440 0.323288
vt 0.174064 0.306199
vt 0.171589 0.288791
vt 0.169039 0.271166
vt 0.166435 0.253430
vt 0.163802 0.235689
vt 0.208828 0.434363
vt 0.210226 0.444756
vt 0.207555 0.422981
vt 0.206330 0.410668
vt 0.205075 0.397481
vt 0.203725 0.383480
vt 0.202217 0.368722
vt 0.200486 0.353268
vt 0.198486 0.337185
vt 0.196236 0.320569
vt 0.193771 0.303527
vt 0.191125 0.286164
vt 0.188335 0.268585
vt 0.185435 0.250896
vt 0.182460 0.233202
vt 0.226066 0.430759
vt 0.227208 0.440941
vt 0.225160 0.419564
vt 0.224350 0.407414
vt 0.223503 0.394366
vt 0.222524 0.380481
vt 0.221321 0.365823
vt 0.219808 0.350455
vt 0.217916 0.334446
vt 0.215670 0.317897
vt 0.213118 0.300915
vt 0.210305 0.283606
vt 0.207280 0.266077
vt 0.204089 0.248437
vt 0.200779 0.230791
vt 0.242500 0.426942
vt 0.243298 0.436816
vt 0.242055 0.416018
vt 0.241740 0.404097
vt 0.241350 0.391237
vt 0.240760 0.377506
vt 0.239866 0.362974
vt 0.238565 0.347709
vt 0.236778 0.331790
vt 0.234537 0.315317
vt 0.231900 0.298401
vt 0.228926 0.281150
vt 0.225673 0.263673
vt 0.222199 0.246081
vt 0.218563 0.228482
vt 0.257889 0.423084
vt 0.258213 0.432549
vt 0.258030 0.412500
vt 0.258305 0.400856
vt 0.258423 0.388216
vt 0.258243 0.374656
vt 0.257656 0.360256
vt 0.256558 0.345099
vt 0.254869 0.329269
vt 0.252631 0.312873
vt 0.249912 0.296022
vt 0.246782 0.278828
vt 0.243310 0.261402
vt 0.239565 0.243856
vt 0.235616 0.226301
vt 0.272053 0.419469
vt 0.271655 0.428433
vt 0.272944 0.409253
vt 0.273889 0.397878
vt 0.274551 0.385442
vt 0.274786 0.372036
vt 0.274497 0.357754
vt 0.273586 0.342689
vt 0.271986 0.326938
vt 0.269747 0.310609
vt 0.266948 0.293817
vt 0.263669 0.276674
vt 0.259989 0.259294
vt 0.255987 0.241790
vt 0.251743 0.224276
vt 0.284851 0.416444
vt 0.283404 0.424901
vt 0.286677 0.406542
vt 0.288347 0.395359
vt 0.289564 0.383058
vt 0.290205 0.369755
vt 0.290194 0.355551
vt 0.289450 0.340548
vt 0.287926 0.324850
vt 0.285681 0.308570
vt 0.282804 0.291822
vt 0.279384 0.274719
vt 0.275509 0.257377
vt 0.271267 0.239910
vt 0.266748 0.222432
vt 0.549504 0.548446
vt 0.554877 0.558099
vt 0.054875 0.454607
vt 0.049770 0.447911
vt 0.044106 0.439236
vt 0.038567 0.429157
vt 0.033394 0.417812
vt 0.028700 0.405298
vt 0.024568 0.391701
vt 0.021077 0.377105
vt 0.018285 0.361604
vt 0.016148 0.345327
vt 0.014601 0.328411
vt 0.013575 0.310990
vt 0.013004 0.293203
vt 0.012822 0.275184
vt 0.012960 0.257072
vt 0.280434 0.220797
vt 0.285205 0.238244
vt 0.289667 0.255682
vt 0.293722 0.272997
vt 0.297274 0.290075
vt 0.300228 0.306801
vt 0.302485 0.323061
vt 0.303951 0.338742
vt 0.304552 0.353729
vt 0.304316 0.367920
vt 0.303293 0.381209
vt 0.301535 0.393494
vt 0.299119 0.404652
vt 0.296228 0.414487
vt 0.293332 0.422268
vt 0.176367 0.460425
vt 0.158390 0.462470
vt 0.140651 0.463756
vt 0.123459 0.464330
vt 0.107122 0.464237
vt 0.091968 0.463542
vt 0.559643 0.569779
vt 0.563759 0.583210
vt 0.013392 0.815829
vt 0.010947 0.806159
vt 0.020095 0.804959
vt 0.021920 0.815679
vt 0.008184 0.795415
vt 0.017929 0.793490
vt 0.005514 0.783661
vt 0.015748 0.781263
vt 0.003185 0.771032
vt 0.013809 0.768297
vt 0.001308 0.757632
vt 0.012228 0.754660
vt 0.316959 0.366607
vt 0.317407 0.352350
vt 0.328707 0.351378
vt 0.328086 0.365765
vt 0.316917 0.337319
vt 0.328302 0.336256
vt 0.315492 0.321610
vt 0.326900 0.320483
vt 0.313214 0.305335
vt 0.324595 0.304164
vt 0.310185 0.288605
vt 0.321496 0.287409
vt 0.306511 0.271533
vt 0.317710 0.270327
vt 0.302292 0.254232
vt 0.313347 0.253028
vt 0.297634 0.236814
vt 0.308514 0.235623
vt 0.292638 0.219393
vt 0.303321 0.218220
vt 0.030467 0.804517
vt 0.031872 0.816114
vt 0.028780 0.792366
vt 0.027052 0.779625
vt 0.025495 0.766280
vt 0.024220 0.752368
vt 0.011091 0.740425
vt 0.023313 0.737942
vt 0.010480 0.725668
vt 0.022859 0.723056
vt 0.010458 0.710468
vt 0.022923 0.707766
vt 0.010991 0.694908
vt 0.023478 0.692150
vt 0.012025 0.679075
vt 0.024474 0.676290
vt 0.013505 0.663055
vt 0.025862 0.660268
vt 0.015374 0.646935
vt 0.027593 0.644167
vt 0.017580 0.630803
vt 0.029618 0.628069
vt 0.020065 0.614743
vt 0.031887 0.612055
vt 0.041920 0.804509
vt 0.043045 0.816755
vt 0.040616 0.791788
vt 0.039293 0.778574
vt 0.038101 0.764863
vt 0.037133 0.750679
vt 0.036467 0.736057
vt 0.036184 0.721031
vt 0.036343 0.705642
vt 0.036922 0.689961
vt 0.037877 0.674065
vt 0.039167 0.658032
vt 0.040749 0.641940
vt 0.042580 0.625867
vt 0.044617 0.609889
vt 0.054296 0.804691
vt 0.055207 0.817409
vt 0.053306 0.791536
vt 0.052338 0.777950
vt 0.051484 0.763937
vt 0.050816 0.749518
vt 0.050398 0.734717
vt 0.050295 0.719558
vt 0.050555 0.704072
vt 0.051160 0.688325
vt 0.052073 0.672390
vt 0.053260 0.656341
vt 0.054683 0.640251
vt 0.056308 0.624194
vt 0.058099 0.608243
vt 0.067406 0.804954
vt 0.068142 0.817992
vt 0.066683 0.791502
vt 0.066027 0.777652
vt 0.065489 0.763417
vt 0.065115 0.748817
vt 0.064948 0.733871
vt 0.065032 0.718599
vt 0.065398 0.703030
vt 0.066030 0.687225
vt 0.066899 0.671254
vt 0.067976 0.655188
vt 0.069235 0.639095
vt 0.070645 0.623048
vt 0.072179 0.607114
vt 0.081057 0.805225
vt 0.081643 0.818444
vt 0.080569 0.791603
vt 0.080197 0.777597
vt 0.079960 0.763226
vt 0.079876 0.748509
vt 0.079962 0.733466
vt 0.080237 0.718117
vt 0.080710 0.702490
vt 0.081368 0.686644
vt 0.082191 0.670647
vt 0.083156 0.654567
vt 0.084243 0.638470
vt 0.085432 0.622426
vt 0.086701 0.606502
vt 0.095055 0.805432
vt 0.095501 0.818706
vt 0.094787 0.791757
vt 0.094685 0.777701
vt 0.094741 0.763285
vt 0.094944 0.748529
vt 0.095283 0.733452
vt 0.095748 0.718076
vt 0.096330 0.702427
vt 0.097013 0.686566
vt 0.097787 0.670558
vt 0.098637 0.654471
vt 0.099549 0.638372
vt 0.100511 0.622328
vt 0.101510 0.606404
vt 0.109201 0.805525
vt 0.109503 0.818740
vt 0.109154 0.791908
vt 0.109325 0.777907
vt 0.109674 0.763542
vt 0.110162 0.748831
vt 0.110753 0.733794
vt 0.111408 0.718449
vt 0.112094 0.702824
vt 0.112802 0.686979
vt 0.113524 0.670981
vt 0.114256 0.654898
vt 0.114992 0.638798
vt 0.115725 0.622749
vt 0.116451 0.606819
vt 0.123279 0.805549
vt 0.123416 0.818581
vt 0.123479 0.792107
vt 0.123941 0.778269
vt 0.124592 0.764047
vt 0.125370 0.749458
vt 0.126210 0.734523
vt 0.127051 0.719260
vt 0.127840 0.703695
vt 0.128569 0.687891
vt 0.129239 0.671918
vt 0.129852 0.655847
vt 0.130410 0.639747
vt 0.130915 0.623690
vt 0.131368 0.607745
vt 0.137073 0.805572
vt 0.137004 0.818281
vt 0.137563 0.792434
vt 0.138353 0.778866
vt 0.139330 0.764873
vt 0.140404 0.750472
vt 0.141493 0.735688
vt 0.142515 0.720540
vt 0.143403 0.705061
vt 0.144151 0.689315
vt 0.144768 0.673377
vt 0.145263 0.657321
vt 0.145645 0.641220
vt 0.145923 0.625148
vt 0.146106 0.609180
vt 0.150362 0.805665
vt 0.150029 0.817895
vt 0.151210 0.792966
vt 0.152385 0.779779
vt 0.153719 0.766095
vt 0.155102 0.751936
vt 0.156439 0.737335
vt 0.157637 0.722325
vt 0.158619 0.706945
vt 0.159384 0.691266
vt 0.159947 0.675366
vt 0.160325 0.659323
vt 0.160534 0.643216
vt 0.160591 0.627124
vt 0.160511 0.611124
vt 0.162937 0.805929
vt 0.162246 0.817503
vt 0.164233 0.793809
vt 0.165864 0.781104
vt 0.167595 0.767794
vt 0.169301 0.753913
vt 0.170885 0.739514
vt 0.172252 0.724647
vt 0.173323 0.709368
vt 0.174102 0.693754
vt 0.174613 0.677889
vt 0.174877 0.661856
vt 0.174919 0.645737
vt 0.174761 0.629615
vt 0.174426 0.613574
vt 0.174615 0.806605
vt 0.173377 0.817293
vt 0.176489 0.795180
vt 0.178644 0.782998
vt 0.180804 0.770076
vt 0.182843 0.756477
vt 0.184671 0.742274
vt 0.186196 0.727540
vt 0.187350 0.712352
vt 0.188142 0.696795
vt 0.188601 0.680956
vt 0.188756 0.664922
vt 0.188638 0.648781
vt 0.188275 0.632621
vt 0.187697 0.616529
vt 0.185239 0.808016
vt 0.183185 0.817638
vt 0.187850 0.797329
vt 0.190585 0.785633
vt 0.193196 0.773056
vt 0.195570 0.759702
vt 0.197633 0.745664
vt 0.199308 0.731039
vt 0.200537 0.715920
vt 0.201339 0.700401
vt 0.201748 0.684572
vt 0.201800 0.668524
vt 0.201531 0.652350
vt 0.200975 0.636140
vt 0.200169 0.619987
vt 0.301222 0.422802
vt 0.306191 0.413931
vt 0.310189 0.403773
vt 0.313331 0.392417
vt 0.315594 0.379994
vt 0.366239 0.218160
vt 0.377325 0.222033
vt 0.359582 0.235162
vt 0.370872 0.239106
vt 0.353286 0.252155
vt 0.364757 0.256157
vt 0.347469 0.269030
vt 0.359089 0.273077
vt 0.342248 0.285679
vt 0.353981 0.289754
vt 0.337738 0.301993
vt 0.349543 0.306077
vt 0.334058 0.317865
vt 0.345886 0.321935
vt 0.331324 0.333187
vt 0.343120 0.337217
vt 0.211421 0.735175
vt 0.209610 0.749733
vt 0.207324 0.763660
vt 0.204619 0.776846
vt 0.201549 0.789181
vt 0.198191 0.800530
vt 0.194703 0.810670
vt 0.191525 0.818800
vt 0.372286 0.541135
vt 0.369718 0.532058
vt 0.380047 0.525338
vt 0.381881 0.535997
vt 0.366581 0.523079
vt 0.377591 0.515247
vt 0.363308 0.514164
vt 0.374862 0.505603
vt 0.360156 0.505412
vt 0.372135 0.496346
vt 0.618289 0.441126
vt 0.624198 0.429476
vt 0.635061 0.430862
vt 0.628806 0.442625
vt 0.629555 0.416634
vt 0.640629 0.417927
vt 0.634310 0.402670
vt 0.645496 0.403887
vt 0.638430 0.387666
vt 0.649661 0.388820
vt 0.641954 0.371758
vt 0.653176 0.372860
vt 0.644939 0.355094
vt 0.656103 0.356153
vt 0.659581 0.346180
vt 0.658969 0.329513
vt 0.670915 0.332815
vt 0.671621 0.349536
vt 0.658720 0.312337
vt 0.670528 0.315583
vt 0.658794 0.294805
vt 0.670426 0.297993
vt 0.659153 0.277072
vt 0.670576 0.280200
vt 0.391495 0.519868
vt 0.392843 0.531709
vt 0.389569 0.508854
vt 0.387329 0.498533
vt 0.385005 0.488797
vt 0.369536 0.487495
vt 0.382722 0.479624
vt 0.680969 0.420220
vt 0.678302 0.408256
vt 0.691166 0.411235
vt 0.693612 0.423300
vt 0.675997 0.395099
vt 0.689010 0.397988
vt 0.674128 0.380832
vt 0.687217 0.383640
vt 0.672680 0.365593
vt 0.685782 0.368330
vt 0.684675 0.352210
vt 0.683867 0.335432
vt 0.683332 0.318147
vt 0.683039 0.300507
vt 0.682962 0.282665
vt 0.403890 0.515458
vt 0.404923 0.528111
vt 0.402376 0.503741
vt 0.400561 0.492855
vt 0.398612 0.482708
vt 0.396638 0.473255
vt 0.704865 0.413583
vt 0.707082 0.425778
vt 0.702866 0.400223
vt 0.701158 0.385780
vt 0.699736 0.370390
vt 0.698579 0.354204
vt 0.697664 0.337370
vt 0.696970 0.320037
vt 0.696475 0.302357
vt 0.696156 0.284477
vt 0.417043 0.512006
vt 0.417843 0.525225
vt 0.415859 0.499786
vt 0.414407 0.488486
vt 0.412799 0.478029
vt 0.709428 0.436739
vt 0.721219 0.427589
vt 0.723279 0.438701
vt 0.719235 0.415256
vt 0.717403 0.401777
vt 0.715784 0.387236
vt 0.714378 0.371767
vt 0.713170 0.355518
vt 0.712143 0.338635
vt 0.711283 0.321264
vt 0.710575 0.303552
vt 0.710003 0.285646
vt 0.430743 0.509520
vt 0.431356 0.523108
vt 0.429832 0.496974
vt 0.428694 0.485402
vt 0.427398 0.474737
vt 0.735858 0.428668
vt 0.737637 0.439916
vt 0.734112 0.416211
vt 0.732455 0.402623
vt 0.730932 0.387994
vt 0.729543 0.372456
vt 0.728283 0.356155
vt 0.727141 0.339233
vt 0.726110 0.321834
vt 0.725181 0.304103
vt 0.724346 0.286184
vt 0.444770 0.508038
vt 0.445228 0.521826
vt 0.444095 0.495316
vt 0.443240 0.483596
vt 0.442241 0.472814
vt 0.750835 0.428955
vt 0.752334 0.440306
vt 0.749333 0.416403
vt 0.747858 0.402733
vt 0.746434 0.388038
vt 0.745066 0.372452
vt 0.743754 0.356115
vt 0.742495 0.339170
vt 0.741289 0.321758
vt 0.740135 0.304020
vt 0.739032 0.286100
vt 0.458907 0.507598
vt 0.459225 0.521446
vt 0.458451 0.494824
vt 0.457866 0.483061
vt 0.457158 0.472243
vt 0.765986 0.428387
vt 0.767202 0.439789
vt 0.764733 0.415788
vt 0.763445 0.402078
vt 0.762127 0.387355
vt 0.760782 0.371749
vt 0.759419 0.355401
vt 0.758043 0.338452
vt 0.756660 0.321043
vt 0.755279 0.303313
vt 0.753904 0.285405
vt 0.472939 0.508226
vt 0.473114 0.522012
vt 0.472707 0.495507
vt 0.472395 0.483790
vt 0.471982 0.473012
vt 0.781147 0.426927
vt 0.782073 0.438316
vt 0.780150 0.414341
vt 0.779055 0.400645
vt 0.777845 0.385937
vt 0.776527 0.370347
vt 0.775114 0.354017
vt 0.773622 0.337087
vt 0.772064 0.319699
vt 0.770454 0.301992
vt 0.768807 0.284108
vt 0.486668 0.509893
vt 0.486681 0.523477
vt 0.486680 0.497353
vt 0.486661 0.485789
vt 0.486557 0.475131
vt 0.796164 0.424634
vt 0.796791 0.435959
vt 0.795427 0.412109
vt 0.794527 0.398470
vt 0.793427 0.383813
vt 0.792136 0.368269
vt 0.790677 0.351980
vt 0.789070 0.335089
vt 0.787338 0.317738
vt 0.785503 0.300068
vt 0.783586 0.282221
vt 0.499898 0.512558
vt 0.499716 0.525771
vt 0.500195 0.500349
vt 0.500503 0.489060
vt 0.500727 0.478615
vt 0.810884 0.421590
vt 0.811200 0.432819
vt 0.810409 0.409157
vt 0.809703 0.395602
vt 0.808712 0.381019
vt 0.807449 0.365541
vt 0.805944 0.349311
vt 0.804225 0.332474
vt 0.802323 0.315173
vt 0.800266 0.297552
vt 0.798085 0.279754
vt 0.512433 0.516182
vt 0.512007 0.528825
vt 0.513073 0.504480
vt 0.513758 0.493610
vt 0.514338 0.483479
vt 0.825152 0.417879
vt 0.825144 0.428998
vt 0.824940 0.405550
vt 0.824423 0.392091
vt 0.823539 0.377592
vt 0.822303 0.362190
vt 0.820753 0.346030
vt 0.818926 0.329257
vt 0.816859 0.312017
vt 0.814587 0.294455
vt 0.812149 0.276717
vt 0.524088 0.520752
vt 0.523338 0.532579
vt 0.525148 0.509758
vt 0.526271 0.499459
vt 0.527238 0.489745
vt 0.838817 0.413586
vt 0.838473 0.424601
vt 0.838865 0.401354
vt 0.838530 0.387985
vt 0.837746 0.373570
vt 0.836535 0.358245
vt 0.834942 0.342157
vt 0.833011 0.325454
vt 0.830784 0.308282
vt 0.828307 0.290788
vt 0.825623 0.273121
vt 0.534711 0.526370
vt 0.533479 0.537008
vt 0.536299 0.516306
vt 0.537910 0.506690
vt 0.539286 0.497461
vt 0.851730 0.408796
vt 0.851044 0.419744
vt 0.852030 0.396633
vt 0.851864 0.383334
vt 0.851172 0.368988
vt 0.849983 0.353731
vt 0.848348 0.337713
vt 0.846317 0.321080
vt 0.843940 0.303981
vt 0.841268 0.286564
vt 0.838352 0.268976
vt 0.544171 0.533221
vt 0.542237 0.542268
vt 0.546414 0.524278
vt 0.548552 0.515400
vt 0.018464 0.433410
vt 0.012330 0.421933
vt 0.022036 0.419806
vt 0.027700 0.431154
vt 0.006996 0.409311
vt 0.017011 0.407285
vt 0.002475 0.395621
vt 0.012674 0.393678
vt 0.864267 0.378187
vt 0.864280 0.391455
vt 0.863656 0.363883
vt 0.862484 0.348677
vt 0.860808 0.332718
vt 0.858682 0.316152
vt 0.856165 0.299128
vt 0.853312 0.281792
vt 0.850179 0.264292
vt 0.364212 0.547211
vt 0.360635 0.540435
vt 0.356673 0.532534
vt 0.352812 0.524318
vt 0.600328 0.449839
vt 0.606213 0.439466
vt 0.611877 0.451512
vt 0.611764 0.427832
vt 0.616897 0.415008
vt 0.621530 0.401064
vt 0.625602 0.386082
vt 0.629140 0.370196
vt 0.632195 0.353556
vt 0.634816 0.336309
vt 0.647443 0.337821
vt 0.637054 0.318602
vt 0.649522 0.320089
vt 0.638958 0.300585
vt 0.651232 0.302045
vt 0.640579 0.282404
vt 0.652631 0.283837
vt 0.860950 0.259081
vt 0.864280 0.276484
vt 0.001308 0.295051
vt 0.001308 0.277002
vt 0.001728 0.312868
vt 0.002641 0.330314
vt 0.004121 0.347254
vt 0.006241 0.363551
vt 0.009074 0.379068
vt 0.033947 0.441237
vt 0.040701 0.449936
vt 0.552387 0.541713
vt 0.197974 0.823426
vt 0.202974 0.814948
vt 0.210230 0.820526
vt 0.203988 0.829275
vt 0.356065 0.414795
vt 0.354721 0.405397
vt 0.367528 0.410251
vt 0.367986 0.419768
vt 0.353689 0.394680
vt 0.367186 0.399483
vt 0.353256 0.382829
vt 0.367283 0.387598
vt 0.353537 0.369964
vt 0.367954 0.374702
vt 0.354602 0.356187
vt 0.369288 0.360895
vt 0.356524 0.341603
vt 0.371374 0.346277
vt 0.359345 0.326316
vt 0.374271 0.330949
vt 0.362991 0.310438
vt 0.377915 0.315023
vt 0.367358 0.294081
vt 0.382212 0.298611
vt 0.372344 0.277358
vt 0.387066 0.281825
vt 0.377844 0.260380
vt 0.392385 0.264779
vt 0.383756 0.243260
vt 0.398072 0.247586
vt 0.389977 0.226112
vt 0.404035 0.230357
vt 0.368143 0.427887
vt 0.381300 0.425331
vt 0.380767 0.433774
vt 0.381563 0.415602
vt 0.381870 0.404691
vt 0.382496 0.392697
vt 0.383575 0.379715
vt 0.385202 0.365836
vt 0.387477 0.351153
vt 0.390466 0.335761
vt 0.394115 0.319768
vt 0.398340 0.303287
vt 0.403056 0.286430
vt 0.408179 0.269309
vt 0.413624 0.252036
vt 0.419307 0.234723
vt 0.395892 0.431133
vt 0.394900 0.439866
vt 0.396726 0.421181
vt 0.397611 0.410098
vt 0.398739 0.397969
vt 0.400224 0.384879
vt 0.402159 0.370911
vt 0.404640 0.356149
vt 0.407733 0.340680
vt 0.411392 0.324611
vt 0.415543 0.308054
vt 0.420113 0.291120
vt 0.425029 0.273920
vt 0.430216 0.256565
vt 0.435600 0.239166
vt 0.411607 0.436875
vt 0.410279 0.445834
vt 0.412895 0.426741
vt 0.414270 0.415510
vt 0.415851 0.403262
vt 0.417726 0.390072
vt 0.419973 0.376018
vt 0.422670 0.361178
vt 0.425874 0.345633
vt 0.429544 0.329489
vt 0.433619 0.312856
vt 0.438037 0.295844
vt 0.442734 0.278565
vt 0.447650 0.261127
vt 0.452722 0.243643
vt 0.428226 0.442359
vt 0.426645 0.451473
vt 0.429877 0.432100
vt 0.431665 0.420768
vt 0.433654 0.408436
vt 0.435900 0.395175
vt 0.438456 0.381058
vt 0.441375 0.366156
vt 0.444691 0.350548
vt 0.448372 0.334338
vt 0.452367 0.317636
vt 0.456626 0.300552
vt 0.461097 0.283196
vt 0.465732 0.265678
vt 0.470479 0.248108
vt 0.445514 0.447414
vt 0.443740 0.456609
vt 0.447461 0.437096
vt 0.449604 0.425722
vt 0.451965 0.413358
vt 0.454564 0.400071
vt 0.457423 0.385929
vt 0.460560 0.370999
vt 0.463987 0.355353
vt 0.467675 0.339097
vt 0.471586 0.322340
vt 0.475680 0.305193
vt 0.479919 0.287766
vt 0.484265 0.270171
vt 0.488678 0.252518
vt 0.463235 0.451868
vt 0.461308 0.461069
vt 0.465437 0.441565
vt 0.467897 0.430220
vt 0.470602 0.417893
vt 0.473536 0.404644
vt 0.476685 0.390534
vt 0.480033 0.375621
vt 0.483565 0.359976
vt 0.487254 0.343701
vt 0.491074 0.326910
vt 0.494998 0.309714
vt 0.499000 0.292227
vt 0.503052 0.274560
vt 0.507127 0.256827
vt 0.481145 0.455586
vt 0.479081 0.464714
vt 0.483583 0.445380
vt 0.486343 0.434147
vt 0.489375 0.421937
vt 0.492627 0.408800
vt 0.496052 0.394788
vt 0.499599 0.379951
vt 0.503224 0.364351
vt 0.506906 0.348094
vt 0.510631 0.331294
vt 0.514381 0.314068
vt 0.518142 0.296532
vt 0.521898 0.278801
vt 0.525634 0.260992
vt 0.498964 0.458582
vt 0.496757 0.467552
vt 0.501648 0.448559
vt 0.504713 0.437520
vt 0.508068 0.425501
vt 0.511629 0.412542
vt 0.515316 0.398684
vt 0.519049 0.383969
vt 0.522758 0.368451
vt 0.526427 0.352238
vt 0.530050 0.335451
vt 0.533624 0.318210
vt 0.537145 0.300636
vt 0.540606 0.282849
vt 0.544004 0.264969
vt 0.516403 0.460907
vt 0.514026 0.469626
vt 0.519367 0.451158
vt 0.522767 0.440392
vt 0.526458 0.428627
vt 0.530326 0.415894
vt 0.534267 0.402229
vt 0.538173 0.387665
vt 0.541957 0.372254
vt 0.545607 0.356105
vt 0.549128 0.339345
vt 0.552527 0.322100
vt 0.555809 0.304496
vt 0.558980 0.286658
vt 0.562047 0.268714
vt 0.339792 0.612118
vt 0.331324 0.607270
vt 0.335452 0.591523
vt 0.343515 0.596479
vt 0.536480 0.453231
vt 0.533173 0.462615
vt 0.540267 0.442813
vt 0.544322 0.431355
vt 0.548504 0.418884
vt 0.552691 0.405432
vt 0.556760 0.391034
vt 0.560612 0.375739
vt 0.564239 0.359663
vt 0.567658 0.342938
vt 0.570884 0.325696
vt 0.573934 0.308067
vt 0.576823 0.290186
vt 0.579567 0.272182
vt 0.340400 0.576658
vt 0.347876 0.581771
vt 0.552732 0.454856
vt 0.548989 0.463786
vt 0.556980 0.444848
vt 0.561439 0.433733
vt 0.565947 0.421538
vt 0.570377 0.408302
vt 0.574600 0.394065
vt 0.578513 0.378885
vt 0.582116 0.362882
vt 0.585435 0.346193
vt 0.588495 0.328956
vt 0.591321 0.311308
vt 0.593939 0.293386
vt 0.596374 0.275329
vt 0.346180 0.562981
vt 0.352774 0.568400
vt 0.567909 0.456204
vt 0.563584 0.464624
vt 0.572697 0.446612
vt 0.577599 0.435829
vt 0.582446 0.423890
vt 0.587114 0.410848
vt 0.591482 0.396753
vt 0.595451 0.381671
vt 0.599030 0.365730
vt 0.602254 0.349072
vt 0.605156 0.331839
vt 0.607770 0.314173
vt 0.610131 0.296216
vt 0.612273 0.278111
vt 0.352853 0.550803
vt 0.358224 0.556788
vt 0.581806 0.457473
vt 0.576704 0.465393
vt 0.587214 0.448233
vt 0.592593 0.437715
vt 0.597788 0.425977
vt 0.602691 0.413080
vt 0.607195 0.399088
vt 0.611217 0.384077
vt 0.614774 0.368179
vt 0.617909 0.351539
vt 0.620664 0.334304
vt 0.623081 0.316619
vt 0.625203 0.298630
vt 0.627072 0.280484
vt 0.207423 0.804967
vt 0.211421 0.793748
vt 0.341509 0.390485
vt 0.340572 0.378548
vt 0.340497 0.365624
vt 0.341331 0.351814
vt 0.594222 0.458878
vt 0.347966 0.543731
vt 0.336803 0.628362
vt 0.334643 0.644904
vt 0.333407 0.661439
vt 0.333163 0.677674
vt 0.333867 0.693373
vt 0.335448 0.708317
vt 0.393540 0.447293
vt 0.408783 0.453539
vt 0.379622 0.440824
vt 0.209537 0.836015
vt 0.345841 0.801404
vt 0.342814 0.789926
vt 0.354713 0.783809
vt 0.356943 0.796921
vt 0.465722 0.904524
vt 0.463654 0.890807
vt 0.475591 0.894368
vt 0.477099 0.908610
vt 0.462643 0.875218
vt 0.474772 0.878241
vt 0.463025 0.858628
vt 0.474939 0.860989
vt 0.464502 0.842064
vt 0.475826 0.843433
vt 0.466487 0.826537
vt 0.476976 0.826367
vt 0.367814 0.780167
vt 0.369482 0.794191
vt 0.488856 0.896737
vt 0.489867 0.911498
vt 0.488235 0.880060
vt 0.488181 0.862190
vt 0.488546 0.843866
vt 0.489093 0.825825
vt 0.381441 0.778813
vt 0.382642 0.793112
vt 0.502851 0.897598
vt 0.503396 0.912586
vt 0.502436 0.880670
vt 0.502166 0.862529
vt 0.502055 0.843909
vt 0.502115 0.825547
vt 0.394923 0.779672
vt 0.395616 0.793714
vt 0.516978 0.896744
vt 0.517039 0.911505
vt 0.516782 0.880067
vt 0.516304 0.862197
vt 0.515718 0.843873
vt 0.515287 0.825832
vt 0.340521 0.815866
vt 0.336918 0.808533
vt 0.347704 0.813873
vt 0.332724 0.798985
vt 0.830936 0.498777
vt 0.816584 0.492131
vt 0.818376 0.481084
vt 0.832993 0.488634
vt 0.800523 0.486951
vt 0.802059 0.475607
vt 0.783725 0.483832
vt 0.784941 0.472639
vt 0.767392 0.482728
vt 0.768093 0.472243
vt 0.752901 0.483346
vt 0.752599 0.474451
vt 0.742907 0.484795
vt 0.739332 0.479727
vt 0.467740 0.812718
vt 0.477728 0.810411
vt 0.489560 0.808784
vt 0.502361 0.808180
vt 0.515303 0.808790
vt 0.383592 0.809272
vt 0.396324 0.809565
vt 0.370640 0.810035
vt 0.358352 0.811674
vt 0.630821 0.827566
vt 0.630481 0.809610
vt 0.643877 0.809920
vt 0.643729 0.828185
vt 0.630481 0.791176
vt 0.644357 0.791199
vt 0.631034 0.773021
vt 0.645133 0.772772
vt 0.632264 0.755900
vt 0.646167 0.755390
vt 0.633972 0.740552
vt 0.647421 0.739795
vt 0.401161 0.911377
vt 0.402388 0.897714
vt 0.415554 0.898618
vt 0.414804 0.912542
vt 0.657566 0.810131
vt 0.656931 0.828069
vt 0.658514 0.791715
vt 0.659490 0.773568
vt 0.660297 0.756440
vt 0.661056 0.741073
vt 0.428565 0.897757
vt 0.428315 0.911421
vt 0.670883 0.810552
vt 0.669622 0.827520
vt 0.672347 0.792911
vt 0.673512 0.775393
vt 0.674069 0.758828
vt 0.674247 0.744001
vt 0.440678 0.895159
vt 0.441075 0.907939
vt 0.683172 0.811734
vt 0.680998 0.827190
vt 0.685247 0.795079
vt 0.686605 0.778232
vt 0.686908 0.762222
vt 0.686395 0.747956
vt 0.674466 0.731680
vt 0.685592 0.736305
vt 0.403150 0.882126
vt 0.416100 0.882723
vt 0.428876 0.882168
vt 0.440654 0.880641
vt 0.450569 0.878467
vt 0.451194 0.890736
vt 0.719019 0.606108
vt 0.709897 0.595135
vt 0.715403 0.592629
vt 0.723466 0.598754
vt 0.731561 0.615475
vt 0.735877 0.606291
vt 0.746545 0.623181
vt 0.750741 0.613154
vt 0.763007 0.628720
vt 0.766993 0.618415
vt 0.698174 0.782066
vt 0.696617 0.798554
vt 0.693860 0.814554
vt 0.690386 0.828721
vt 0.680043 0.840771
vt 0.687331 0.838476
vt 0.669283 0.843188
vt 0.656921 0.844802
vt 0.643949 0.845242
vt 0.631260 0.844309
vt 0.818134 0.610924
vt 0.804209 0.610198
vt 0.810070 0.595814
vt 0.824712 0.597893
vt 0.788277 0.608422
vt 0.793601 0.593087
vt 0.771465 0.605067
vt 0.776249 0.589309
vt 0.754842 0.599978
vt 0.758918 0.584328
vt 0.739309 0.593807
vt 0.742348 0.578710
vt 0.725649 0.587566
vt 0.727185 0.573261
vt 0.815967 0.579665
vt 0.831123 0.582708
vt 0.799029 0.576107
vt 0.781148 0.571905
vt 0.763133 0.567041
vt 0.745693 0.561916
vt 0.729505 0.557043
vt 0.821091 0.562396
vt 0.836343 0.566130
vt 0.804046 0.558163
vt 0.785965 0.553620
vt 0.767607 0.548959
vt 0.749731 0.544373
vt 0.733099 0.540054
vt 0.824873 0.544745
vt 0.839709 0.549044
vt 0.808247 0.539965
vt 0.790505 0.535217
vt 0.772351 0.530899
vt 0.754599 0.526996
vt 0.738091 0.523379
vt 0.827461 0.527629
vt 0.841378 0.532550
vt 0.811647 0.522333
vt 0.794574 0.517461
vt 0.776964 0.513573
vt 0.759738 0.510525
vt 0.743851 0.507917
vt 0.829254 0.512004
vt 0.841883 0.517808
vt 0.814372 0.506109
vt 0.797978 0.501117
vt 0.780937 0.497665
vt 0.764354 0.495613
vt 0.749399 0.494449
vt 0.822505 0.619679
vt 0.813185 0.621414
vt 0.828836 0.612021
vt 0.799420 0.622340
vt 0.783600 0.621453
vt 0.714211 0.583071
vt 0.713885 0.569025
vt 0.715221 0.552964
vt 0.718472 0.536194
vt 0.723659 0.519880
vt 0.730203 0.505047
vt 0.737251 0.492738
vt 0.842620 0.506006
vt 0.851875 0.521689
vt 0.850009 0.511845
vt 0.852927 0.536043
vt 0.852104 0.552321
vt 0.849044 0.569172
vt 0.843666 0.585405
vt 0.836610 0.600021
vt 0.397185 0.826837
vt 0.398012 0.844900
vt 0.384589 0.845272
vt 0.384241 0.826878
vt 0.398544 0.863059
vt 0.384649 0.863734
vt 0.398544 0.880598
vt 0.384434 0.881544
vt 0.397863 0.896797
vt 0.383958 0.897982
vt 0.396679 0.910947
vt 0.383235 0.912341
vt 0.632082 0.871880
vt 0.631633 0.859188
vt 0.644557 0.860419
vt 0.645507 0.873366
vt 0.370903 0.845395
vt 0.371051 0.827314
vt 0.370486 0.863572
vt 0.370062 0.881119
vt 0.369805 0.897310
vt 0.369570 0.911443
vt 0.657743 0.859690
vt 0.659166 0.872401
vt 0.357610 0.844958
vt 0.358408 0.827853
vt 0.356656 0.862374
vt 0.356023 0.879316
vt 0.355998 0.894972
vt 0.356325 0.908607
vt 0.670380 0.857049
vt 0.672383 0.868927
vt 0.345348 0.843419
vt 0.347095 0.827873
vt 0.343757 0.859843
vt 0.342912 0.876133
vt 0.343123 0.891267
vt 0.344116 0.904416
vt 0.681647 0.852459
vt 0.684484 0.862801
vt 0.690808 0.845162
vt 0.694864 0.853621
vt 0.852927 0.587846
vt 0.845074 0.602691
vt 0.331754 0.886519
vt 0.331324 0.871564
vt 0.332377 0.855636
vt 0.334662 0.839908
vt 0.337734 0.825755
vt 0.403225 0.864983
vt 0.402810 0.846921
vt 0.416483 0.846869
vt 0.416408 0.865252
vt 0.402197 0.828652
vt 0.416344 0.828305
vt 0.401652 0.810906
vt 0.416007 0.810291
vt 0.401355 0.794417
vt 0.415489 0.793553
vt 0.401161 0.779901
vt 0.414809 0.778813
vt 0.517039 0.779983
vt 0.515958 0.793388
vt 0.502799 0.792474
vt 0.503400 0.778813
vt 0.429964 0.846965
vt 0.429403 0.865025
vt 0.430301 0.828698
vt 0.430181 0.810952
vt 0.429459 0.794463
vt 0.428315 0.779945
vt 0.489764 0.793381
vt 0.489867 0.779976
vt 0.442621 0.847514
vt 0.441460 0.864594
vt 0.443479 0.830016
vt 0.443581 0.812886
vt 0.442665 0.796939
vt 0.441032 0.782927
vt 0.477602 0.796070
vt 0.477064 0.783539
vt 0.453849 0.849056
vt 0.451863 0.864580
vt 0.455294 0.832555
vt 0.455612 0.816085
vt 0.454509 0.800668
vt 0.703207 0.513290
vt 0.711560 0.497676
vt 0.719480 0.501418
vt 0.711993 0.516419
vt 0.467023 0.800610
vt 0.465585 0.789668
vt 0.728544 0.488887
vt 0.706496 0.532959
vt 0.703407 0.550083
vt 0.702814 0.566761
vt 0.704795 0.582004
vt 0.460026 0.866607
vt 0.457066 0.876444
vt 0.215053 0.765929
vt 0.290350 0.764684
vt 0.290896 0.740285
vt 0.215602 0.741533
vt 0.214038 0.863185
vt 0.290304 0.863185
vt 0.291528 0.840026
vt 0.214351 0.838855
vt 0.291605 0.815762
vt 0.214427 0.814590
vt 0.290782 0.790320
vt 0.214518 0.790321
s 1
f 1/1/1 34/2/2 89/3/3 33/4/4
f 34/5/2 2/6/5 35/7/6 89/8/3
f 89/3/3 35/9/6 4/10/7 36/11/8
f 33/4/4 89/3/3 36/11/8 3/12/9
f 3/13/9 36/14/8 90/15/10 37/16/11
f 36/14/8 4/17/7 38/18/12 90/15/10
f 90/15/10 38/18/12 8/19/13 39/20/14
f 37/16/11 90/15/10 39/20/14 7/21/15
f 7/21/15 39/20/14 91/22/16 50/23/17
f 39/20/14 8/19/13 49/24/18 91/22/16
f 91/22/16 49/24/18 9/25/19 45/26/20
f 50/23/17 91/22/16 45/26/20 10/27/21
f 5/28/22 42/29/23 92/30/24 43/31/25
f 42/29/23 6/32/26 44/33/27 92/30/24
f 92/30/24 44/33/27 2/6/5 34/5/2
f 43/31/25 92/30/24 34/5/2 1/34/1
f 3/35/9 37/36/11 93/37/28 33/38/4
f 37/36/11 7/39/15 40/40/29 93/37/28
f 93/37/28 40/40/29 5/41/22 43/42/25
f 33/38/4 93/37/28 43/42/25 1/43/1
f 8/44/13 38/45/12 94/46/30 41/47/31
f 38/45/12 4/48/7 35/49/6 94/46/30
f 94/46/30 35/49/6 2/50/5 44/51/27
f 41/47/31 94/46/30 44/51/27 6/52/26
f 12/53/32 48/54/33 95/55/34 58/56/35
f 48/54/33 11/57/36 57/58/37 95/55/34
f 95/55/34 57/58/37 15/59/38 56/60/39
f 58/56/35 95/55/34 56/60/39 16/61/40
f 6/32/26 42/29/23 96/62/41 52/63/42
f 42/29/23 5/28/22 51/64/43 96/62/41
f 96/62/41 51/64/43 11/57/36 48/54/33
f 52/63/42 96/62/41 48/54/33 12/53/32
f 5/41/22 40/40/29 97/65/44 51/66/43
f 40/40/29 7/39/15 50/67/17 97/65/44
f 97/65/44 50/67/17 10/68/21 46/69/45
f 51/66/43 97/65/44 46/69/45 11/70/36
f 8/44/13 41/47/31 98/71/46 49/72/18
f 41/47/31 6/52/26 52/73/42 98/71/46
f 98/71/46 52/73/42 12/74/32 47/75/47
f 49/72/18 98/71/46 47/75/47 9/76/19
f 14/77/48 53/78/49 99/79/50 54/80/51
f 53/78/49 13/81/52 55/82/53 99/79/50
f 99/83/50 55/84/53 16/85/40 56/86/39
f 54/87/51 99/88/50 56/89/39 15/90/38
f 11/70/36 46/69/45 100/91/54 57/92/37
f 46/69/45 10/68/21 59/93/55 100/91/54
f 100/91/54 59/93/55 14/94/48 54/87/51
f 57/92/37 100/91/54 54/87/51 15/90/38
f 9/76/19 47/75/47 101/95/56 60/96/57
f 47/75/47 12/74/32 58/97/35 101/95/56
f 101/95/56 58/97/35 16/98/40 55/99/53
f 60/96/57 101/95/56 55/99/53 13/100/52
f 10/27/21 45/26/20 102/101/58 59/102/55
f 45/26/20 9/25/19 60/103/57 102/101/58
f 102/101/58 60/103/57 13/81/52 53/78/49
f 59/102/55 102/101/58 53/78/49 14/77/48
f 17/104/59 62/105/60 103/106/61 61/107/62
f 62/108/60 18/109/63 63/110/64 103/111/61
f 103/112/61 63/113/64 20/114/65 64/115/66
f 61/107/62 103/106/61 64/116/66 19/117/67
f 19/118/67 64/119/66 104/120/68 65/121/69
f 64/119/66 20/122/65 66/123/70 104/120/68
f 104/120/68 66/123/70 24/124/71 67/125/72
f 65/121/69 104/120/68 67/125/72 23/126/73
f 23/126/73 67/125/72 105/127/74 78/128/75
f 67/125/72 24/124/71 77/129/76 105/127/74
f 105/127/74 77/129/76 25/130/77 73/131/78
f 78/128/75 105/127/74 73/131/78 26/132/79
f 21/133/80 70/134/81 106/135/82 71/136/83
f 70/134/81 22/137/84 72/138/85 106/135/82
f 106/135/82 72/138/85 18/109/63 62/108/60
f 71/136/83 106/135/82 62/108/60 17/139/59
f 19/117/67 65/140/69 107/141/86 61/107/62
f 65/140/69 23/142/73 68/143/87 107/141/86
f 107/144/86 68/145/87 21/146/80 71/147/83
f 61/107/62 107/141/86 71/148/83 17/104/59
f 24/149/71 66/150/70 108/151/88 69/152/89
f 66/150/70 20/114/65 63/113/64 108/151/88
f 108/151/88 63/113/64 18/153/63 72/154/85
f 69/152/89 108/151/88 72/154/85 22/155/84
f 28/156/90 76/157/91 109/158/92 86/159/93
f 76/157/91 27/160/94 85/161/95 109/158/92
f 109/158/92 85/161/95 31/162/96 84/163/97
f 86/159/93 109/158/92 84/163/97 32/164/98
f 22/137/84 70/134/81 110/165/99 80/166/100
f 70/134/81 21/133/80 79/167/101 110/165/99
f 110/165/99 79/167/101 27/160/94 76/157/91
f 80/166/100 110/165/99 76/157/91 28/156/90
f 21/168/80 68/143/87 111/169/102 79/170/101
f 68/143/87 23/142/73 78/171/75 111/169/102
f 111/169/102 78/171/75 26/172/79 74/173/103
f 79/170/101 111/169/102 74/173/103 27/174/94
f 24/175/71 69/176/89 112/177/104 77/178/76
f 69/176/89 22/179/84 80/180/100 112/177/104
f 112/177/104 80/180/100 28/181/90 75/182/105
f 77/178/76 112/177/104 75/182/105 25/183/77
f 30/184/106 81/185/107 113/186/108 82/187/109
f 81/188/107 29/189/110 83/190/111 113/191/108
f 113/192/108 83/193/111 32/164/98 84/163/97
f 82/187/109 113/186/108 84/194/97 31/195/96
f 27/174/94 74/173/103 114/196/112 85/197/95
f 74/173/103 26/172/79 87/198/113 114/196/112
f 114/196/112 87/198/113 30/199/106 82/200/109
f 85/197/95 114/196/112 82/200/109 31/201/96
f 25/183/77 75/182/105 115/202/114 88/203/115
f 75/182/105 28/181/90 86/204/93 115/202/114
f 115/202/114 86/204/93 32/205/98 83/206/111
f 88/203/115 115/202/114 83/206/111 29/207/110
f 26/132/79 73/131/78 116/208/116 87/209/113
f 73/131/78 25/130/77 88/210/115 116/208/116
f 116/208/116 88/210/115 29/189/110 81/188/107
f 87/209/113 116/208/116 81/188/107 30/211/106
f 117/212/117 149/213/118 205/214/119 150/215/120
f 150/216/120 205/217/119 151/218/121 118/219/122
f 205/220/119 152/221/123 120/222/124 151/223/121
f 149/213/118 119/224/125 152/225/123 205/214/119
f 119/226/125 153/227/126 206/228/127 152/229/123
f 152/229/123 206/228/127 154/230/128 120/231/124
f 206/228/127 155/232/129 124/233/130 154/230/128
f 153/227/126 123/234/131 155/232/129 206/228/127
f 123/234/131 166/235/132 207/236/133 155/232/129
f 155/232/129 207/236/133 165/237/134 124/233/130
f 207/236/133 161/238/135 125/239/136 165/237/134
f 166/235/132 126/240/137 161/238/135 207/236/133
f 121/241/138 159/242/139 208/243/140 158/244/141
f 158/244/141 208/243/140 160/245/142 122/246/143
f 208/243/140 150/216/120 118/219/122 160/245/142
f 159/242/139 117/247/117 150/216/120 208/243/140
f 119/224/125 149/213/118 209/248/144 153/249/126
f 153/227/126 209/250/144 156/251/145 123/234/131
f 209/248/144 159/252/139 121/253/138 156/254/145
f 149/213/118 117/212/117 159/252/139 209/248/144
f 124/255/130 157/256/146 210/257/147 154/258/128
f 154/259/128 210/260/147 151/223/121 120/222/124
f 210/260/147 160/261/142 118/262/122 151/223/121
f 157/263/146 122/246/143 160/245/142 210/264/147
f 128/265/148 174/266/149 211/267/150 164/268/151
f 164/268/151 211/267/150 173/269/152 127/270/153
f 211/267/150 172/271/154 131/272/155 173/269/152
f 174/266/149 132/273/156 172/271/154 211/267/150
f 122/246/143 168/274/157 212/275/158 158/244/141
f 158/244/141 212/275/158 167/276/159 121/241/138
f 212/275/158 164/268/151 127/270/153 167/276/159
f 168/274/157 128/265/148 164/268/151 212/275/158
f 121/253/138 167/277/159 213/278/160 156/254/145
f 156/251/145 213/279/160 166/235/132 123/234/131
f 213/278/160 162/280/161 126/281/137 166/282/132
f 167/277/159 127/283/153 162/280/161 213/278/160
f 124/255/130 165/284/134 214/285/162 157/256/146
f 157/263/146 214/286/162 168/274/157 122/246/143
f 214/285/162 163/287/163 128/288/148 168/289/157
f 165/284/134 125/290/136 163/287/163 214/285/162
f 130/291/164 170/292/165 215/293/166 169/294/167
f 169/294/167 215/293/166 171/295/168 129/296/169
f 215/297/166 172/271/154 132/273/156 171/298/168
f 170/299/165 131/300/155 172/301/154 215/302/166
f 127/283/153 173/303/152 216/304/170 162/280/161
f 162/280/161 216/304/170 175/305/171 126/281/137
f 216/304/170 170/306/165 130/307/164 175/305/171
f 173/303/152 131/308/155 170/306/165 216/304/170
f 125/290/136 176/309/172 217/310/173 163/287/163
f 163/287/163 217/310/173 174/311/149 128/288/148
f 217/310/173 171/312/168 132/313/156 174/311/149
f 176/309/172 129/314/169 171/312/168 217/310/173
f 126/240/137 175/315/171 218/316/174 161/238/135
f 161/238/135 218/316/174 176/317/172 125/239/136
f 218/316/174 169/294/167 129/296/169 176/317/172
f 175/315/171 130/291/164 169/294/167 218/316/174
f 133/318/175 177/319/176 219/320/177 178/321/178
f 178/322/178 219/323/177 179/324/179 134/325/180
f 219/323/177 180/326/181 136/327/182 179/324/179
f 177/328/176 135/329/183 180/326/181 219/323/177
f 135/330/183 181/331/184 220/332/185 180/333/181
f 180/333/181 220/332/185 182/334/186 136/335/182
f 220/332/185 183/336/187 140/337/188 182/334/186
f 181/331/184 139/338/189 183/336/187 220/332/185
f 139/338/189 194/339/190 221/340/191 183/336/187
f 183/336/187 221/340/191 193/341/192 140/337/188
f 221/340/191 189/342/193 141/343/194 193/341/192
f 194/339/190 142/344/195 189/342/193 221/340/191
f 137/345/196 187/346/197 222/347/198 186/348/199
f 186/348/199 222/347/198 188/349/200 138/350/201
f 222/347/198 178/321/178 134/351/180 188/349/200
f 187/346/197 133/318/175 178/321/178 222/347/198
f 135/352/183 177/353/176 223/354/202 181/355/184
f 181/355/184 223/354/202 184/356/203 139/357/189
f 223/354/202 187/358/197 137/359/196 184/356/203
f 177/353/176 133/360/175 187/358/197 223/354/202
f 140/361/188 185/362/204 224/363/205 182/364/186
f 182/364/186 224/363/205 179/365/179 136/366/182
f 224/363/205 188/367/200 134/368/180 179/365/179
f 185/362/204 138/369/201 188/367/200 224/363/205
f 144/370/206 202/371/207 225/372/208 192/373/209
f 192/373/209 225/372/208 201/374/210 143/375/211
f 225/372/208 200/376/212 147/377/213 201/374/210
f 202/371/207 148/378/214 200/376/212 225/372/208
f 138/350/201 196/379/215 226/380/216 186/348/199
f 186/348/199 226/380/216 195/381/217 137/345/196
f 226/380/216 192/373/209 143/375/211 195/381/217
f 196/379/215 144/370/206 192/373/209 226/380/216
f 137/359/196 195/382/217 227/383/218 184/356/203
f 184/356/203 227/383/218 194/384/190 139/357/189
f 227/383/218 190/385/219 142/386/195 194/384/190
f 195/382/217 143/387/211 190/385/219 227/383/218
f 140/361/188 193/388/192 228/389/220 185/362/204
f 185/362/204 228/389/220 196/390/215 138/369/201
f 228/389/220 191/391/221 144/392/206 196/390/215
f 193/388/192 141/393/194 191/391/221 228/389/220
f 146/394/222 198/395/223 229/396/224 197/397/225
f 197/398/225 229/399/224 199/400/226 145/401/227
f 229/402/224 200/376/212 148/378/214 199/403/226
f 198/404/223 147/377/213 200/376/212 229/402/224
f 143/387/211 201/405/210 230/406/228 190/385/219
f 190/385/219 230/406/228 203/407/229 142/386/195
f 230/406/228 198/395/223 146/394/222 203/407/229
f 201/405/210 147/408/213 198/395/223 230/406/228
f 141/393/194 204/409/230 231/410/231 191/391/221
f 191/391/221 231/410/231 202/411/207 144/392/206
f 231/410/231 199/412/226 148/413/214 202/411/207
f 204/409/230 145/414/227 199/412/226 231/410/231
f 142/344/195 203/415/229 232/416/232 189/342/193
f 189/342/193 232/416/232 204/417/230 141/343/194
f 232/416/232 197/418/225 145/419/227 204/417/230
f 203/415/229 146/420/222 197/418/225 232/416/232
f 545/421/233 546/422/234 561/423/235 560/424/236
f 546/422/234 547/425/237 562/426/238 561/423/235
f 547/425/237 548/427/239 563/428/240 562/426/238
f 548/427/239 549/429/241 564/430/242 563/428/240
f 549/429/241 550/431/243 565/432/244 564/430/242
f 550/431/243 551/433/245 566/434/246 565/432/244
f 551/433/245 552/435/247 567/436/248 566/434/246
f 552/435/247 553/437/249 568/438/250 567/436/248
f 553/437/249 554/439/251 569/440/252 568/438/250
f 554/439/251 555/441/253 570/442/254 569/440/252
f 555/441/253 556/443/255 571/444/256 570/442/254
f 556/443/255 557/445/257 572/446/258 571/444/256
f 557/447/257 558/448/259 573/449/260 572/450/258
f 558/448/259 559/451/261 574/452/262 573/449/260
f 560/424/236 561/423/235 576/453/263 575/454/264
f 561/423/235 562/426/238 577/455/265 576/453/263
f 562/426/238 563/428/240 578/456/266 577/455/265
f 563/428/240 564/430/242 579/457/267 578/456/266
f 564/430/242 565/432/244 580/458/268 579/457/267
f 565/432/244 566/434/246 581/459/269 580/458/268
f 566/434/246 567/436/248 582/460/270 581/459/269
f 567/436/248 568/438/250 583/461/271 582/460/270
f 568/438/250 569/440/252 584/462/272 583/461/271
f 569/440/252 570/442/254 585/463/273 584/462/272
f 570/442/254 571/444/256 586/464/274 585/463/273
f 571/444/256 572/446/258 587/465/275 586/464/274
f 572/450/258 573/449/260 588/466/276 587/467/275
f 573/449/260 574/452/262 589/468/277 588/466/276
f 575/454/264 576/453/263 591/469/278 590/470/279
f 576/453/263 577/455/265 592/471/280 591/469/278
f 577/455/265 578/456/266 593/472/281 592/471/280
f 578/456/266 579/457/267 594/473/282 593/472/281
f 579/457/267 580/458/268 595/474/283 594/473/282
f 580/458/268 581/459/269 596/475/284 595/474/283
f 581/459/269 582/460/270 597/476/285 596/475/284
f 582/460/270 583/461/271 598/477/286 597/476/285
f 583/461/271 584/462/272 599/478/287 598/477/286
f 584/462/272 585/463/273 600/479/288 599/478/287
f 585/463/273 586/464/274 601/480/289 600/479/288
f 586/464/274 587/465/275 602/481/290 601/480/289
f 587/467/275 588/466/276 603/482/291 602/483/290
f 588/466/276 589/468/277 604/484/292 603/482/291
f 590/470/279 591/469/278 606/485/293 605/486/294
f 591/469/278 592/471/280 607/487/295 606/485/293
f 592/471/280 593/472/281 608/488/296 607/487/295
f 593/472/281 594/473/282 609/489/297 608/488/296
f 594/473/282 595/474/283 610/490/298 609/489/297
f 595/474/283 596/475/284 611/491/299 610/490/298
f 596/475/284 597/476/285 612/492/300 611/491/299
f 597/476/285 598/477/286 613/493/301 612/492/300
f 598/477/286 599/478/287 614/494/302 613/493/301
f 599/478/287 600/479/288 615/495/303 614/494/302
f 600/479/288 601/480/289 616/496/304 615/495/303
f 601/480/289 602/481/290 617/497/305 616/496/304
f 602/483/290 603/482/291 618/498/306 617/499/305
f 603/482/291 604/484/292 619/500/307 618/498/306
f 605/486/294 606/485/293 621/501/308 620/502/309
f 606/485/293 607/487/295 622/503/310 621/501/308
f 607/487/295 608/488/296 623/504/311 622/503/310
f 608/488/296 609/489/297 624/505/312 623/504/311
f 609/489/297 610/490/298 625/506/313 624/505/312
f 610/490/298 611/491/299 626/507/314 625/506/313
f 611/491/299 612/492/300 627/508/315 626/507/314
f 612/492/300 613/493/301 628/509/316 627/508/315
f 613/493/301 614/494/302 629/510/317 628/509/316
f 614/494/302 615/495/303 630/511/318 629/510/317
f 615/495/303 616/496/304 631/512/319 630/511/318
f 616/496/304 617/497/305 632/513/320 631/512/319
f 617/499/305 618/498/306 633/514/321 632/515/320
f 618/498/306 619/500/307 634/516/322 633/514/321
f 620/502/309 621/501/308 636/517/323 635/518/324
f 621/501/308 622/503/310 637/519/325 636/517/323
f 622/503/310 623/504/311 638/520/326 637/519/325
f 623/504/311 624/505/312 639/521/327 638/520/326
f 624/505/312 625/506/313 640/522/328 639/521/327
f 625/506/313 626/507/314 641/523/329 640/522/328
f 626/507/314 627/508/315 642/524/330 641/523/329
f 627/508/315 628/509/316 643/525/331 642/524/330
f 628/509/316 629/510/317 644/526/332 643/525/331
f 629/510/317 630/511/318 645/527/333 644/526/332
f 630/511/318 631/512/319 646/528/334 645/527/333
f 631/512/319 632/513/320 647/529/335 646/528/334
f 632/515/320 633/514/321 648/530/336 647/531/335
f 633/514/321 634/516/322 649/532/337 648/530/336
f 635/518/324 636/517/323 651/533/338 650/534/339
f 636/517/323 637/519/325 652/535/340 651/533/338
f 637/519/325 638/520/326 653/536/341 652/535/340
f 638/520/326 639/521/327 654/537/342 653/536/341
f 639/521/327 640/522/328 655/538/343 654/537/342
f 640/522/328 641/523/329 656/539/344 655/538/343
f 641/523/329 642/524/330 657/540/345 656/539/344
f 642/524/330 643/525/331 658/541/346 657/540/345
f 643/525/331 644/526/332 659/542/347 658/541/346
f 644/526/332 645/527/333 660/543/348 659/542/347
f 645/527/333 646/528/334 661/544/349 660/543/348
f 646/528/334 647/529/335 662/545/350 661/544/349
f 647/531/335 648/530/336 663/546/351 662/547/350
f 648/530/336 649/532/337 664/548/352 663/546/351
f 650/534/339 651/533/338 666/549/353 665/550/354
f 651/533/338 652/535/340 667/551/355 666/549/353
f 652/535/340 653/536/341 668/552/356 667/551/355
f 653/536/341 654/537/342 669/553/357 668/552/356
f 654/537/342 655/538/343 670/554/358 669/553/357
f 655/538/343 656/539/344 671/555/359 670/554/358
f 656/539/344 657/540/345 672/556/360 671/555/359
f 657/540/345 658/541/346 673/557/361 672/556/360
f 658/541/346 659/542/347 674/558/362 673/557/361
f 659/542/347 660/543/348 675/559/363 674/558/362
f 660/543/348 661/544/349 676/560/364 675/559/363
f 661/544/349 662/545/350 677/561/365 676/560/364
f 662/547/350 663/546/351 678/562/366 677/563/365
f 663/546/351 664/548/352 679/564/367 678/562/366
f 665/550/354 666/549/353 681/565/368 680/566/369
f 666/549/353 667/551/355 682/567/370 681/565/368
f 667/551/355 668/552/356 683/568/371 682/567/370
f 668/552/356 669/553/357 684/569/372 683/568/371
f 669/553/357 670/554/358 685/570/373 684/569/372
f 670/554/358 671/555/359 686/571/374 685/570/373
f 671/555/359 672/556/360 687/572/375 686/571/374
f 672/556/360 673/557/361 688/573/376 687/572/375
f 673/557/361 674/558/362 689/574/377 688/573/376
f 674/558/362 675/559/363 690/575/378 689/574/377
f 675/559/363 676/560/364 691/576/379 690/575/378
f 676/560/364 677/561/365 692/577/380 691/576/379
f 677/563/365 678/562/366 693/578/381 692/579/380
f 678/562/366 679/564/367 694/580/382 693/578/381
f 680/566/369 681/565/368 696/581/383 695/582/384
f 681/565/368 682/567/370 697/583/385 696/581/383
f 682/567/370 683/568/371 698/584/386 697/583/385
f 683/568/371 684/569/372 699/585/387 698/584/386
f 684/569/372 685/570/373 700/586/388 699/585/387
f 685/570/373 686/571/374 701/587/389 700/586/388
f 686/571/374 687/572/375 702/588/390 701/587/389
f 687/572/375 688/573/376 703/589/391 702/588/390
f 688/573/376 689/574/377 704/590/392 703/589/391
f 689/574/377 690/575/378 705/591/393 704/590/392
f 690/575/378 691/576/379 706/592/394 705/591/393
f 691/576/379 692/577/380 707/593/395 706/592/394
f 692/579/380 693/578/381 708/594/396 707/595/395
f 693/578/381 694/580/382 709/596/397 708/594/396
f 695/582/384 696/581/383 711/597/398 710/598/399
f 696/581/383 697/583/385 712/599/400 711/597/398
f 697/583/385 698/584/386 713/600/401 712/599/400
f 698/584/386 699/585/387 714/601/402 713/600/401
f 699/585/387 700/586/388 715/602/403 714/601/402
f 700/586/388 701/587/389 716/603/404 715/602/403
f 701/587/389 702/588/390 717/604/405 716/603/404
f 702/588/390 703/589/391 718/605/406 717/604/405
f 703/589/391 704/590/392 719/606/407 718/605/406
f 704/590/392 705/591/393 720/607/408 719/606/407
f 705/591/393 706/592/394 721/608/409 720/607/408
f 706/592/394 707/593/395 722/609/410 721/608/409
f 707/595/395 708/594/396 723/610/411 722/611/410
f 708/594/396 709/596/397 724/612/412 723/610/411
f 710/598/399 711/597/398 726/613/413 725/614/414
f 711/597/398 712/599/400 727/615/415 726/613/413
f 712/599/400 713/600/401 728/616/416 727/615/415
f 713/600/401 714/601/402 729/617/417 728/616/416
f 714/601/402 715/602/403 730/618/418 729/617/417
f 715/602/403 716/603/404 731/619/419 730/618/418
f 716/603/404 717/604/405 732/620/420 731/619/419
f 717/604/405 718/605/406 733/621/421 732/620/420
f 718/605/406 719/606/407 734/622/422 733/621/421
f 719/606/407 720/607/408 735/623/423 734/622/422
f 720/607/408 721/608/409 736/624/424 735/623/423
f 721/608/409 722/609/410 737/625/425 736/624/424
f 722/611/410 723/610/411 738/626/426 737/627/425
f 723/610/411 724/612/412 739/628/427 738/626/426
f 725/614/414 726/613/413 741/629/428 740/630/429
f 726/613/413 727/615/415 742/631/430 741/629/428
f 727/615/415 728/616/416 743/632/431 742/631/430
f 728/616/416 729/617/417 744/633/432 743/632/431
f 729/617/417 730/618/418 745/634/433 744/633/432
f 730/618/418 731/619/419 746/635/434 745/634/433
f 731/619/419 732/620/420 747/636/435 746/635/434
f 732/620/420 733/621/421 748/637/436 747/636/435
f 733/621/421 734/622/422 749/638/437 748/637/436
f 734/639/422 735/640/423 750/641/438 749/642/437
f 735/640/423 736/643/424 751/644/439 750/641/438
f 736/643/424 737/645/425 752/646/440 751/644/439
f 737/645/425 738/647/426 753/648/441 752/646/440
f 738/626/426 739/628/427 754/649/442 753/650/441
f 740/630/429 741/629/428 756/651/443 755/652/444
f 741/629/428 742/631/430 757/653/445 756/651/443
f 742/631/430 743/632/431 758/654/446 757/653/445
f 743/632/431 744/633/432 759/655/447 758/654/446
f 744/633/432 745/634/433 760/656/448 759/655/447
f 745/657/433 746/658/434 761/659/449 760/660/448
f 746/658/434 747/661/435 762/662/450 761/659/449
f 747/661/435 748/663/436 763/664/451 762/662/450
f 748/663/436 749/642/437 764/665/452 763/664/451
f 749/642/437 750/641/438 765/666/453 764/665/452
f 750/641/438 751/644/439 766/667/454 765/666/453
f 751/644/439 752/646/440 767/668/455 766/667/454
f 752/646/440 753/648/441 768/669/456 767/668/455
f 753/648/441 754/670/442 769/671/457 768/669/456
f 233/672/458 409/673/459 545/421/233 350/674/460
f 409/673/459 408/675/461 546/422/234 545/421/233
f 408/675/461 407/676/462 547/425/237 546/422/234
f 407/676/462 406/677/463 548/427/239 547/425/237
f 406/677/463 405/678/464 549/429/241 548/427/239
f 405/678/464 404/679/465 550/431/243 549/429/241
f 404/679/465 403/680/466 551/433/245 550/431/243
f 403/680/466 402/681/467 552/435/247 551/433/245
f 402/681/467 401/682/468 553/437/249 552/435/247
f 401/683/468 400/684/469 554/685/251 553/686/249
f 400/684/469 399/687/470 555/688/253 554/685/251
f 399/687/470 398/689/471 556/690/255 555/688/253
f 398/689/471 397/691/472 557/692/257 556/690/255
f 397/691/472 396/693/473 558/694/259 557/692/257
f 396/695/473 395/696/474 559/451/261 558/448/259
f 395/696/474 237/697/475 394/698/476 559/451/261
f 559/451/261 394/698/476 393/699/477 574/452/262
f 574/452/262 393/699/477 392/700/478 589/468/277
f 589/468/277 392/700/478 391/701/479 604/484/292
f 604/484/292 391/701/479 390/702/480 619/500/307
f 619/500/307 390/702/480 389/703/481 634/516/322
f 634/516/322 389/703/481 388/704/482 649/532/337
f 649/532/337 388/704/482 387/705/483 664/548/352
f 664/548/352 387/705/483 386/706/484 679/564/367
f 679/564/367 386/706/484 385/707/485 694/580/382
f 694/580/382 385/707/485 384/708/486 709/596/397
f 709/596/397 384/708/486 383/709/487 724/612/412
f 724/612/412 383/709/487 382/710/488 739/628/427
f 739/628/427 382/710/488 381/711/489 754/649/442
f 754/649/442 381/711/489 380/712/490 769/713/457
f 769/671/457 380/714/490 239/715/491 349/716/492
f 768/669/456 769/671/457 349/716/492 348/717/493
f 767/668/455 768/669/456 348/717/493 347/718/494
f 766/667/454 767/668/455 347/718/494 346/719/495
f 765/666/453 766/667/454 346/719/495 345/720/496
f 764/665/452 765/666/453 345/720/496 344/721/497
f 763/664/451 764/665/452 344/721/497 343/722/498
f 762/662/450 763/664/451 343/722/498 342/723/499
f 761/659/449 762/662/450 342/723/499 341/724/500
f 760/660/448 761/659/449 341/724/500 340/725/501
f 759/726/447 760/660/448 340/725/501 339/727/502
f 758/728/446 759/726/447 339/727/502 338/729/503
f 757/730/445 758/728/446 338/729/503 337/731/504
f 756/651/443 757/653/445 337/732/504 336/733/505
f 755/652/444 756/651/443 336/733/505 335/734/506
f 364/735/507 755/652/444 335/734/506 235/736/508
f 363/737/509 740/630/429 755/652/444 364/735/507
f 362/738/510 725/614/414 740/630/429 363/737/509
f 361/739/511 710/598/399 725/614/414 362/738/510
f 360/740/512 695/582/384 710/598/399 361/739/511
f 359/741/513 680/566/369 695/582/384 360/740/512
f 358/742/514 665/550/354 680/566/369 359/741/513
f 357/743/515 650/534/339 665/550/354 358/742/514
f 356/744/516 635/518/324 650/534/339 357/743/515
f 355/745/517 620/502/309 635/518/324 356/744/516
f 354/746/518 605/486/294 620/502/309 355/745/517
f 353/747/519 590/470/279 605/486/294 354/746/518
f 352/748/520 575/454/264 590/470/279 353/747/519
f 351/749/521 560/424/236 575/454/264 352/748/520
f 350/674/460 545/421/233 560/424/236 351/749/521
f 770/750/522 771/751/523 786/752/524 785/753/525
f 771/751/523 772/754/526 787/755/527 786/752/524
f 772/754/526 773/756/528 788/757/529 787/755/527
f 773/756/528 774/758/530 789/759/531 788/757/529
f 774/758/530 775/760/532 790/761/533 789/759/531
f 775/760/532 776/762/534 791/763/535 790/761/533
f 776/762/534 777/764/536 792/765/537 791/763/535
f 777/764/536 778/766/538 793/767/539 792/765/537
f 778/766/538 779/768/540 794/769/541 793/767/539
f 779/768/540 780/770/542 795/771/543 794/769/541
f 780/770/542 781/772/544 796/773/545 795/771/543
f 781/772/544 782/774/546 797/775/547 796/773/545
f 782/774/546 783/776/548 798/777/549 797/775/547
f 783/776/548 784/778/550 799/779/551 798/777/549
f 785/753/525 786/752/524 801/780/552 800/781/553
f 786/752/524 787/755/527 802/782/554 801/780/552
f 787/755/527 788/757/529 803/783/555 802/782/554
f 788/757/529 789/759/531 804/784/556 803/783/555
f 789/759/531 790/761/533 805/785/557 804/784/556
f 790/761/533 791/763/535 806/786/558 805/785/557
f 791/763/535 792/765/537 807/787/559 806/786/558
f 792/765/537 793/767/539 808/788/560 807/787/559
f 793/767/539 794/769/541 809/789/561 808/788/560
f 794/769/541 795/771/543 810/790/562 809/789/561
f 795/771/543 796/773/545 811/791/563 810/790/562
f 796/773/545 797/775/547 812/792/564 811/791/563
f 797/775/547 798/777/549 813/793/565 812/792/564
f 798/777/549 799/779/551 814/794/566 813/793/565
f 800/781/553 801/780/552 816/795/567 815/796/568
f 801/780/552 802/782/554 817/797/569 816/795/567
f 802/782/554 803/783/555 818/798/570 817/797/569
f 803/783/555 804/784/556 819/799/571 818/798/570
f 804/784/556 805/785/557 820/800/572 819/799/571
f 805/785/557 806/786/558 821/801/573 820/800/572
f 806/786/558 807/787/559 822/802/574 821/801/573
f 807/787/559 808/788/560 823/803/575 822/802/574
f 808/788/560 809/789/561 824/804/576 823/803/575
f 809/789/561 810/790/562 825/805/577 824/804/576
f 810/790/562 811/791/563 826/806/578 825/805/577
f 811/791/563 812/792/564 827/807/579 826/806/578
f 812/792/564 813/793/565 828/808/580 827/807/579
f 813/793/565 814/794/566 829/809/581 828/808/580
f 815/796/568 816/795/567 831/810/582 830/811/583
f 816/795/567 817/797/569 832/812/584 831/810/582
f 817/797/569 818/798/570 833/813/585 832/812/584
f 818/798/570 819/799/571 834/814/586 833/813/585
f 819/799/571 820/800/572 835/815/587 834/814/586
f 820/800/572 821/801/573 836/816/588 835/815/587
f 821/801/573 822/802/574 837/817/589 836/816/588
f 822/802/574 823/803/575 838/818/590 837/817/589
f 823/803/575 824/804/576 839/819/591 838/818/590
f 824/804/576 825/805/577 840/820/592 839/819/591
f 825/805/577 826/806/578 841/821/593 840/820/592
f 826/806/578 827/807/579 842/822/594 841/821/593
f 827/807/579 828/808/580 843/823/595 842/822/594
f 828/808/580 829/809/581 844/824/596 843/823/595
f 830/811/583 831/810/582 846/825/597 845/826/598
f 831/810/582 832/812/584 847/827/599 846/825/597
f 832/812/584 833/813/585 848/828/600 847/827/599
f 833/813/585 834/814/586 849/829/601 848/828/600
f 834/814/586 835/815/587 850/830/602 849/829/601
f 835/815/587 836/816/588 851/831/603 850/830/602
f 836/816/588 837/817/589 852/832/604 851/831/603
f 837/817/589 838/818/590 853/833/605 852/832/604
f 838/818/590 839/819/591 854/834/606 853/833/605
f 839/819/591 840/820/592 855/835/607 854/834/606
f 840/820/592 841/821/593 856/836/608 855/835/607
f 841/821/593 842/822/594 857/837/609 856/836/608
f 842/822/594 843/823/595 858/838/610 857/837/609
f 843/823/595 844/824/596 859/839/611 858/838/610
f 845/826/598 846/825/597 861/840/612 860/841/613
f 846/825/597 847/827/599 862/842/614 861/840/612
f 847/827/599 848/828/600 863/843/615 862/842/614
f 848/828/600 849/829/601 864/844/616 863/843/615
f 849/829/601 850/830/602 865/845/617 864/844/616
f 850/830/602 851/831/603 866/846/618 865/845/617
f 851/831/603 852/832/604 867/847/619 866/846/618
f 852/832/604 853/833/605 868/848/620 867/847/619
f 853/833/605 854/834/606 869/849/621 868/848/620
f 854/834/606 855/835/607 870/850/622 869/849/621
f 855/835/607 856/836/608 871/851/623 870/850/622
f 856/836/608 857/837/609 872/852/624 871/851/623
f 857/837/609 858/838/610 873/853/625 872/852/624
f 858/838/610 859/839/611 874/854/626 873/853/625
f 860/841/613 861/840/612 876/855/627 875/856/628
f 861/840/612 862/842/614 877/857/629 876/855/627
f 862/842/614 863/843/615 878/858/630 877/857/629
f 863/843/615 864/844/616 879/859/631 878/858/630
f 864/844/616 865/845/617 880/860/632 879/859/631
f 865/845/617 866/846/618 881/861/633 880/860/632
f 866/846/618 867/847/619 882/862/634 881/861/633
f 867/847/619 868/848/620 883/863/635 882/862/634
f 868/848/620 869/849/621 884/864/636 883/863/635
f 869/849/621 870/850/622 885/865/637 884/864/636
f 870/850/622 871/851/623 886/866/638 885/865/637
f 871/851/623 872/852/624 887/867/639 886/866/638
f 872/852/624 873/853/625 888/868/640 887/867/639
f 873/853/625 874/854/626 889/869/641 888/868/640
f 875/856/628 876/855/627 891/870/642 890/871/643
f 876/855/627 877/857/629 892/872/644 891/870/642
f 877/857/629 878/858/630 893/873/645 892/872/644
f 878/858/630 879/859/631 894/874/646 893/873/645
f 879/859/631 880/860/632 895/875/647 894/874/646
f 880/860/632 881/861/633 896/876/648 895/875/647
f 881/861/633 882/862/634 897/877/649 896/876/648
f 882/862/634 883/863/635 898/878/650 897/877/649
f 883/863/635 884/864/636 899/879/651 898/878/650
f 884/864/636 885/865/637 900/880/652 899/879/651
f 885/865/637 886/866/638 901/881/653 900/880/652
f 886/866/638 887/867/639 902/882/654 901/881/653
f 887/867/639 888/868/640 903/883/655 902/882/654
f 888/868/640 889/869/641 904/884/656 903/883/655
f 890/871/643 891/870/642 906/885/657 905/886/658
f 891/870/642 892/872/644 907/887/659 906/885/657
f 892/872/644 893/873/645 908/888/660 907/887/659
f 893/873/645 894/874/646 909/889/661 908/888/660
f 894/874/646 895/875/647 910/890/662 909/889/661
f 895/875/647 896/876/648 911/891/663 910/890/662
f 896/876/648 897/877/649 912/892/664 911/891/663
f 897/877/649 898/878/650 913/893/665 912/892/664
f 898/878/650 899/879/651 914/894/666 913/893/665
f 899/879/651 900/880/652 915/895/667 914/894/666
f 900/880/652 901/881/653 916/896/668 915/895/667
f 901/881/653 902/882/654 917/897/669 916/896/668
f 902/882/654 903/883/655 918/898/670 917/897/669
f 903/883/655 904/884/656 919/899/671 918/898/670
f 905/886/658 906/885/657 921/900/672 920/901/673
f 906/885/657 907/887/659 922/902/674 921/900/672
f 907/887/659 908/888/660 923/903/675 922/902/674
f 908/888/660 909/889/661 924/904/676 923/903/675
f 909/889/661 910/890/662 925/905/677 924/904/676
f 910/890/662 911/891/663 926/906/678 925/905/677
f 911/891/663 912/892/664 927/907/679 926/906/678
f 912/892/664 913/893/665 928/908/680 927/907/679
f 913/893/665 914/894/666 929/909/681 928/908/680
f 914/894/666 915/895/667 930/910/682 929/909/681
f 915/895/667 916/896/668 931/911/683 930/910/682
f 916/896/668 917/897/669 932/912/684 931/911/683
f 917/897/669 918/898/670 933/913/685 932/912/684
f 918/898/670 919/899/671 934/914/686 933/913/685
f 920/901/673 921/900/672 936/915/687 935/916/688
f 921/900/672 922/902/674 937/917/689 936/915/687
f 922/902/674 923/903/675 938/918/690 937/917/689
f 923/903/675 924/904/676 939/919/691 938/918/690
f 924/904/676 925/905/677 940/920/692 939/919/691
f 925/905/677 926/906/678 941/921/693 940/920/692
f 926/906/678 927/907/679 942/922/694 941/921/693
f 927/907/679 928/908/680 943/923/695 942/922/694
f 928/908/680 929/909/681 944/924/696 943/923/695
f 929/909/681 930/910/682 945/925/697 944/924/696
f 930/910/682 931/911/683 946/926/698 945/925/697
f 931/911/683 932/912/684 947/927/699 946/926/698
f 932/912/684 933/913/685 948/928/700 947/927/699
f 933/913/685 934/914/686 949/929/701 948/928/700
f 935/916/688 936/915/687 951/930/702 950/931/703
f 936/915/687 937/917/689 952/932/704 951/930/702
f 937/917/689 938/918/690 953/933/705 952/932/704
f 938/918/690 939/919/691 954/934/706 953/933/705
f 939/919/691 940/920/692 955/935/707 954/934/706
f 940/920/692 941/921/693 956/936/708 955/935/707
f 941/921/693 942/922/694 957/937/709 956/936/708
f 942/922/694 943/923/695 958/938/710 957/937/709
f 943/923/695 944/924/696 959/939/711 958/938/710
f 944/924/696 945/925/697 960/940/712 959/939/711
f 945/925/697 946/926/698 961/941/713 960/940/712
f 946/926/698 947/927/699 962/942/714 961/941/713
f 947/927/699 948/928/700 963/943/715 962/942/714
f 948/928/700 949/929/701 964/944/716 963/943/715
f 950/931/703 951/930/702 966/945/717 965/946/718
f 951/930/702 952/932/704 967/947/719 966/945/717
f 952/932/704 953/933/705 968/948/720 967/947/719
f 953/933/705 954/934/706 969/949/721 968/948/720
f 954/934/706 955/935/707 970/950/722 969/949/721
f 955/935/707 956/936/708 971/951/723 970/950/722
f 956/936/708 957/937/709 972/952/724 971/951/723
f 957/937/709 958/938/710 973/953/725 972/952/724
f 958/938/710 959/939/711 974/954/726 973/953/725
f 959/939/711 960/940/712 975/955/727 974/954/726
f 960/940/712 961/941/713 976/956/728 975/955/727
f 961/941/713 962/942/714 977/957/729 976/956/728
f 962/942/714 963/943/715 978/958/730 977/957/729
f 963/943/715 964/944/716 979/959/731 978/958/730
f 965/946/718 966/945/717 981/960/732 980/961/733
f 966/945/717 967/947/719 982/962/734 981/960/732
f 967/947/719 968/948/720 983/963/735 982/962/734
f 968/948/720 969/949/721 984/964/736 983/963/735
f 969/949/721 970/950/722 985/965/737 984/964/736
f 970/950/722 971/951/723 986/966/738 985/965/737
f 971/951/723 972/952/724 987/967/739 986/966/738
f 972/952/724 973/953/725 988/968/740 987/967/739
f 973/953/725 974/954/726 989/969/741 988/968/740
f 974/954/726 975/955/727 990/970/742 989/969/741
f 975/955/727 976/956/728 991/971/743 990/970/742
f 976/956/728 977/957/729 992/972/744 991/971/743
f 977/957/729 978/958/730 993/973/745 992/972/744
f 978/958/730 979/959/731 994/974/746 993/973/745
f 243/975/747 469/976/748 770/750/522 530/977/749
f 469/976/748 468/978/750 771/751/523 770/750/522
f 468/978/750 467/979/751 772/754/526 771/751/523
f 467/979/751 466/980/752 773/756/528 772/754/526
f 466/980/752 465/981/753 774/758/530 773/756/528
f 465/981/753 464/982/754 775/760/532 774/758/530
f 464/982/754 463/983/755 776/762/534 775/760/532
f 463/983/755 462/984/756 777/764/536 776/762/534
f 462/984/756 461/985/757 778/766/538 777/764/536
f 461/985/757 460/986/758 779/768/540 778/766/538
f 460/986/758 459/987/759 780/770/542 779/768/540
f 459/987/759 458/988/760 781/772/544 780/770/542
f 458/988/760 457/989/761 782/774/546 781/772/544
f 457/989/761 456/990/762 783/776/548 782/774/546
f 456/990/762 455/991/763 784/778/550 783/776/548
f 455/992/763 235/736/508 335/734/506 784/993/550
f 784/778/550 335/994/506 336/995/505 799/779/551
f 799/779/551 336/995/505 337/731/504 814/794/566
f 814/794/566 337/731/504 338/729/503 829/809/581
f 829/809/581 338/729/503 339/727/502 844/824/596
f 844/824/596 339/727/502 340/725/501 859/839/611
f 859/839/611 340/725/501 341/724/500 874/854/626
f 874/854/626 341/724/500 342/723/499 889/869/641
f 889/869/641 342/723/499 343/722/498 904/884/656
f 904/884/656 343/722/498 344/721/497 919/899/671
f 919/899/671 344/721/497 345/720/496 934/914/686
f 934/914/686 345/720/496 346/719/495 949/929/701
f 949/929/701 346/719/495 347/718/494 964/944/716
f 964/944/716 347/718/494 348/717/493 979/959/731
f 979/959/731 348/717/493 349/716/492 994/974/746
f 994/974/746 349/716/492 239/715/491 304/996/764
f 993/973/745 994/974/746 304/996/764 303/997/765
f 992/972/744 993/973/745 303/997/765 302/998/766
f 991/971/743 992/972/744 302/998/766 301/999/767
f 990/970/742 991/971/743 301/999/767 300/1000/768
f 989/969/741 990/970/742 300/1000/768 299/1001/769
f 988/968/740 989/969/741 299/1001/769 298/1002/770
f 987/967/739 988/968/740 298/1002/770 297/1003/771
f 986/966/738 987/967/739 297/1003/771 296/1004/772
f 985/965/737 986/966/738 296/1004/772 295/1005/773
f 984/964/736 985/965/737 295/1005/773 294/1006/774
f 983/963/735 984/964/736 294/1006/774 293/1007/775
f 982/962/734 983/963/735 293/1007/775 292/1008/776
f 981/960/732 982/962/734 292/1008/776 291/1009/777
f 980/961/733 981/960/732 291/1009/777 290/1010/778
f 544/1011/779 980/961/733 290/1010/778 242/1012/780
f 543/1013/781 965/946/718 980/961/733 544/1011/779
f 542/1014/782 950/931/703 965/946/718 543/1013/781
f 541/1015/783 935/916/688 950/931/703 542/1014/782
f 540/1016/784 920/901/673 935/916/688 541/1015/783
f 539/1017/785 905/886/658 920/901/673 540/1016/784
f 538/1018/786 890/871/643 905/886/658 539/1017/785
f 537/1019/787 875/856/628 890/871/643 538/1018/786
f 536/1020/788 860/841/613 875/856/628 537/1019/787
f 535/1021/789 845/826/598 860/841/613 536/1020/788
f 534/1022/790 830/811/583 845/826/598 535/1021/789
f 533/1023/791 815/796/568 830/811/583 534/1022/790
f 532/1024/792 800/781/553 815/796/568 533/1023/791
f 531/1025/793 785/753/525 800/781/553 532/1024/792
f 530/977/749 770/750/522 785/753/525 531/1025/793
f 995/1026/794 996/1027/795 1011/1028/796 1010/1029/797
f 996/1027/795 997/1030/798 1012/1031/799 1011/1028/796
f 997/1030/798 998/1032/800 1013/1033/801 1012/1031/799
f 998/1032/800 999/1034/802 1014/1035/803 1013/1033/801
f 999/1034/802 1000/1036/804 1015/1037/805 1014/1035/803
f 1000/1036/804 1001/1038/806 1016/1039/807 1015/1037/805
f 1001/1038/806 1002/1040/808 1017/1041/809 1016/1039/807
f 1002/1040/808 1003/1042/810 1018/1043/811 1017/1041/809
f 1003/1042/810 1004/1044/812 1019/1045/813 1018/1043/811
f 1004/1044/812 1005/1046/814 1020/1047/815 1019/1045/813
f 1005/1046/814 1006/1048/816 1021/1049/817 1020/1047/815
f 1006/1048/816 1007/1050/818 1022/1051/819 1021/1049/817
f 1007/1050/818 1008/1052/820 1023/1053/821 1022/1051/819
f 1008/1052/820 1009/1054/822 1024/1055/823 1023/1053/821
f 1010/1029/797 1011/1028/796 1026/1056/824 1025/1057/825
f 1011/1028/796 1012/1031/799 1027/1058/826 1026/1056/824
f 1012/1031/799 1013/1033/801 1028/1059/827 1027/1058/826
f 1013/1033/801 1014/1035/803 1029/1060/828 1028/1059/827
f 1014/1035/803 1015/1037/805 1030/1061/829 1029/1060/828
f 1015/1037/805 1016/1039/807 1031/1062/830 1030/1061/829
f 1016/1039/807 1017/1041/809 1032/1063/831 1031/1062/830
f 1017/1041/809 1018/1043/811 1033/1064/832 1032/1063/831
f 1018/1043/811 1019/1045/813 1034/1065/833 1033/1064/832
f 1019/1045/813 1020/1047/815 1035/1066/834 1034/1065/833
f 1020/1047/815 1021/1049/817 1036/1067/835 1035/1066/834
f 1021/1049/817 1022/1051/819 1037/1068/836 1036/1067/835
f 1022/1051/819 1023/1053/821 1038/1069/837 1037/1068/836
f 1023/1053/821 1024/1055/823 1039/1070/838 1038/1069/837
f 1025/1057/825 1026/1056/824 1041/1071/839 1040/1072/840
f 1026/1056/824 1027/1058/826 1042/1073/841 1041/1071/839
f 1027/1058/826 1028/1059/827 1043/1074/842 1042/1073/841
f 1028/1059/827 1029/1060/828 1044/1075/843 1043/1074/842
f 1029/1060/828 1030/1061/829 1045/1076/844 1044/1075/843
f 1030/1061/829 1031/1062/830 1046/1077/845 1045/1076/844
f 1031/1062/830 1032/1063/831 1047/1078/846 1046/1077/845
f 1032/1063/831 1033/1064/832 1048/1079/847 1047/1078/846
f 1033/1064/832 1034/1065/833 1049/1080/848 1048/1079/847
f 1034/1065/833 1035/1066/834 1050/1081/849 1049/1080/848
f 1035/1066/834 1036/1067/835 1051/1082/850 1050/1081/849
f 1036/1067/835 1037/1068/836 1052/1083/851 1051/1082/850
f 1037/1068/836 1038/1069/837 1053/1084/852 1052/1083/851
f 1038/1069/837 1039/1070/838 1054/1085/853 1053/1084/852
f 1040/1072/840 1041/1071/839 1056/1086/854 1055/1087/855
f 1041/1071/839 1042/1073/841 1057/1088/856 1056/1086/854
f 1042/1073/841 1043/1074/842 1058/1089/857 1057/1088/856
f 1043/1074/842 1044/1075/843 1059/1090/858 1058/1089/857
f 1044/1075/843 1045/1076/844 1060/1091/859 1059/1090/858
f 1045/1076/844 1046/1077/845 1061/1092/860 1060/1091/859
f 1046/1077/845 1047/1078/846 1062/1093/861 1061/1092/860
f 1047/1078/846 1048/1079/847 1063/1094/862 1062/1093/861
f 1048/1079/847 1049/1080/848 1064/1095/863 1063/1094/862
f 1049/1080/848 1050/1081/849 1065/1096/864 1064/1095/863
f 1050/1081/849 1051/1082/850 1066/1097/865 1065/1096/864
f 1051/1082/850 1052/1083/851 1067/1098/866 1066/1097/865
f 1052/1083/851 1053/1084/852 1068/1099/867 1067/1098/866
f 1053/1084/852 1054/1085/853 1069/1100/868 1068/1099/867
f 1055/1087/855 1056/1086/854 1071/1101/869 1070/1102/870
f 1056/1086/854 1057/1088/856 1072/1103/871 1071/1101/869
f 1057/1088/856 1058/1089/857 1073/1104/872 1072/1103/871
f 1058/1089/857 1059/1090/858 1074/1105/873 1073/1104/872
f 1059/1090/858 1060/1091/859 1075/1106/874 1074/1105/873
f 1060/1091/859 1061/1092/860 1076/1107/875 1075/1106/874
f 1061/1092/860 1062/1093/861 1077/1108/876 1076/1107/875
f 1062/1093/861 1063/1094/862 1078/1109/877 1077/1108/876
f 1063/1094/862 1064/1095/863 1079/1110/878 1078/1109/877
f 1064/1095/863 1065/1096/864 1080/1111/879 1079/1110/878
f 1065/1096/864 1066/1097/865 1081/1112/880 1080/1111/879
f 1066/1097/865 1067/1098/866 1082/1113/881 1081/1112/880
f 1067/1098/866 1068/1099/867 1083/1114/882 1082/1113/881
f 1068/1099/867 1069/1100/868 1084/1115/883 1083/1114/882
f 1070/1102/870 1071/1101/869 1086/1116/884 1085/1117/885
f 1071/1101/869 1072/1103/871 1087/1118/886 1086/1116/884
f 1072/1103/871 1073/1104/872 1088/1119/887 1087/1118/886
f 1073/1104/872 1074/1105/873 1089/1120/888 1088/1119/887
f 1074/1105/873 1075/1106/874 1090/1121/889 1089/1120/888
f 1075/1106/874 1076/1107/875 1091/1122/890 1090/1121/889
f 1076/1107/875 1077/1108/876 1092/1123/891 1091/1122/890
f 1077/1108/876 1078/1109/877 1093/1124/892 1092/1123/891
f 1078/1109/877 1079/1110/878 1094/1125/893 1093/1124/892
f 1079/1110/878 1080/1111/879 1095/1126/894 1094/1125/893
f 1080/1111/879 1081/1112/880 1096/1127/895 1095/1126/894
f 1081/1112/880 1082/1113/881 1097/1128/896 1096/1127/895
f 1082/1113/881 1083/1114/882 1098/1129/897 1097/1128/896
f 1083/1114/882 1084/1115/883 1099/1130/898 1098/1129/897
f 1085/1117/885 1086/1116/884 1101/1131/899 1100/1132/900
f 1086/1116/884 1087/1118/886 1102/1133/901 1101/1131/899
f 1087/1118/886 1088/1119/887 1103/1134/902 1102/1133/901
f 1088/1119/887 1089/1120/888 1104/1135/903 1103/1134/902
f 1089/1120/888 1090/1121/889 1105/1136/904 1104/1135/903
f 1090/1121/889 1091/1122/890 1106/1137/905 1105/1136/904
f 1091/1122/890 1092/1123/891 1107/1138/906 1106/1137/905
f 1092/1123/891 1093/1124/892 1108/1139/907 1107/1138/906
f 1093/1124/892 1094/1125/893 1109/1140/908 1108/1139/907
f 1094/1125/893 1095/1126/894 1110/1141/909 1109/1140/908
f 1095/1126/894 1096/1127/895 1111/1142/910 1110/1141/909
f 1096/1127/895 1097/1128/896 1112/1143/911 1111/1142/910
f 1097/1128/896 1098/1129/897 1113/1144/912 1112/1143/911
f 1098/1129/897 1099/1130/898 1114/1145/913 1113/1144/912
f 1100/1132/900 1101/1131/899 1116/1146/914 1115/1147/915
f 1101/1131/899 1102/1133/901 1117/1148/916 1116/1146/914
f 1102/1133/901 1103/1134/902 1118/1149/917 1117/1148/916
f 1103/1134/902 1104/1135/903 1119/1150/918 1118/1149/917
f 1104/1135/903 1105/1136/904 1120/1151/919 1119/1150/918
f 1105/1136/904 1106/1137/905 1121/1152/920 1120/1151/919
f 1106/1137/905 1107/1138/906 1122/1153/921 1121/1152/920
f 1107/1138/906 1108/1139/907 1123/1154/922 1122/1153/921
f 1108/1139/907 1109/1140/908 1124/1155/923 1123/1154/922
f 1109/1140/908 1110/1141/909 1125/1156/924 1124/1155/923
f 1110/1141/909 1111/1142/910 1126/1157/925 1125/1156/924
f 1111/1142/910 1112/1143/911 1127/1158/926 1126/1157/925
f 1112/1143/911 1113/1144/912 1128/1159/927 1127/1158/926
f 1113/1144/912 1114/1145/913 1129/1160/928 1128/1159/927
f 1115/1147/915 1116/1146/914 1131/1161/929 1130/1162/930
f 1116/1146/914 1117/1148/916 1132/1163/931 1131/1161/929
f 1117/1148/916 1118/1149/917 1133/1164/932 1132/1163/931
f 1118/1149/917 1119/1150/918 1134/1165/933 1133/1164/932
f 1119/1150/918 1120/1151/919 1135/1166/934 1134/1165/933
f 1120/1151/919 1121/1152/920 1136/1167/935 1135/1166/934
f 1121/1152/920 1122/1153/921 1137/1168/936 1136/1167/935
f 1122/1153/921 1123/1154/922 1138/1169/937 1137/1168/936
f 1123/1154/922 1124/1155/923 1139/1170/938 1138/1169/937
f 1124/1155/923 1125/1156/924 1140/1171/939 1139/1170/938
f 1125/1156/924 1126/1157/925 1141/1172/940 1140/1171/939
f 1126/1157/925 1127/1158/926 1142/1173/941 1141/1172/940
f 1127/1158/926 1128/1159/927 1143/1174/942 1142/1173/941
f 1128/1159/927 1129/1160/928 1144/1175/943 1143/1174/942
f 1130/1162/930 1131/1161/929 1146/1176/944 1145/1177/945
f 1131/1161/929 1132/1163/931 1147/1178/946 1146/1176/944
f 1132/1163/931 1133/1164/932 1148/1179/947 1147/1178/946
f 1133/1164/932 1134/1165/933 1149/1180/948 1148/1179/947
f 1134/1165/933 1135/1166/934 1150/1181/949 1149/1180/948
f 1135/1166/934 1136/1167/935 1151/1182/950 1150/1181/949
f 1136/1167/935 1137/1168/936 1152/1183/951 1151/1182/950
f 1137/1168/936 1138/1169/937 1153/1184/952 1152/1183/951
f 1138/1169/937 1139/1170/938 1154/1185/953 1153/1184/952
f 1139/1170/938 1140/1171/939 1155/1186/954 1154/1185/953
f 1140/1171/939 1141/1172/940 1156/1187/955 1155/1186/954
f 1141/1172/940 1142/1173/941 1157/1188/956 1156/1187/955
f 1142/1173/941 1143/1174/942 1158/1189/957 1157/1188/956
f 1143/1174/942 1144/1175/943 1159/1190/958 1158/1189/957
f 1145/1177/945 1146/1176/944 1161/1191/959 1160/1192/960
f 1146/1176/944 1147/1178/946 1162/1193/961 1161/1191/959
f 1147/1178/946 1148/1179/947 1163/1194/962 1162/1193/961
f 1148/1179/947 1149/1180/948 1164/1195/963 1163/1194/962
f 1149/1180/948 1150/1181/949 1165/1196/964 1164/1195/963
f 1150/1181/949 1151/1182/950 1166/1197/965 1165/1196/964
f 1151/1182/950 1152/1183/951 1167/1198/966 1166/1197/965
f 1152/1183/951 1153/1184/952 1168/1199/967 1167/1198/966
f 1153/1184/952 1154/1185/953 1169/1200/968 1168/1199/967
f 1154/1185/953 1155/1186/954 1170/1201/969 1169/1200/968
f 1155/1186/954 1156/1187/955 1171/1202/970 1170/1201/969
f 1156/1187/955 1157/1188/956 1172/1203/971 1171/1202/970
f 1157/1188/956 1158/1189/957 1173/1204/972 1172/1203/971
f 1158/1189/957 1159/1190/958 1174/1205/973 1173/1204/972
f 1160/1192/960 1161/1191/959 1176/1206/974 1175/1207/975
f 1161/1191/959 1162/1193/961 1177/1208/976 1176/1206/974
f 1162/1193/961 1163/1194/962 1178/1209/977 1177/1208/976
f 1163/1194/962 1164/1195/963 1179/1210/978 1178/1209/977
f 1164/1195/963 1165/1196/964 1180/1211/979 1179/1210/978
f 1165/1196/964 1166/1197/965 1181/1212/980 1180/1211/979
f 1166/1197/965 1167/1198/966 1182/1213/981 1181/1212/980
f 1167/1198/966 1168/1199/967 1183/1214/982 1182/1213/981
f 1168/1199/967 1169/1200/968 1184/1215/983 1183/1214/982
f 1169/1200/968 1170/1201/969 1185/1216/984 1184/1215/983
f 1170/1201/969 1171/1202/970 1186/1217/985 1185/1216/984
f 1171/1202/970 1172/1203/971 1187/1218/986 1186/1217/985
f 1172/1203/971 1173/1204/972 1188/1219/987 1187/1218/986
f 1173/1204/972 1174/1205/973 1189/1220/988 1188/1219/987
f 1175/1207/975 1176/1206/974 1191/1221/989 1190/1222/990
f 1176/1206/974 1177/1208/976 1192/1223/991 1191/1221/989
f 1177/1208/976 1178/1209/977 1193/1224/992 1192/1223/991
f 1178/1209/977 1179/1210/978 1194/1225/993 1193/1224/992
f 1179/1210/978 1180/1211/979 1195/1226/994 1194/1225/993
f 1180/1211/979 1181/1212/980 1196/1227/995 1195/1226/994
f 1181/1212/980 1182/1213/981 1197/1228/996 1196/1227/995
f 1182/1213/981 1183/1214/982 1198/1229/997 1197/1228/996
f 1183/1214/982 1184/1215/983 1199/1230/998 1198/1229/997
f 1184/1215/983 1185/1216/984 1200/1231/999 1199/1230/998
f 1185/1216/984 1186/1217/985 1201/1232/1000 1200/1231/999
f 1186/1217/985 1187/1218/986 1202/1233/1001 1201/1232/1000
f 1187/1218/986 1188/1219/987 1203/1234/1002 1202/1233/1001
f 1188/1219/987 1189/1220/988 1204/1235/1003 1203/1234/1002
f 1190/1222/990 1191/1221/989 1206/1236/1004 1205/1237/1005
f 1191/1221/989 1192/1223/991 1207/1238/1006 1206/1236/1004
f 1192/1223/991 1193/1224/992 1208/1239/1007 1207/1238/1006
f 1193/1224/992 1194/1225/993 1209/1240/1008 1208/1239/1007
f 1194/1225/993 1195/1226/994 1210/1241/1009 1209/1240/1008
f 1195/1226/994 1196/1227/995 1211/1242/1010 1210/1241/1009
f 1196/1227/995 1197/1228/996 1212/1243/1011 1211/1242/1010
f 1197/1228/996 1198/1229/997 1213/1244/1012 1212/1243/1011
f 1198/1229/997 1199/1230/998 1214/1245/1013 1213/1244/1012
f 1199/1230/998 1200/1231/999 1215/1246/1014 1214/1245/1013
f 1200/1231/999 1201/1232/1000 1216/1247/1015 1215/1246/1014
f 1201/1232/1000 1202/1233/1001 1217/1248/1016 1216/1247/1015
f 1202/1233/1001 1203/1234/1002 1218/1249/1017 1217/1248/1016
f 1203/1234/1002 1204/1235/1003 1219/1250/1018 1218/1249/1017
f 242/1012/780 290/1010/778 995/1251/794 515/1252/1019
f 290/1010/778 291/1009/777 996/1253/795 995/1251/794
f 291/1009/777 292/1008/776 997/1254/798 996/1253/795
f 292/1008/776 293/1007/775 998/1255/800 997/1254/798
f 293/1007/775 294/1006/774 999/1256/802 998/1255/800
f 294/1006/774 295/1005/773 1000/1257/804 999/1256/802
f 295/1005/773 296/1004/772 1001/1258/806 1000/1257/804
f 296/1004/772 297/1003/771 1002/1259/808 1001/1258/806
f 297/1003/771 298/1002/770 1003/1260/810 1002/1259/808
f 298/1002/770 299/1001/769 1004/1261/812 1003/1260/810
f 299/1001/769 300/1000/768 1005/1262/814 1004/1261/812
f 300/1000/768 301/999/767 1006/1263/816 1005/1262/814
f 301/999/767 302/998/766 1007/1264/818 1006/1263/816
f 302/998/766 303/997/765 1008/1265/820 1007/1264/818
f 303/997/765 304/996/764 1009/1266/822 1008/1265/820
f 304/996/764 239/715/491 380/714/490 1009/1266/822
f 1009/1054/822 380/712/490 381/711/489 1024/1055/823
f 1024/1055/823 381/711/489 382/710/488 1039/1070/838
f 1039/1070/838 382/710/488 383/709/487 1054/1085/853
f 1054/1085/853 383/709/487 384/708/486 1069/1100/868
f 1069/1100/868 384/708/486 385/707/485 1084/1115/883
f 1084/1115/883 385/707/485 386/706/484 1099/1130/898
f 1099/1130/898 386/706/484 387/705/483 1114/1145/913
f 1114/1145/913 387/705/483 388/704/482 1129/1160/928
f 1129/1160/928 388/704/482 389/703/481 1144/1175/943
f 1144/1175/943 389/703/481 390/702/480 1159/1190/958
f 1159/1190/958 390/702/480 391/701/479 1174/1205/973
f 1174/1205/973 391/701/479 392/700/478 1189/1220/988
f 1189/1220/988 392/700/478 393/699/477 1204/1235/1003
f 1204/1235/1003 393/699/477 394/698/476 1219/1250/1018
f 1219/1250/1018 394/698/476 237/697/475 470/1267/1020
f 1218/1249/1017 1219/1250/1018 470/1267/1020 471/1268/1021
f 1217/1248/1016 1218/1249/1017 471/1268/1021 472/1269/1022
f 1216/1247/1015 1217/1248/1016 472/1269/1022 473/1270/1023
f 1215/1246/1014 1216/1247/1015 473/1270/1023 474/1271/1024
f 1214/1245/1013 1215/1246/1014 474/1271/1024 475/1272/1025
f 1213/1244/1012 1214/1245/1013 475/1272/1025 476/1273/1026
f 1212/1243/1011 1213/1244/1012 476/1273/1026 477/1274/1027
f 1211/1242/1010 1212/1243/1011 477/1274/1027 478/1275/1028
f 1210/1241/1009 1211/1242/1010 478/1275/1028 479/1276/1029
f 1209/1240/1008 1210/1241/1009 479/1276/1029 480/1277/1030
f 1208/1239/1007 1209/1240/1008 480/1277/1030 481/1278/1031
f 1207/1238/1006 1208/1239/1007 481/1278/1031 482/1279/1032
f 1206/1236/1004 1207/1238/1006 482/1279/1032 483/1280/1033
f 1205/1237/1005 1206/1236/1004 483/1280/1033 484/1281/1034
f 529/1282/1035 1205/1237/1005 484/1281/1034 244/1283/1036
f 528/1284/1037 1190/1222/990 1205/1237/1005 529/1282/1035
f 527/1285/1038 1175/1207/975 1190/1222/990 528/1284/1037
f 526/1286/1039 1160/1192/960 1175/1207/975 527/1285/1038
f 525/1287/1040 1145/1177/945 1160/1192/960 526/1286/1039
f 524/1288/1041 1130/1162/930 1145/1177/945 525/1287/1040
f 523/1289/1042 1115/1147/915 1130/1162/930 524/1288/1041
f 522/1290/1043 1100/1132/900 1115/1147/915 523/1289/1042
f 521/1291/1044 1085/1117/885 1100/1132/900 522/1290/1043
f 520/1292/1045 1070/1102/870 1085/1117/885 521/1291/1044
f 519/1293/1046 1055/1087/855 1070/1102/870 520/1292/1045
f 518/1294/1047 1040/1072/840 1055/1087/855 519/1293/1046
f 517/1295/1048 1025/1057/825 1040/1072/840 518/1294/1047
f 516/1296/1049 1010/1029/797 1025/1057/825 517/1295/1048
f 515/1297/1019 995/1026/794 1010/1029/797 516/1296/1049
f 1220/1298/1050 1221/1299/1051 1236/1300/1052 1235/1301/1053
f 1221/1299/1051 1222/1302/1054 1237/1303/1055 1236/1300/1052
f 1222/1302/1054 1223/1304/1056 1238/1305/1057 1237/1303/1055
f 1223/1304/1056 1224/1306/1058 1239/1307/1059 1238/1305/1057
f 1224/1306/1058 1225/1308/1060 1240/1309/1061 1239/1307/1059
f 1225/1308/1060 1226/1310/1062 1241/1311/1063 1240/1309/1061
f 1226/1310/1062 1227/1312/1064 1242/1313/1065 1241/1311/1063
f 1227/1312/1064 1228/1314/1066 1243/1315/1067 1242/1313/1065
f 1228/1314/1066 1229/1316/1068 1244/1317/1069 1243/1315/1067
f 1229/1316/1068 1230/1318/1070 1245/1319/1071 1244/1317/1069
f 1230/1318/1070 1231/1320/1072 1246/1321/1073 1245/1319/1071
f 1231/1320/1072 1232/1322/1074 1247/1323/1075 1246/1321/1073
f 1232/1324/1074 1233/1325/1076 1248/1326/1077 1247/1327/1075
f 1233/1328/1076 1234/1329/1078 1249/1330/1079 1248/1331/1077
f 1235/1301/1053 1236/1300/1052 1251/1332/1080 1250/1333/1081
f 1236/1300/1052 1237/1303/1055 1252/1334/1082 1251/1332/1080
f 1237/1303/1055 1238/1305/1057 1253/1335/1083 1252/1334/1082
f 1238/1305/1057 1239/1307/1059 1254/1336/1084 1253/1335/1083
f 1239/1307/1059 1240/1309/1061 1255/1337/1085 1254/1336/1084
f 1240/1309/1061 1241/1311/1063 1256/1338/1086 1255/1337/1085
f 1241/1311/1063 1242/1313/1065 1257/1339/1087 1256/1338/1086
f 1242/1313/1065 1243/1315/1067 1258/1340/1088 1257/1339/1087
f 1243/1315/1067 1244/1317/1069 1259/1341/1089 1258/1340/1088
f 1244/1317/1069 1245/1319/1071 1260/1342/1090 1259/1341/1089
f 1245/1319/1071 1246/1321/1073 1261/1343/1091 1260/1342/1090
f 1246/1321/1073 1247/1323/1075 1262/1344/1092 1261/1343/1091
f 1247/1323/1075 1248/1345/1077 1263/1346/1093 1262/1344/1092
f 1248/1331/1077 1249/1330/1079 1264/1347/1094 1263/1348/1093
f 1250/1333/1081 1251/1332/1080 1266/1349/1095 1265/1350/1096
f 1251/1332/1080 1252/1334/1082 1267/1351/1097 1266/1349/1095
f 1252/1334/1082 1253/1335/1083 1268/1352/1098 1267/1351/1097
f 1253/1335/1083 1254/1336/1084 1269/1353/1099 1268/1352/1098
f 1254/1336/1084 1255/1337/1085 1270/1354/1100 1269/1353/1099
f 1255/1337/1085 1256/1338/1086 1271/1355/1101 1270/1354/1100
f 1256/1338/1086 1257/1339/1087 1272/1356/1102 1271/1355/1101
f 1257/1339/1087 1258/1340/1088 1273/1357/1103 1272/1356/1102
f 1258/1340/1088 1259/1341/1089 1274/1358/1104 1273/1357/1103
f 1259/1341/1089 1260/1342/1090 1275/1359/1105 1274/1358/1104
f 1260/1342/1090 1261/1343/1091 1276/1360/1106 1275/1359/1105
f 1261/1343/1091 1262/1344/1092 1277/1361/1107 1276/1360/1106
f 1262/1344/1092 1263/1346/1093 1278/1362/1108 1277/1361/1107
f 1263/1348/1093 1264/1347/1094 1279/1363/1109 1278/1364/1108
f 1265/1350/1096 1266/1349/1095 1281/1365/1110 1280/1366/1111
f 1266/1349/1095 1267/1351/1097 1282/1367/1112 1281/1365/1110
f 1267/1351/1097 1268/1352/1098 1283/1368/1113 1282/1367/1112
f 1268/1352/1098 1269/1353/1099 1284/1369/1114 1283/1368/1113
f 1269/1353/1099 1270/1354/1100 1285/1370/1115 1284/1369/1114
f 1270/1354/1100 1271/1355/1101 1286/1371/1116 1285/1370/1115
f 1271/1355/1101 1272/1356/1102 1287/1372/1117 1286/1371/1116
f 1272/1356/1102 1273/1357/1103 1288/1373/1118 1287/1372/1117
f 1273/1357/1103 1274/1358/1104 1289/1374/1119 1288/1373/1118
f 1274/1358/1104 1275/1359/1105 1290/1375/1120 1289/1374/1119
f 1275/1359/1105 1276/1360/1106 1291/1376/1121 1290/1375/1120
f 1276/1360/1106 1277/1361/1107 1292/1377/1122 1291/1376/1121
f 1277/1361/1107 1278/1362/1108 1293/1378/1123 1292/1377/1122
f 1278/1364/1108 1279/1363/1109 1294/1379/1124 1293/1380/1123
f 1280/1366/1111 1281/1365/1110 1296/1381/1125 1295/1382/1126
f 1281/1365/1110 1282/1367/1112 1297/1383/1127 1296/1381/1125
f 1282/1367/1112 1283/1368/1113 1298/1384/1128 1297/1383/1127
f 1283/1368/1113 1284/1369/1114 1299/1385/1129 1298/1384/1128
f 1284/1369/1114 1285/1370/1115 1300/1386/1130 1299/1385/1129
f 1285/1370/1115 1286/1371/1116 1301/1387/1131 1300/1386/1130
f 1286/1371/1116 1287/1372/1117 1302/1388/1132 1301/1387/1131
f 1287/1372/1117 1288/1373/1118 1303/1389/1133 1302/1388/1132
f 1288/1373/1118 1289/1374/1119 1304/1390/1134 1303/1389/1133
f 1289/1374/1119 1290/1375/1120 1305/1391/1135 1304/1390/1134
f 1290/1375/1120 1291/1376/1121 1306/1392/1136 1305/1391/1135
f 1291/1376/1121 1292/1377/1122 1307/1393/1137 1306/1392/1136
f 1292/1377/1122 1293/1378/1123 1308/1394/1138 1307/1393/1137
f 1293/1380/1123 1294/1379/1124 1309/1395/1139 1308/1396/1138
f 1295/1382/1126 1296/1381/1125 1311/1397/1140 1310/1398/1141
f 1296/1381/1125 1297/1383/1127 1312/1399/1142 1311/1397/1140
f 1297/1383/1127 1298/1384/1128 1313/1400/1143 1312/1399/1142
f 1298/1384/1128 1299/1385/1129 1314/1401/1144 1313/1400/1143
f 1299/1385/1129 1300/1386/1130 1315/1402/1145 1314/1401/1144
f 1300/1386/1130 1301/1387/1131 1316/1403/1146 1315/1402/1145
f 1301/1387/1131 1302/1388/1132 1317/1404/1147 1316/1403/1146
f 1302/1388/1132 1303/1389/1133 1318/1405/1148 1317/1404/1147
f 1303/1389/1133 1304/1390/1134 1319/1406/1149 1318/1405/1148
f 1304/1390/1134 1305/1391/1135 1320/1407/1150 1319/1406/1149
f 1305/1391/1135 1306/1392/1136 1321/1408/1151 1320/1407/1150
f 1306/1392/1136 1307/1393/1137 1322/1409/1152 1321/1408/1151
f 1307/1393/1137 1308/1394/1138 1323/1410/1153 1322/1409/1152
f 1308/1396/1138 1309/1395/1139 1324/1411/1154 1323/1412/1153
f 1310/1398/1141 1311/1397/1140 1326/1413/1155 1325/1414/1156
f 1311/1397/1140 1312/1399/1142 1327/1415/1157 1326/1413/1155
f 1312/1399/1142 1313/1400/1143 1328/1416/1158 1327/1415/1157
f 1313/1400/1143 1314/1401/1144 1329/1417/1159 1328/1416/1158
f 1314/1401/1144 1315/1402/1145 1330/1418/1160 1329/1417/1159
f 1315/1402/1145 1316/1403/1146 1331/1419/1161 1330/1418/1160
f 1316/1403/1146 1317/1404/1147 1332/1420/1162 1331/1419/1161
f 1317/1404/1147 1318/1405/1148 1333/1421/1163 1332/1420/1162
f 1318/1405/1148 1319/1406/1149 1334/1422/1164 1333/1421/1163
f 1319/1406/1149 1320/1407/1150 1335/1423/1165 1334/1422/1164
f 1320/1407/1150 1321/1408/1151 1336/1424/1166 1335/1423/1165
f 1321/1408/1151 1322/1409/1152 1337/1425/1167 1336/1424/1166
f 1322/1409/1152 1323/1410/1153 1338/1426/1168 1337/1425/1167
f 1323/1412/1153 1324/1411/1154 1339/1427/1169 1338/1428/1168
f 1325/1414/1156 1326/1413/1155 1341/1429/1170 1340/1430/1171
f 1326/1413/1155 1327/1415/1157 1342/1431/1172 1341/1429/1170
f 1327/1415/1157 1328/1416/1158 1343/1432/1173 1342/1431/1172
f 1328/1416/1158 1329/1417/1159 1344/1433/1174 1343/1432/1173
f 1329/1417/1159 1330/1418/1160 1345/1434/1175 1344/1433/1174
f 1330/1418/1160 1331/1419/1161 1346/1435/1176 1345/1434/1175
f 1331/1419/1161 1332/1420/1162 1347/1436/1177 1346/1435/1176
f 1332/1420/1162 1333/1421/1163 1348/1437/1178 1347/1436/1177
f 1333/1421/1163 1334/1422/1164 1349/1438/1179 1348/1437/1178
f 1334/1422/1164 1335/1423/1165 1350/1439/1180 1349/1438/1179
f 1335/1423/1165 1336/1424/1166 1351/1440/1181 1350/1439/1180
f 1336/1424/1166 1337/1425/1167 1352/1441/1182 1351/1440/1181
f 1337/1425/1167 1338/1426/1168 1353/1442/1183 1352/1441/1182
f 1338/1428/1168 1339/1427/1169 1354/1443/1184 1353/1444/1183
f 1340/1430/1171 1341/1429/1170 1356/1445/1185 1355/1446/1186
f 1341/1429/1170 1342/1431/1172 1357/1447/1187 1356/1445/1185
f 1342/1431/1172 1343/1432/1173 1358/1448/1188 1357/1447/1187
f 1343/1432/1173 1344/1433/1174 1359/1449/1189 1358/1448/1188
f 1344/1433/1174 1345/1434/1175 1360/1450/1190 1359/1449/1189
f 1345/1434/1175 1346/1435/1176 1361/1451/1191 1360/1450/1190
f 1346/1435/1176 1347/1436/1177 1362/1452/1192 1361/1451/1191
f 1347/1436/1177 1348/1437/1178 1363/1453/1193 1362/1452/1192
f 1348/1437/1178 1349/1438/1179 1364/1454/1194 1363/1453/1193
f 1349/1438/1179 1350/1439/1180 1365/1455/1195 1364/1454/1194
f 1350/1439/1180 1351/1440/1181 1366/1456/1196 1365/1455/1195
f 1351/1440/1181 1352/1441/1182 1367/1457/1197 1366/1456/1196
f 1352/1441/1182 1353/1442/1183 1368/1458/1198 1367/1457/1197
f 1353/1444/1183 1354/1443/1184 1369/1459/1199 1368/1460/1198
f 1355/1446/1186 1356/1445/1185 1371/1461/1200 1370/1462/1201
f 1356/1445/1185 1357/1447/1187 1372/1463/1202 1371/1461/1200
f 1357/1447/1187 1358/1448/1188 1373/1464/1203 1372/1463/1202
f 1358/1448/1188 1359/1449/1189 1374/1465/1204 1373/1464/1203
f 1359/1449/1189 1360/1450/1190 1375/1466/1205 1374/1465/1204
f 1360/1450/1190 1361/1451/1191 1376/1467/1206 1375/1466/1205
f 1361/1451/1191 1362/1452/1192 1377/1468/1207 1376/1467/1206
f 1362/1452/1192 1363/1453/1193 1378/1469/1208 1377/1468/1207
f 1363/1453/1193 1364/1454/1194 1379/1470/1209 1378/1469/1208
f 1364/1454/1194 1365/1455/1195 1380/1471/1210 1379/1470/1209
f 1365/1455/1195 1366/1456/1196 1381/1472/1211 1380/1471/1210
f 1366/1456/1196 1367/1457/1197 1382/1473/1212 1381/1472/1211
f 1367/1457/1197 1368/1458/1198 1383/1474/1213 1382/1473/1212
f 1368/1460/1198 1369/1459/1199 1384/1475/1214 1383/1476/1213
f 1370/1462/1201 1371/1461/1200 1386/1477/1215 1385/1478/1216
f 1371/1461/1200 1372/1463/1202 1387/1479/1217 1386/1477/1215
f 1372/1463/1202 1373/1464/1203 1388/1480/1218 1387/1479/1217
f 1373/1464/1203 1374/1465/1204 1389/1481/1219 1388/1480/1218
f 1374/1465/1204 1375/1466/1205 1390/1482/1220 1389/1481/1219
f 1375/1466/1205 1376/1467/1206 1391/1483/1221 1390/1482/1220
f 1376/1467/1206 1377/1468/1207 1392/1484/1222 1391/1483/1221
f 1377/1468/1207 1378/1469/1208 1393/1485/1223 1392/1484/1222
f 1378/1469/1208 1379/1470/1209 1394/1486/1224 1393/1485/1223
f 1379/1470/1209 1380/1471/1210 1395/1487/1225 1394/1486/1224
f 1380/1471/1210 1381/1472/1211 1396/1488/1226 1395/1487/1225
f 1381/1472/1211 1382/1473/1212 1397/1489/1227 1396/1488/1226
f 1382/1473/1212 1383/1474/1213 1398/1490/1228 1397/1489/1227
f 1383/1476/1213 1384/1475/1214 1399/1491/1229 1398/1492/1228
f 1385/1478/1216 1386/1477/1215 1401/1493/1230 1400/1494/1231
f 1386/1477/1215 1387/1479/1217 1402/1495/1232 1401/1493/1230
f 1387/1479/1217 1388/1480/1218 1403/1496/1233 1402/1495/1232
f 1388/1480/1218 1389/1481/1219 1404/1497/1234 1403/1496/1233
f 1389/1481/1219 1390/1482/1220 1405/1498/1235 1404/1497/1234
f 1390/1482/1220 1391/1483/1221 1406/1499/1236 1405/1498/1235
f 1391/1483/1221 1392/1484/1222 1407/1500/1237 1406/1499/1236
f 1392/1484/1222 1393/1485/1223 1408/1501/1238 1407/1500/1237
f 1393/1485/1223 1394/1486/1224 1409/1502/1239 1408/1501/1238
f 1394/1486/1224 1395/1487/1225 1410/1503/1240 1409/1502/1239
f 1395/1487/1225 1396/1488/1226 1411/1504/1241 1410/1503/1240
f 1396/1488/1226 1397/1489/1227 1412/1505/1242 1411/1504/1241
f 1397/1489/1227 1398/1490/1228 1413/1506/1243 1412/1505/1242
f 1398/1492/1228 1399/1491/1229 1414/1507/1244 1413/1508/1243
f 1400/1494/1231 1401/1493/1230 1416/1509/1245 1415/1510/1246
f 1401/1493/1230 1402/1495/1232 1417/1511/1247 1416/1509/1245
f 1402/1495/1232 1403/1496/1233 1418/1512/1248 1417/1511/1247
f 1403/1496/1233 1404/1497/1234 1419/1513/1249 1418/1512/1248
f 1404/1497/1234 1405/1498/1235 1420/1514/1250 1419/1513/1249
f 1405/1498/1235 1406/1499/1236 1421/1515/1251 1420/1514/1250
f 1406/1499/1236 1407/1500/1237 1422/1516/1252 1421/1515/1251
f 1407/1500/1237 1408/1501/1238 1423/1517/1253 1422/1516/1252
f 1408/1501/1238 1409/1502/1239 1424/1518/1254 1423/1517/1253
f 1409/1502/1239 1410/1503/1240 1425/1519/1255 1424/1518/1254
f 1410/1503/1240 1411/1504/1241 1426/1520/1256 1425/1519/1255
f 1411/1504/1241 1412/1505/1242 1427/1521/1257 1426/1520/1256
f 1412/1505/1242 1413/1506/1243 1428/1522/1258 1427/1521/1257
f 1413/1508/1243 1414/1507/1244 1429/1523/1259 1428/1524/1258
f 1415/1510/1246 1416/1509/1245 1431/1525/1260 1430/1526/1261
f 1416/1509/1245 1417/1511/1247 1432/1527/1262 1431/1525/1260
f 1417/1511/1247 1418/1512/1248 1433/1528/1263 1432/1527/1262
f 1418/1512/1248 1419/1513/1249 1434/1529/1264 1433/1528/1263
f 1419/1513/1249 1420/1514/1250 1435/1530/1265 1434/1529/1264
f 1420/1514/1250 1421/1515/1251 1436/1531/1266 1435/1530/1265
f 1421/1515/1251 1422/1516/1252 1437/1532/1267 1436/1531/1266
f 1422/1516/1252 1423/1517/1253 1438/1533/1268 1437/1532/1267
f 1423/1517/1253 1424/1518/1254 1439/1534/1269 1438/1533/1268
f 1424/1518/1254 1425/1519/1255 1440/1535/1270 1439/1534/1269
f 1425/1519/1255 1426/1520/1256 1441/1536/1271 1440/1535/1270
f 1426/1520/1256 1427/1521/1257 1442/1537/1272 1441/1536/1271
f 1427/1521/1257 1428/1522/1258 1443/1538/1273 1442/1537/1272
f 1428/1524/1258 1429/1523/1259 1444/1539/1274 1443/1540/1273
f 238/1541/1275 274/1542/1276 1220/1298/1050 245/1543/1277
f 274/1542/1276 273/1544/1278 1221/1299/1051 1220/1298/1050
f 273/1544/1278 272/1545/1279 1222/1302/1054 1221/1299/1051
f 272/1545/1279 271/1546/1280 1223/1304/1056 1222/1302/1054
f 271/1546/1280 270/1547/1281 1224/1306/1058 1223/1304/1056
f 270/1547/1281 269/1548/1282 1225/1308/1060 1224/1306/1058
f 269/1548/1282 268/1549/1283 1226/1310/1062 1225/1308/1060
f 268/1549/1283 267/1550/1284 1227/1312/1064 1226/1310/1062
f 267/1550/1284 266/1551/1285 1228/1314/1066 1227/1312/1064
f 266/1552/1285 265/1553/1286 1229/1554/1068 1228/1555/1066
f 265/1553/1286 264/1556/1287 1230/1557/1070 1229/1554/1068
f 264/1556/1287 263/1558/1288 1231/1559/1072 1230/1557/1070
f 263/1558/1288 262/1560/1289 1232/1324/1074 1231/1559/1072
f 262/1560/1289 261/1561/1290 1233/1325/1076 1232/1324/1074
f 261/1561/1290 260/1562/1291 1234/1563/1078 1233/1325/1076
f 260/1562/1291 234/1564/1292 424/1565/1293 1234/1563/1078
f 1234/1329/1078 424/1566/1293 423/1567/1294 1249/1330/1079
f 1249/1330/1079 423/1567/1294 422/1568/1295 1264/1347/1094
f 1264/1347/1094 422/1568/1295 421/1569/1296 1279/1363/1109
f 1279/1363/1109 421/1569/1296 420/1570/1297 1294/1379/1124
f 1294/1379/1124 420/1570/1297 419/1571/1298 1309/1395/1139
f 1309/1395/1139 419/1571/1298 418/1572/1299 1324/1411/1154
f 1324/1411/1154 418/1572/1299 417/1573/1300 1339/1427/1169
f 1339/1427/1169 417/1573/1300 416/1574/1301 1354/1443/1184
f 1354/1443/1184 416/1574/1301 415/1575/1302 1369/1459/1199
f 1369/1459/1199 415/1575/1302 414/1576/1303 1384/1475/1214
f 1384/1475/1214 414/1576/1303 413/1577/1304 1399/1491/1229
f 1399/1491/1229 413/1577/1304 412/1578/1305 1414/1507/1244
f 1414/1507/1244 412/1578/1305 411/1579/1306 1429/1523/1259
f 1429/1523/1259 411/1579/1306 410/1580/1307 1444/1539/1274
f 1444/1539/1274 410/1580/1307 236/1581/1308 379/1582/1309
f 1443/1540/1273 1444/1539/1274 379/1582/1309 378/1583/1310
f 1442/1584/1272 1443/1540/1273 378/1583/1310 377/1585/1311
f 1441/1536/1271 1442/1537/1272 377/1586/1311 376/1587/1312
f 1440/1535/1270 1441/1536/1271 376/1587/1312 375/1588/1313
f 1439/1534/1269 1440/1535/1270 375/1588/1313 374/1589/1314
f 1438/1533/1268 1439/1534/1269 374/1589/1314 373/1590/1315
f 1437/1532/1267 1438/1533/1268 373/1590/1315 372/1591/1316
f 1436/1531/1266 1437/1532/1267 372/1591/1316 371/1592/1317
f 1435/1530/1265 1436/1531/1266 371/1592/1317 370/1593/1318
f 1434/1529/1264 1435/1530/1265 370/1593/1318 369/1594/1319
f 1433/1528/1263 1434/1529/1264 369/1594/1319 368/1595/1320
f 1432/1527/1262 1433/1528/1263 368/1595/1320 367/1596/1321
f 1431/1525/1260 1432/1527/1262 367/1596/1321 366/1597/1322
f 1430/1526/1261 1431/1525/1260 366/1597/1322 365/1598/1323
f 259/1599/1324 1430/1526/1261 365/1598/1323 240/1600/1325
f 258/1601/1326 1415/1510/1246 1430/1526/1261 259/1599/1324
f 257/1602/1327 1400/1494/1231 1415/1510/1246 258/1601/1326
f 256/1603/1328 1385/1478/1216 1400/1494/1231 257/1602/1327
f 255/1604/1329 1370/1462/1201 1385/1478/1216 256/1603/1328
f 254/1605/1330 1355/1446/1186 1370/1462/1201 255/1604/1329
f 253/1606/1331 1340/1430/1171 1355/1446/1186 254/1605/1330
f 252/1607/1332 1325/1414/1156 1340/1430/1171 253/1606/1331
f 251/1608/1333 1310/1398/1141 1325/1414/1156 252/1607/1332
f 250/1609/1334 1295/1382/1126 1310/1398/1141 251/1608/1333
f 249/1610/1335 1280/1366/1111 1295/1382/1126 250/1609/1334
f 248/1611/1336 1265/1350/1096 1280/1366/1111 249/1610/1335
f 247/1612/1337 1250/1333/1081 1265/1350/1096 248/1611/1336
f 246/1613/1338 1235/1301/1053 1250/1333/1081 247/1612/1337
f 245/1543/1277 1220/1298/1050 1235/1301/1053 246/1613/1338
f 1445/1614/1339 1446/1615/1340 1461/1616/1341 1460/1617/1342
f 1446/1615/1340 1447/1618/1343 1462/1619/1344 1461/1616/1341
f 1447/1618/1343 1448/1620/1345 1463/1621/1346 1462/1619/1344
f 1448/1620/1345 1449/1622/1347 1464/1623/1348 1463/1621/1346
f 1449/1622/1347 1450/1624/1349 1465/1625/1350 1464/1623/1348
f 1450/1624/1349 1451/1626/1351 1466/1627/1352 1465/1625/1350
f 1451/1626/1351 1452/1628/1353 1467/1629/1354 1466/1627/1352
f 1452/1630/1353 1453/1631/1355 1468/1632/1356 1467/1633/1354
f 1453/1631/1355 1454/1634/1357 1469/1635/1358 1468/1632/1356
f 1454/1634/1357 1455/1636/1359 1470/1637/1360 1469/1635/1358
f 1455/1636/1359 1456/1638/1361 1471/1639/1362 1470/1637/1360
f 1456/1638/1361 1457/1640/1363 1472/1641/1364 1471/1639/1362
f 1457/1640/1363 1458/1642/1365 1473/1643/1366 1472/1641/1364
f 1458/1642/1365 1459/1644/1367 1474/1645/1368 1473/1643/1366
f 1460/1646/1342 1461/1647/1341 1476/1648/1369 1475/1649/1370
f 1461/1647/1341 1462/1650/1344 1477/1651/1371 1476/1648/1369
f 1462/1650/1344 1463/1652/1346 1478/1653/1372 1477/1651/1371
f 1463/1654/1346 1464/1655/1348 1479/1656/1373 1478/1657/1372
f 1464/1655/1348 1465/1658/1350 1480/1659/1374 1479/1656/1373
f 1465/1658/1350 1466/1660/1352 1481/1661/1375 1480/1659/1374
f 1466/1660/1352 1467/1633/1354 1482/1662/1376 1481/1661/1375
f 1467/1633/1354 1468/1632/1356 1483/1663/1377 1482/1662/1376
f 1468/1632/1356 1469/1635/1358 1484/1664/1378 1483/1663/1377
f 1469/1635/1358 1470/1637/1360 1485/1665/1379 1484/1664/1378
f 1470/1637/1360 1471/1639/1362 1486/1666/1380 1485/1665/1379
f 1471/1639/1362 1472/1641/1364 1487/1667/1381 1486/1666/1380
f 1472/1641/1364 1473/1643/1366 1488/1668/1382 1487/1667/1381
f 1473/1643/1366 1474/1645/1368 1489/1669/1383 1488/1668/1382
f 1475/1649/1370 1476/1648/1369 1491/1670/1384 1490/1671/1385
f 1476/1648/1369 1477/1651/1371 1492/1672/1386 1491/1670/1384
f 1477/1651/1371 1478/1653/1372 1493/1673/1387 1492/1672/1386
f 1478/1653/1372 1479/1674/1373 1494/1675/1388 1493/1673/1387
f 1479/1674/1373 1480/1676/1374 1495/1677/1389 1494/1675/1388
f 1480/1659/1374 1481/1661/1375 1496/1678/1390 1495/1679/1389
f 1481/1661/1375 1482/1662/1376 1497/1680/1391 1496/1678/1390
f 1482/1662/1376 1483/1663/1377 1498/1681/1392 1497/1680/1391
f 1483/1663/1377 1484/1664/1378 1499/1682/1393 1498/1681/1392
f 1484/1664/1378 1485/1665/1379 1500/1683/1394 1499/1682/1393
f 1485/1665/1379 1486/1666/1380 1501/1684/1395 1500/1683/1394
f 1486/1666/1380 1487/1667/1381 1502/1685/1396 1501/1684/1395
f 1487/1667/1381 1488/1668/1382 1503/1686/1397 1502/1685/1396
f 1488/1668/1382 1489/1669/1383 1504/1687/1398 1503/1686/1397
f 1490/1671/1385 1491/1670/1384 1506/1688/1399 1505/1689/1400
f 1491/1670/1384 1492/1672/1386 1507/1690/1401 1506/1688/1399
f 1492/1672/1386 1493/1673/1387 1508/1691/1402 1507/1690/1401
f 1493/1673/1387 1494/1675/1388 1509/1692/1403 1508/1691/1402
f 1494/1675/1388 1495/1677/1389 1510/1693/1404 1509/1692/1403
f 1495/1677/1389 1496/1694/1390 1511/1695/1405 1510/1693/1404
f 1496/1678/1390 1497/1680/1391 1512/1696/1406 1511/1697/1405
f 1497/1680/1391 1498/1681/1392 1513/1698/1407 1512/1696/1406
f 1498/1681/1392 1499/1682/1393 1514/1699/1408 1513/1698/1407
f 1499/1682/1393 1500/1683/1394 1515/1700/1409 1514/1699/1408
f 1500/1683/1394 1501/1684/1395 1516/1701/1410 1515/1700/1409
f 1501/1684/1395 1502/1685/1396 1517/1702/1411 1516/1701/1410
f 1502/1685/1396 1503/1686/1397 1518/1703/1412 1517/1702/1411
f 1503/1686/1397 1504/1687/1398 1519/1704/1413 1518/1703/1412
f 1505/1689/1400 1506/1688/1399 1521/1705/1414 1520/1706/1415
f 1506/1688/1399 1507/1690/1401 1522/1707/1416 1521/1705/1414
f 1507/1690/1401 1508/1691/1402 1523/1708/1417 1522/1707/1416
f 1508/1691/1402 1509/1692/1403 1524/1709/1418 1523/1708/1417
f 1509/1692/1403 1510/1693/1404 1525/1710/1419 1524/1709/1418
f 1510/1693/1404 1511/1695/1405 1526/1711/1420 1525/1710/1419
f 1511/1697/1405 1512/1696/1406 1527/1712/1421 1526/1713/1420
f 1512/1696/1406 1513/1698/1407 1528/1714/1422 1527/1712/1421
f 1513/1698/1407 1514/1699/1408 1529/1715/1423 1528/1714/1422
f 1514/1699/1408 1515/1700/1409 1530/1716/1424 1529/1715/1423
f 1515/1700/1409 1516/1701/1410 1531/1717/1425 1530/1716/1424
f 1516/1701/1410 1517/1702/1411 1532/1718/1426 1531/1717/1425
f 1517/1702/1411 1518/1703/1412 1533/1719/1427 1532/1718/1426
f 1518/1703/1412 1519/1704/1413 1534/1720/1428 1533/1719/1427
f 1520/1706/1415 1521/1705/1414 1536/1721/1429 1535/1722/1430
f 1521/1705/1414 1522/1707/1416 1537/1723/1431 1536/1721/1429
f 1522/1707/1416 1523/1708/1417 1538/1724/1432 1537/1723/1431
f 1523/1708/1417 1524/1709/1418 1539/1725/1433 1538/1724/1432
f 1524/1709/1418 1525/1710/1419 1540/1726/1434 1539/1725/1433
f 1525/1710/1419 1526/1711/1420 1541/1727/1435 1540/1726/1434
f 1526/1711/1420 1527/1728/1421 1542/1729/1436 1541/1727/1435
f 1527/1712/1421 1528/1714/1422 1543/1730/1437 1542/1731/1436
f 1528/1714/1422 1529/1715/1423 1544/1732/1438 1543/1730/1437
f 1529/1715/1423 1530/1716/1424 1545/1733/1439 1544/1732/1438
f 1530/1716/1424 1531/1717/1425 1546/1734/1440 1545/1733/1439
f 1531/1717/1425 1532/1718/1426 1547/1735/1441 1546/1734/1440
f 1532/1718/1426 1533/1719/1427 1548/1736/1442 1547/1735/1441
f 1533/1719/1427 1534/1720/1428 1549/1737/1443 1548/1736/1442
f 1535/1722/1430 1536/1721/1429 1551/1738/1444 1550/1739/1445
f 1536/1721/1429 1537/1723/1431 1552/1740/1446 1551/1738/1444
f 1537/1723/1431 1538/1724/1432 1553/1741/1447 1552/1740/1446
f 1538/1724/1432 1539/1725/1433 1554/1742/1448 1553/1741/1447
f 1539/1725/1433 1540/1726/1434 1555/1743/1449 1554/1742/1448
f 1540/1726/1434 1541/1727/1435 1556/1744/1450 1555/1743/1449
f 1541/1727/1435 1542/1729/1436 1557/1745/1451 1556/1744/1450
f 1542/1731/1436 1543/1730/1437 1558/1746/1452 1557/1747/1451
f 1543/1730/1437 1544/1732/1438 1559/1748/1453 1558/1746/1452
f 1544/1732/1438 1545/1733/1439 1560/1749/1454 1559/1748/1453
f 1545/1733/1439 1546/1734/1440 1561/1750/1455 1560/1749/1454
f 1546/1734/1440 1547/1735/1441 1562/1751/1456 1561/1750/1455
f 1547/1735/1441 1548/1736/1442 1563/1752/1457 1562/1751/1456
f 1548/1736/1442 1549/1737/1443 1564/1753/1458 1563/1752/1457
f 1550/1739/1445 1551/1738/1444 1566/1754/1459 1565/1755/1460
f 1551/1738/1444 1552/1740/1446 1567/1756/1461 1566/1754/1459
f 1552/1740/1446 1553/1741/1447 1568/1757/1462 1567/1756/1461
f 1553/1741/1447 1554/1742/1448 1569/1758/1463 1568/1757/1462
f 1554/1742/1448 1555/1743/1449 1570/1759/1464 1569/1758/1463
f 1555/1743/1449 1556/1744/1450 1571/1760/1465 1570/1759/1464
f 1556/1744/1450 1557/1745/1451 1572/1761/1466 1571/1760/1465
f 1557/1745/1451 1558/1762/1452 1573/1763/1467 1572/1761/1466
f 1558/1746/1452 1559/1748/1453 1574/1764/1468 1573/1765/1467
f 1559/1748/1453 1560/1749/1454 1575/1766/1469 1574/1764/1468
f 1560/1749/1454 1561/1750/1455 1576/1767/1470 1575/1766/1469
f 1561/1750/1455 1562/1751/1456 1577/1768/1471 1576/1767/1470
f 1562/1751/1456 1563/1752/1457 1578/1769/1472 1577/1768/1471
f 1563/1752/1457 1564/1753/1458 1579/1770/1473 1578/1769/1472
f 1565/1755/1460 1566/1754/1459 1581/1771/1474 1580/1772/1475
f 1566/1754/1459 1567/1756/1461 1582/1773/1476 1581/1771/1474
f 1567/1756/1461 1568/1757/1462 1583/1774/1477 1582/1773/1476
f 1568/1757/1462 1569/1758/1463 1584/1775/1478 1583/1774/1477
f 1569/1758/1463 1570/1759/1464 1585/1776/1479 1584/1775/1478
f 1570/1759/1464 1571/1760/1465 1586/1777/1480 1585/1776/1479
f 1571/1760/1465 1572/1761/1466 1587/1778/1481 1586/1777/1480
f 1572/1761/1466 1573/1763/1467 1588/1779/1482 1587/1778/1481
f 1573/1765/1467 1574/1764/1468 1589/1780/1483 1588/1781/1482
f 1574/1764/1468 1575/1766/1469 1590/1782/1484 1589/1780/1483
f 1575/1766/1469 1576/1767/1470 1591/1783/1485 1590/1782/1484
f 1576/1767/1470 1577/1768/1471 1592/1784/1486 1591/1783/1485
f 1577/1768/1471 1578/1769/1472 1593/1785/1487 1592/1784/1486
f 1578/1769/1472 1579/1770/1473 1594/1786/1488 1593/1785/1487
f 1580/1772/1475 1581/1771/1474 1596/1787/1489 1595/1788/1490
f 1581/1771/1474 1582/1773/1476 1597/1789/1491 1596/1787/1489
f 1582/1773/1476 1583/1774/1477 1598/1790/1492 1597/1789/1491
f 1583/1774/1477 1584/1775/1478 1599/1791/1493 1598/1790/1492
f 1584/1775/1478 1585/1776/1479 1600/1792/1494 1599/1791/1493
f 1585/1776/1479 1586/1777/1480 1601/1793/1495 1600/1792/1494
f 1586/1777/1480 1587/1778/1481 1602/1794/1496 1601/1793/1495
f 1587/1778/1481 1588/1779/1482 1603/1795/1497 1602/1794/1496
f 1588/1781/1482 1589/1780/1483 1604/1796/1498 1603/1797/1497
f 1589/1780/1483 1590/1782/1484 1605/1798/1499 1604/1796/1498
f 1590/1782/1484 1591/1783/1485 1606/1799/1500 1605/1798/1499
f 1591/1783/1485 1592/1784/1486 1607/1800/1501 1606/1799/1500
f 1592/1784/1486 1593/1785/1487 1608/1801/1502 1607/1800/1501
f 1593/1785/1487 1594/1786/1488 1609/1802/1503 1608/1801/1502
f 1595/1788/1490 1596/1787/1489 1611/1803/1504 1610/1804/1505
f 1596/1787/1489 1597/1789/1491 1612/1805/1506 1611/1803/1504
f 1597/1789/1491 1598/1790/1492 1613/1806/1507 1612/1805/1506
f 1598/1790/1492 1599/1791/1493 1614/1807/1508 1613/1806/1507
f 1599/1791/1493 1600/1792/1494 1615/1808/1509 1614/1807/1508
f 1600/1792/1494 1601/1793/1495 1616/1809/1510 1615/1808/1509
f 1601/1793/1495 1602/1794/1496 1617/1810/1511 1616/1809/1510
f 1602/1794/1496 1603/1795/1497 1618/1811/1512 1617/1810/1511
f 1603/1797/1497 1604/1796/1498 1619/1812/1513 1618/1813/1512
f 1604/1796/1498 1605/1798/1499 1620/1814/1514 1619/1812/1513
f 1605/1798/1499 1606/1799/1500 1621/1815/1515 1620/1814/1514
f 1606/1799/1500 1607/1800/1501 1622/1816/1516 1621/1815/1515
f 1607/1800/1501 1608/1801/1502 1623/1817/1517 1622/1816/1516
f 1608/1801/1502 1609/1802/1503 1624/1818/1518 1623/1817/1517
f 1610/1804/1505 1611/1803/1504 1626/1819/1519 1625/1820/1520
f 1611/1803/1504 1612/1805/1506 1627/1821/1521 1626/1819/1519
f 1612/1805/1506 1613/1806/1507 1628/1822/1522 1627/1821/1521
f 1613/1806/1507 1614/1807/1508 1629/1823/1523 1628/1822/1522
f 1614/1807/1508 1615/1808/1509 1630/1824/1524 1629/1823/1523
f 1615/1808/1509 1616/1809/1510 1631/1825/1525 1630/1824/1524
f 1616/1809/1510 1617/1810/1511 1632/1826/1526 1631/1825/1525
f 1617/1810/1511 1618/1811/1512 1633/1827/1527 1632/1826/1526
f 1618/1813/1512 1619/1812/1513 1634/1828/1528 1633/1829/1527
f 1619/1812/1513 1620/1814/1514 1635/1830/1529 1634/1828/1528
f 1620/1814/1514 1621/1815/1515 1636/1831/1530 1635/1830/1529
f 1621/1815/1515 1622/1816/1516 1637/1832/1531 1636/1831/1530
f 1622/1816/1516 1623/1817/1517 1638/1833/1532 1637/1832/1531
f 1623/1817/1517 1624/1818/1518 1639/1834/1533 1638/1833/1532
f 1625/1820/1520 1626/1819/1519 1641/1835/1534 1640/1836/1535
f 1626/1819/1519 1627/1821/1521 1642/1837/1536 1641/1835/1534
f 1627/1821/1521 1628/1822/1522 1643/1838/1537 1642/1837/1536
f 1628/1822/1522 1629/1823/1523 1644/1839/1538 1643/1838/1537
f 1629/1823/1523 1630/1824/1524 1645/1840/1539 1644/1839/1538
f 1630/1824/1524 1631/1825/1525 1646/1841/1540 1645/1840/1539
f 1631/1825/1525 1632/1826/1526 1647/1842/1541 1646/1841/1540
f 1632/1826/1526 1633/1827/1527 1648/1843/1542 1647/1842/1541
f 1633/1829/1527 1634/1828/1528 1649/1844/1543 1648/1845/1542
f 1634/1828/1528 1635/1830/1529 1650/1846/1544 1649/1844/1543
f 1635/1830/1529 1636/1831/1530 1651/1847/1545 1650/1846/1544
f 1636/1831/1530 1637/1832/1531 1652/1848/1546 1651/1847/1545
f 1637/1832/1531 1638/1833/1532 1653/1849/1547 1652/1848/1546
f 1638/1833/1532 1639/1834/1533 1654/1850/1548 1653/1849/1547
f 1640/1836/1535 1641/1835/1534 1656/1851/1549 1655/1852/1550
f 1641/1835/1534 1642/1837/1536 1657/1853/1551 1656/1851/1549
f 1642/1854/1536 1643/1855/1537 1658/1856/1552 1657/1857/1551
f 1643/1855/1537 1644/1858/1538 1659/1859/1553 1658/1856/1552
f 1644/1858/1538 1645/1860/1539 1660/1861/1554 1659/1859/1553
f 1645/1860/1539 1646/1862/1540 1661/1863/1555 1660/1861/1554
f 1646/1862/1540 1647/1864/1541 1662/1865/1556 1661/1863/1555
f 1647/1864/1541 1648/1866/1542 1663/1867/1557 1662/1865/1556
f 1648/1866/1542 1649/1868/1543 1664/1869/1558 1663/1867/1557
f 1649/1868/1543 1650/1870/1544 1665/1871/1559 1664/1869/1558
f 1650/1846/1544 1651/1847/1545 1666/1872/1560 1665/1873/1559
f 1651/1847/1545 1652/1848/1546 1667/1874/1561 1666/1872/1560
f 1652/1848/1546 1653/1849/1547 1668/1875/1562 1667/1874/1561
f 1653/1849/1547 1654/1850/1548 1669/1876/1563 1668/1875/1562
f 241/1877/1564 439/1878/1565 1445/1614/1339 500/1879/1566
f 439/1878/1565 438/1880/1567 1446/1615/1340 1445/1614/1339
f 438/1880/1567 437/1881/1568 1447/1618/1343 1446/1615/1340
f 437/1881/1568 436/1882/1569 1448/1620/1345 1447/1618/1343
f 436/1882/1569 435/1883/1570 1449/1622/1347 1448/1620/1345
f 435/1883/1570 434/1884/1571 1450/1624/1349 1449/1622/1347
f 434/1884/1571 433/1885/1572 1451/1626/1351 1450/1624/1349
f 433/1885/1572 432/1886/1573 1452/1628/1353 1451/1626/1351
f 432/1886/1573 431/1887/1574 1453/1888/1355 1452/1628/1353
f 431/1887/1574 430/1889/1575 1454/1890/1357 1453/1888/1355
f 430/1889/1575 429/1891/1576 1455/1892/1359 1454/1890/1357
f 429/1893/1576 428/1894/1577 1456/1638/1361 1455/1636/1359
f 428/1894/1577 427/1895/1578 1457/1640/1363 1456/1638/1361
f 427/1895/1578 426/1896/1579 1458/1642/1365 1457/1640/1363
f 426/1896/1579 425/1897/1580 1459/1644/1367 1458/1642/1365
f 425/1897/1580 233/672/458 350/674/460 1459/1644/1367
f 1459/1644/1367 350/674/460 351/749/521 1474/1645/1368
f 1474/1645/1368 351/749/521 352/748/520 1489/1669/1383
f 1489/1669/1383 352/748/520 353/747/519 1504/1687/1398
f 1504/1687/1398 353/747/519 354/746/518 1519/1704/1413
f 1519/1704/1413 354/746/518 355/745/517 1534/1720/1428
f 1534/1720/1428 355/745/517 356/744/516 1549/1737/1443
f 1549/1737/1443 356/744/516 357/743/515 1564/1753/1458
f 1564/1753/1458 357/743/515 358/742/514 1579/1770/1473
f 1579/1770/1473 358/742/514 359/741/513 1594/1786/1488
f 1594/1786/1488 359/741/513 360/740/512 1609/1802/1503
f 1609/1802/1503 360/740/512 361/739/511 1624/1818/1518
f 1624/1818/1518 361/739/511 362/738/510 1639/1834/1533
f 1639/1834/1533 362/738/510 363/737/509 1654/1850/1548
f 1654/1850/1548 363/737/509 364/735/507 1669/1876/1563
f 1669/1876/1563 364/735/507 235/736/508 455/992/763
f 1668/1875/1562 1669/1876/1563 455/992/763 456/1898/762
f 1667/1899/1561 1668/1900/1562 456/990/762 457/989/761
f 1666/1901/1560 1667/1899/1561 457/989/761 458/988/760
f 1665/1871/1559 1666/1901/1560 458/988/760 459/987/759
f 1664/1869/1558 1665/1871/1559 459/987/759 460/986/758
f 1663/1867/1557 1664/1869/1558 460/986/758 461/985/757
f 1662/1865/1556 1663/1867/1557 461/985/757 462/984/756
f 1661/1863/1555 1662/1865/1556 462/984/756 463/983/755
f 1660/1861/1554 1661/1863/1555 463/983/755 464/982/754
f 1659/1859/1553 1660/1861/1554 464/982/754 465/981/753
f 1658/1856/1552 1659/1859/1553 465/981/753 466/980/752
f 1657/1857/1551 1658/1856/1552 466/980/752 467/979/751
f 1656/1902/1549 1657/1857/1551 467/979/751 468/978/750
f 1655/1903/1550 1656/1902/1549 468/978/750 469/976/748
f 514/1904/1581 1655/1903/1550 469/976/748 243/975/747
f 513/1905/1582 1640/1836/1535 1655/1852/1550 514/1906/1581
f 512/1907/1583 1625/1820/1520 1640/1836/1535 513/1905/1582
f 511/1908/1584 1610/1804/1505 1625/1820/1520 512/1907/1583
f 510/1909/1585 1595/1788/1490 1610/1804/1505 511/1908/1584
f 509/1910/1586 1580/1772/1475 1595/1788/1490 510/1909/1585
f 508/1911/1587 1565/1755/1460 1580/1772/1475 509/1910/1586
f 507/1912/1588 1550/1739/1445 1565/1755/1460 508/1911/1587
f 506/1913/1589 1535/1722/1430 1550/1739/1445 507/1912/1588
f 505/1914/1590 1520/1706/1415 1535/1722/1430 506/1913/1589
f 504/1915/1591 1505/1689/1400 1520/1706/1415 505/1914/1590
f 503/1916/1592 1490/1671/1385 1505/1689/1400 504/1915/1591
f 502/1917/1593 1475/1649/1370 1490/1671/1385 503/1916/1592
f 501/1918/1594 1460/1646/1342 1475/1649/1370 502/1917/1593
f 500/1879/1566 1445/1614/1339 1460/1617/1342 501/1919/1594
f 1670/1920/1595 1671/1921/1596 1686/1922/1597 1685/1923/1598
f 1671/1921/1596 1672/1924/1599 1687/1925/1600 1686/1922/1597
f 1672/1924/1599 1673/1926/1601 1688/1927/1602 1687/1925/1600
f 1673/1926/1601 1674/1928/1603 1689/1929/1604 1688/1927/1602
f 1674/1928/1603 1675/1930/1605 1690/1931/1606 1689/1929/1604
f 1675/1930/1605 1676/1932/1607 1691/1933/1608 1690/1931/1606
f 1676/1932/1607 1677/1934/1609 1692/1935/1610 1691/1933/1608
f 1677/1934/1609 1678/1936/1611 1693/1937/1612 1692/1935/1610
f 1678/1936/1611 1679/1938/1613 1694/1939/1614 1693/1937/1612
f 1679/1938/1613 1680/1940/1615 1695/1941/1616 1694/1939/1614
f 1680/1940/1615 1681/1942/1617 1696/1943/1618 1695/1941/1616
f 1681/1942/1617 1682/1944/1619 1697/1945/1620 1696/1943/1618
f 1682/1944/1619 1683/1946/1621 1698/1947/1622 1697/1945/1620
f 1683/1946/1621 1684/1948/1623 1699/1949/1624 1698/1947/1622
f 1685/1923/1598 1686/1922/1597 1701/1950/1625 1700/1951/1626
f 1686/1922/1597 1687/1925/1600 1702/1952/1627 1701/1950/1625
f 1687/1925/1600 1688/1927/1602 1703/1953/1628 1702/1952/1627
f 1688/1927/1602 1689/1929/1604 1704/1954/1629 1703/1953/1628
f 1689/1929/1604 1690/1931/1606 1705/1955/1630 1704/1954/1629
f 1690/1931/1606 1691/1933/1608 1706/1956/1631 1705/1955/1630
f 1691/1933/1608 1692/1935/1610 1707/1957/1632 1706/1956/1631
f 1692/1935/1610 1693/1937/1612 1708/1958/1633 1707/1957/1632
f 1693/1937/1612 1694/1939/1614 1709/1959/1634 1708/1958/1633
f 1694/1939/1614 1695/1941/1616 1710/1960/1635 1709/1959/1634
f 1695/1941/1616 1696/1943/1618 1711/1961/1636 1710/1960/1635
f 1696/1943/1618 1697/1945/1620 1712/1962/1637 1711/1961/1636
f 1697/1945/1620 1698/1947/1622 1713/1963/1638 1712/1962/1637
f 1698/1947/1622 1699/1949/1624 1714/1964/1639 1713/1963/1638
f 1700/1951/1626 1701/1950/1625 1716/1965/1640 1715/1966/1641
f 1701/1950/1625 1702/1952/1627 1717/1967/1642 1716/1965/1640
f 1702/1952/1627 1703/1953/1628 1718/1968/1643 1717/1967/1642
f 1703/1953/1628 1704/1954/1629 1719/1969/1644 1718/1968/1643
f 1704/1954/1629 1705/1955/1630 1720/1970/1645 1719/1969/1644
f 1705/1955/1630 1706/1956/1631 1721/1971/1646 1720/1970/1645
f 1706/1956/1631 1707/1957/1632 1722/1972/1647 1721/1971/1646
f 1707/1957/1632 1708/1958/1633 1723/1973/1648 1722/1972/1647
f 1708/1958/1633 1709/1959/1634 1724/1974/1649 1723/1973/1648
f 1709/1959/1634 1710/1960/1635 1725/1975/1650 1724/1974/1649
f 1710/1960/1635 1711/1961/1636 1726/1976/1651 1725/1975/1650
f 1711/1961/1636 1712/1962/1637 1727/1977/1652 1726/1976/1651
f 1712/1962/1637 1713/1963/1638 1728/1978/1653 1727/1977/1652
f 1713/1963/1638 1714/1964/1639 1729/1979/1654 1728/1978/1653
f 1715/1966/1641 1716/1965/1640 1731/1980/1655 1730/1981/1656
f 1716/1965/1640 1717/1967/1642 1732/1982/1657 1731/1980/1655
f 1717/1967/1642 1718/1968/1643 1733/1983/1658 1732/1982/1657
f 1718/1968/1643 1719/1969/1644 1734/1984/1659 1733/1983/1658
f 1719/1969/1644 1720/1970/1645 1735/1985/1660 1734/1984/1659
f 1720/1970/1645 1721/1971/1646 1736/1986/1661 1735/1985/1660
f 1721/1971/1646 1722/1972/1647 1737/1987/1662 1736/1986/1661
f 1722/1972/1647 1723/1973/1648 1738/1988/1663 1737/1987/1662
f 1723/1973/1648 1724/1974/1649 1739/1989/1664 1738/1988/1663
f 1724/1974/1649 1725/1975/1650 1740/1990/1665 1739/1989/1664
f 1725/1975/1650 1726/1976/1651 1741/1991/1666 1740/1990/1665
f 1726/1976/1651 1727/1977/1652 1742/1992/1667 1741/1991/1666
f 1727/1977/1652 1728/1978/1653 1743/1993/1668 1742/1992/1667
f 1728/1978/1653 1729/1979/1654 1744/1994/1669 1743/1993/1668
f 1730/1981/1656 1731/1980/1655 1746/1995/1670 1745/1996/1671
f 1731/1980/1655 1732/1982/1657 1747/1997/1672 1746/1995/1670
f 1732/1982/1657 1733/1983/1658 1748/1998/1673 1747/1997/1672
f 1733/1983/1658 1734/1984/1659 1749/1999/1674 1748/1998/1673
f 1734/1984/1659 1735/1985/1660 1750/2000/1675 1749/1999/1674
f 1735/1985/1660 1736/1986/1661 1751/2001/1676 1750/2000/1675
f 1736/1986/1661 1737/1987/1662 1752/2002/1677 1751/2001/1676
f 1737/1987/1662 1738/1988/1663 1753/2003/1678 1752/2002/1677
f 1738/1988/1663 1739/1989/1664 1754/2004/1679 1753/2003/1678
f 1739/1989/1664 1740/1990/1665 1755/2005/1680 1754/2004/1679
f 1740/1990/1665 1741/1991/1666 1756/2006/1681 1755/2005/1680
f 1741/1991/1666 1742/1992/1667 1757/2007/1682 1756/2006/1681
f 1742/1992/1667 1743/1993/1668 1758/2008/1683 1757/2007/1682
f 1743/1993/1668 1744/1994/1669 1759/2009/1684 1758/2008/1683
f 1745/1996/1671 1746/1995/1670 1761/2010/1685 1760/2011/1686
f 1746/1995/1670 1747/1997/1672 1762/2012/1687 1761/2010/1685
f 1747/1997/1672 1748/1998/1673 1763/2013/1688 1762/2012/1687
f 1748/1998/1673 1749/1999/1674 1764/2014/1689 1763/2013/1688
f 1749/1999/1674 1750/2000/1675 1765/2015/1690 1764/2014/1689
f 1750/2000/1675 1751/2001/1676 1766/2016/1691 1765/2015/1690
f 1751/2001/1676 1752/2002/1677 1767/2017/1692 1766/2016/1691
f 1752/2002/1677 1753/2003/1678 1768/2018/1693 1767/2017/1692
f 1753/2003/1678 1754/2004/1679 1769/2019/1694 1768/2018/1693
f 1754/2004/1679 1755/2005/1680 1770/2020/1695 1769/2019/1694
f 1755/2005/1680 1756/2006/1681 1771/2021/1696 1770/2020/1695
f 1756/2006/1681 1757/2007/1682 1772/2022/1697 1771/2021/1696
f 1757/2007/1682 1758/2008/1683 1773/2023/1698 1772/2022/1697
f 1758/2008/1683 1759/2009/1684 1774/2024/1699 1773/2023/1698
f 1760/2011/1686 1761/2010/1685 1776/2025/1700 1775/2026/1701
f 1761/2010/1685 1762/2012/1687 1777/2027/1702 1776/2025/1700
f 1762/2012/1687 1763/2013/1688 1778/2028/1703 1777/2027/1702
f 1763/2013/1688 1764/2014/1689 1779/2029/1704 1778/2028/1703
f 1764/2014/1689 1765/2015/1690 1780/2030/1705 1779/2029/1704
f 1765/2015/1690 1766/2016/1691 1781/2031/1706 1780/2030/1705
f 1766/2016/1691 1767/2017/1692 1782/2032/1707 1781/2031/1706
f 1767/2017/1692 1768/2018/1693 1783/2033/1708 1782/2032/1707
f 1768/2018/1693 1769/2019/1694 1784/2034/1709 1783/2033/1708
f 1769/2019/1694 1770/2020/1695 1785/2035/1710 1784/2034/1709
f 1770/2020/1695 1771/2021/1696 1786/2036/1711 1785/2035/1710
f 1771/2021/1696 1772/2022/1697 1787/2037/1712 1786/2036/1711
f 1772/2022/1697 1773/2023/1698 1788/2038/1713 1787/2037/1712
f 1773/2023/1698 1774/2024/1699 1789/2039/1714 1788/2038/1713
f 1775/2026/1701 1776/2025/1700 1791/2040/1715 1790/2041/1716
f 1776/2025/1700 1777/2027/1702 1792/2042/1717 1791/2040/1715
f 1777/2027/1702 1778/2028/1703 1793/2043/1718 1792/2042/1717
f 1778/2028/1703 1779/2029/1704 1794/2044/1719 1793/2043/1718
f 1779/2029/1704 1780/2030/1705 1795/2045/1720 1794/2044/1719
f 1780/2030/1705 1781/2031/1706 1796/2046/1721 1795/2045/1720
f 1781/2031/1706 1782/2032/1707 1797/2047/1722 1796/2046/1721
f 1782/2032/1707 1783/2033/1708 1798/2048/1723 1797/2047/1722
f 1783/2033/1708 1784/2034/1709 1799/2049/1724 1798/2048/1723
f 1784/2034/1709 1785/2035/1710 1800/2050/1725 1799/2049/1724
f 1785/2035/1710 1786/2036/1711 1801/2051/1726 1800/2050/1725
f 1786/2036/1711 1787/2037/1712 1802/2052/1727 1801/2051/1726
f 1787/2037/1712 1788/2038/1713 1803/2053/1728 1802/2052/1727
f 1788/2038/1713 1789/2039/1714 1804/2054/1729 1803/2053/1728
f 1790/2041/1716 1791/2040/1715 1806/2055/1730 1805/2056/1731
f 1791/2040/1715 1792/2042/1717 1807/2057/1732 1806/2055/1730
f 1792/2042/1717 1793/2043/1718 1808/2058/1733 1807/2057/1732
f 1793/2043/1718 1794/2044/1719 1809/2059/1734 1808/2058/1733
f 1794/2044/1719 1795/2045/1720 1810/2060/1735 1809/2059/1734
f 1795/2045/1720 1796/2046/1721 1811/2061/1736 1810/2060/1735
f 1796/2046/1721 1797/2047/1722 1812/2062/1737 1811/2061/1736
f 1797/2047/1722 1798/2048/1723 1813/2063/1738 1812/2062/1737
f 1798/2048/1723 1799/2049/1724 1814/2064/1739 1813/2063/1738
f 1799/2049/1724 1800/2050/1725 1815/2065/1740 1814/2064/1739
f 1800/2050/1725 1801/2051/1726 1816/2066/1741 1815/2065/1740
f 1801/2051/1726 1802/2052/1727 1817/2067/1742 1816/2066/1741
f 1802/2052/1727 1803/2053/1728 1818/2068/1743 1817/2067/1742
f 1803/2053/1728 1804/2054/1729 1819/2069/1744 1818/2068/1743
f 1805/2056/1731 1806/2055/1730 1821/2070/1745 1820/2071/1746
f 1806/2055/1730 1807/2057/1732 1822/2072/1747 1821/2070/1745
f 1807/2057/1732 1808/2058/1733 1823/2073/1748 1822/2072/1747
f 1808/2058/1733 1809/2059/1734 1824/2074/1749 1823/2073/1748
f 1809/2059/1734 1810/2060/1735 1825/2075/1750 1824/2074/1749
f 1810/2060/1735 1811/2061/1736 1826/2076/1751 1825/2075/1750
f 1811/2061/1736 1812/2062/1737 1827/2077/1752 1826/2076/1751
f 1812/2062/1737 1813/2063/1738 1828/2078/1753 1827/2077/1752
f 1813/2063/1738 1814/2064/1739 1829/2079/1754 1828/2078/1753
f 1814/2064/1739 1815/2065/1740 1830/2080/1755 1829/2079/1754
f 1815/2065/1740 1816/2066/1741 1831/2081/1756 1830/2080/1755
f 1816/2066/1741 1817/2067/1742 1832/2082/1757 1831/2081/1756
f 1817/2067/1742 1818/2068/1743 1833/2083/1758 1832/2082/1757
f 1818/2068/1743 1819/2069/1744 1834/2084/1759 1833/2083/1758
f 1820/2071/1746 1821/2070/1745 1836/2085/1760 1835/2086/1761
f 1821/2070/1745 1822/2072/1747 1837/2087/1762 1836/2085/1760
f 1822/2072/1747 1823/2073/1748 1838/2088/1763 1837/2087/1762
f 1823/2073/1748 1824/2074/1749 1839/2089/1764 1838/2088/1763
f 1824/2074/1749 1825/2075/1750 1840/2090/1765 1839/2089/1764
f 1825/2075/1750 1826/2076/1751 1841/2091/1766 1840/2090/1765
f 1826/2076/1751 1827/2077/1752 1842/2092/1767 1841/2091/1766
f 1827/2077/1752 1828/2078/1753 1843/2093/1768 1842/2092/1767
f 1828/2078/1753 1829/2079/1754 1844/2094/1769 1843/2093/1768
f 1829/2079/1754 1830/2080/1755 1845/2095/1770 1844/2094/1769
f 1830/2080/1755 1831/2081/1756 1846/2096/1771 1845/2095/1770
f 1831/2081/1756 1832/2082/1757 1847/2097/1772 1846/2096/1771
f 1832/2082/1757 1833/2083/1758 1848/2098/1773 1847/2097/1772
f 1833/2083/1758 1834/2084/1759 1849/2099/1774 1848/2098/1773
f 1835/2086/1761 1836/2085/1760 1851/2100/1775 1850/2101/1776
f 1836/2085/1760 1837/2087/1762 1852/2102/1777 1851/2100/1775
f 1837/2087/1762 1838/2088/1763 1853/2103/1778 1852/2102/1777
f 1838/2088/1763 1839/2089/1764 1854/2104/1779 1853/2103/1778
f 1839/2089/1764 1840/2090/1765 1855/2105/1780 1854/2104/1779
f 1840/2090/1765 1841/2091/1766 1856/2106/1781 1855/2105/1780
f 1841/2091/1766 1842/2092/1767 1857/2107/1782 1856/2106/1781
f 1842/2092/1767 1843/2093/1768 1858/2108/1783 1857/2107/1782
f 1843/2093/1768 1844/2094/1769 1859/2109/1784 1858/2108/1783
f 1844/2094/1769 1845/2095/1770 1860/2110/1785 1859/2109/1784
f 1845/2095/1770 1846/2096/1771 1861/2111/1786 1860/2110/1785
f 1846/2096/1771 1847/2097/1772 1862/2112/1787 1861/2111/1786
f 1847/2097/1772 1848/2098/1773 1863/2113/1788 1862/2112/1787
f 1848/2098/1773 1849/2099/1774 1864/2114/1789 1863/2113/1788
f 1850/2101/1776 1851/2100/1775 1866/2115/1790 1865/2116/1791
f 1851/2100/1775 1852/2102/1777 1867/2117/1792 1866/2115/1790
f 1852/2102/1777 1853/2103/1778 1868/2118/1793 1867/2117/1792
f 1853/2103/1778 1854/2104/1779 1869/2119/1794 1868/2118/1793
f 1854/2104/1779 1855/2105/1780 1870/2120/1795 1869/2119/1794
f 1855/2105/1780 1856/2106/1781 1871/2121/1796 1870/2120/1795
f 1856/2106/1781 1857/2107/1782 1872/2122/1797 1871/2121/1796
f 1857/2107/1782 1858/2108/1783 1873/2123/1798 1872/2122/1797
f 1858/2108/1783 1859/2109/1784 1874/2124/1799 1873/2123/1798
f 1859/2109/1784 1860/2110/1785 1875/2125/1800 1874/2124/1799
f 1860/2110/1785 1861/2111/1786 1876/2126/1801 1875/2125/1800
f 1861/2111/1786 1862/2112/1787 1877/2127/1802 1876/2126/1801
f 1862/2112/1787 1863/2113/1788 1878/2128/1803 1877/2127/1802
f 1863/2113/1788 1864/2114/1789 1879/2129/1804 1878/2128/1803
f 1865/2116/1791 1866/2115/1790 1881/2130/1805 1880/2131/1806
f 1866/2115/1790 1867/2117/1792 1882/2132/1807 1881/2130/1805
f 1867/2117/1792 1868/2118/1793 1883/2133/1808 1882/2132/1807
f 1868/2118/1793 1869/2119/1794 1884/2134/1809 1883/2133/1808
f 1869/2119/1794 1870/2120/1795 1885/2135/1810 1884/2134/1809
f 1870/2120/1795 1871/2121/1796 1886/2136/1811 1885/2135/1810
f 1871/2121/1796 1872/2122/1797 1887/2137/1812 1886/2136/1811
f 1872/2122/1797 1873/2123/1798 1888/2138/1813 1887/2137/1812
f 1873/2123/1798 1874/2124/1799 1889/2139/1814 1888/2138/1813
f 1874/2124/1799 1875/2125/1800 1890/2140/1815 1889/2139/1814
f 1875/2125/1800 1876/2126/1801 1891/2141/1816 1890/2140/1815
f 1876/2126/1801 1877/2127/1802 1892/2142/1817 1891/2141/1816
f 1877/2127/1802 1878/2128/1803 1893/2143/1818 1892/2142/1817
f 1878/2144/1803 1879/2145/1804 1894/2146/1819 1893/2147/1818
f 244/2148/1036 484/2149/1034 1670/1920/1595 485/2150/1820
f 484/2149/1034 483/2151/1033 1671/1921/1596 1670/1920/1595
f 483/2151/1033 482/2152/1032 1672/1924/1599 1671/1921/1596
f 482/2152/1032 481/2153/1031 1673/1926/1601 1672/1924/1599
f 481/2153/1031 480/2154/1030 1674/1928/1603 1673/1926/1601
f 480/2154/1030 479/2155/1029 1675/1930/1605 1674/1928/1603
f 479/2155/1029 478/2156/1028 1676/1932/1607 1675/1930/1605
f 478/2156/1028 477/2157/1027 1677/1934/1609 1676/1932/1607
f 477/2157/1027 476/2158/1026 1678/1936/1611 1677/1934/1609
f 476/2158/1026 475/2159/1025 1679/1938/1613 1678/1936/1611
f 475/2159/1025 474/2160/1024 1680/1940/1615 1679/1938/1613
f 474/2160/1024 473/2161/1023 1681/1942/1617 1680/1940/1615
f 473/2161/1023 472/2162/1022 1682/1944/1619 1681/1942/1617
f 472/1269/1022 471/1268/1021 1683/2163/1621 1682/2164/1619
f 471/1268/1021 470/1267/1020 1684/2165/1623 1683/2163/1621
f 470/1267/1020 237/697/475 395/696/474 1684/2165/1623
f 1684/1948/1623 395/2166/474 396/693/473 1699/1949/1624
f 1699/1949/1624 396/693/473 397/691/472 1714/1964/1639
f 1714/1964/1639 397/691/472 398/689/471 1729/1979/1654
f 1729/1979/1654 398/689/471 399/687/470 1744/1994/1669
f 1744/1994/1669 399/687/470 400/684/469 1759/2009/1684
f 1759/2009/1684 400/684/469 401/683/468 1774/2024/1699
f 1774/2024/1699 401/683/468 402/2167/467 1789/2039/1714
f 1789/2039/1714 402/2167/467 403/2168/466 1804/2054/1729
f 1804/2054/1729 403/2168/466 404/2169/465 1819/2069/1744
f 1819/2069/1744 404/2169/465 405/2170/464 1834/2084/1759
f 1834/2171/1759 405/678/464 406/677/463 1849/2172/1774
f 1849/2172/1774 406/677/463 407/676/462 1864/2173/1789
f 1864/2173/1789 407/676/462 408/675/461 1879/2145/1804
f 1879/2145/1804 408/675/461 409/673/459 1894/2146/1819
f 1894/2146/1819 409/673/459 233/672/458 425/1897/1580
f 1893/2147/1818 1894/2146/1819 425/1897/1580 426/1896/1579
f 1892/2174/1817 1893/2147/1818 426/1896/1579 427/1895/1578
f 1891/2141/1816 1892/2142/1817 427/2175/1578 428/2176/1577
f 1890/2140/1815 1891/2141/1816 428/2176/1577 429/1891/1576
f 1889/2139/1814 1890/2140/1815 429/1891/1576 430/1889/1575
f 1888/2138/1813 1889/2139/1814 430/1889/1575 431/1887/1574
f 1887/2137/1812 1888/2138/1813 431/1887/1574 432/1886/1573
f 1886/2136/1811 1887/2137/1812 432/1886/1573 433/1885/1572
f 1885/2135/1810 1886/2136/1811 433/1885/1572 434/1884/1571
f 1884/2134/1809 1885/2135/1810 434/1884/1571 435/1883/1570
f 1883/2133/1808 1884/2134/1809 435/1883/1570 436/1882/1569
f 1882/2132/1807 1883/2133/1808 436/1882/1569 437/1881/1568
f 1881/2130/1805 1882/2132/1807 437/1881/1568 438/1880/1567
f 1880/2131/1806 1881/2130/1805 438/1880/1567 439/1878/1565
f 499/2177/1821 1880/2131/1806 439/1878/1565 241/1877/1564
f 498/2178/1822 1865/2116/1791 1880/2131/1806 499/2177/1821
f 497/2179/1823 1850/2101/1776 1865/2116/1791 498/2178/1822
f 496/2180/1824 1835/2086/1761 1850/2101/1776 497/2179/1823
f 495/2181/1825 1820/2071/1746 1835/2086/1761 496/2180/1824
f 494/2182/1826 1805/2056/1731 1820/2071/1746 495/2181/1825
f 493/2183/1827 1790/2041/1716 1805/2056/1731 494/2182/1826
f 492/2184/1828 1775/2026/1701 1790/2041/1716 493/2183/1827
f 491/2185/1829 1760/2011/1686 1775/2026/1701 492/2184/1828
f 490/2186/1830 1745/1996/1671 1760/2011/1686 491/2185/1829
f 489/2187/1831 1730/1981/1656 1745/1996/1671 490/2186/1830
f 488/2188/1832 1715/1966/1641 1730/1981/1656 489/2187/1831
f 487/2189/1833 1700/1951/1626 1715/1966/1641 488/2188/1832
f 486/2190/1834 1685/1923/1598 1700/1951/1626 487/2189/1833
f 485/2150/1820 1670/1920/1595 1685/1923/1598 486/2190/1834
f 1895/2191/1835 1896/2192/1836 1911/2193/1837 1910/2194/1838
f 1896/2192/1836 1897/2195/1839 1912/2196/1840 1911/2193/1837
f 1897/2195/1839 1898/2197/1841 1913/2198/1842 1912/2196/1840
f 1898/2197/1841 1899/2199/1843 1914/2200/1844 1913/2198/1842
f 1899/2199/1843 1900/2201/1845 1915/2202/1846 1914/2200/1844
f 1900/2201/1845 1901/2203/1847 1916/2204/1848 1915/2202/1846
f 1901/2203/1847 1902/2205/1849 1917/2206/1850 1916/2204/1848
f 1902/2205/1849 1903/2207/1851 1918/2208/1852 1917/2206/1850
f 1903/2207/1851 1904/2209/1853 1919/2210/1854 1918/2208/1852
f 1904/2209/1853 1905/2211/1855 1920/2212/1856 1919/2210/1854
f 1905/2211/1855 1906/2213/1857 1921/2214/1858 1920/2212/1856
f 1906/2213/1857 1907/2215/1859 1922/2216/1860 1921/2214/1858
f 1907/2215/1859 1908/2217/1861 1923/2218/1862 1922/2216/1860
f 1908/2217/1861 1909/2219/1863 1924/2220/1864 1923/2218/1862
f 1910/2194/1838 1911/2193/1837 1926/2221/1865 1925/2222/1866
f 1911/2193/1837 1912/2196/1840 1927/2223/1867 1926/2221/1865
f 1912/2196/1840 1913/2198/1842 1928/2224/1868 1927/2223/1867
f 1913/2198/1842 1914/2200/1844 1929/2225/1869 1928/2224/1868
f 1914/2200/1844 1915/2202/1846 1930/2226/1870 1929/2225/1869
f 1915/2202/1846 1916/2204/1848 1931/2227/1871 1930/2226/1870
f 1916/2204/1848 1917/2206/1850 1932/2228/1872 1931/2227/1871
f 1917/2206/1850 1918/2208/1852 1933/2229/1873 1932/2228/1872
f 1918/2208/1852 1919/2210/1854 1934/2230/1874 1933/2229/1873
f 1919/2210/1854 1920/2212/1856 1935/2231/1875 1934/2230/1874
f 1920/2212/1856 1921/2214/1858 1936/2232/1876 1935/2231/1875
f 1921/2214/1858 1922/2216/1860 1937/2233/1877 1936/2232/1876
f 1922/2216/1860 1923/2218/1862 1938/2234/1878 1937/2233/1877
f 1923/2218/1862 1924/2220/1864 1939/2235/1879 1938/2234/1878
f 1925/2222/1866 1926/2221/1865 1941/2236/1880 1940/2237/1881
f 1926/2221/1865 1927/2223/1867 1942/2238/1882 1941/2236/1880
f 1927/2223/1867 1928/2224/1868 1943/2239/1883 1942/2238/1882
f 1928/2224/1868 1929/2225/1869 1944/2240/1884 1943/2239/1883
f 1929/2225/1869 1930/2226/1870 1945/2241/1885 1944/2240/1884
f 1930/2226/1870 1931/2227/1871 1946/2242/1886 1945/2241/1885
f 1931/2227/1871 1932/2228/1872 1947/2243/1887 1946/2242/1886
f 1932/2228/1872 1933/2229/1873 1948/2244/1888 1947/2243/1887
f 1933/2229/1873 1934/2230/1874 1949/2245/1889 1948/2244/1888
f 1934/2230/1874 1935/2231/1875 1950/2246/1890 1949/2245/1889
f 1935/2231/1875 1936/2232/1876 1951/2247/1891 1950/2246/1890
f 1936/2232/1876 1937/2233/1877 1952/2248/1892 1951/2247/1891
f 1937/2233/1877 1938/2234/1878 1953/2249/1893 1952/2248/1892
f 1938/2234/1878 1939/2235/1879 1954/2250/1894 1953/2249/1893
f 1940/2237/1881 1941/2236/1880 1956/2251/1895 1955/2252/1896
f 1941/2236/1880 1942/2238/1882 1957/2253/1897 1956/2251/1895
f 1942/2238/1882 1943/2239/1883 1958/2254/1898 1957/2253/1897
f 1943/2239/1883 1944/2240/1884 1959/2255/1899 1958/2254/1898
f 1944/2240/1884 1945/2241/1885 1960/2256/1900 1959/2255/1899
f 1945/2241/1885 1946/2242/1886 1961/2257/1901 1960/2256/1900
f 1946/2242/1886 1947/2243/1887 1962/2258/1902 1961/2257/1901
f 1947/2243/1887 1948/2244/1888 1963/2259/1903 1962/2258/1902
f 1948/2244/1888 1949/2245/1889 1964/2260/1904 1963/2259/1903
f 1949/2245/1889 1950/2246/1890 1965/2261/1905 1964/2260/1904
f 1950/2246/1890 1951/2247/1891 1966/2262/1906 1965/2261/1905
f 1951/2247/1891 1952/2248/1892 1967/2263/1907 1966/2262/1906
f 1952/2248/1892 1953/2249/1893 1968/2264/1908 1967/2263/1907
f 1953/2249/1893 1954/2250/1894 1969/2265/1909 1968/2264/1908
f 1955/2252/1896 1956/2251/1895 1971/2266/1910 1970/2267/1911
f 1956/2251/1895 1957/2253/1897 1972/2268/1912 1971/2266/1910
f 1957/2253/1897 1958/2254/1898 1973/2269/1913 1972/2268/1912
f 1958/2254/1898 1959/2255/1899 1974/2270/1914 1973/2269/1913
f 1959/2255/1899 1960/2256/1900 1975/2271/1915 1974/2270/1914
f 1960/2256/1900 1961/2257/1901 1976/2272/1916 1975/2271/1915
f 1961/2257/1901 1962/2258/1902 1977/2273/1917 1976/2272/1916
f 1962/2258/1902 1963/2259/1903 1978/2274/1918 1977/2273/1917
f 1963/2259/1903 1964/2260/1904 1979/2275/1919 1978/2274/1918
f 1964/2260/1904 1965/2261/1905 1980/2276/1920 1979/2275/1919
f 1965/2261/1905 1966/2262/1906 1981/2277/1921 1980/2276/1920
f 1966/2262/1906 1967/2263/1907 1982/2278/1922 1981/2277/1921
f 1967/2263/1907 1968/2264/1908 1983/2279/1923 1982/2278/1922
f 1968/2264/1908 1969/2265/1909 1984/2280/1924 1983/2279/1923
f 1970/2267/1911 1971/2266/1910 1986/2281/1925 1985/2282/1926
f 1971/2266/1910 1972/2268/1912 1987/2283/1927 1986/2281/1925
f 1972/2268/1912 1973/2269/1913 1988/2284/1928 1987/2283/1927
f 1973/2269/1913 1974/2270/1914 1989/2285/1929 1988/2284/1928
f 1974/2270/1914 1975/2271/1915 1990/2286/1930 1989/2285/1929
f 1975/2271/1915 1976/2272/1916 1991/2287/1931 1990/2286/1930
f 1976/2272/1916 1977/2273/1917 1992/2288/1932 1991/2287/1931
f 1977/2273/1917 1978/2274/1918 1993/2289/1933 1992/2288/1932
f 1978/2274/1918 1979/2275/1919 1994/2290/1934 1993/2289/1933
f 1979/2275/1919 1980/2276/1920 1995/2291/1935 1994/2290/1934
f 1980/2276/1920 1981/2277/1921 1996/2292/1936 1995/2291/1935
f 1981/2277/1921 1982/2278/1922 1997/2293/1937 1996/2292/1936
f 1982/2278/1922 1983/2279/1923 1998/2294/1938 1997/2293/1937
f 1983/2279/1923 1984/2280/1924 1999/2295/1939 1998/2294/1938
f 1985/2282/1926 1986/2281/1925 2001/2296/1940 2000/2297/1941
f 1986/2281/1925 1987/2283/1927 2002/2298/1942 2001/2296/1940
f 1987/2283/1927 1988/2284/1928 2003/2299/1943 2002/2298/1942
f 1988/2284/1928 1989/2285/1929 2004/2300/1944 2003/2299/1943
f 1989/2285/1929 1990/2286/1930 2005/2301/1945 2004/2300/1944
f 1990/2286/1930 1991/2287/1931 2006/2302/1946 2005/2301/1945
f 1991/2287/1931 1992/2288/1932 2007/2303/1947 2006/2302/1946
f 1992/2288/1932 1993/2289/1933 2008/2304/1948 2007/2303/1947
f 1993/2289/1933 1994/2290/1934 2009/2305/1949 2008/2304/1948
f 1994/2290/1934 1995/2291/1935 2010/2306/1950 2009/2305/1949
f 1995/2291/1935 1996/2292/1936 2011/2307/1951 2010/2306/1950
f 1996/2292/1936 1997/2293/1937 2012/2308/1952 2011/2307/1951
f 1997/2293/1937 1998/2294/1938 2013/2309/1953 2012/2308/1952
f 1998/2294/1938 1999/2295/1939 2014/2310/1954 2013/2309/1953
f 2000/2297/1941 2001/2296/1940 2016/2311/1955 2015/2312/1956
f 2001/2296/1940 2002/2298/1942 2017/2313/1957 2016/2311/1955
f 2002/2298/1942 2003/2299/1943 2018/2314/1958 2017/2313/1957
f 2003/2299/1943 2004/2300/1944 2019/2315/1959 2018/2314/1958
f 2004/2300/1944 2005/2301/1945 2020/2316/1960 2019/2315/1959
f 2005/2301/1945 2006/2302/1946 2021/2317/1961 2020/2316/1960
f 2006/2302/1946 2007/2303/1947 2022/2318/1962 2021/2317/1961
f 2007/2303/1947 2008/2304/1948 2023/2319/1963 2022/2318/1962
f 2008/2304/1948 2009/2305/1949 2024/2320/1964 2023/2319/1963
f 2009/2305/1949 2010/2306/1950 2025/2321/1965 2024/2320/1964
f 2010/2306/1950 2011/2307/1951 2026/2322/1966 2025/2321/1965
f 2011/2307/1951 2012/2308/1952 2027/2323/1967 2026/2322/1966
f 2012/2308/1952 2013/2309/1953 2028/2324/1968 2027/2323/1967
f 2013/2309/1953 2014/2310/1954 2029/2325/1969 2028/2324/1968
f 2015/2312/1956 2016/2311/1955 2031/2326/1970 2030/2327/1971
f 2016/2311/1955 2017/2313/1957 2032/2328/1972 2031/2326/1970
f 2017/2313/1957 2018/2314/1958 2033/2329/1973 2032/2328/1972
f 2018/2314/1958 2019/2315/1959 2034/2330/1974 2033/2329/1973
f 2019/2315/1959 2020/2316/1960 2035/2331/1975 2034/2330/1974
f 2020/2316/1960 2021/2317/1961 2036/2332/1976 2035/2331/1975
f 2021/2317/1961 2022/2318/1962 2037/2333/1977 2036/2332/1976
f 2022/2318/1962 2023/2319/1963 2038/2334/1978 2037/2333/1977
f 2023/2319/1963 2024/2320/1964 2039/2335/1979 2038/2334/1978
f 2024/2320/1964 2025/2321/1965 2040/2336/1980 2039/2335/1979
f 2025/2321/1965 2026/2322/1966 2041/2337/1981 2040/2336/1980
f 2026/2322/1966 2027/2323/1967 2042/2338/1982 2041/2337/1981
f 2027/2323/1967 2028/2324/1968 2043/2339/1983 2042/2338/1982
f 2028/2324/1968 2029/2325/1969 2044/2340/1984 2043/2339/1983
f 2030/2327/1971 2031/2326/1970 2046/2341/1985 2045/2342/1986
f 2031/2326/1970 2032/2328/1972 2047/2343/1987 2046/2341/1985
f 2032/2328/1972 2033/2329/1973 2048/2344/1988 2047/2343/1987
f 2033/2329/1973 2034/2330/1974 2049/2345/1989 2048/2344/1988
f 2034/2330/1974 2035/2331/1975 2050/2346/1990 2049/2345/1989
f 2035/2331/1975 2036/2332/1976 2051/2347/1991 2050/2346/1990
f 2036/2332/1976 2037/2333/1977 2052/2348/1992 2051/2347/1991
f 2037/2333/1977 2038/2334/1978 2053/2349/1993 2052/2348/1992
f 2038/2334/1978 2039/2335/1979 2054/2350/1994 2053/2349/1993
f 2039/2335/1979 2040/2336/1980 2055/2351/1995 2054/2350/1994
f 2040/2336/1980 2041/2337/1981 2056/2352/1996 2055/2351/1995
f 2041/2337/1981 2042/2338/1982 2057/2353/1997 2056/2352/1996
f 2042/2338/1982 2043/2339/1983 2058/2354/1998 2057/2353/1997
f 2043/2339/1983 2044/2340/1984 2059/2355/1999 2058/2354/1998
f 2045/2342/1986 2046/2341/1985 2061/2356/2000 2060/2357/2001
f 2046/2341/1985 2047/2343/1987 2062/2358/2002 2061/2356/2000
f 2047/2343/1987 2048/2344/1988 2063/2359/2003 2062/2358/2002
f 2048/2344/1988 2049/2345/1989 2064/2360/2004 2063/2359/2003
f 2049/2345/1989 2050/2346/1990 2065/2361/2005 2064/2360/2004
f 2050/2346/1990 2051/2347/1991 2066/2362/2006 2065/2361/2005
f 2051/2347/1991 2052/2348/1992 2067/2363/2007 2066/2362/2006
f 2052/2348/1992 2053/2349/1993 2068/2364/2008 2067/2363/2007
f 2053/2349/1993 2054/2350/1994 2069/2365/2009 2068/2364/2008
f 2054/2350/1994 2055/2351/1995 2070/2366/2010 2069/2365/2009
f 2055/2351/1995 2056/2352/1996 2071/2367/2011 2070/2366/2010
f 2056/2352/1996 2057/2353/1997 2072/2368/2012 2071/2367/2011
f 2057/2353/1997 2058/2354/1998 2073/2369/2013 2072/2368/2012
f 2058/2354/1998 2059/2355/1999 2074/2370/2014 2073/2369/2013
f 2060/2357/2001 2061/2356/2000 2076/2371/2015 2075/2372/2016
f 2061/2356/2000 2062/2358/2002 2077/2373/2017 2076/2371/2015
f 2062/2358/2002 2063/2359/2003 2078/2374/2018 2077/2373/2017
f 2063/2359/2003 2064/2360/2004 2079/2375/2019 2078/2374/2018
f 2064/2360/2004 2065/2361/2005 2080/2376/2020 2079/2375/2019
f 2065/2361/2005 2066/2362/2006 2081/2377/2021 2080/2376/2020
f 2066/2362/2006 2067/2363/2007 2082/2378/2022 2081/2377/2021
f 2067/2363/2007 2068/2364/2008 2083/2379/2023 2082/2378/2022
f 2068/2364/2008 2069/2365/2009 2084/2380/2024 2083/2379/2023
f 2069/2365/2009 2070/2366/2010 2085/2381/2025 2084/2380/2024
f 2070/2366/2010 2071/2367/2011 2086/2382/2026 2085/2381/2025
f 2071/2367/2011 2072/2368/2012 2087/2383/2027 2086/2382/2026
f 2072/2368/2012 2073/2369/2013 2088/2384/2028 2087/2383/2027
f 2073/2369/2013 2074/2370/2014 2089/2385/2029 2088/2384/2028
f 2075/2372/2016 2076/2371/2015 2091/2386/2030 2090/2387/2031
f 2076/2371/2015 2077/2373/2017 2092/2388/2032 2091/2386/2030
f 2077/2373/2017 2078/2374/2018 2093/2389/2033 2092/2388/2032
f 2078/2374/2018 2079/2375/2019 2094/2390/2034 2093/2389/2033
f 2079/2375/2019 2080/2376/2020 2095/2391/2035 2094/2390/2034
f 2080/2376/2020 2081/2377/2021 2096/2392/2036 2095/2391/2035
f 2081/2377/2021 2082/2378/2022 2097/2393/2037 2096/2392/2036
f 2082/2378/2022 2083/2379/2023 2098/2394/2038 2097/2393/2037
f 2083/2379/2023 2084/2380/2024 2099/2395/2039 2098/2394/2038
f 2084/2380/2024 2085/2381/2025 2100/2396/2040 2099/2395/2039
f 2085/2381/2025 2086/2382/2026 2101/2397/2041 2100/2396/2040
f 2086/2382/2026 2087/2383/2027 2102/2398/2042 2101/2397/2041
f 2087/2383/2027 2088/2384/2028 2103/2399/2043 2102/2398/2042
f 2088/2384/2028 2089/2385/2029 2104/2400/2044 2103/2399/2043
f 2090/2387/2031 2091/2386/2030 2106/2401/2045 2105/2402/2046
f 2091/2386/2030 2092/2388/2032 2107/2403/2047 2106/2401/2045
f 2092/2388/2032 2093/2389/2033 2108/2404/2048 2107/2403/2047
f 2093/2389/2033 2094/2390/2034 2109/2405/2049 2108/2404/2048
f 2094/2390/2034 2095/2391/2035 2110/2406/2050 2109/2405/2049
f 2095/2391/2035 2096/2392/2036 2111/2407/2051 2110/2406/2050
f 2096/2392/2036 2097/2393/2037 2112/2408/2052 2111/2407/2051
f 2097/2393/2037 2098/2394/2038 2113/2409/2053 2112/2408/2052
f 2098/2394/2038 2099/2395/2039 2114/2410/2054 2113/2409/2053
f 2099/2395/2039 2100/2396/2040 2115/2411/2055 2114/2410/2054
f 2100/2396/2040 2101/2397/2041 2116/2412/2056 2115/2411/2055
f 2101/2397/2041 2102/2398/2042 2117/2413/2057 2116/2412/2056
f 2102/2398/2042 2103/2399/2043 2118/2414/2058 2117/2413/2057
f 2103/2399/2043 2104/2400/2044 2119/2415/2059 2118/2414/2058
f 238/1541/1275 334/2416/2060 1895/2417/1835 274/1542/1276
f 334/2418/2060 333/2419/2061 1896/2192/1836 1895/2191/1835
f 333/2419/2061 332/2420/2062 1897/2195/1839 1896/2192/1836
f 332/2420/2062 331/2421/2063 1898/2197/1841 1897/2195/1839
f 331/2421/2063 330/2422/2064 1899/2199/1843 1898/2197/1841
f 330/2422/2064 329/2423/2065 1900/2201/1845 1899/2199/1843
f 329/2423/2065 328/2424/2066 1901/2203/1847 1900/2201/1845
f 328/2424/2066 327/2425/2067 1902/2205/1849 1901/2203/1847
f 327/2425/2067 326/2426/2068 1903/2207/1851 1902/2205/1849
f 326/2426/2068 325/2427/2069 1904/2209/1853 1903/2207/1851
f 325/2427/2069 324/2428/2070 1905/2211/1855 1904/2209/1853
f 324/2428/2070 323/2429/2071 1906/2213/1857 1905/2211/1855
f 323/2429/2071 322/2430/2072 1907/2215/1859 1906/2213/1857
f 322/2430/2072 321/2431/2073 1908/2217/1861 1907/2215/1859
f 321/2431/2073 320/2432/2074 1909/2219/1863 1908/2217/1861
f 320/2432/2074 244/2148/1036 485/2150/1820 1909/2219/1863
f 1909/2219/1863 485/2150/1820 486/2190/1834 1924/2220/1864
f 1924/2220/1864 486/2190/1834 487/2189/1833 1939/2235/1879
f 1939/2235/1879 487/2189/1833 488/2188/1832 1954/2250/1894
f 1954/2250/1894 488/2188/1832 489/2187/1831 1969/2265/1909
f 1969/2265/1909 489/2187/1831 490/2186/1830 1984/2280/1924
f 1984/2280/1924 490/2186/1830 491/2185/1829 1999/2295/1939
f 1999/2295/1939 491/2185/1829 492/2184/1828 2014/2310/1954
f 2014/2310/1954 492/2184/1828 493/2183/1827 2029/2325/1969
f 2029/2325/1969 493/2183/1827 494/2182/1826 2044/2340/1984
f 2044/2340/1984 494/2182/1826 495/2181/1825 2059/2355/1999
f 2059/2355/1999 495/2181/1825 496/2180/1824 2074/2370/2014
f 2074/2370/2014 496/2180/1824 497/2179/1823 2089/2385/2029
f 2089/2385/2029 497/2179/1823 498/2178/1822 2104/2400/2044
f 2104/2400/2044 498/2178/1822 499/2177/1821 2119/2415/2059
f 2119/2415/2059 499/2177/1821 241/1877/1564 275/2433/2075
f 2118/2414/2058 2119/2415/2059 275/2433/2075 276/2434/2076
f 2117/2413/2057 2118/2414/2058 276/2434/2076 277/2435/2077
f 2116/2412/2056 2117/2413/2057 277/2435/2077 278/2436/2078
f 2115/2411/2055 2116/2412/2056 278/2436/2078 279/2437/2079
f 2114/2410/2054 2115/2411/2055 279/2437/2079 280/2438/2080
f 2113/2409/2053 2114/2410/2054 280/2438/2080 281/2439/2081
f 2112/2408/2052 2113/2409/2053 281/2439/2081 282/2440/2082
f 2111/2407/2051 2112/2408/2052 282/2440/2082 283/2441/2083
f 2110/2406/2050 2111/2407/2051 283/2441/2083 284/2442/2084
f 2109/2405/2049 2110/2406/2050 284/2442/2084 285/2443/2085
f 2108/2404/2048 2109/2405/2049 285/2443/2085 286/2444/2086
f 2107/2403/2047 2108/2404/2048 286/2444/2086 287/2445/2087
f 2106/2401/2045 2107/2403/2047 287/2445/2087 288/2446/2088
f 2105/2402/2046 2106/2401/2045 288/2446/2088 289/2447/2089
f 260/1562/1291 2105/2402/2046 289/2447/2089 234/1564/1292
f 261/1561/1290 2090/2387/2031 2105/2402/2046 260/1562/1291
f 262/1560/1289 2075/2372/2016 2090/2387/2031 261/1561/1290
f 263/1558/1288 2060/2357/2001 2075/2372/2016 262/1560/1289
f 264/1556/1287 2045/2342/1986 2060/2357/2001 263/1558/1288
f 265/1553/1286 2030/2327/1971 2045/2342/1986 264/1556/1287
f 266/1552/1285 2015/2312/1956 2030/2327/1971 265/1553/1286
f 267/2448/1284 2000/2297/1941 2015/2312/1956 266/1552/1285
f 268/2449/1283 1985/2282/1926 2000/2297/1941 267/2448/1284
f 269/2450/1282 1970/2267/1911 1985/2282/1926 268/2449/1283
f 270/2451/1281 1955/2252/1896 1970/2267/1911 269/2450/1282
f 271/2452/1280 1940/2237/1881 1955/2252/1896 270/2451/1281
f 272/2453/1279 1925/2222/1866 1940/2237/1881 271/2452/1280
f 273/1544/1278 1910/2454/1838 1925/2455/1866 272/1545/1279
f 274/1542/1276 1895/2417/1835 1910/2454/1838 273/1544/1278
f 2120/2456/2090 2121/2457/2091 2136/2458/2092 2135/2459/2093
f 2121/2457/2091 2122/2460/2094 2137/2461/2095 2136/2458/2092
f 2122/2460/2094 2123/2462/2096 2138/2463/2097 2137/2461/2095
f 2123/2462/2096 2124/2464/2098 2139/2465/2099 2138/2463/2097
f 2124/2464/2098 2125/2466/2100 2140/2467/2101 2139/2465/2099
f 2125/2468/2100 2126/2469/2102 2141/2470/2103 2140/2471/2101
f 2126/2469/2102 2127/2472/2104 2142/2473/2105 2141/2470/2103
f 2127/2472/2104 2128/2474/2106 2143/2475/2107 2142/2473/2105
f 2128/2474/2106 2129/2476/2108 2144/2477/2109 2143/2475/2107
f 2129/2476/2108 2130/2478/2110 2145/2479/2111 2144/2477/2109
f 2130/2478/2110 2131/2480/2112 2146/2481/2113 2145/2479/2111
f 2131/2480/2112 2132/2482/2114 2147/2483/2115 2146/2481/2113
f 2132/2482/2114 2133/2484/2116 2148/2485/2117 2147/2483/2115
f 2133/2484/2116 2134/2486/2118 2149/2487/2119 2148/2485/2117
f 2135/2459/2093 2136/2458/2092 2151/2488/2120 2150/2489/2121
f 2136/2458/2092 2137/2461/2095 2152/2490/2122 2151/2488/2120
f 2137/2461/2095 2138/2463/2097 2153/2491/2123 2152/2490/2122
f 2138/2463/2097 2139/2465/2099 2154/2492/2124 2153/2491/2123
f 2139/2465/2099 2140/2467/2101 2155/2493/2125 2154/2492/2124
f 2140/2467/2101 2141/2494/2103 2156/2495/2126 2155/2493/2125
f 2141/2494/2103 2142/2496/2105 2157/2497/2127 2156/2495/2126
f 2142/2496/2105 2143/2498/2107 2158/2499/2128 2157/2497/2127
f 2143/2498/2107 2144/2500/2109 2159/2501/2129 2158/2499/2128
f 2144/2500/2109 2145/2502/2111 2160/2503/2130 2159/2501/2129
f 2145/2502/2111 2146/2504/2113 2161/2505/2131 2160/2503/2130
f 2146/2504/2113 2147/2506/2115 2162/2507/2132 2161/2505/2131
f 2147/2506/2115 2148/2508/2117 2163/2509/2133 2162/2507/2132
f 2148/2508/2117 2149/2510/2119 2164/2511/2134 2163/2509/2133
f 2150/2489/2121 2151/2488/2120 2166/2512/2135 2165/2513/2136
f 2151/2488/2120 2152/2490/2122 2167/2514/2137 2166/2512/2135
f 2152/2490/2122 2153/2491/2123 2168/2515/2138 2167/2514/2137
f 2153/2491/2123 2154/2492/2124 2169/2516/2139 2168/2515/2138
f 2154/2492/2124 2155/2493/2125 2170/2517/2140 2169/2516/2139
f 2155/2493/2125 2156/2495/2126 2171/2518/2141 2170/2517/2140
f 2156/2495/2126 2157/2497/2127 2172/2519/2142 2171/2518/2141
f 2157/2497/2127 2158/2499/2128 2173/2520/2143 2172/2519/2142
f 2158/2499/2128 2159/2501/2129 2174/2521/2144 2173/2520/2143
f 2159/2501/2129 2160/2503/2130 2175/2522/2145 2174/2521/2144
f 2160/2503/2130 2161/2505/2131 2176/2523/2146 2175/2522/2145
f 2161/2505/2131 2162/2507/2132 2177/2524/2147 2176/2523/2146
f 2162/2507/2132 2163/2509/2133 2178/2525/2148 2177/2524/2147
f 2163/2509/2133 2164/2511/2134 2179/2526/2149 2178/2525/2148
f 2165/2513/2136 2166/2512/2135 2181/2527/2150 2180/2528/2151
f 2166/2512/2135 2167/2514/2137 2182/2529/2152 2181/2527/2150
f 2167/2514/2137 2168/2515/2138 2183/2530/2153 2182/2529/2152
f 2168/2515/2138 2169/2516/2139 2184/2531/2154 2183/2530/2153
f 2169/2516/2139 2170/2517/2140 2185/2532/2155 2184/2531/2154
f 2170/2517/2140 2171/2518/2141 2186/2533/2156 2185/2532/2155
f 2171/2518/2141 2172/2519/2142 2187/2534/2157 2186/2533/2156
f 2172/2519/2142 2173/2520/2143 2188/2535/2158 2187/2534/2157
f 2173/2520/2143 2174/2521/2144 2189/2536/2159 2188/2535/2158
f 2174/2521/2144 2175/2522/2145 2190/2537/2160 2189/2536/2159
f 2175/2522/2145 2176/2523/2146 2191/2538/2161 2190/2537/2160
f 2176/2523/2146 2177/2524/2147 2192/2539/2162 2191/2538/2161
f 2177/2524/2147 2178/2525/2148 2193/2540/2163 2192/2539/2162
f 2178/2525/2148 2179/2526/2149 2194/2541/2164 2193/2540/2163
f 2180/2528/2151 2181/2527/2150 2196/2542/2165 2195/2543/2166
f 2181/2527/2150 2182/2529/2152 2197/2544/2167 2196/2542/2165
f 2182/2529/2152 2183/2530/2153 2198/2545/2168 2197/2544/2167
f 2183/2530/2153 2184/2531/2154 2199/2546/2169 2198/2545/2168
f 2184/2531/2154 2185/2532/2155 2200/2547/2170 2199/2546/2169
f 2185/2532/2155 2186/2533/2156 2201/2548/2171 2200/2547/2170
f 2186/2533/2156 2187/2534/2157 2202/2549/2172 2201/2548/2171
f 2187/2534/2157 2188/2535/2158 2203/2550/2173 2202/2549/2172
f 2188/2535/2158 2189/2536/2159 2204/2551/2174 2203/2550/2173
f 2189/2536/2159 2190/2537/2160 2205/2552/2175 2204/2551/2174
f 2190/2537/2160 2191/2538/2161 2206/2553/2176 2205/2552/2175
f 2191/2538/2161 2192/2539/2162 2207/2554/2177 2206/2553/2176
f 2192/2539/2162 2193/2540/2163 2208/2555/2178 2207/2554/2177
f 2193/2540/2163 2194/2541/2164 2209/2556/2179 2208/2555/2178
f 2195/2543/2166 2196/2542/2165 2211/2557/2180 2210/2558/2181
f 2196/2542/2165 2197/2544/2167 2212/2559/2182 2211/2557/2180
f 2197/2544/2167 2198/2545/2168 2213/2560/2183 2212/2559/2182
f 2198/2545/2168 2199/2546/2169 2214/2561/2184 2213/2560/2183
f 2199/2546/2169 2200/2547/2170 2215/2562/2185 2214/2561/2184
f 2200/2547/2170 2201/2548/2171 2216/2563/2186 2215/2562/2185
f 2201/2548/2171 2202/2549/2172 2217/2564/2187 2216/2563/2186
f 2202/2549/2172 2203/2550/2173 2218/2565/2188 2217/2564/2187
f 2203/2550/2173 2204/2551/2174 2219/2566/2189 2218/2565/2188
f 2204/2551/2174 2205/2552/2175 2220/2567/2190 2219/2566/2189
f 2205/2552/2175 2206/2553/2176 2221/2568/2191 2220/2567/2190
f 2206/2553/2176 2207/2554/2177 2222/2569/2192 2221/2568/2191
f 2207/2554/2177 2208/2555/2178 2223/2570/2193 2222/2569/2192
f 2208/2555/2178 2209/2556/2179 2224/2571/2194 2223/2570/2193
f 2210/2558/2181 2211/2557/2180 2226/2572/2195 2225/2573/2196
f 2211/2557/2180 2212/2559/2182 2227/2574/2197 2226/2572/2195
f 2212/2559/2182 2213/2560/2183 2228/2575/2198 2227/2574/2197
f 2213/2560/2183 2214/2561/2184 2229/2576/2199 2228/2575/2198
f 2214/2561/2184 2215/2562/2185 2230/2577/2200 2229/2576/2199
f 2215/2562/2185 2216/2563/2186 2231/2578/2201 2230/2577/2200
f 2216/2563/2186 2217/2564/2187 2232/2579/2202 2231/2578/2201
f 2217/2564/2187 2218/2565/2188 2233/2580/2203 2232/2579/2202
f 2218/2565/2188 2219/2566/2189 2234/2581/2204 2233/2580/2203
f 2219/2566/2189 2220/2567/2190 2235/2582/2205 2234/2581/2204
f 2220/2567/2190 2221/2568/2191 2236/2583/2206 2235/2582/2205
f 2221/2568/2191 2222/2569/2192 2237/2584/2207 2236/2583/2206
f 2222/2569/2192 2223/2570/2193 2238/2585/2208 2237/2584/2207
f 2223/2570/2193 2224/2571/2194 2239/2586/2209 2238/2585/2208
f 2225/2573/2196 2226/2572/2195 2241/2587/2210 2240/2588/2211
f 2226/2572/2195 2227/2574/2197 2242/2589/2212 2241/2587/2210
f 2227/2574/2197 2228/2575/2198 2243/2590/2213 2242/2589/2212
f 2228/2575/2198 2229/2576/2199 2244/2591/2214 2243/2590/2213
f 2229/2576/2199 2230/2577/2200 2245/2592/2215 2244/2591/2214
f 2230/2577/2200 2231/2578/2201 2246/2593/2216 2245/2592/2215
f 2231/2578/2201 2232/2579/2202 2247/2594/2217 2246/2593/2216
f 2232/2579/2202 2233/2580/2203 2248/2595/2218 2247/2594/2217
f 2233/2580/2203 2234/2581/2204 2249/2596/2219 2248/2595/2218
f 2234/2581/2204 2235/2582/2205 2250/2597/2220 2249/2596/2219
f 2235/2582/2205 2236/2583/2206 2251/2598/2221 2250/2597/2220
f 2236/2583/2206 2237/2584/2207 2252/2599/2222 2251/2598/2221
f 2237/2584/2207 2238/2585/2208 2253/2600/2223 2252/2599/2222
f 2238/2585/2208 2239/2586/2209 2254/2601/2224 2253/2600/2223
f 2240/2588/2211 2241/2587/2210 2256/2602/2225 2255/2603/2226
f 2241/2587/2210 2242/2589/2212 2257/2604/2227 2256/2602/2225
f 2242/2589/2212 2243/2590/2213 2258/2605/2228 2257/2604/2227
f 2243/2590/2213 2244/2591/2214 2259/2606/2229 2258/2605/2228
f 2244/2591/2214 2245/2592/2215 2260/2607/2230 2259/2606/2229
f 2245/2592/2215 2246/2593/2216 2261/2608/2231 2260/2607/2230
f 2246/2593/2216 2247/2594/2217 2262/2609/2232 2261/2608/2231
f 2247/2594/2217 2248/2595/2218 2263/2610/2233 2262/2609/2232
f 2248/2595/2218 2249/2596/2219 2264/2611/2234 2263/2610/2233
f 2249/2596/2219 2250/2597/2220 2265/2612/2235 2264/2611/2234
f 2250/2597/2220 2251/2598/2221 2266/2613/2236 2265/2612/2235
f 2251/2598/2221 2252/2599/2222 2267/2614/2237 2266/2613/2236
f 2252/2599/2222 2253/2600/2223 2268/2615/2238 2267/2614/2237
f 2253/2600/2223 2254/2601/2224 2269/2616/2239 2268/2615/2238
f 2255/2603/2226 2256/2602/2225 2271/2617/2240 2270/2618/2241
f 2256/2602/2225 2257/2604/2227 2272/2619/2242 2271/2617/2240
f 2257/2604/2227 2258/2605/2228 2273/2620/2243 2272/2619/2242
f 2258/2605/2228 2259/2606/2229 2274/2621/2244 2273/2620/2243
f 2259/2606/2229 2260/2607/2230 2275/2622/2245 2274/2621/2244
f 2260/2607/2230 2261/2608/2231 2276/2623/2246 2275/2622/2245
f 2261/2608/2231 2262/2609/2232 2277/2624/2247 2276/2623/2246
f 2262/2609/2232 2263/2610/2233 2278/2625/2248 2277/2624/2247
f 2263/2610/2233 2264/2611/2234 2279/2626/2249 2278/2625/2248
f 2264/2611/2234 2265/2612/2235 2280/2627/2250 2279/2626/2249
f 2265/2612/2235 2266/2613/2236 2281/2628/2251 2280/2627/2250
f 2266/2613/2236 2267/2614/2237 2282/2629/2252 2281/2628/2251
f 2267/2614/2237 2268/2615/2238 2283/2630/2253 2282/2629/2252
f 2268/2615/2238 2269/2616/2239 2284/2631/2254 2283/2630/2253
f 2270/2618/2241 2271/2617/2240 2286/2632/2255 2285/2633/2256
f 2271/2617/2240 2272/2619/2242 2287/2634/2257 2286/2632/2255
f 2272/2619/2242 2273/2620/2243 2288/2635/2258 2287/2634/2257
f 2273/2620/2243 2274/2621/2244 2289/2636/2259 2288/2635/2258
f 2274/2621/2244 2275/2622/2245 2290/2637/2260 2289/2636/2259
f 2275/2622/2245 2276/2623/2246 2291/2638/2261 2290/2637/2260
f 2276/2623/2246 2277/2624/2247 2292/2639/2262 2291/2638/2261
f 2277/2624/2247 2278/2625/2248 2293/2640/2263 2292/2639/2262
f 2278/2625/2248 2279/2626/2249 2294/2641/2264 2293/2640/2263
f 2279/2626/2249 2280/2627/2250 2295/2642/2265 2294/2641/2264
f 2280/2627/2250 2281/2628/2251 2296/2643/2266 2295/2642/2265
f 2281/2628/2251 2282/2629/2252 2297/2644/2267 2296/2643/2266
f 2282/2629/2252 2283/2630/2253 2298/2645/2268 2297/2644/2267
f 2283/2630/2253 2284/2631/2254 2299/2646/2269 2298/2645/2268
f 2285/2633/2256 2286/2632/2255 2301/2647/2270 2300/2648/2271
f 2286/2632/2255 2287/2634/2257 2302/2649/2272 2301/2647/2270
f 2287/2634/2257 2288/2635/2258 2303/2650/2273 2302/2649/2272
f 2288/2635/2258 2289/2636/2259 2304/2651/2274 2303/2650/2273
f 2289/2636/2259 2290/2637/2260 2305/2652/2275 2304/2651/2274
f 2290/2637/2260 2291/2638/2261 2306/2653/2276 2305/2652/2275
f 2291/2638/2261 2292/2639/2262 2307/2654/2277 2306/2653/2276
f 2292/2639/2262 2293/2640/2263 2308/2655/2278 2307/2654/2277
f 2293/2640/2263 2294/2641/2264 2309/2656/2279 2308/2655/2278
f 2294/2641/2264 2295/2642/2265 2310/2657/2280 2309/2656/2279
f 2295/2642/2265 2296/2643/2266 2311/2658/2281 2310/2657/2280
f 2296/2643/2266 2297/2644/2267 2312/2659/2282 2311/2658/2281
f 2297/2644/2267 2298/2645/2268 2313/2660/2283 2312/2659/2282
f 2298/2645/2268 2299/2646/2269 2314/2661/2284 2313/2660/2283
f 2300/2648/2271 2301/2647/2270 2316/2662/2285 2315/2663/2286
f 2301/2647/2270 2302/2649/2272 2317/2664/2287 2316/2662/2285
f 2302/2649/2272 2303/2650/2273 2318/2665/2288 2317/2664/2287
f 2303/2650/2273 2304/2651/2274 2319/2666/2289 2318/2665/2288
f 2304/2651/2274 2305/2652/2275 2320/2667/2290 2319/2666/2289
f 2305/2652/2275 2306/2653/2276 2321/2668/2291 2320/2667/2290
f 2306/2653/2276 2307/2654/2277 2322/2669/2292 2321/2668/2291
f 2307/2654/2277 2308/2655/2278 2323/2670/2293 2322/2669/2292
f 2308/2655/2278 2309/2656/2279 2324/2671/2294 2323/2670/2293
f 2309/2656/2279 2310/2657/2280 2325/2672/2295 2324/2671/2294
f 2310/2657/2280 2311/2658/2281 2326/2673/2296 2325/2672/2295
f 2311/2658/2281 2312/2659/2282 2327/2674/2297 2326/2673/2296
f 2312/2659/2282 2313/2660/2283 2328/2675/2298 2327/2674/2297
f 2313/2660/2283 2314/2661/2284 2329/2676/2299 2328/2675/2298
f 2315/2663/2286 2316/2662/2285 2331/2677/2300 2330/2678/2301
f 2316/2662/2285 2317/2664/2287 2332/2679/2302 2331/2677/2300
f 2317/2664/2287 2318/2665/2288 2333/2680/2303 2332/2679/2302
f 2318/2665/2288 2319/2666/2289 2334/2681/2304 2333/2680/2303
f 2319/2666/2289 2320/2667/2290 2335/2682/2305 2334/2681/2304
f 2320/2667/2290 2321/2668/2291 2336/2683/2306 2335/2682/2305
f 2321/2668/2291 2322/2669/2292 2337/2684/2307 2336/2683/2306
f 2322/2669/2292 2323/2670/2293 2338/2685/2308 2337/2684/2307
f 2323/2670/2293 2324/2671/2294 2339/2686/2309 2338/2685/2308
f 2324/2671/2294 2325/2672/2295 2340/2687/2310 2339/2686/2309
f 2325/2672/2295 2326/2673/2296 2341/2688/2311 2340/2687/2310
f 2326/2673/2296 2327/2674/2297 2342/2689/2312 2341/2688/2311
f 2327/2674/2297 2328/2675/2298 2343/2690/2313 2342/2689/2312
f 2328/2675/2298 2329/2676/2299 2344/2691/2314 2343/2690/2313
f 234/1564/1292 289/2447/2089 2120/2692/2090 424/1565/1293
f 289/2447/2089 288/2446/2088 2121/2693/2091 2120/2692/2090
f 288/2446/2088 287/2445/2087 2122/2694/2094 2121/2693/2091
f 287/2445/2087 286/2444/2086 2123/2695/2096 2122/2694/2094
f 286/2444/2086 285/2443/2085 2124/2696/2098 2123/2695/2096
f 285/2443/2085 284/2442/2084 2125/2468/2100 2124/2696/2098
f 284/2442/2084 283/2441/2083 2126/2469/2102 2125/2468/2100
f 283/2441/2083 282/2440/2082 2127/2472/2104 2126/2469/2102
f 282/2440/2082 281/2439/2081 2128/2474/2106 2127/2472/2104
f 281/2439/2081 280/2438/2080 2129/2476/2108 2128/2474/2106
f 280/2438/2080 279/2437/2079 2130/2478/2110 2129/2476/2108
f 279/2437/2079 278/2436/2078 2131/2480/2112 2130/2478/2110
f 278/2436/2078 277/2435/2077 2132/2482/2114 2131/2480/2112
f 277/2435/2077 276/2434/2076 2133/2484/2116 2132/2482/2114
f 276/2434/2076 275/2433/2075 2134/2486/2118 2133/2484/2116
f 275/2433/2075 241/1877/1564 500/1879/1566 2134/2486/2118
f 2134/2486/2118 500/1879/1566 501/1919/1594 2149/2487/2119
f 2149/2510/2119 501/1918/1594 502/1917/1593 2164/2511/2134
f 2164/2511/2134 502/1917/1593 503/1916/1592 2179/2526/2149
f 2179/2526/2149 503/1916/1592 504/1915/1591 2194/2541/2164
f 2194/2541/2164 504/1915/1591 505/1914/1590 2209/2556/2179
f 2209/2556/2179 505/1914/1590 506/1913/1589 2224/2571/2194
f 2224/2571/2194 506/1913/1589 507/1912/1588 2239/2586/2209
f 2239/2586/2209 507/1912/1588 508/1911/1587 2254/2601/2224
f 2254/2601/2224 508/1911/1587 509/1910/1586 2269/2616/2239
f 2269/2616/2239 509/1910/1586 510/1909/1585 2284/2631/2254
f 2284/2631/2254 510/1909/1585 511/1908/1584 2299/2646/2269
f 2299/2646/2269 511/1908/1584 512/1907/1583 2314/2661/2284
f 2314/2661/2284 512/1907/1583 513/1905/1582 2329/2676/2299
f 2329/2676/2299 513/1905/1582 514/1906/1581 2344/2691/2314
f 2344/2697/2314 514/1904/1581 243/975/747 305/2698/2315
f 2343/2699/2313 2344/2697/2314 305/2698/2315 306/2700/2316
f 2342/2701/2312 2343/2699/2313 306/2700/2316 307/2702/2317
f 2341/2703/2311 2342/2701/2312 307/2702/2317 308/2704/2318
f 2340/2705/2310 2341/2703/2311 308/2704/2318 309/2706/2319
f 2339/2707/2309 2340/2705/2310 309/2706/2319 310/2708/2320
f 2338/2709/2308 2339/2707/2309 310/2708/2320 311/2710/2321
f 2337/2711/2307 2338/2709/2308 311/2710/2321 312/2712/2322
f 2336/2683/2306 2337/2684/2307 312/2713/2322 313/2714/2323
f 2335/2682/2305 2336/2683/2306 313/2714/2323 314/2715/2324
f 2334/2681/2304 2335/2682/2305 314/2715/2324 315/2716/2325
f 2333/2680/2303 2334/2681/2304 315/2716/2325 316/2717/2326
f 2332/2679/2302 2333/2680/2303 316/2717/2326 317/2718/2327
f 2331/2677/2300 2332/2679/2302 317/2718/2327 318/2719/2328
f 2330/2678/2301 2331/2677/2300 318/2719/2328 319/2720/2329
f 410/1580/1307 2330/2678/2301 319/2720/2329 236/1581/1308
f 411/1579/1306 2315/2663/2286 2330/2678/2301 410/1580/1307
f 412/1578/1305 2300/2648/2271 2315/2663/2286 411/1579/1306
f 413/1577/1304 2285/2633/2256 2300/2648/2271 412/1578/1305
f 414/1576/1303 2270/2618/2241 2285/2633/2256 413/1577/1304
f 415/1575/1302 2255/2603/2226 2270/2618/2241 414/1576/1303
f 416/1574/1301 2240/2588/2211 2255/2603/2226 415/1575/1302
f 417/1573/1300 2225/2573/2196 2240/2588/2211 416/1574/1301
f 418/1572/1299 2210/2558/2181 2225/2573/2196 417/1573/1300
f 419/1571/1298 2195/2543/2166 2210/2558/2181 418/1572/1299
f 420/1570/1297 2180/2528/2151 2195/2543/2166 419/1571/1298
f 421/1569/1296 2165/2513/2136 2180/2528/2151 420/1570/1297
f 422/1568/1295 2150/2489/2121 2165/2513/2136 421/1569/1296
f 423/1567/1294 2135/2459/2093 2150/2489/2121 422/1568/1295
f 424/1566/1293 2120/2456/2090 2135/2459/2093 423/1567/1294
f 2345/2721/2330 2346/2722/2331 2361/2723/2332 2360/2724/2333
f 2346/2722/2331 2347/2725/2334 2362/2726/2335 2361/2723/2332
f 2347/2725/2334 2348/2727/2336 2363/2728/2337 2362/2726/2335
f 2348/2727/2336 2349/2729/2338 2364/2730/2339 2363/2728/2337
f 2349/2731/2338 2350/2732/2340 2365/2733/2341 2364/2734/2339
f 2350/2732/2340 2351/2735/2342 2366/2736/2343 2365/2733/2341
f 2351/2735/2342 2352/2737/2344 2367/2738/2345 2366/2736/2343
f 2352/2737/2344 2353/2739/2346 2368/2740/2347 2367/2738/2345
f 2353/2739/2346 2354/2741/2348 2369/2742/2349 2368/2740/2347
f 2354/2741/2348 2355/2743/2350 2370/2744/2351 2369/2742/2349
f 2355/2745/2350 2356/2746/2352 2371/2747/2353 2370/2748/2351
f 2356/2746/2352 2357/2749/2354 2372/2750/2355 2371/2747/2353
f 2357/2749/2354 2358/2751/2356 2373/2752/2357 2372/2750/2355
f 2358/2751/2356 2359/2753/2358 2374/2754/2359 2373/2752/2357
f 2360/2724/2333 2361/2723/2332 2376/2755/2360 2375/2756/2361
f 2361/2723/2332 2362/2726/2335 2377/2757/2362 2376/2755/2360
f 2362/2726/2335 2363/2728/2337 2378/2758/2363 2377/2757/2362
f 2363/2728/2337 2364/2730/2339 2379/2759/2364 2378/2758/2363
f 2364/2730/2339 2365/2760/2341 2380/2761/2365 2379/2759/2364
f 2365/2762/2341 2366/2763/2343 2381/2764/2366 2380/2765/2365
f 2366/2763/2343 2367/2766/2345 2382/2767/2367 2381/2764/2366
f 2367/2766/2345 2368/2768/2347 2383/2769/2368 2382/2767/2367
f 2368/2768/2347 2369/2770/2349 2384/2771/2369 2383/2769/2368
f 2369/2770/2349 2370/2748/2351 2385/2772/2370 2384/2771/2369
f 2370/2748/2351 2371/2747/2353 2386/2773/2371 2385/2772/2370
f 2371/2747/2353 2372/2750/2355 2387/2774/2372 2386/2773/2371
f 2372/2750/2355 2373/2752/2357 2388/2775/2373 2387/2774/2372
f 2373/2752/2357 2374/2754/2359 2389/2776/2374 2388/2775/2373
f 2375/2756/2361 2376/2755/2360 2391/2777/2375 2390/2778/2376
f 2376/2755/2360 2377/2757/2362 2392/2779/2377 2391/2777/2375
f 2377/2757/2362 2378/2758/2363 2393/2780/2378 2392/2779/2377
f 2378/2758/2363 2379/2759/2364 2394/2781/2379 2393/2780/2378
f 2379/2759/2364 2380/2761/2365 2395/2782/2380 2394/2781/2379
f 2380/2765/2365 2381/2764/2366 2396/2783/2381 2395/2784/2380
f 2381/2764/2366 2382/2767/2367 2397/2785/2382 2396/2783/2381
f 2382/2767/2367 2383/2769/2368 2398/2786/2383 2397/2785/2382
f 2383/2769/2368 2384/2771/2369 2399/2787/2384 2398/2786/2383
f 2384/2771/2369 2385/2772/2370 2400/2788/2385 2399/2787/2384
f 2385/2772/2370 2386/2773/2371 2401/2789/2386 2400/2788/2385
f 2386/2773/2371 2387/2774/2372 2402/2790/2387 2401/2789/2386
f 2387/2774/2372 2388/2775/2373 2403/2791/2388 2402/2790/2387
f 2388/2775/2373 2389/2776/2374 2404/2792/2389 2403/2791/2388
f 2390/2778/2376 2391/2777/2375 2406/2793/2390 2405/2794/2391
f 2391/2777/2375 2392/2779/2377 2407/2795/2392 2406/2793/2390
f 2392/2779/2377 2393/2780/2378 2408/2796/2393 2407/2795/2392
f 2393/2780/2378 2394/2781/2379 2409/2797/2394 2408/2796/2393
f 2394/2798/2379 2395/2784/2380 2410/2799/2395 2409/2800/2394
f 2395/2784/2380 2396/2783/2381 2411/2801/2396 2410/2799/2395
f 2396/2783/2381 2397/2785/2382 2412/2802/2397 2411/2801/2396
f 2397/2785/2382 2398/2786/2383 2413/2803/2398 2412/2802/2397
f 2398/2786/2383 2399/2787/2384 2414/2804/2399 2413/2803/2398
f 2399/2787/2384 2400/2788/2385 2415/2805/2400 2414/2804/2399
f 2400/2788/2385 2401/2789/2386 2416/2806/2401 2415/2805/2400
f 2401/2789/2386 2402/2790/2387 2417/2807/2402 2416/2806/2401
f 2402/2790/2387 2403/2791/2388 2418/2808/2403 2417/2807/2402
f 2403/2791/2388 2404/2792/2389 2419/2809/2404 2418/2808/2403
f 2405/2794/2391 2406/2793/2390 2421/2810/2405 2420/2811/2406
f 2406/2793/2390 2407/2795/2392 2422/2812/2407 2421/2810/2405
f 2407/2795/2392 2408/2796/2393 2423/2813/2408 2422/2812/2407
f 2408/2796/2393 2409/2797/2394 2424/2814/2409 2423/2813/2408
f 2409/2800/2394 2410/2799/2395 2425/2815/2410 2424/2816/2409
f 2410/2799/2395 2411/2801/2396 2426/2817/2411 2425/2815/2410
f 2411/2801/2396 2412/2802/2397 2427/2818/2412 2426/2817/2411
f 2412/2802/2397 2413/2803/2398 2428/2819/2413 2427/2818/2412
f 2413/2803/2398 2414/2804/2399 2429/2820/2414 2428/2819/2413
f 2414/2804/2399 2415/2805/2400 2430/2821/2415 2429/2820/2414
f 2415/2805/2400 2416/2806/2401 2431/2822/2416 2430/2821/2415
f 2416/2806/2401 2417/2807/2402 2432/2823/2417 2431/2822/2416
f 2417/2807/2402 2418/2808/2403 2433/2824/2418 2432/2823/2417
f 2418/2808/2403 2419/2809/2404 2434/2825/2419 2433/2824/2418
f 2420/2811/2406 2421/2810/2405 2436/2826/2420 2435/2827/2421
f 2421/2810/2405 2422/2812/2407 2437/2828/2422 2436/2826/2420
f 2422/2812/2407 2423/2813/2408 2438/2829/2423 2437/2828/2422
f 2423/2813/2408 2424/2814/2409 2439/2830/2424 2438/2829/2423
f 2424/2816/2409 2425/2815/2410 2440/2831/2425 2439/2832/2424
f 2425/2815/2410 2426/2817/2411 2441/2833/2426 2440/2831/2425
f 2426/2817/2411 2427/2818/2412 2442/2834/2427 2441/2833/2426
f 2427/2818/2412 2428/2819/2413 2443/2835/2428 2442/2834/2427
f 2428/2819/2413 2429/2820/2414 2444/2836/2429 2443/2835/2428
f 2429/2820/2414 2430/2821/2415 2445/2837/2430 2444/2836/2429
f 2430/2821/2415 2431/2822/2416 2446/2838/2431 2445/2837/2430
f 2431/2822/2416 2432/2823/2417 2447/2839/2432 2446/2838/2431
f 2432/2823/2417 2433/2824/2418 2448/2840/2433 2447/2839/2432
f 2433/2824/2418 2434/2825/2419 2449/2841/2434 2448/2840/2433
f 2435/2827/2421 2436/2826/2420 2451/2842/2435 2450/2843/2436
f 2436/2826/2420 2437/2828/2422 2452/2844/2437 2451/2842/2435
f 2437/2828/2422 2438/2829/2423 2453/2845/2438 2452/2844/2437
f 2438/2829/2423 2439/2830/2424 2454/2846/2439 2453/2845/2438
f 2439/2832/2424 2440/2831/2425 2455/2847/2440 2454/2848/2439
f 2440/2831/2425 2441/2833/2426 2456/2849/2441 2455/2847/2440
f 2441/2833/2426 2442/2834/2427 2457/2850/2442 2456/2849/2441
f 2442/2834/2427 2443/2835/2428 2458/2851/2443 2457/2850/2442
f 2443/2835/2428 2444/2836/2429 2459/2852/2444 2458/2851/2443
f 2444/2836/2429 2445/2837/2430 2460/2853/2445 2459/2852/2444
f 2445/2837/2430 2446/2838/2431 2461/2854/2446 2460/2853/2445
f 2446/2838/2431 2447/2839/2432 2462/2855/2447 2461/2854/2446
f 2447/2839/2432 2448/2840/2433 2463/2856/2448 2462/2855/2447
f 2448/2840/2433 2449/2841/2434 2464/2857/2449 2463/2856/2448
f 2450/2843/2436 2451/2842/2435 2466/2858/2450 2465/2859/2451
f 2451/2842/2435 2452/2844/2437 2467/2860/2452 2466/2858/2450
f 2452/2844/2437 2453/2845/2438 2468/2861/2453 2467/2860/2452
f 2453/2845/2438 2454/2846/2439 2469/2862/2454 2468/2861/2453
f 2454/2848/2439 2455/2847/2440 2470/2863/2455 2469/2864/2454
f 2455/2847/2440 2456/2849/2441 2471/2865/2456 2470/2863/2455
f 2456/2849/2441 2457/2850/2442 2472/2866/2457 2471/2865/2456
f 2457/2850/2442 2458/2851/2443 2473/2867/2458 2472/2866/2457
f 2458/2851/2443 2459/2852/2444 2474/2868/2459 2473/2867/2458
f 2459/2852/2444 2460/2853/2445 2475/2869/2460 2474/2868/2459
f 2460/2853/2445 2461/2854/2446 2476/2870/2461 2475/2869/2460
f 2461/2854/2446 2462/2855/2447 2477/2871/2462 2476/2870/2461
f 2462/2855/2447 2463/2856/2448 2478/2872/2463 2477/2871/2462
f 2463/2856/2448 2464/2857/2449 2479/2873/2464 2478/2872/2463
f 2465/2859/2451 2466/2858/2450 2481/2874/2465 2480/2875/2466
f 2466/2858/2450 2467/2860/2452 2482/2876/2467 2481/2874/2465
f 2467/2860/2452 2468/2861/2453 2483/2877/2468 2482/2876/2467
f 2468/2861/2453 2469/2862/2454 2484/2878/2469 2483/2877/2468
f 2469/2864/2454 2470/2863/2455 2485/2879/2470 2484/2880/2469
f 2470/2863/2455 2471/2865/2456 2486/2881/2471 2485/2879/2470
f 2471/2865/2456 2472/2866/2457 2487/2882/2472 2486/2881/2471
f 2472/2866/2457 2473/2867/2458 2488/2883/2473 2487/2882/2472
f 2473/2867/2458 2474/2868/2459 2489/2884/2474 2488/2883/2473
f 2474/2868/2459 2475/2869/2460 2490/2885/2475 2489/2884/2474
f 2475/2869/2460 2476/2870/2461 2491/2886/2476 2490/2885/2475
f 2476/2870/2461 2477/2871/2462 2492/2887/2477 2491/2886/2476
f 2477/2871/2462 2478/2872/2463 2493/2888/2478 2492/2887/2477
f 2478/2872/2463 2479/2873/2464 2494/2889/2479 2493/2888/2478
f 2480/2875/2466 2481/2874/2465 2496/2890/2480 2495/2891/2481
f 2481/2874/2465 2482/2876/2467 2497/2892/2482 2496/2890/2480
f 2482/2876/2467 2483/2877/2468 2498/2893/2483 2497/2892/2482
f 2483/2877/2468 2484/2878/2469 2499/2894/2484 2498/2893/2483
f 2484/2880/2469 2485/2879/2470 2500/2895/2485 2499/2896/2484
f 2485/2879/2470 2486/2881/2471 2501/2897/2486 2500/2895/2485
f 2486/2881/2471 2487/2882/2472 2502/2898/2487 2501/2897/2486
f 2487/2882/2472 2488/2883/2473 2503/2899/2488 2502/2898/2487
f 2488/2883/2473 2489/2884/2474 2504/2900/2489 2503/2899/2488
f 2489/2884/2474 2490/2885/2475 2505/2901/2490 2504/2900/2489
f 2490/2885/2475 2491/2886/2476 2506/2902/2491 2505/2901/2490
f 2491/2886/2476 2492/2887/2477 2507/2903/2492 2506/2902/2491
f 2492/2887/2477 2493/2888/2478 2508/2904/2493 2507/2903/2492
f 2493/2888/2478 2494/2889/2479 2509/2905/2494 2508/2904/2493
f 2495/2891/2481 2496/2890/2480 2511/2906/2495 2510/2907/2496
f 2496/2890/2480 2497/2892/2482 2512/2908/2497 2511/2906/2495
f 2497/2892/2482 2498/2893/2483 2513/2909/2498 2512/2908/2497
f 2498/2893/2483 2499/2894/2484 2514/2910/2499 2513/2909/2498
f 2499/2896/2484 2500/2895/2485 2515/2911/2500 2514/2912/2499
f 2500/2895/2485 2501/2897/2486 2516/2913/2501 2515/2911/2500
f 2501/2897/2486 2502/2898/2487 2517/2914/2502 2516/2913/2501
f 2502/2898/2487 2503/2899/2488 2518/2915/2503 2517/2914/2502
f 2503/2899/2488 2504/2900/2489 2519/2916/2504 2518/2915/2503
f 2504/2900/2489 2505/2901/2490 2520/2917/2505 2519/2916/2504
f 2505/2901/2490 2506/2902/2491 2521/2918/2506 2520/2917/2505
f 2506/2902/2491 2507/2903/2492 2522/2919/2507 2521/2918/2506
f 2507/2903/2492 2508/2904/2493 2523/2920/2508 2522/2919/2507
f 2508/2904/2493 2509/2905/2494 2524/2921/2509 2523/2920/2508
f 2510/2907/2496 2511/2906/2495 2526/2922/2510 2525/2923/2511
f 2511/2906/2495 2512/2908/2497 2527/2924/2512 2526/2922/2510
f 2512/2908/2497 2513/2909/2498 2528/2925/2513 2527/2924/2512
f 2513/2909/2498 2514/2910/2499 2529/2926/2514 2528/2925/2513
f 2514/2912/2499 2515/2911/2500 2530/2927/2515 2529/2928/2514
f 2515/2911/2500 2516/2913/2501 2531/2929/2516 2530/2927/2515
f 2516/2913/2501 2517/2914/2502 2532/2930/2517 2531/2929/2516
f 2517/2914/2502 2518/2915/2503 2533/2931/2518 2532/2930/2517
f 2518/2915/2503 2519/2916/2504 2534/2932/2519 2533/2931/2518
f 2519/2916/2504 2520/2917/2505 2535/2933/2520 2534/2932/2519
f 2520/2917/2505 2521/2918/2506 2536/2934/2521 2535/2933/2520
f 2521/2918/2506 2522/2919/2507 2537/2935/2522 2536/2934/2521
f 2522/2919/2507 2523/2920/2508 2538/2936/2523 2537/2935/2522
f 2523/2920/2508 2524/2921/2509 2539/2937/2524 2538/2936/2523
f 2525/2923/2511 2526/2922/2510 2541/2938/2525 2540/2939/2526
f 2526/2922/2510 2527/2924/2512 2542/2940/2527 2541/2938/2525
f 2527/2924/2512 2528/2925/2513 2543/2941/2528 2542/2940/2527
f 2528/2925/2513 2529/2926/2514 2544/2942/2529 2543/2941/2528
f 2529/2928/2514 2530/2927/2515 2545/2943/2530 2544/2944/2529
f 2530/2927/2515 2531/2929/2516 2546/2945/2531 2545/2943/2530
f 2531/2929/2516 2532/2930/2517 2547/2946/2532 2546/2945/2531
f 2532/2930/2517 2533/2931/2518 2548/2947/2533 2547/2946/2532
f 2533/2931/2518 2534/2932/2519 2549/2948/2534 2548/2947/2533
f 2534/2932/2519 2535/2933/2520 2550/2949/2535 2549/2948/2534
f 2535/2933/2520 2536/2934/2521 2551/2950/2536 2550/2949/2535
f 2536/2934/2521 2537/2935/2522 2552/2951/2537 2551/2950/2536
f 2537/2935/2522 2538/2936/2523 2553/2952/2538 2552/2951/2537
f 2538/2936/2523 2539/2937/2524 2554/2953/2539 2553/2952/2538
f 2540/2939/2526 2541/2938/2525 2556/2954/2540 2555/2955/2541
f 2541/2938/2525 2542/2940/2527 2557/2956/2542 2556/2954/2540
f 2542/2940/2527 2543/2941/2528 2558/2957/2543 2557/2956/2542
f 2543/2958/2528 2544/2959/2529 2559/2960/2544 2558/2961/2543
f 2544/2959/2529 2545/2962/2530 2560/2963/2545 2559/2960/2544
f 2545/2962/2530 2546/2964/2531 2561/2965/2546 2560/2963/2545
f 2546/2945/2531 2547/2946/2532 2562/2966/2547 2561/2967/2546
f 2547/2946/2532 2548/2947/2533 2563/2968/2548 2562/2966/2547
f 2548/2947/2533 2549/2948/2534 2564/2969/2549 2563/2968/2548
f 2549/2948/2534 2550/2949/2535 2565/2970/2550 2564/2969/2549
f 2550/2949/2535 2551/2950/2536 2566/2971/2551 2565/2970/2550
f 2551/2950/2536 2552/2951/2537 2567/2972/2552 2566/2971/2551
f 2552/2951/2537 2553/2952/2538 2568/2973/2553 2567/2972/2552
f 2553/2952/2538 2554/2953/2539 2569/2974/2554 2568/2973/2553
f 240/1600/1325 440/2975/2555 2345/2721/2330 259/1599/1324
f 440/2975/2555 441/2976/2556 2346/2722/2331 2345/2721/2330
f 441/2976/2556 442/2977/2557 2347/2725/2334 2346/2722/2331
f 442/2977/2557 443/2978/2558 2348/2727/2336 2347/2725/2334
f 443/2979/2558 444/2980/2559 2349/2731/2338 2348/2981/2336
f 444/2980/2559 445/2982/2560 2350/2732/2340 2349/2731/2338
f 445/2982/2560 446/2983/2561 2351/2735/2342 2350/2732/2340
f 446/2983/2561 447/2984/2562 2352/2737/2344 2351/2735/2342
f 447/2984/2562 448/2985/2563 2353/2739/2346 2352/2737/2344
f 448/2985/2563 449/2986/2564 2354/2741/2348 2353/2739/2346
f 449/2986/2564 450/2987/2565 2355/2743/2350 2354/2741/2348
f 450/2987/2565 451/2988/2566 2356/2989/2352 2355/2743/2350
f 451/2988/2566 452/2990/2567 2357/2991/2354 2356/2989/2352
f 452/2990/2567 453/2992/2568 2358/2993/2356 2357/2991/2354
f 453/2992/2568 454/2994/2569 2359/2995/2358 2358/2993/2356
f 454/2994/2569 242/1012/780 515/1252/1019 2359/2995/2358
f 2359/2753/2358 515/1297/1019 516/1296/1049 2374/2754/2359
f 2374/2754/2359 516/1296/1049 517/1295/1048 2389/2776/2374
f 2389/2776/2374 517/1295/1048 518/1294/1047 2404/2792/2389
f 2404/2792/2389 518/1294/1047 519/1293/1046 2419/2809/2404
f 2419/2809/2404 519/1293/1046 520/1292/1045 2434/2825/2419
f 2434/2825/2419 520/1292/1045 521/1291/1044 2449/2841/2434
f 2449/2841/2434 521/1291/1044 522/1290/1043 2464/2857/2449
f 2464/2857/2449 522/1290/1043 523/1289/1042 2479/2873/2464
f 2479/2873/2464 523/1289/1042 524/1288/1041 2494/2889/2479
f 2494/2889/2479 524/1288/1041 525/1287/1040 2509/2905/2494
f 2509/2905/2494 525/1287/1040 526/1286/1039 2524/2921/2509
f 2524/2921/2509 526/1286/1039 527/1285/1038 2539/2937/2524
f 2539/2937/2524 527/1285/1038 528/1284/1037 2554/2953/2539
f 2554/2953/2539 528/1284/1037 529/1282/1035 2569/2974/2554
f 2569/2974/2554 529/1282/1035 244/1283/1036 320/2996/2074
f 2568/2973/2553 2569/2974/2554 320/2996/2074 321/2997/2073
f 2567/2998/2552 2568/2999/2553 321/2431/2073 322/2430/2072
f 2566/3000/2551 2567/2998/2552 322/2430/2072 323/2429/2071
f 2565/3001/2550 2566/3000/2551 323/2429/2071 324/2428/2070
f 2564/3002/2549 2565/3001/2550 324/2428/2070 325/2427/2069
f 2563/3003/2548 2564/3002/2549 325/2427/2069 326/2426/2068
f 2562/3004/2547 2563/3003/2548 326/2426/2068 327/2425/2067
f 2561/2965/2546 2562/3004/2547 327/2425/2067 328/2424/2066
f 2560/2963/2545 2561/2965/2546 328/2424/2066 329/2423/2065
f 2559/2960/2544 2560/2963/2545 329/2423/2065 330/2422/2064
f 2558/2961/2543 2559/2960/2544 330/2422/2064 331/2421/2063
f 2557/3005/2542 2558/2961/2543 331/2421/2063 332/2420/2062
f 2556/3006/2540 2557/3005/2542 332/2420/2062 333/2419/2061
f 2555/2955/2541 2556/2954/2540 333/3007/2061 334/2416/2060
f 245/1543/1277 2555/2955/2541 334/2416/2060 238/1541/1275
f 246/1613/1338 2540/2939/2526 2555/2955/2541 245/1543/1277
f 247/1612/1337 2525/2923/2511 2540/2939/2526 246/1613/1338
f 248/1611/1336 2510/2907/2496 2525/2923/2511 247/1612/1337
f 249/1610/1335 2495/2891/2481 2510/2907/2496 248/1611/1336
f 250/1609/1334 2480/2875/2466 2495/2891/2481 249/1610/1335
f 251/1608/1333 2465/2859/2451 2480/2875/2466 250/1609/1334
f 252/1607/1332 2450/2843/2436 2465/2859/2451 251/1608/1333
f 253/1606/1331 2435/2827/2421 2450/2843/2436 252/1607/1332
f 254/1605/1330 2420/2811/2406 2435/2827/2421 253/1606/1331
f 255/1604/1329 2405/2794/2391 2420/2811/2406 254/1605/1330
f 256/1603/1328 2390/2778/2376 2405/2794/2391 255/1604/1329
f 257/1602/1327 2375/2756/2361 2390/2778/2376 256/1603/1328
f 258/1601/1326 2360/2724/2333 2375/2756/2361 257/1602/1327
f 259/1599/1324 2345/2721/2330 2360/2724/2333 258/1601/1326
f 2570/3008/2570 2571/3009/2571 2586/3010/2572 2585/3011/2573
f 2571/3012/2571 2572/3013/2574 2587/3014/2575 2586/3015/2572
f 2572/3013/2574 2573/3016/2576 2588/3017/2577 2587/3014/2575
f 2573/3016/2576 2574/3018/2578 2589/3019/2579 2588/3017/2577
f 2574/3018/2578 2575/3020/2580 2590/3021/2581 2589/3019/2579
f 2575/3020/2580 2576/3022/2582 2591/3023/2583 2590/3021/2581
f 2576/3022/2582 2577/3024/2584 2592/3025/2585 2591/3023/2583
f 2577/3024/2584 2578/3026/2586 2593/3027/2587 2592/3025/2585
f 2578/3026/2586 2579/3028/2588 2594/3029/2589 2593/3027/2587
f 2579/3028/2588 2580/3030/2590 2595/3031/2591 2594/3029/2589
f 2580/3030/2590 2581/3032/2592 2596/3033/2593 2595/3031/2591
f 2581/3032/2592 2582/3034/2594 2597/3035/2595 2596/3033/2593
f 2582/3034/2594 2583/3036/2596 2598/3037/2597 2597/3035/2595
f 2583/3036/2596 2584/3038/2598 2599/3039/2599 2598/3037/2597
f 2585/3040/2573 2586/3015/2572 2601/3041/2600 2600/3042/2601
f 2586/3015/2572 2587/3014/2575 2602/3043/2602 2601/3041/2600
f 2587/3014/2575 2588/3017/2577 2603/3044/2603 2602/3043/2602
f 2588/3017/2577 2589/3019/2579 2604/3045/2604 2603/3044/2603
f 2589/3019/2579 2590/3021/2581 2605/3046/2605 2604/3045/2604
f 2590/3021/2581 2591/3023/2583 2606/3047/2606 2605/3046/2605
f 2591/3023/2583 2592/3025/2585 2607/3048/2607 2606/3047/2606
f 2592/3025/2585 2593/3027/2587 2608/3049/2608 2607/3048/2607
f 2593/3027/2587 2594/3029/2589 2609/3050/2609 2608/3049/2608
f 2594/3029/2589 2595/3031/2591 2610/3051/2610 2609/3050/2609
f 2595/3031/2591 2596/3033/2593 2611/3052/2611 2610/3051/2610
f 2596/3033/2593 2597/3035/2595 2612/3053/2612 2611/3052/2611
f 2597/3035/2595 2598/3037/2597 2613/3054/2613 2612/3053/2612
f 2598/3037/2597 2599/3039/2599 2614/3055/2614 2613/3054/2613
f 2600/3042/2601 2601/3041/2600 2616/3056/2615 2615/3057/2616
f 2601/3041/2600 2602/3043/2602 2617/3058/2617 2616/3056/2615
f 2602/3043/2602 2603/3044/2603 2618/3059/2618 2617/3058/2617
f 2603/3044/2603 2604/3045/2604 2619/3060/2619 2618/3059/2618
f 2604/3045/2604 2605/3046/2605 2620/3061/2620 2619/3060/2619
f 2605/3046/2605 2606/3047/2606 2621/3062/2621 2620/3061/2620
f 2606/3047/2606 2607/3048/2607 2622/3063/2622 2621/3062/2621
f 2607/3048/2607 2608/3049/2608 2623/3064/2623 2622/3063/2622
f 2608/3049/2608 2609/3050/2609 2624/3065/2624 2623/3064/2623
f 2609/3050/2609 2610/3051/2610 2625/3066/2625 2624/3065/2624
f 2610/3051/2610 2611/3052/2611 2626/3067/2626 2625/3066/2625
f 2611/3052/2611 2612/3053/2612 2627/3068/2627 2626/3067/2626
f 2612/3053/2612 2613/3054/2613 2628/3069/2628 2627/3068/2627
f 2613/3054/2613 2614/3055/2614 2629/3070/2629 2628/3069/2628
f 2615/3057/2616 2616/3056/2615 2631/3071/2630 2630/3072/2631
f 2616/3056/2615 2617/3058/2617 2632/3073/2632 2631/3071/2630
f 2617/3058/2617 2618/3059/2618 2633/3074/2633 2632/3073/2632
f 2618/3059/2618 2619/3060/2619 2634/3075/2634 2633/3074/2633
f 2619/3060/2619 2620/3061/2620 2635/3076/2635 2634/3075/2634
f 2620/3061/2620 2621/3062/2621 2636/3077/2636 2635/3076/2635
f 2621/3062/2621 2622/3063/2622 2637/3078/2637 2636/3077/2636
f 2622/3063/2622 2623/3064/2623 2638/3079/2638 2637/3078/2637
f 2623/3064/2623 2624/3065/2624 2639/3080/2639 2638/3079/2638
f 2624/3065/2624 2625/3066/2625 2640/3081/2640 2639/3080/2639
f 2625/3066/2625 2626/3067/2626 2641/3082/2641 2640/3081/2640
f 2626/3067/2626 2627/3068/2627 2642/3083/2642 2641/3082/2641
f 2627/3068/2627 2628/3069/2628 2643/3084/2643 2642/3083/2642
f 2628/3069/2628 2629/3070/2629 2644/3085/2644 2643/3084/2643
f 2630/3072/2631 2631/3071/2630 2646/3086/2645 2645/3087/2646
f 2631/3071/2630 2632/3073/2632 2647/3088/2647 2646/3086/2645
f 2632/3073/2632 2633/3074/2633 2648/3089/2648 2647/3088/2647
f 2633/3074/2633 2634/3075/2634 2649/3090/2649 2648/3089/2648
f 2634/3075/2634 2635/3076/2635 2650/3091/2650 2649/3090/2649
f 2635/3076/2635 2636/3077/2636 2651/3092/2651 2650/3091/2650
f 2636/3077/2636 2637/3078/2637 2652/3093/2652 2651/3092/2651
f 2637/3078/2637 2638/3079/2638 2653/3094/2653 2652/3093/2652
f 2638/3079/2638 2639/3080/2639 2654/3095/2654 2653/3094/2653
f 2639/3080/2639 2640/3081/2640 2655/3096/2655 2654/3095/2654
f 2640/3081/2640 2641/3082/2641 2656/3097/2656 2655/3096/2655
f 2641/3082/2641 2642/3083/2642 2657/3098/2657 2656/3097/2656
f 2642/3083/2642 2643/3084/2643 2658/3099/2658 2657/3098/2657
f 2643/3084/2643 2644/3085/2644 2659/3100/2659 2658/3099/2658
f 2645/3087/2646 2646/3086/2645 2661/3101/2660 2660/3102/2661
f 2646/3086/2645 2647/3088/2647 2662/3103/2662 2661/3101/2660
f 2647/3088/2647 2648/3089/2648 2663/3104/2663 2662/3103/2662
f 2648/3089/2648 2649/3090/2649 2664/3105/2664 2663/3104/2663
f 2649/3090/2649 2650/3091/2650 2665/3106/2665 2664/3105/2664
f 2650/3091/2650 2651/3092/2651 2666/3107/2666 2665/3106/2665
f 2651/3092/2651 2652/3093/2652 2667/3108/2667 2666/3107/2666
f 2652/3093/2652 2653/3094/2653 2668/3109/2668 2667/3108/2667
f 2653/3094/2653 2654/3095/2654 2669/3110/2669 2668/3109/2668
f 2654/3095/2654 2655/3096/2655 2670/3111/2670 2669/3110/2669
f 2655/3096/2655 2656/3097/2656 2671/3112/2671 2670/3111/2670
f 2656/3097/2656 2657/3098/2657 2672/3113/2672 2671/3112/2671
f 2657/3098/2657 2658/3099/2658 2673/3114/2673 2672/3113/2672
f 2658/3099/2658 2659/3100/2659 2674/3115/2674 2673/3114/2673
f 2660/3102/2661 2661/3101/2660 2676/3116/2675 2675/3117/2676
f 2661/3101/2660 2662/3103/2662 2677/3118/2677 2676/3116/2675
f 2662/3103/2662 2663/3104/2663 2678/3119/2678 2677/3118/2677
f 2663/3104/2663 2664/3105/2664 2679/3120/2679 2678/3119/2678
f 2664/3105/2664 2665/3106/2665 2680/3121/2680 2679/3120/2679
f 2665/3106/2665 2666/3107/2666 2681/3122/2681 2680/3121/2680
f 2666/3107/2666 2667/3108/2667 2682/3123/2682 2681/3122/2681
f 2667/3108/2667 2668/3109/2668 2683/3124/2683 2682/3123/2682
f 2668/3109/2668 2669/3110/2669 2684/3125/2684 2683/3124/2683
f 2669/3110/2669 2670/3111/2670 2685/3126/2685 2684/3125/2684
f 2670/3111/2670 2671/3112/2671 2686/3127/2686 2685/3126/2685
f 2671/3112/2671 2672/3113/2672 2687/3128/2687 2686/3127/2686
f 2672/3113/2672 2673/3114/2673 2688/3129/2688 2687/3128/2687
f 2673/3114/2673 2674/3115/2674 2689/3130/2689 2688/3129/2688
f 2675/3117/2676 2676/3116/2675 2691/3131/2690 2690/3132/2691
f 2676/3116/2675 2677/3118/2677 2692/3133/2692 2691/3131/2690
f 2677/3118/2677 2678/3119/2678 2693/3134/2693 2692/3133/2692
f 2678/3119/2678 2679/3120/2679 2694/3135/2694 2693/3134/2693
f 2679/3120/2679 2680/3121/2680 2695/3136/2695 2694/3135/2694
f 2680/3121/2680 2681/3122/2681 2696/3137/2696 2695/3136/2695
f 2681/3122/2681 2682/3123/2682 2697/3138/2697 2696/3137/2696
f 2682/3123/2682 2683/3124/2683 2698/3139/2698 2697/3138/2697
f 2683/3124/2683 2684/3125/2684 2699/3140/2699 2698/3139/2698
f 2684/3125/2684 2685/3126/2685 2700/3141/2700 2699/3140/2699
f 2685/3126/2685 2686/3127/2686 2701/3142/2701 2700/3141/2700
f 2686/3127/2686 2687/3128/2687 2702/3143/2702 2701/3142/2701
f 2687/3128/2687 2688/3129/2688 2703/3144/2703 2702/3143/2702
f 2688/3129/2688 2689/3130/2689 2704/3145/2704 2703/3144/2703
f 2690/3132/2691 2691/3131/2690 2706/3146/2705 2705/3147/2706
f 2691/3131/2690 2692/3133/2692 2707/3148/2707 2706/3146/2705
f 2692/3133/2692 2693/3134/2693 2708/3149/2708 2707/3148/2707
f 2693/3134/2693 2694/3135/2694 2709/3150/2709 2708/3149/2708
f 2694/3135/2694 2695/3136/2695 2710/3151/2710 2709/3150/2709
f 2695/3136/2695 2696/3137/2696 2711/3152/2711 2710/3151/2710
f 2696/3137/2696 2697/3138/2697 2712/3153/2712 2711/3152/2711
f 2697/3138/2697 2698/3139/2698 2713/3154/2713 2712/3153/2712
f 2698/3139/2698 2699/3140/2699 2714/3155/2714 2713/3154/2713
f 2699/3140/2699 2700/3141/2700 2715/3156/2715 2714/3155/2714
f 2700/3141/2700 2701/3142/2701 2716/3157/2716 2715/3156/2715
f 2701/3142/2701 2702/3143/2702 2717/3158/2717 2716/3157/2716
f 2702/3143/2702 2703/3144/2703 2718/3159/2718 2717/3158/2717
f 2703/3144/2703 2704/3145/2704 2719/3160/2719 2718/3159/2718
f 2705/3147/2706 2706/3146/2705 2721/3161/2720 2720/3162/2721
f 2706/3146/2705 2707/3148/2707 2722/3163/2722 2721/3161/2720
f 2707/3148/2707 2708/3149/2708 2723/3164/2723 2722/3163/2722
f 2708/3149/2708 2709/3150/2709 2724/3165/2724 2723/3164/2723
f 2709/3150/2709 2710/3151/2710 2725/3166/2725 2724/3165/2724
f 2710/3151/2710 2711/3152/2711 2726/3167/2726 2725/3166/2725
f 2711/3152/2711 2712/3153/2712 2727/3168/2727 2726/3167/2726
f 2712/3153/2712 2713/3154/2713 2728/3169/2728 2727/3168/2727
f 2713/3154/2713 2714/3155/2714 2729/3170/2729 2728/3169/2728
f 2714/3155/2714 2715/3156/2715 2730/3171/2730 2729/3170/2729
f 2715/3156/2715 2716/3157/2716 2731/3172/2731 2730/3171/2730
f 2716/3157/2716 2717/3158/2717 2732/3173/2732 2731/3172/2731
f 2717/3158/2717 2718/3159/2718 2733/3174/2733 2732/3173/2732
f 2718/3159/2718 2719/3160/2719 2734/3175/2734 2733/3174/2733
f 2720/3176/2721 2721/3177/2720 2736/3178/2735 2735/3179/2736
f 2721/3161/2720 2722/3163/2722 2737/3180/2737 2736/3181/2735
f 2722/3163/2722 2723/3164/2723 2738/3182/2738 2737/3180/2737
f 2723/3164/2723 2724/3165/2724 2739/3183/2739 2738/3182/2738
f 2724/3165/2724 2725/3166/2725 2740/3184/2740 2739/3183/2739
f 2725/3166/2725 2726/3167/2726 2741/3185/2741 2740/3184/2740
f 2726/3167/2726 2727/3168/2727 2742/3186/2742 2741/3185/2741
f 2727/3168/2727 2728/3169/2728 2743/3187/2743 2742/3186/2742
f 2728/3169/2728 2729/3170/2729 2744/3188/2744 2743/3187/2743
f 2729/3170/2729 2730/3171/2730 2745/3189/2745 2744/3188/2744
f 2730/3171/2730 2731/3172/2731 2746/3190/2746 2745/3189/2745
f 2731/3172/2731 2732/3173/2732 2747/3191/2747 2746/3190/2746
f 2732/3173/2732 2733/3174/2733 2748/3192/2748 2747/3191/2747
f 2733/3174/2733 2734/3175/2734 2749/3193/2749 2748/3192/2748
f 2735/3179/2736 2736/3178/2735 2751/3194/2750 2750/3195/2751
f 2736/3181/2735 2737/3180/2737 2752/3196/2752 2751/3197/2750
f 2737/3180/2737 2738/3182/2738 2753/3198/2753 2752/3196/2752
f 2738/3182/2738 2739/3183/2739 2754/3199/2754 2753/3198/2753
f 2739/3183/2739 2740/3184/2740 2755/3200/2755 2754/3199/2754
f 2740/3184/2740 2741/3185/2741 2756/3201/2756 2755/3200/2755
f 2741/3185/2741 2742/3186/2742 2757/3202/2757 2756/3201/2756
f 2742/3186/2742 2743/3187/2743 2758/3203/2758 2757/3202/2757
f 2743/3187/2743 2744/3188/2744 2759/3204/2759 2758/3203/2758
f 2744/3188/2744 2745/3189/2745 2760/3205/2760 2759/3204/2759
f 2745/3189/2745 2746/3190/2746 2761/3206/2761 2760/3205/2760
f 2746/3190/2746 2747/3191/2747 2762/3207/2762 2761/3206/2761
f 2747/3191/2747 2748/3192/2748 2763/3208/2763 2762/3207/2762
f 2748/3192/2748 2749/3193/2749 2764/3209/2764 2763/3208/2763
f 2750/3195/2751 2751/3194/2750 2766/3210/2765 2765/3211/2766
f 2751/3197/2750 2752/3196/2752 2767/3212/2767 2766/3213/2765
f 2752/3196/2752 2753/3198/2753 2768/3214/2768 2767/3212/2767
f 2753/3198/2753 2754/3199/2754 2769/3215/2769 2768/3214/2768
f 2754/3199/2754 2755/3200/2755 2770/3216/2770 2769/3215/2769
f 2755/3200/2755 2756/3201/2756 2771/3217/2771 2770/3216/2770
f 2756/3201/2756 2757/3202/2757 2772/3218/2772 2771/3217/2771
f 2757/3202/2757 2758/3203/2758 2773/3219/2773 2772/3218/2772
f 2758/3203/2758 2759/3204/2759 2774/3220/2774 2773/3219/2773
f 2759/3204/2759 2760/3205/2760 2775/3221/2775 2774/3220/2774
f 2760/3205/2760 2761/3206/2761 2776/3222/2776 2775/3221/2775
f 2761/3206/2761 2762/3207/2762 2777/3223/2777 2776/3222/2776
f 2762/3207/2762 2763/3208/2763 2778/3224/2778 2777/3223/2777
f 2763/3208/2763 2764/3209/2764 2779/3225/2779 2778/3224/2778
f 2765/3211/2766 2766/3210/2765 2781/3226/2780 2780/3227/2781
f 2766/3213/2765 2767/3212/2767 2782/3228/2782 2781/3229/2780
f 2767/3212/2767 2768/3214/2768 2783/3230/2783 2782/3228/2782
f 2768/3214/2768 2769/3215/2769 2784/3231/2784 2783/3230/2783
f 2769/3215/2769 2770/3216/2770 2785/3232/2785 2784/3231/2784
f 2770/3216/2770 2771/3217/2771 2786/3233/2786 2785/3232/2785
f 2771/3217/2771 2772/3218/2772 2787/3234/2787 2786/3233/2786
f 2772/3218/2772 2773/3219/2773 2788/3235/2788 2787/3234/2787
f 2773/3219/2773 2774/3220/2774 2789/3236/2789 2788/3235/2788
f 2774/3220/2774 2775/3221/2775 2790/3237/2790 2789/3236/2789
f 2775/3221/2775 2776/3222/2776 2791/3238/2791 2790/3237/2790
f 2776/3222/2776 2777/3223/2777 2792/3239/2792 2791/3238/2791
f 2777/3223/2777 2778/3224/2778 2793/3240/2793 2792/3239/2792
f 2778/3224/2778 2779/3225/2779 2794/3241/2794 2793/3240/2793
f 236/1581/1308 319/2720/2329 2570/3008/2570 379/1582/1309
f 319/2720/2329 318/2719/2328 2571/3009/2571 2570/3008/2570
f 318/2719/2328 317/2718/2327 2572/3242/2574 2571/3009/2571
f 317/2718/2327 316/2717/2326 2573/3243/2576 2572/3242/2574
f 316/3244/2326 315/3245/2325 2574/3018/2578 2573/3016/2576
f 315/3245/2325 314/3246/2324 2575/3020/2580 2574/3018/2578
f 314/3246/2324 313/3247/2323 2576/3022/2582 2575/3020/2580
f 313/3247/2323 312/2712/2322 2577/3024/2584 2576/3022/2582
f 312/2712/2322 311/2710/2321 2578/3026/2586 2577/3024/2584
f 311/2710/2321 310/2708/2320 2579/3028/2588 2578/3026/2586
f 310/2708/2320 309/2706/2319 2580/3030/2590 2579/3028/2588
f 309/2706/2319 308/2704/2318 2581/3032/2592 2580/3030/2590
f 308/2704/2318 307/2702/2317 2582/3034/2594 2581/3032/2592
f 307/2702/2317 306/2700/2316 2583/3036/2596 2582/3034/2594
f 306/2700/2316 305/2698/2315 2584/3038/2598 2583/3036/2596
f 305/2698/2315 243/975/747 530/977/749 2584/3038/2598
f 2584/3038/2598 530/977/749 531/1025/793 2599/3039/2599
f 2599/3039/2599 531/1025/793 532/1024/792 2614/3055/2614
f 2614/3055/2614 532/1024/792 533/1023/791 2629/3070/2629
f 2629/3070/2629 533/1023/791 534/1022/790 2644/3085/2644
f 2644/3085/2644 534/1022/790 535/1021/789 2659/3100/2659
f 2659/3100/2659 535/1021/789 536/1020/788 2674/3115/2674
f 2674/3115/2674 536/1020/788 537/1019/787 2689/3130/2689
f 2689/3130/2689 537/1019/787 538/1018/786 2704/3145/2704
f 2704/3145/2704 538/1018/786 539/1017/785 2719/3160/2719
f 2719/3160/2719 539/1017/785 540/1016/784 2734/3175/2734
f 2734/3175/2734 540/1016/784 541/1015/783 2749/3193/2749
f 2749/3193/2749 541/1015/783 542/1014/782 2764/3209/2764
f 2764/3209/2764 542/1014/782 543/1013/781 2779/3225/2779
f 2779/3225/2779 543/1013/781 544/1011/779 2794/3241/2794
f 2794/3241/2794 544/1011/779 242/1012/780 454/2994/2569
f 2793/3240/2793 2794/3241/2794 454/2994/2569 453/2992/2568
f 2792/3239/2792 2793/3240/2793 453/2992/2568 452/2990/2567
f 2791/3238/2791 2792/3239/2792 452/2990/2567 451/2988/2566
f 2790/3237/2790 2791/3238/2791 451/2988/2566 450/2987/2565
f 2789/3236/2789 2790/3237/2790 450/2987/2565 449/2986/2564
f 2788/3235/2788 2789/3236/2789 449/2986/2564 448/2985/2563
f 2787/3234/2787 2788/3235/2788 448/2985/2563 447/2984/2562
f 2786/3233/2786 2787/3234/2787 447/2984/2562 446/2983/2561
f 2785/3232/2785 2786/3233/2786 446/2983/2561 445/2982/2560
f 2784/3231/2784 2785/3232/2785 445/2982/2560 444/2980/2559
f 2783/3230/2783 2784/3231/2784 444/2980/2559 443/2979/2558
f 2782/3228/2782 2783/3230/2783 443/2979/2558 442/3248/2557
f 2781/3226/2780 2782/3249/2782 442/2977/2557 441/2976/2556
f 2780/3227/2781 2781/3226/2780 441/2976/2556 440/2975/2555
f 365/1598/1323 2780/3227/2781 440/2975/2555 240/1600/1325
f 366/1597/1322 2765/3211/2766 2780/3227/2781 365/1598/1323
f 367/1596/1321 2750/3195/2751 2765/3211/2766 366/1597/1322
f 368/1595/1320 2735/3179/2736 2750/3195/2751 367/1596/1321
f 369/1594/1319 2720/3176/2721 2735/3179/2736 368/1595/1320
f 370/1593/1318 2705/3250/2706 2720/3176/2721 369/1594/1319
f 371/1592/1317 2690/3251/2691 2705/3250/2706 370/1593/1318
f 372/1591/1316 2675/3252/2676 2690/3251/2691 371/1592/1317
f 373/1590/1315 2660/3253/2661 2675/3252/2676 372/1591/1316
f 374/1589/1314 2645/3254/2646 2660/3253/2661 373/1590/1315
f 375/1588/1313 2630/3255/2631 2645/3254/2646 374/1589/1314
f 376/3256/1312 2615/3057/2616 2630/3072/2631 375/3257/1313
f 377/3258/1311 2600/3042/2601 2615/3057/2616 376/3256/1312
f 378/1583/1310 2585/3011/2573 2600/3259/2601 377/1585/1311
f 379/1582/1309 2570/3008/2570 2585/3011/2573 378/1583/1310
f 2847/3260/2795 2848/3261/2796 2855/3262/2797 2854/3263/2798
f 2848/3264/2796 2849/3265/2799 2856/3266/2800 2855/3267/2797
f 2849/3265/2799 2850/3268/2801 2857/3269/2802 2856/3266/2800
f 2850/3268/2801 2851/3270/2803 2858/3271/2804 2857/3269/2802
f 2851/3270/2803 2852/3272/2805 2859/3273/2806 2858/3271/2804
f 2852/3272/2805 2853/3274/2807 2860/3275/2808 2859/3273/2806
f 2854/3263/2798 2855/3262/2797 2862/3276/2809 2861/3277/2810
f 2855/3267/2797 2856/3266/2800 2863/3278/2811 2862/3279/2809
f 2856/3266/2800 2857/3269/2802 2864/3280/2812 2863/3278/2811
f 2857/3269/2802 2858/3271/2804 2865/3281/2813 2864/3280/2812
f 2858/3271/2804 2859/3273/2806 2866/3282/2814 2865/3281/2813
f 2859/3273/2806 2860/3275/2808 2867/3283/2815 2866/3282/2814
f 2861/3277/2810 2862/3276/2809 2869/3284/2816 2868/3285/2817
f 2862/3279/2809 2863/3278/2811 2870/3286/2818 2869/3287/2816
f 2863/3278/2811 2864/3280/2812 2871/3288/2819 2870/3286/2818
f 2864/3280/2812 2865/3281/2813 2872/3289/2820 2871/3288/2819
f 2865/3281/2813 2866/3282/2814 2873/3290/2821 2872/3289/2820
f 2866/3282/2814 2867/3283/2815 2874/3291/2822 2873/3290/2821
f 2868/3285/2817 2869/3284/2816 2876/3292/2823 2875/3293/2824
f 2869/3287/2816 2870/3286/2818 2877/3294/2825 2876/3295/2823
f 2870/3286/2818 2871/3288/2819 2878/3296/2826 2877/3294/2825
f 2871/3288/2819 2872/3289/2820 2879/3297/2827 2878/3296/2826
f 2872/3289/2820 2873/3290/2821 2880/3298/2828 2879/3297/2827
f 2873/3290/2821 2874/3291/2822 2881/3299/2829 2880/3298/2828
f 2795/3300/2830 2804/3301/2831 2847/3260/2795 2803/3302/2832
f 2804/3301/2831 2805/3303/2833 2848/3261/2796 2847/3260/2795
f 2805/3304/2833 2806/3305/2834 2849/3306/2799 2848/3307/2796
f 2806/3305/2834 2807/3308/2835 2850/3309/2801 2849/3306/2799
f 2807/3308/2835 2808/3310/2836 2851/3311/2803 2850/3309/2801
f 2808/3310/2836 2809/3312/2837 2852/3313/2805 2851/3311/2803
f 2809/3312/2837 2810/3314/2838 2853/3315/2807 2852/3313/2805
f 2810/3314/2838 2796/3316/2839 2811/3317/2840 2853/3315/2807
f 2853/3274/2807 2811/3318/2840 2812/3319/2841 2860/3275/2808
f 2860/3275/2808 2812/3319/2841 2813/3320/2842 2867/3283/2815
f 2867/3283/2815 2813/3320/2842 2814/3321/2843 2874/3291/2822
f 2874/3291/2822 2814/3321/2843 2815/3322/2844 2881/3299/2829
f 2800/3323/2845 2868/3285/2817 2875/3293/2824 2799/3324/2846
f 2801/3325/2847 2861/3277/2810 2868/3285/2817 2800/3323/2845
f 2802/3326/2848 2854/3263/2798 2861/3277/2810 2801/3325/2847
f 2803/3302/2832 2847/3260/2795 2854/3263/2798 2802/3326/2848
f 2882/3327/2849 2883/3328/2850 2890/3329/2851 2889/3330/2852
f 2883/3328/2850 2884/3331/2853 2891/3332/2854 2890/3329/2851
f 2884/3331/2853 2885/3333/2855 2892/3334/2856 2891/3332/2854
f 2885/3333/2855 2886/3335/2857 2893/3336/2858 2892/3334/2856
f 2886/3335/2857 2887/3337/2859 2894/3338/2860 2893/3336/2858
f 2887/3339/2859 2888/3340/2861 2895/3341/2862 2894/3342/2860
f 2889/3330/2852 2890/3329/2851 2897/3343/2863 2896/3344/2864
f 2890/3329/2851 2891/3332/2854 2898/3345/2865 2897/3343/2863
f 2891/3332/2854 2892/3334/2856 2899/3346/2866 2898/3345/2865
f 2892/3334/2856 2893/3336/2858 2900/3347/2867 2899/3346/2866
f 2893/3336/2858 2894/3338/2860 2901/3348/2868 2900/3347/2867
f 2894/3342/2860 2895/3341/2862 2902/3349/2869 2901/3350/2868
f 2896/3344/2864 2897/3343/2863 2904/3351/2870 2903/3352/2871
f 2897/3343/2863 2898/3345/2865 2905/3353/2872 2904/3351/2870
f 2898/3345/2865 2899/3346/2866 2906/3354/2873 2905/3353/2872
f 2899/3346/2866 2900/3347/2867 2907/3355/2874 2906/3354/2873
f 2900/3347/2867 2901/3348/2868 2908/3356/2875 2907/3355/2874
f 2901/3350/2868 2902/3349/2869 2909/3357/2876 2908/3358/2875
f 2903/3352/2871 2904/3351/2870 2911/3359/2877 2910/3360/2878
f 2904/3351/2870 2905/3353/2872 2912/3361/2879 2911/3359/2877
f 2905/3353/2872 2906/3354/2873 2913/3362/2880 2912/3361/2879
f 2906/3354/2873 2907/3355/2874 2914/3363/2881 2913/3362/2880
f 2907/3355/2874 2908/3356/2875 2915/3364/2882 2914/3363/2881
f 2908/3356/2875 2909/3365/2876 2916/3366/2883 2915/3364/2882
f 2888/3340/2861 2821/3367/2884 2822/3368/2885 2895/3341/2862
f 2895/3341/2862 2822/3368/2885 2823/3369/2886 2902/3349/2869
f 2902/3349/2869 2823/3369/2886 2824/3370/2887 2909/3357/2876
f 2909/3357/2876 2824/3370/2887 2825/3371/2888 2916/3372/2883
f 2916/3373/2883 2825/3374/2888 2798/3375/2889 2826/3376/2890
f 2915/3377/2882 2916/3373/2883 2826/3376/2890 2827/3378/2891
f 2914/3379/2881 2915/3377/2882 2827/3378/2891 2828/3380/2892
f 2913/3381/2880 2914/3379/2881 2828/3380/2892 2829/3382/2893
f 2912/3361/2879 2913/3362/2880 2829/3383/2893 2830/3384/2894
f 2911/3359/2877 2912/3361/2879 2830/3384/2894 2831/3385/2895
f 2910/3360/2878 2911/3359/2877 2831/3385/2895 2832/3386/2896
f 2816/3387/2897 2910/3360/2878 2832/3386/2896 2797/3388/2898
f 2817/3389/2899 2903/3352/2871 2910/3360/2878 2816/3387/2897
f 2818/3390/2900 2896/3344/2864 2903/3352/2871 2817/3389/2899
f 2819/3391/2901 2889/3330/2852 2896/3344/2864 2818/3390/2900
f 2820/3392/2902 2882/3327/2849 2889/3330/2852 2819/3391/2901
f 2917/3393/2903 2918/3394/2904 2925/3395/2905 2924/3396/2906
f 2918/3394/2904 2919/3397/2907 2926/3398/2908 2925/3395/2905
f 2919/3397/2907 2920/3399/2909 2927/3400/2910 2926/3398/2908
f 2920/3399/2909 2921/3401/2911 2928/3402/2912 2927/3400/2910
f 2921/3401/2911 2922/3403/2913 2929/3404/2914 2928/3402/2912
f 2922/3403/2913 2923/3405/2915 2930/3406/2916 2929/3404/2914
f 2924/3396/2906 2925/3395/2905 2932/3407/2917 2931/3408/2918
f 2925/3395/2905 2926/3398/2908 2933/3409/2919 2932/3407/2917
f 2926/3398/2908 2927/3400/2910 2934/3410/2920 2933/3409/2919
f 2927/3400/2910 2928/3402/2912 2935/3411/2921 2934/3410/2920
f 2928/3402/2912 2929/3404/2914 2936/3412/2922 2935/3411/2921
f 2929/3404/2914 2930/3406/2916 2937/3413/2923 2936/3412/2922
f 2931/3408/2918 2932/3407/2917 2939/3414/2924 2938/3415/2925
f 2932/3407/2917 2933/3409/2919 2940/3416/2926 2939/3414/2924
f 2933/3409/2919 2934/3410/2920 2941/3417/2927 2940/3416/2926
f 2934/3410/2920 2935/3411/2921 2942/3418/2928 2941/3417/2927
f 2935/3411/2921 2936/3412/2922 2943/3419/2929 2942/3418/2928
f 2936/3412/2922 2937/3413/2923 2944/3420/2930 2943/3419/2929
f 2938/3415/2925 2939/3414/2924 2946/3421/2931 2945/3422/2932
f 2939/3414/2924 2940/3416/2926 2947/3423/2933 2946/3421/2931
f 2940/3416/2926 2941/3417/2927 2948/3424/2934 2947/3423/2933
f 2941/3417/2927 2942/3418/2928 2949/3425/2935 2948/3424/2934
f 2942/3418/2928 2943/3419/2929 2950/3426/2936 2949/3425/2935
f 2943/3419/2929 2944/3420/2930 2951/3427/2937 2950/3426/2936
f 2945/3422/2932 2946/3421/2931 2953/3428/2938 2952/3429/2939
f 2946/3421/2931 2947/3423/2933 2954/3430/2940 2953/3428/2938
f 2947/3423/2933 2948/3424/2934 2955/3431/2941 2954/3430/2940
f 2948/3424/2934 2949/3425/2935 2956/3432/2942 2955/3431/2941
f 2949/3425/2935 2950/3426/2936 2957/3433/2943 2956/3432/2942
f 2950/3426/2936 2951/3427/2937 2958/3434/2944 2957/3433/2943
f 2952/3429/2939 2953/3428/2938 2960/3435/2945 2959/3436/2946
f 2953/3428/2938 2954/3430/2940 2961/3437/2947 2960/3435/2945
f 2954/3430/2940 2955/3431/2941 2962/3438/2948 2961/3437/2947
f 2955/3431/2941 2956/3432/2942 2963/3439/2949 2962/3438/2948
f 2956/3432/2942 2957/3433/2943 2964/3440/2950 2963/3439/2949
f 2957/3433/2943 2958/3434/2944 2965/3441/2951 2964/3440/2950
f 2797/3442/2898 2832/3443/2896 2917/3393/2903 2839/3444/2952
f 2832/3443/2896 2831/3445/2895 2918/3394/2904 2917/3393/2903
f 2831/3445/2895 2830/3446/2894 2919/3397/2907 2918/3394/2904
f 2830/3446/2894 2829/3382/2893 2920/3399/2909 2919/3397/2907
f 2829/3382/2893 2828/3380/2892 2921/3401/2911 2920/3399/2909
f 2828/3380/2892 2827/3378/2891 2922/3403/2913 2921/3401/2911
f 2827/3378/2891 2826/3376/2890 2923/3405/2915 2922/3403/2913
f 2826/3376/2890 2798/3375/2889 2840/3447/2953 2923/3405/2915
f 2923/3405/2915 2840/3447/2953 2841/3448/2954 2930/3406/2916
f 2930/3406/2916 2841/3448/2954 2842/3449/2955 2937/3413/2923
f 2937/3413/2923 2842/3449/2955 2843/3450/2956 2944/3420/2930
f 2944/3420/2930 2843/3450/2956 2844/3451/2957 2951/3427/2937
f 2951/3427/2937 2844/3451/2957 2845/3452/2958 2958/3434/2944
f 2958/3434/2944 2845/3452/2958 2846/3453/2959 2965/3441/2951
f 2965/3441/2951 2846/3453/2959 2796/3316/2839 2810/3314/2838
f 2964/3440/2950 2965/3441/2951 2810/3314/2838 2809/3312/2837
f 2963/3439/2949 2964/3440/2950 2809/3312/2837 2808/3310/2836
f 2962/3438/2948 2963/3439/2949 2808/3310/2836 2807/3308/2835
f 2961/3437/2947 2962/3438/2948 2807/3308/2835 2806/3305/2834
f 2960/3435/2945 2961/3437/2947 2806/3305/2834 2805/3304/2833
f 2959/3436/2946 2960/3435/2945 2805/3304/2833 2804/3454/2831
f 2833/3455/2960 2959/3436/2946 2804/3454/2831 2795/3456/2830
f 2834/3457/2961 2952/3429/2939 2959/3436/2946 2833/3455/2960
f 2835/3458/2962 2945/3422/2932 2952/3429/2939 2834/3457/2961
f 2836/3459/2963 2938/3415/2925 2945/3422/2932 2835/3458/2962
f 2837/3460/2964 2931/3408/2918 2938/3415/2925 2836/3459/2963
f 2838/3461/2965 2924/3396/2906 2931/3408/2918 2837/3460/2964
f 2839/3444/2952 2917/3393/2903 2924/3396/2906 2838/3461/2965
f 2966/3462/2966 2967/3463/2967 2974/3464/2968 2973/3465/2969
f 2967/3463/2967 2968/3466/2970 2975/3467/2971 2974/3464/2968
f 2968/3466/2970 2969/3468/2972 2976/3469/1162 2975/3467/2971
f 2969/3468/2972 2970/3470/2973 2977/3471/2974 2976/3469/1162
f 2970/3470/2973 2971/3472/2975 2978/3473/2976 2977/3471/2974
f 2971/3474/2975 2972/3475/2977 2979/3476/2978 2978/3477/2976
f 2973/3465/2969 2974/3464/2968 2981/3478/2979 2980/3479/2980
f 2974/3464/2968 2975/3467/2971 2982/3480/2981 2981/3478/2979
f 2975/3467/2971 2976/3469/1162 2983/3481/2982 2982/3480/2981
f 2976/3469/1162 2977/3471/2974 2984/3482/2983 2983/3481/2982
f 2977/3471/2974 2978/3473/2976 2985/3483/2984 2984/3482/2983
f 2978/3477/2976 2979/3476/2978 2986/3484/2985 2985/3485/2984
f 2980/3479/2980 2981/3478/2979 2988/3486/2986 2987/3487/2987
f 2981/3478/2979 2982/3480/2981 2989/3488/2988 2988/3486/2986
f 2982/3480/2981 2983/3481/2982 2990/3489/2989 2989/3488/2988
f 2983/3481/2982 2984/3482/2983 2991/3490/2990 2990/3489/2989
f 2984/3482/2983 2985/3483/2984 2992/3491/2991 2991/3490/2990
f 2985/3485/2984 2986/3484/2985 2993/3492/2992 2992/3493/2991
f 2987/3487/2987 2988/3486/2986 2995/3494/2993 2994/3495/2994
f 2988/3486/2986 2989/3488/2988 2996/3496/2995 2995/3494/2993
f 2989/3488/2988 2990/3489/2989 2997/3497/2996 2996/3496/2995
f 2990/3489/2989 2991/3490/2990 2998/3498/2997 2997/3497/2996
f 2991/3490/2990 2992/3491/2991 2999/3499/2998 2998/3498/2997
f 2992/3493/2991 2993/3492/2992 3000/3500/2999 2999/3501/2998
f 2972/3475/2977 2820/3392/2902 2819/3391/2901 2979/3476/2978
f 2979/3476/2978 2819/3391/2901 2818/3390/2900 2986/3484/2985
f 2986/3484/2985 2818/3390/2900 2817/3389/2899 2993/3492/2992
f 2993/3492/2992 2817/3389/2899 2816/3387/2897 3000/3500/2999
f 3000/3500/2999 2816/3387/2897 2797/3388/2898 2839/3502/2952
f 2999/3501/2998 3000/3500/2999 2839/3502/2952 2838/3503/2965
f 2998/3504/2997 2999/3505/2998 2838/3461/2965 2837/3460/2964
f 2997/3497/2996 2998/3498/2997 2837/3506/2964 2836/3507/2963
f 2996/3496/2995 2997/3497/2996 2836/3507/2963 2835/3508/2962
f 2995/3494/2993 2996/3496/2995 2835/3508/2962 2834/3509/2961
f 2994/3495/2994 2995/3494/2993 2834/3509/2961 2833/3510/2960
f 2803/3302/2832 2994/3495/2994 2833/3510/2960 2795/3300/2830
f 2802/3326/2848 2987/3487/2987 2994/3495/2994 2803/3302/2832
f 2801/3325/2847 2980/3479/2980 2987/3487/2987 2802/3326/2848
f 2800/3323/2845 2973/3465/2969 2980/3479/2980 2801/3325/2847
f 2799/3324/2846 2966/3462/2966 2973/3465/2969 2800/3323/2845
f 3001/3511/3000 3002/3512/3001 3009/3513/3002 3008/3514/3003
f 3002/3512/3001 3003/3515/3004 3010/3516/3005 3009/3513/3002
f 3003/3515/3004 3004/3517/3006 3011/3518/345 3010/3516/3005
f 3004/3517/3006 3005/3519/3007 3012/3520/3008 3011/3518/345
f 3005/3519/3007 3006/3521/3009 3013/3522/3010 3012/3520/3008
f 3006/3523/3009 3007/3524/3011 3014/3525/3012 3013/3526/3010
f 3008/3514/3003 3009/3513/3002 3016/3527/3013 3015/3528/3014
f 3009/3513/3002 3010/3516/3005 3017/3529/3015 3016/3527/3013
f 3010/3516/3005 3011/3518/345 3018/3530/3016 3017/3529/3015
f 3011/3518/345 3012/3520/3008 3019/3531/3017 3018/3530/3016
f 3012/3520/3008 3013/3522/3010 3020/3532/3018 3019/3531/3017
f 3013/3526/3010 3014/3525/3012 3021/3533/3019 3020/3534/3018
f 3015/3528/3014 3016/3527/3013 3023/3535/3020 3022/3536/3021
f 3016/3527/3013 3017/3529/3015 3024/3537/3022 3023/3535/3020
f 3017/3529/3015 3018/3530/3016 3025/3538/3023 3024/3537/3022
f 3018/3530/3016 3019/3531/3017 3026/3539/3024 3025/3538/3023
f 3019/3531/3017 3020/3532/3018 3027/3540/3025 3026/3539/3024
f 3020/3534/3018 3021/3533/3019 3028/3541/3026 3027/3542/3025
f 3022/3536/3021 3023/3535/3020 3030/3543/3027 3029/3544/3028
f 3023/3535/3020 3024/3537/3022 3031/3545/3029 3030/3543/3027
f 3024/3537/3022 3025/3538/3023 3032/3546/3030 3031/3545/3029
f 3025/3538/3023 3026/3539/3024 3033/3547/3031 3032/3546/3030
f 3026/3548/3024 3027/3549/3025 3034/3550/3032 3033/3551/3031
f 3027/3542/3025 3028/3541/3026 3035/3552/3033 3034/3553/3032
f 3007/3524/3011 2815/3322/2844 2814/3321/2843 3014/3525/3012
f 3014/3525/3012 2814/3321/2843 2813/3320/2842 3021/3533/3019
f 3021/3533/3019 2813/3320/2842 2812/3319/2841 3028/3541/3026
f 3028/3541/3026 2812/3319/2841 2811/3318/2840 3035/3552/3033
f 3035/3554/3033 2811/3317/2840 2796/3316/2839 2846/3453/2959
f 3034/3550/3032 3035/3554/3033 2846/3453/2959 2845/3452/2958
f 3033/3551/3031 3034/3550/3032 2845/3452/2958 2844/3451/2957
f 3032/3555/3030 3033/3551/3031 2844/3451/2957 2843/3450/2956
f 3031/3556/3029 3032/3555/3030 2843/3450/2956 2842/3449/2955
f 3030/3557/3027 3031/3556/3029 2842/3449/2955 2841/3448/2954
f 3029/3558/3028 3030/3557/3027 2841/3448/2954 2840/3447/2953
f 2825/3371/2888 3029/3544/3028 2840/3559/2953 2798/3560/2889
f 2824/3370/2887 3022/3536/3021 3029/3544/3028 2825/3371/2888
f 2823/3369/2886 3015/3528/3014 3022/3536/3021 2824/3370/2887
f 2822/3368/2885 3008/3514/3003 3015/3528/3014 2823/3369/2886
f 2821/3367/2884 3001/3511/3000 3008/3514/3003 2822/3368/2885
f 3040/3561/3034 3047/3562/3035 3039/3563/3036 3038/3564/3036
f 3036/3565/3037 3037/3566/3037 3044/3567/3038 3043/3568/3039
f 3043/3568/3039 3044/3567/3038 3045/3569/3040 3042/3570/3041
f 3042/3570/3041 3045/3569/3040 3046/3571/3042 3041/3572/3043
f 3041/3572/3043 3046/3571/3042 3047/3562/3035 3040/3561/3034
