# Blender 4.0.2
# www.blender.org
o door
v -0.000509 0.447816 0.902292
v -0.000505 0.448750 0.902040
v -0.000892 0.450000 0.901102
v -0.000892 0.449207 0.901327
v -0.000893 0.449996 0.899607
v -0.000893 0.449208 0.899629
v -0.000893 0.449992 0.897661
v -0.000893 0.449202 0.897674
v -0.000894 0.449990 0.895395
v -0.000894 0.449203 0.895402
v -0.000894 0.449989 0.892962
v -0.000894 0.449207 0.892962
v -0.000894 0.449990 0.890530
v -0.000894 0.449207 0.890522
v -0.000893 0.449992 0.888263
v -0.000893 0.449208 0.888249
v -0.000893 0.449996 0.886317
v -0.000893 0.449208 0.886296
v -0.000892 0.450000 0.884823
v -0.000892 0.449207 0.884597
v -0.000505 0.448750 0.883885
v -0.000509 0.447816 0.883632
v 0.000030 0.447057 0.883565
v 0.000000 0.446292 0.883304
v 0.000526 0.445469 0.883885
v 0.000509 0.444768 0.883632
v 0.000988 0.444087 0.884823
v 0.000984 0.443348 0.884597
v 0.001384 0.442901 0.886317
v 0.001392 0.442129 0.886132
v 0.001689 0.441991 0.888263
v 0.001705 0.441194 0.888133
v 0.001880 0.441419 0.890530
v 0.001901 0.440605 0.890462
v 0.001945 0.441224 0.892962
v 0.001968 0.440405 0.892962
v 0.001880 0.441419 0.895395
v 0.001901 0.440605 0.895462
v 0.001689 0.441991 0.897661
v 0.001705 0.441194 0.897792
v 0.001384 0.442901 0.899607
v 0.001392 0.442129 0.899792
v 0.000988 0.444087 0.901102
v 0.000984 0.443348 0.901327
v 0.000526 0.445469 0.902040
v 0.000509 0.444768 0.902292
v 0.000030 0.447057 0.902360
v 0.000000 0.446292 0.902621
v 0.001977 0.435004 0.892962
v 0.001911 0.435004 0.895462
v 0.001911 0.435004 0.890462
v 0.001716 0.435004 0.888133
v 0.001405 0.435004 0.886132
v 0.001000 0.435004 0.884597
v 0.000528 0.435004 0.883632
v 0.000023 0.435004 0.883304
v -0.000483 0.435004 0.883632
v -0.000892 0.435004 0.884597
v -0.000893 0.435004 0.886132
v -0.000893 0.435004 0.888133
v -0.000894 0.435004 0.890462
v -0.000894 0.435004 0.892962
v -0.000894 0.435004 0.895462
v -0.000893 0.435004 0.897792
v -0.000893 0.435004 0.899792
v -0.000892 0.435004 0.901327
v -0.000483 0.435004 0.902292
v 0.000023 0.435004 0.902621
v 0.000528 0.435004 0.902292
v 0.001000 0.435004 0.901327
v 0.001405 0.435004 0.899792
v 0.001716 0.435004 0.897792
v -0.000570 0.448983 0.900066
v -0.000282 0.448066 0.900254
v -0.000538 0.448884 0.898860
v -0.000511 0.448799 0.897139
v -0.000493 0.448742 0.895143
v -0.000486 0.448720 0.893032
v -0.000490 0.448733 0.890924
v -0.000505 0.448780 0.888941
v -0.000532 0.448863 0.887206
v -0.000564 0.448963 0.885977
v -0.000275 0.448045 0.885815
v 0.000130 0.446767 0.885738
v 0.000531 0.445508 0.885797
v 0.000843 0.444551 0.885994
v 0.001009 0.444059 0.887341
v 0.001180 0.443549 0.889090
v 0.001302 0.443186 0.890991
v 0.001345 0.443060 0.893048
v 0.001302 0.443187 0.895121
v 0.001181 0.443549 0.897094
v 0.001006 0.444067 0.898828
v 0.000841 0.444557 0.900048
v 0.000528 0.445518 0.900247
v 0.000124 0.446788 0.900338
v -0.000081 0.447459 0.891150
v -0.000071 0.447431 0.893097
v -0.000085 0.447473 0.895042
v -0.000121 0.447582 0.896915
v -0.000113 0.447557 0.889274
v -0.000172 0.447731 0.887514
v -0.000181 0.447763 0.898651
v 0.000619 0.445264 0.898617
v 0.000214 0.446524 0.898591
v 0.000723 0.444958 0.896875
v 0.000291 0.446298 0.896833
v 0.000800 0.444730 0.895024
v 0.000344 0.446142 0.895006
v 0.000829 0.444645 0.893119
v 0.000365 0.446079 0.893137
v 0.000804 0.444719 0.891218
v 0.000350 0.446123 0.891279
v 0.000730 0.444936 0.889400
v 0.000301 0.446266 0.889450
v 0.000624 0.445248 0.887543
v 0.000224 0.446492 0.887625
v 0.011949 0.387486 0.877286
v 0.012121 0.386397 0.873985
v 0.011939 0.382863 0.872910
v 0.011453 0.382551 0.877513
v 0.012526 0.387991 0.913324
v 0.012116 0.386413 0.911905
v 0.011939 0.382806 0.912921
v 0.012460 0.383838 0.916051
v 0.019614 0.389572 0.909989
v 0.019320 0.387982 0.913357
v 0.019613 0.384320 0.914820
v 0.020211 0.384914 0.910536
v 0.018651 0.389737 0.870955
v 0.019323 0.387998 0.872553
v 0.019624 0.384340 0.871060
v 0.018774 0.385046 0.867785
v 0.011932 0.343186 0.876678
v 0.012103 0.344473 0.873371
v 0.012451 0.342875 0.871914
v 0.012386 0.339708 0.875913
v 0.019623 0.389615 0.875919
v 0.018772 0.393146 0.875277
v 0.014075 0.391362 0.916413
v 0.015215 0.392554 0.917531
v 0.015219 0.396866 0.912325
v 0.014073 0.395432 0.911479
v 0.011743 0.390156 0.887331
v 0.011719 0.390465 0.892892
v 0.012317 0.394524 0.892916
v 0.012332 0.394182 0.887000
v 0.020140 0.392400 0.899198
v 0.020225 0.392854 0.892962
v 0.019205 0.397548 0.892962
v 0.019136 0.396998 0.899341
v 0.016460 0.338995 0.917607
v 0.015203 0.338779 0.917802
v 0.015201 0.333978 0.912832
v 0.016488 0.334437 0.912548
v 0.020155 0.339124 0.886718
v 0.020234 0.338700 0.892962
v 0.019217 0.333964 0.892962
v 0.019161 0.334404 0.886562
v 0.011671 0.340951 0.898686
v 0.011633 0.340516 0.892924
v 0.012189 0.335882 0.892952
v 0.012229 0.336439 0.899040
v 0.011678 0.359466 0.870063
v 0.011646 0.365740 0.869842
v 0.012247 0.365767 0.865991
v 0.012262 0.359200 0.866253
v 0.016462 0.338847 0.868180
v 0.015202 0.338361 0.867737
v 0.015203 0.344241 0.863788
v 0.016488 0.344515 0.864152
v 0.014095 0.391154 0.869609
v 0.015222 0.392336 0.868538
v 0.015221 0.386860 0.864409
v 0.014073 0.385953 0.865720
v 0.020159 0.359008 0.868419
v 0.020240 0.365801 0.868017
v 0.021022 0.365800 0.873401
v 0.020930 0.358906 0.873686
v 0.020151 0.339146 0.899203
v 0.021019 0.344537 0.892962
v 0.020922 0.344861 0.899295
v 0.020147 0.392432 0.886722
v 0.021006 0.387022 0.892962
v 0.020916 0.386722 0.886631
v 0.020140 0.359017 0.917419
v 0.020218 0.365800 0.917806
v 0.019204 0.365800 0.922149
v 0.019142 0.358856 0.921691
v 0.014019 0.339917 0.916754
v 0.015204 0.344477 0.921835
v 0.014011 0.345334 0.920620
v 0.016460 0.392536 0.917537
v 0.015225 0.386867 0.921439
v 0.016486 0.387013 0.921663
v 0.011686 0.359635 0.915588
v 0.011668 0.365815 0.915844
v 0.011157 0.365817 0.912143
v 0.011169 0.360138 0.911781
v 0.011665 0.340716 0.887097
v 0.011161 0.344852 0.892876
v 0.011190 0.345133 0.887464
v 0.011735 0.390109 0.898461
v 0.011205 0.386590 0.892890
v 0.011240 0.386164 0.898052
v 0.011719 0.371896 0.915427
v 0.011808 0.377669 0.914432
v 0.011280 0.376913 0.910674
v 0.011189 0.371456 0.911799
v 0.011931 0.387560 0.908661
v 0.011810 0.389037 0.903801
v 0.011295 0.384888 0.903158
v 0.011433 0.382474 0.908396
v 0.011783 0.353460 0.870906
v 0.011288 0.354108 0.874880
v 0.011170 0.359849 0.873966
v 0.011772 0.341623 0.881524
v 0.011296 0.346136 0.882153
v 0.011469 0.348378 0.876923
v 0.011772 0.342128 0.904118
v 0.011270 0.346577 0.903353
v 0.011192 0.345284 0.898207
v 0.011924 0.348543 0.913212
v 0.011776 0.353704 0.914707
v 0.011252 0.354586 0.910687
v 0.011411 0.348946 0.908560
v 0.020136 0.372582 0.917402
v 0.019920 0.378921 0.916332
v 0.018973 0.379276 0.920252
v 0.019135 0.372738 0.921643
v 0.016622 0.365801 0.927133
v 0.017991 0.365801 0.925360
v 0.017939 0.373052 0.924796
v 0.016587 0.373277 0.926261
v 0.018649 0.389699 0.914936
v 0.017646 0.391579 0.916663
v 0.017710 0.386246 0.920447
v 0.018770 0.385026 0.918071
v 0.012356 0.353103 0.918209
v 0.012280 0.359270 0.919441
v 0.014006 0.365813 0.925175
v 0.013041 0.365810 0.922745
v 0.013030 0.358968 0.922451
v 0.014019 0.358671 0.924569
v 0.012488 0.343229 0.913709
v 0.013122 0.341561 0.915240
v 0.013099 0.346500 0.918697
v 0.012430 0.347550 0.916405
v 0.017646 0.340022 0.916663
v 0.017710 0.345356 0.920447
v 0.016485 0.344620 0.921623
v 0.015229 0.358410 0.925957
v 0.015214 0.351209 0.924450
v 0.016535 0.351164 0.924506
v 0.016586 0.358325 0.926260
v 0.019616 0.347276 0.914830
v 0.019924 0.352676 0.916352
v 0.018979 0.352314 0.920295
v 0.018771 0.346571 0.918084
v 0.020157 0.372592 0.868430
v 0.019938 0.378936 0.869512
v 0.020657 0.379197 0.874437
v 0.020926 0.372692 0.873696
v 0.021894 0.365800 0.886131
v 0.021570 0.365800 0.879529
v 0.021465 0.372923 0.879711
v 0.021784 0.373138 0.886216
v 0.019932 0.391278 0.880889
v 0.020653 0.385938 0.880649
v 0.020226 0.384942 0.875363
v 0.020647 0.352417 0.911458
v 0.020911 0.358918 0.912182
v 0.021888 0.365800 0.899787
v 0.021557 0.365800 0.906369
v 0.021457 0.358684 0.906198
v 0.021783 0.358463 0.899707
v 0.019617 0.342008 0.909996
v 0.019929 0.340336 0.905033
v 0.020650 0.345672 0.905271
v 0.020217 0.346676 0.910545
v 0.019938 0.340293 0.880883
v 0.020661 0.345642 0.880640
v 0.020927 0.344844 0.886625
v 0.021895 0.358369 0.892962
v 0.021569 0.351191 0.892962
v 0.021469 0.351380 0.886411
v 0.021790 0.358457 0.886211
v 0.019627 0.347257 0.871050
v 0.019940 0.352662 0.869501
v 0.020663 0.352396 0.874423
v 0.020232 0.346648 0.875354
v 0.011690 0.371935 0.870256
v 0.011794 0.377748 0.871322
v 0.012369 0.378399 0.867835
v 0.012288 0.372279 0.866526
v 0.013967 0.365778 0.860399
v 0.012982 0.365778 0.862797
v 0.013022 0.372621 0.863428
v 0.013998 0.372966 0.861115
v 0.012528 0.387950 0.872551
v 0.013182 0.389659 0.870980
v 0.013145 0.384880 0.867524
v 0.012461 0.383769 0.869877
v 0.018987 0.352300 0.865570
v 0.019153 0.358847 0.864155
v 0.016609 0.365796 0.859102
v 0.017991 0.365801 0.860564
v 0.017939 0.358549 0.861127
v 0.016585 0.358334 0.859739
v 0.018654 0.341830 0.870923
v 0.017646 0.340022 0.869260
v 0.017710 0.345356 0.865476
v 0.018774 0.346556 0.867788
v 0.013957 0.339483 0.868774
v 0.013031 0.341127 0.870298
v 0.013030 0.346253 0.866858
v 0.013962 0.345065 0.864944
v 0.015219 0.358273 0.859493
v 0.015209 0.350991 0.861048
v 0.013956 0.351519 0.862292
v 0.013954 0.358528 0.860790
v 0.011935 0.348157 0.872287
v 0.012325 0.352933 0.867335
v 0.012405 0.347353 0.869225
v 0.013056 0.337534 0.910843
v 0.013968 0.335387 0.911969
v 0.015201 0.328516 0.900041
v 0.015202 0.330686 0.906727
v 0.013890 0.332034 0.906209
v 0.013836 0.330084 0.899741
v 0.011920 0.343616 0.908991
v 0.012311 0.337815 0.904811
v 0.012411 0.340064 0.909861
v 0.017710 0.335906 0.874164
v 0.016490 0.334342 0.873318
v 0.015202 0.328388 0.885856
v 0.015202 0.330422 0.879085
v 0.016543 0.331176 0.879394
v 0.016595 0.329271 0.886035
v 0.019626 0.341969 0.875914
v 0.018992 0.335958 0.880537
v 0.018778 0.338342 0.875250
v 0.018984 0.336026 0.905371
v 0.019151 0.334485 0.899354
v 0.016622 0.328635 0.892962
v 0.017991 0.330563 0.892962
v 0.017939 0.331176 0.899629
v 0.016595 0.329271 0.899889
v 0.018651 0.341862 0.914970
v 0.017710 0.335906 0.911760
v 0.018774 0.338407 0.910658
v 0.017710 0.395695 0.911760
v 0.016485 0.396934 0.912401
v 0.015229 0.401987 0.899798
v 0.015219 0.400176 0.906408
v 0.016539 0.400246 0.906463
v 0.016591 0.402159 0.899858
v 0.019922 0.391228 0.905026
v 0.018973 0.395472 0.905349
v 0.018768 0.393075 0.910629
v 0.013171 0.393258 0.875464
v 0.014070 0.395446 0.874358
v 0.015229 0.401990 0.886082
v 0.015218 0.400225 0.879455
v 0.014032 0.398577 0.880020
v 0.014027 0.400232 0.886358
v 0.011823 0.389107 0.882019
v 0.012408 0.392773 0.881439
v 0.012479 0.390726 0.876472
v 0.012382 0.392940 0.904474
v 0.012327 0.394167 0.898836
v 0.014001 0.400973 0.892939
v 0.013051 0.398133 0.892935
v 0.013050 0.397718 0.899199
v 0.013993 0.400495 0.899559
v 0.013185 0.389694 0.914875
v 0.013144 0.393475 0.910501
v 0.012457 0.390906 0.909486
v 0.016615 0.402798 0.892961
v 0.017991 0.401038 0.892962
v 0.017939 0.400425 0.886294
v 0.016590 0.402160 0.886062
v 0.015219 0.396884 0.873537
v 0.016538 0.400181 0.879478
v 0.016484 0.396883 0.873539
v 0.018979 0.395531 0.880562
v 0.019140 0.397030 0.886579
v 0.013814 0.329441 0.892960
v 0.012832 0.332109 0.892960
v 0.012837 0.332557 0.886532
v 0.013809 0.329932 0.886156
v 0.015202 0.333755 0.872948
v 0.013862 0.331866 0.879657
v 0.013919 0.335060 0.873762
v 0.012286 0.337412 0.881013
v 0.012209 0.336116 0.886826
v 0.015233 0.373203 0.859848
v 0.015233 0.380269 0.861694
v 0.016537 0.380441 0.861404
v 0.016587 0.373283 0.859630
v 0.019218 0.365801 0.863688
v 0.017939 0.373052 0.861127
v 0.019148 0.372749 0.864196
v 0.016460 0.392601 0.868316
v 0.017646 0.391579 0.869260
v 0.017710 0.386246 0.865476
v 0.016488 0.387089 0.864143
v 0.021888 0.373223 0.892962
v 0.021558 0.380383 0.892962
v 0.021453 0.380188 0.899502
v 0.021777 0.373131 0.899702
v 0.021003 0.365800 0.912461
v 0.021452 0.372912 0.906189
v 0.020908 0.372680 0.912173
v 0.020642 0.385906 0.905261
v 0.020911 0.386702 0.899289
v 0.015238 0.373215 0.925899
v 0.015227 0.380383 0.924341
v 0.014048 0.379811 0.922935
v 0.014038 0.372943 0.924453
v 0.012273 0.365809 0.919681
v 0.013051 0.372628 0.922308
v 0.012320 0.372276 0.919125
v 0.013150 0.384928 0.918359
v 0.014056 0.386120 0.920338
v 0.011310 0.385019 0.882661
v 0.011228 0.386232 0.887709
v 0.011175 0.371489 0.874066
v 0.011283 0.377002 0.875194
v 0.011133 0.365718 0.873705
v 0.013086 0.379146 0.920914
v 0.012383 0.378404 0.917962
v 0.015233 0.365815 0.926645
v 0.021147 0.379713 0.905753
v 0.020640 0.379176 0.911441
v 0.022000 0.365800 0.892962
v 0.017831 0.379973 0.862776
v 0.018983 0.379295 0.865596
v 0.015227 0.365776 0.859102
v 0.012897 0.334248 0.880398
v 0.012979 0.337129 0.874888
v 0.015202 0.327760 0.892962
v 0.017831 0.398632 0.879932
v 0.017710 0.395695 0.874164
v 0.015225 0.402812 0.892945
v 0.013079 0.396234 0.905194
v 0.014033 0.398546 0.905832
v 0.013111 0.396010 0.880742
v 0.013084 0.397482 0.886703
v 0.017831 0.398632 0.905992
v 0.017939 0.400425 0.899629
v 0.017831 0.332969 0.905992
v 0.019322 0.343604 0.913370
v 0.016543 0.331176 0.906529
v 0.017831 0.332969 0.879932
v 0.019326 0.343592 0.872543
v 0.017939 0.331176 0.886294
v 0.012953 0.334518 0.905461
v 0.012104 0.344769 0.912305
v 0.012905 0.332908 0.899350
v 0.013001 0.352275 0.864489
v 0.012978 0.358889 0.863140
v 0.017831 0.351628 0.862776
v 0.016536 0.351157 0.861407
v 0.013084 0.379097 0.865005
v 0.014038 0.379794 0.862884
v 0.021167 0.351855 0.880140
v 0.021470 0.358673 0.879702
v 0.021155 0.351875 0.905765
v 0.021463 0.351392 0.899509
v 0.021160 0.379733 0.880152
v 0.021459 0.380200 0.886418
v 0.017831 0.351628 0.923147
v 0.017939 0.358549 0.924796
v 0.013079 0.352467 0.920956
v 0.014014 0.351747 0.923149
v 0.017831 0.379973 0.923147
v 0.016535 0.380395 0.924397
v 0.010840 0.383142 0.888268
v 0.010845 0.381887 0.883944
v 0.010839 0.383553 0.892918
v 0.010842 0.375555 0.878099
v 0.010834 0.370861 0.876984
v 0.010830 0.365748 0.876641
v 0.010852 0.352157 0.905660
v 0.010847 0.356159 0.907921
v 0.010848 0.349688 0.901962
v 0.010843 0.348366 0.897598
v 0.010839 0.347970 0.892894
v 0.010851 0.351743 0.879984
v 0.010846 0.349507 0.883666
v 0.010843 0.355751 0.877958
v 0.010833 0.360577 0.876953
v 0.010853 0.379378 0.905630
v 0.010850 0.381860 0.901898
v 0.010849 0.375407 0.907926
v 0.010844 0.370773 0.909162
v 0.010841 0.365803 0.909517
v 0.010843 0.383162 0.897559
v 0.010840 0.348352 0.888131
v 0.010840 0.360815 0.909081
v 0.010849 0.379504 0.880289
v 0.010366 0.356798 0.879487
v 0.010368 0.353370 0.881475
v 0.010364 0.361076 0.878419
v 0.010363 0.365770 0.878081
v 0.010364 0.370435 0.878432
v 0.010366 0.374651 0.879548
v 0.010367 0.378050 0.881610
v 0.010367 0.380311 0.884753
v 0.010366 0.381579 0.888653
v 0.010366 0.382015 0.892944
v 0.010367 0.381642 0.897241
v 0.010369 0.380366 0.901180
v 0.010369 0.377996 0.904394
v 0.010370 0.374583 0.906638
v 0.010369 0.370384 0.907867
v 0.010368 0.365801 0.908256
v 0.010368 0.361209 0.907829
v 0.010370 0.357005 0.906616
v 0.010370 0.353541 0.904408
v 0.010370 0.351173 0.901178
v 0.010368 0.349866 0.897240
v 0.010367 0.349482 0.892923
v 0.010367 0.349914 0.888586
v 0.010367 0.351157 0.884626
v 0.009513 0.381579 0.888653
v 0.009514 0.380311 0.884753
v 0.009513 0.382015 0.892944
v 0.009512 0.374651 0.879548
v 0.009510 0.370435 0.878432
v 0.009509 0.365770 0.878081
v 0.009517 0.353541 0.904407
v 0.009517 0.357005 0.906616
v 0.009516 0.351173 0.901178
v 0.009515 0.349867 0.897240
v 0.009514 0.349482 0.892923
v 0.009515 0.353370 0.881475
v 0.009514 0.351157 0.884626
v 0.009513 0.356798 0.879487
v 0.009510 0.361076 0.878419
v 0.009516 0.377996 0.904394
v 0.009516 0.380366 0.901180
v 0.009517 0.374583 0.906638
v 0.009516 0.370384 0.907867
v 0.009515 0.365801 0.908256
v 0.009514 0.381642 0.897241
v 0.009514 0.349914 0.888586
v 0.009515 0.361209 0.907829
v 0.009514 0.378050 0.881610
v -0.011949 0.344115 0.877286
v -0.012121 0.345204 0.873985
v -0.011939 0.348738 0.872910
v -0.011453 0.349050 0.877513
v -0.012526 0.343610 0.913324
v -0.012116 0.345188 0.911905
v -0.011939 0.348795 0.912921
v -0.012460 0.347763 0.916051
v -0.019614 0.342029 0.909989
v -0.019320 0.343619 0.913357
v -0.019613 0.347282 0.914820
v -0.020211 0.346687 0.910536
v -0.018651 0.341865 0.870955
v -0.019323 0.343603 0.872553
v -0.019624 0.347262 0.871060
v -0.018774 0.346555 0.867785
v -0.011932 0.388415 0.876678
v -0.012103 0.387128 0.873371
v -0.012451 0.388726 0.871914
v -0.012386 0.391893 0.875913
v -0.019623 0.341986 0.875919
v -0.018772 0.338455 0.875277
v -0.014075 0.340239 0.916413
v -0.015215 0.339047 0.917531
v -0.015219 0.334735 0.912325
v -0.014073 0.336169 0.911479
v -0.011743 0.341445 0.887331
v -0.011719 0.341136 0.892892
v -0.012317 0.337076 0.892916
v -0.012332 0.337419 0.887000
v -0.020140 0.339201 0.899198
v -0.020225 0.338747 0.892962
v -0.019205 0.334053 0.892962
v -0.019136 0.334603 0.899341
v -0.016460 0.392606 0.917607
v -0.015203 0.392823 0.917802
v -0.015201 0.397623 0.912832
v -0.016488 0.397164 0.912548
v -0.020155 0.392478 0.886718
v -0.020234 0.392901 0.892962
v -0.019217 0.397637 0.892962
v -0.019161 0.397197 0.886562
v -0.011671 0.390650 0.898686
v -0.011633 0.391085 0.892924
v -0.012189 0.395719 0.892952
v -0.012229 0.395162 0.899040
v -0.011678 0.372135 0.870063
v -0.011646 0.365861 0.869842
v -0.012247 0.365834 0.865991
v -0.012262 0.372401 0.866253
v -0.016462 0.392754 0.868180
v -0.015202 0.393240 0.867737
v -0.015203 0.387360 0.863788
v -0.016488 0.387086 0.864152
v -0.014095 0.340447 0.869609
v -0.015222 0.339265 0.868538
v -0.015221 0.344741 0.864409
v -0.014073 0.345648 0.865720
v -0.020159 0.372593 0.868419
v -0.020240 0.365801 0.868017
v -0.021022 0.365801 0.873400
v -0.020930 0.372695 0.873686
v -0.020151 0.392455 0.899203
v -0.021019 0.387064 0.892962
v -0.020922 0.386740 0.899295
v -0.020147 0.339169 0.886722
v -0.021006 0.344579 0.892962
v -0.020917 0.344879 0.886631
v -0.020140 0.372584 0.917419
v -0.020218 0.365801 0.917806
v -0.019204 0.365801 0.922149
v -0.019142 0.372745 0.921691
v -0.014019 0.391684 0.916754
v -0.015204 0.387124 0.921835
v -0.014011 0.386267 0.920620
v -0.016460 0.339065 0.917537
v -0.015225 0.344734 0.921439
v -0.016486 0.344589 0.921663
v -0.011686 0.371966 0.915588
v -0.011668 0.365786 0.915844
v -0.011157 0.365784 0.912143
v -0.011169 0.371463 0.911781
v -0.011665 0.390885 0.887097
v -0.011161 0.386749 0.892876
v -0.011190 0.386468 0.887464
v -0.011735 0.341492 0.898461
v -0.011205 0.345011 0.892890
v -0.011240 0.345438 0.898052
v -0.011719 0.359705 0.915426
v -0.011808 0.353932 0.914432
v -0.011280 0.354688 0.910674
v -0.011189 0.360145 0.911799
v -0.011931 0.344041 0.908661
v -0.011810 0.342564 0.903801
v -0.011295 0.346713 0.903158
v -0.011433 0.349127 0.908396
v -0.011783 0.378141 0.870906
v -0.011288 0.377493 0.874880
v -0.011170 0.371752 0.873966
v -0.011772 0.389978 0.881524
v -0.011296 0.385465 0.882153
v -0.011469 0.383223 0.876923
v -0.011772 0.389473 0.904118
v -0.011270 0.385024 0.903353
v -0.011192 0.386317 0.898207
v -0.011924 0.383059 0.913212
v -0.011776 0.377898 0.914707
v -0.011252 0.377015 0.910687
v -0.011411 0.382655 0.908560
v -0.020136 0.359019 0.917402
v -0.019920 0.352681 0.916332
v -0.018973 0.352325 0.920252
v -0.019135 0.358863 0.921643
v -0.016622 0.365801 0.927133
v -0.017991 0.365801 0.925360
v -0.017939 0.358549 0.924796
v -0.016587 0.358324 0.926261
v -0.018649 0.341902 0.914936
v -0.017646 0.340022 0.916663
v -0.017710 0.345356 0.920447
v -0.018770 0.346575 0.918071
v -0.012356 0.378498 0.918209
v -0.012280 0.372331 0.919441
v -0.014006 0.365788 0.925175
v -0.013041 0.365791 0.922745
v -0.013030 0.372633 0.922451
v -0.014019 0.372930 0.924569
v -0.012488 0.388372 0.913709
v -0.013122 0.390040 0.915240
v -0.013099 0.385101 0.918697
v -0.012430 0.384051 0.916405
v -0.017646 0.391579 0.916663
v -0.017710 0.386245 0.920447
v -0.016485 0.386981 0.921623
v -0.015229 0.373191 0.925957
v -0.015214 0.380392 0.924450
v -0.016535 0.380437 0.924506
v -0.016586 0.373276 0.926260
v -0.019616 0.384325 0.914830
v -0.019924 0.378925 0.916352
v -0.018979 0.379287 0.920295
v -0.018771 0.385030 0.918084
v -0.020157 0.359009 0.868430
v -0.019938 0.352665 0.869512
v -0.020657 0.352404 0.874437
v -0.020926 0.358909 0.873696
v -0.021894 0.365801 0.886131
v -0.021570 0.365801 0.879529
v -0.021465 0.358678 0.879711
v -0.021784 0.358463 0.886216
v -0.019932 0.340323 0.880889
v -0.020653 0.345663 0.880649
v -0.020226 0.346659 0.875363
v -0.020647 0.379184 0.911458
v -0.020911 0.372683 0.912182
v -0.021888 0.365801 0.899787
v -0.021557 0.365801 0.906369
v -0.021457 0.372918 0.906198
v -0.021783 0.373138 0.899707
v -0.019617 0.389593 0.909996
v -0.019929 0.391265 0.905033
v -0.020650 0.385929 0.905271
v -0.020217 0.384925 0.910545
v -0.019938 0.391308 0.880883
v -0.020661 0.385959 0.880640
v -0.020927 0.386756 0.886625
v -0.021895 0.373232 0.892962
v -0.021569 0.380410 0.892962
v -0.021469 0.380221 0.886411
v -0.021790 0.373144 0.886211
v -0.019627 0.384344 0.871050
v -0.019940 0.378939 0.869501
v -0.020663 0.379205 0.874423
v -0.020232 0.384953 0.875354
v -0.011690 0.359666 0.870256
v -0.011794 0.353854 0.871322
v -0.012369 0.353202 0.867835
v -0.012288 0.359322 0.866526
v -0.013967 0.365824 0.860399
v -0.012982 0.365823 0.862797
v -0.013022 0.358980 0.863428
v -0.013998 0.358635 0.861115
v -0.012528 0.343651 0.872551
v -0.013182 0.341942 0.870980
v -0.013145 0.346721 0.867524
v -0.012461 0.347832 0.869877
v -0.018987 0.379301 0.865570
v -0.019153 0.372754 0.864155
v -0.016609 0.365806 0.859102
v -0.017991 0.365801 0.860564
v -0.017939 0.373052 0.861127
v -0.016585 0.373268 0.859739
v -0.018654 0.389772 0.870923
v -0.017646 0.391579 0.869260
v -0.017710 0.386245 0.865476
v -0.018774 0.385045 0.867788
v -0.013957 0.392118 0.868774
v -0.013031 0.390474 0.870298
v -0.013030 0.385348 0.866858
v -0.013962 0.386536 0.864944
v -0.015219 0.373328 0.859493
v -0.015209 0.380610 0.861048
v -0.013956 0.380082 0.862292
v -0.013954 0.373073 0.860790
v -0.011935 0.383444 0.872287
v -0.012325 0.378668 0.867335
v -0.012405 0.384248 0.869225
v -0.013056 0.394069 0.910843
v -0.013968 0.396214 0.911969
v -0.015201 0.403086 0.900041
v -0.015202 0.400915 0.906727
v -0.013890 0.399567 0.906209
v -0.013836 0.401517 0.899741
v -0.011920 0.387985 0.908991
v -0.012311 0.393787 0.904811
v -0.012411 0.391537 0.909861
v -0.017710 0.395695 0.874164
v -0.016490 0.397260 0.873318
v -0.015202 0.403214 0.885856
v -0.015202 0.401179 0.879085
v -0.016543 0.400425 0.879394
v -0.016595 0.402330 0.886035
v -0.019626 0.389632 0.875914
v -0.018992 0.395643 0.880537
v -0.018778 0.393259 0.875250
v -0.018984 0.395575 0.905371
v -0.019151 0.397116 0.899354
v -0.016622 0.402966 0.892962
v -0.017991 0.401038 0.892962
v -0.017939 0.400425 0.899629
v -0.016595 0.402330 0.899889
v -0.018651 0.389739 0.914970
v -0.017710 0.395695 0.911760
v -0.018774 0.393194 0.910658
v -0.017710 0.335906 0.911760
v -0.016485 0.334667 0.912401
v -0.015229 0.329614 0.899798
v -0.015219 0.331425 0.906408
v -0.016539 0.331355 0.906463
v -0.016591 0.329442 0.899858
v -0.019922 0.340373 0.905026
v -0.018973 0.336129 0.905349
v -0.018768 0.338526 0.910629
v -0.013171 0.338343 0.875464
v -0.014070 0.336155 0.874358
v -0.015229 0.329612 0.886082
v -0.015218 0.331376 0.879455
v -0.014032 0.333024 0.880020
v -0.014027 0.331369 0.886358
v -0.011823 0.342495 0.882019
v -0.012408 0.338828 0.881439
v -0.012479 0.340875 0.876472
v -0.012382 0.338661 0.904474
v -0.012327 0.337434 0.898836
v -0.014001 0.330628 0.892939
v -0.013051 0.333468 0.892935
v -0.013050 0.333883 0.899199
v -0.013993 0.331106 0.899559
v -0.013185 0.341907 0.914875
v -0.013144 0.338126 0.910501
v -0.012457 0.340695 0.909486
v -0.016615 0.328803 0.892961
v -0.017991 0.330563 0.892962
v -0.017939 0.331176 0.886294
v -0.016590 0.329441 0.886062
v -0.015219 0.334717 0.873537
v -0.016538 0.331420 0.879478
v -0.016484 0.334718 0.873539
v -0.018979 0.336070 0.880562
v -0.019140 0.334571 0.886579
v -0.013814 0.402160 0.892960
v -0.012832 0.399492 0.892960
v -0.012837 0.399044 0.886532
v -0.013809 0.401669 0.886156
v -0.015202 0.397846 0.872948
v -0.013862 0.399735 0.879657
v -0.013919 0.396541 0.873762
v -0.012286 0.394189 0.881013
v -0.012209 0.395485 0.886826
v -0.015233 0.358398 0.859848
v -0.015233 0.351332 0.861694
v -0.016537 0.351160 0.861404
v -0.016587 0.358318 0.859630
v -0.019218 0.365801 0.863688
v -0.017939 0.358549 0.861127
v -0.019148 0.358852 0.864196
v -0.016460 0.339000 0.868316
v -0.017646 0.340022 0.869260
v -0.017710 0.345356 0.865476
v -0.016488 0.344512 0.864143
v -0.021888 0.358378 0.892962
v -0.021558 0.351218 0.892962
v -0.021453 0.351414 0.899502
v -0.021777 0.358471 0.899702
v -0.021003 0.365801 0.912461
v -0.021452 0.358689 0.906189
v -0.020908 0.358921 0.912173
v -0.020642 0.345697 0.905261
v -0.020911 0.344899 0.899289
v -0.015238 0.358386 0.925899
v -0.015227 0.351218 0.924341
v -0.014048 0.351790 0.922935
v -0.014038 0.358658 0.924453
v -0.012273 0.365792 0.919681
v -0.013051 0.358973 0.922308
v -0.012320 0.359325 0.919125
v -0.013150 0.346673 0.918359
v -0.014056 0.345481 0.920338
v -0.011310 0.346582 0.882661
v -0.011228 0.345369 0.887709
v -0.011175 0.360112 0.874066
v -0.011283 0.354601 0.875194
v -0.011133 0.365883 0.873705
v -0.013086 0.352455 0.920914
v -0.012383 0.353197 0.917962
v -0.015233 0.365786 0.926644
v -0.021147 0.351889 0.905753
v -0.020640 0.352425 0.911441
v -0.022000 0.365801 0.892962
v -0.017831 0.351628 0.862776
v -0.018983 0.352306 0.865596
v -0.015227 0.365825 0.859102
v -0.012897 0.397353 0.880398
v -0.012979 0.394472 0.874888
v -0.015202 0.403841 0.892962
v -0.017831 0.332969 0.879932
v -0.017710 0.335906 0.874164
v -0.015225 0.328790 0.892945
v -0.013079 0.335367 0.905194
v -0.014033 0.333055 0.905832
v -0.013111 0.335591 0.880742
v -0.013084 0.334119 0.886703
v -0.017831 0.332969 0.905991
v -0.017939 0.331176 0.899629
v -0.017831 0.398632 0.905991
v -0.019322 0.387998 0.913370
v -0.016543 0.400425 0.906529
v -0.017831 0.398632 0.879932
v -0.019326 0.388009 0.872543
v -0.017939 0.400425 0.886294
v -0.012953 0.397083 0.905461
v -0.012104 0.386832 0.912305
v -0.012905 0.398693 0.899350
v -0.013001 0.379326 0.864489
v -0.012978 0.372712 0.863140
v -0.017831 0.379973 0.862776
v -0.016536 0.380444 0.861407
v -0.013084 0.352504 0.865005
v -0.014038 0.351807 0.862884
v -0.021167 0.379746 0.880140
v -0.021470 0.372928 0.879702
v -0.021155 0.379726 0.905765
v -0.021463 0.380209 0.899509
v -0.021160 0.351868 0.880152
v -0.021459 0.351401 0.886418
v -0.017831 0.379973 0.923147
v -0.017939 0.373052 0.924796
v -0.013079 0.379134 0.920956
v -0.014014 0.379854 0.923149
v -0.017831 0.351628 0.923147
v -0.016535 0.351206 0.924397
v -0.010840 0.348459 0.888268
v -0.010845 0.349714 0.883944
v -0.010839 0.348048 0.892918
v -0.010842 0.356046 0.878099
v -0.010834 0.360740 0.876984
v -0.010830 0.365853 0.876641
v -0.010852 0.379444 0.905660
v -0.010847 0.375442 0.907921
v -0.010848 0.381914 0.901962
v -0.010843 0.383236 0.897598
v -0.010839 0.383631 0.892894
v -0.010851 0.379858 0.879984
v -0.010846 0.382094 0.883666
v -0.010843 0.375850 0.877958
v -0.010833 0.371024 0.876953
v -0.010853 0.352223 0.905630
v -0.010850 0.349741 0.901898
v -0.010849 0.356194 0.907926
v -0.010844 0.360829 0.909162
v -0.010841 0.365798 0.909517
v -0.010843 0.348439 0.897559
v -0.010840 0.383249 0.888131
v -0.010840 0.370786 0.909081
v -0.010849 0.352098 0.880289
v -0.010366 0.374803 0.879487
v -0.010368 0.378231 0.881475
v -0.010364 0.370525 0.878419
v -0.010363 0.365831 0.878081
v -0.010364 0.361166 0.878432
v -0.010366 0.356950 0.879548
v -0.010367 0.353551 0.881610
v -0.010367 0.351290 0.884753
v -0.010366 0.350022 0.888653
v -0.010366 0.349586 0.892944
v -0.010367 0.349959 0.897241
v -0.010369 0.351235 0.901180
v -0.010369 0.353607 0.904394
v -0.010370 0.357018 0.906638
v -0.010369 0.361217 0.907867
v -0.010368 0.365800 0.908256
v -0.010368 0.370392 0.907829
v -0.010370 0.374596 0.906616
v -0.010370 0.378060 0.904407
v -0.010370 0.380430 0.901178
v -0.010368 0.381735 0.897240
v -0.010367 0.382119 0.892923
v -0.010367 0.381687 0.888586
v -0.010367 0.380444 0.884626
v -0.009513 0.350022 0.888653
v -0.009514 0.351290 0.884753
v -0.009513 0.349586 0.892944
v -0.009512 0.356950 0.879548
v -0.009510 0.361166 0.878432
v -0.009510 0.365831 0.878081
v -0.009517 0.378060 0.904407
v -0.009517 0.374596 0.906616
v -0.009516 0.380430 0.901178
v -0.009515 0.381735 0.897240
v -0.009514 0.382119 0.892923
v -0.009515 0.378231 0.881475
v -0.009514 0.380444 0.884626
v -0.009513 0.374803 0.879487
v -0.009510 0.370525 0.878419
v -0.009516 0.353607 0.904394
v -0.009516 0.351235 0.901180
v -0.009517 0.357018 0.906638
v -0.009516 0.361217 0.907867
v -0.009515 0.365800 0.908256
v -0.009514 0.349959 0.897241
v -0.009514 0.381687 0.888586
v -0.009515 0.370392 0.907829
v -0.009514 0.353551 0.881610
v -0.005461 -0.434775 1.825729
v -0.005461 -0.434775 1.807703
v -0.005164 -0.434776 1.807703
v -0.005164 -0.434776 1.825729
v -0.005743 -0.435267 1.825729
v -0.005743 -0.435267 1.807703
v -0.005983 -0.436204 1.825729
v -0.005983 -0.436204 1.807703
v -0.006158 -0.437493 1.825729
v -0.006158 -0.437493 1.807703
v -0.006250 -0.439009 1.825729
v -0.006250 -0.439009 1.807703
v -0.006250 -0.440603 1.825729
v -0.006250 -0.440603 1.807703
v -0.006159 -0.442121 1.825729
v -0.006159 -0.442121 1.807703
v -0.005984 -0.443411 1.825729
v -0.005984 -0.443411 1.807703
v -0.005744 -0.444350 1.825729
v -0.005744 -0.444350 1.807703
v -0.005462 -0.444844 1.825729
v -0.005462 -0.444844 1.807703
v -0.005165 -0.444844 1.825729
v -0.005165 -0.444844 1.807703
v -0.004883 -0.444352 1.825729
v -0.004883 -0.444352 1.807703
v -0.004643 -0.443416 1.825729
v -0.004643 -0.443416 1.807703
v -0.004468 -0.442127 1.825729
v -0.004468 -0.442127 1.807703
v -0.004377 -0.440610 1.825729
v -0.004377 -0.440610 1.807703
v -0.004376 -0.439015 1.825729
v -0.004376 -0.439015 1.807703
v -0.004468 -0.437498 1.825729
v -0.004468 -0.437498 1.807703
v -0.004642 -0.436208 1.825729
v -0.004642 -0.436208 1.807703
v -0.004882 -0.435269 1.825729
v -0.004882 -0.435269 1.807703
v -0.005609 -0.429740 1.825729
v -0.005015 -0.429742 1.825729
v -0.006173 -0.430724 1.825729
v -0.006654 -0.432597 1.825729
v -0.007003 -0.435176 1.825729
v -0.007187 -0.438208 1.825729
v -0.007187 -0.441398 1.825729
v -0.007004 -0.444432 1.825729
v -0.006655 -0.447013 1.825729
v -0.006175 -0.448889 1.825729
v -0.005611 -0.449877 1.825729
v -0.005018 -0.449879 1.825729
v -0.004453 -0.448895 1.825729
v -0.003973 -0.447022 1.825729
v -0.003624 -0.444443 1.825729
v -0.003440 -0.439721 1.825729
v -0.003439 -0.438222 1.825729
v -0.003622 -0.435187 1.825729
v -0.003971 -0.432606 1.825729
v -0.004451 -0.430730 1.825729
v -0.005609 -0.429740 1.807703
v -0.005015 -0.429742 1.807703
v -0.006173 -0.430724 1.807703
v -0.006654 -0.432597 1.807703
v -0.007003 -0.435176 1.807703
v -0.007187 -0.438208 1.807703
v -0.007187 -0.441398 1.807703
v -0.007004 -0.444432 1.807703
v -0.006655 -0.447013 1.807703
v -0.006175 -0.448889 1.807703
v -0.005611 -0.449877 1.807703
v -0.005018 -0.449879 1.807703
v -0.004453 -0.448895 1.807703
v -0.003973 -0.447022 1.807703
v -0.003624 -0.444443 1.807703
v -0.003440 -0.439721 1.807703
v 0.002575 -0.438241 1.807703
v 0.002575 -0.438241 1.825729
v 0.002575 -0.439741 1.825729
v 0.002575 -0.439741 1.807703
v -0.003622 -0.435187 1.807703
v -0.003439 -0.438222 1.807703
v -0.003971 -0.432606 1.807703
v -0.004451 -0.430730 1.807703
v 0.002575 -0.439741 1.789710
v -0.003440 -0.439721 1.789710
v -0.003439 -0.438222 1.789710
v 0.002575 -0.438241 1.789710
v -0.005461 -0.434775 1.861780
v -0.005461 -0.434775 1.843755
v -0.005164 -0.434776 1.843755
v -0.005164 -0.434776 1.861780
v -0.005743 -0.435267 1.861780
v -0.005743 -0.435267 1.843755
v -0.005983 -0.436204 1.861780
v -0.005983 -0.436204 1.843755
v -0.006158 -0.437493 1.861780
v -0.006158 -0.437493 1.843755
v -0.006250 -0.439009 1.861780
v -0.006250 -0.439009 1.843755
v -0.006250 -0.440603 1.861780
v -0.006250 -0.440603 1.843755
v -0.006159 -0.442121 1.861780
v -0.006159 -0.442121 1.843755
v -0.005984 -0.443411 1.861780
v -0.005984 -0.443411 1.843755
v -0.005744 -0.444350 1.861780
v -0.005744 -0.444350 1.843755
v -0.005462 -0.444844 1.861780
v -0.005462 -0.444844 1.843755
v -0.005165 -0.444844 1.861780
v -0.005165 -0.444844 1.843755
v -0.004883 -0.444352 1.861780
v -0.004883 -0.444352 1.843755
v -0.004643 -0.443416 1.861780
v -0.004643 -0.443416 1.843755
v -0.004468 -0.442127 1.861780
v -0.004468 -0.442127 1.843755
v -0.004377 -0.440610 1.861780
v -0.004377 -0.440610 1.843755
v -0.004376 -0.439015 1.861780
v -0.004376 -0.439015 1.843755
v -0.004468 -0.437498 1.861780
v -0.004468 -0.437498 1.843755
v -0.004642 -0.436208 1.861780
v -0.004642 -0.436208 1.843755
v -0.004882 -0.435269 1.861780
v -0.004882 -0.435269 1.843755
v -0.005609 -0.429740 1.861780
v -0.005015 -0.429742 1.861780
v -0.006173 -0.430724 1.861780
v -0.006654 -0.432597 1.861780
v -0.007003 -0.435176 1.861780
v -0.007187 -0.438208 1.861780
v -0.007187 -0.441398 1.861780
v -0.007004 -0.444432 1.861780
v -0.006655 -0.447013 1.861780
v -0.006175 -0.448889 1.861780
v -0.005611 -0.449877 1.861780
v -0.005018 -0.449879 1.861780
v -0.004453 -0.448895 1.861780
v -0.003973 -0.447022 1.861780
v -0.003624 -0.444443 1.861780
v -0.003440 -0.439721 1.861780
v -0.003439 -0.438222 1.861780
v -0.003622 -0.435187 1.861780
v -0.003971 -0.432606 1.861780
v -0.004451 -0.430730 1.861780
v -0.005609 -0.429740 1.843943
v -0.005015 -0.429742 1.843943
v -0.006173 -0.430724 1.843943
v -0.006654 -0.432597 1.843943
v -0.007003 -0.435176 1.843943
v -0.007187 -0.438208 1.843943
v -0.007187 -0.441398 1.843943
v -0.007004 -0.444432 1.843943
v -0.006655 -0.447013 1.843943
v -0.006175 -0.448889 1.843943
v -0.005611 -0.449877 1.843943
v -0.005018 -0.449879 1.843943
v -0.004453 -0.448895 1.843943
v -0.003973 -0.447022 1.843943
v -0.003624 -0.444443 1.843943
v -0.003440 -0.439721 1.843943
v 0.002575 -0.438241 1.843943
v 0.002575 -0.438241 1.861780
v 0.002575 -0.439741 1.861780
v 0.002575 -0.439741 1.843943
v -0.003622 -0.435187 1.843943
v -0.003439 -0.438222 1.843943
v -0.003971 -0.432606 1.843943
v -0.004451 -0.430730 1.843943
v 0.002575 -0.438241 1.879824
v -0.003439 -0.438222 1.879824
v -0.003440 -0.439721 1.879824
v 0.002575 -0.439741 1.879824
v 0.009378 0.347463 0.883797
v 0.009378 0.346225 0.886540
v 0.007409 0.345729 0.886392
v 0.007409 0.346997 0.883580
v 0.009378 0.349149 0.881265
v 0.007409 0.348726 0.880983
v 0.007409 0.350879 0.878669
v 0.009378 0.351248 0.879008
v 0.009378 0.353702 0.877079
v 0.007409 0.353396 0.876690
v 0.007409 0.356219 0.875100
v 0.009378 0.356457 0.875528
v 0.009378 0.359440 0.874390
v 0.007409 0.359279 0.873934
v 0.007409 0.362499 0.873224
v 0.009378 0.362580 0.873699
v 0.009378 0.365801 0.873464
v 0.007409 0.365801 0.872984
v 0.007409 0.369102 0.873224
v 0.009378 0.369021 0.873699
v 0.009378 0.372161 0.874390
v 0.007409 0.372322 0.873934
v 0.007409 0.375382 0.875100
v 0.009378 0.375144 0.875528
v 0.009378 0.377899 0.877079
v 0.007409 0.378205 0.876690
v 0.007409 0.380724 0.878669
v 0.009378 0.380353 0.879008
v 0.009378 0.382452 0.881265
v 0.007409 0.382875 0.880983
v 0.007409 0.384604 0.883580
v 0.009378 0.384138 0.883797
v 0.009378 0.385376 0.886540
v 0.007409 0.385872 0.886392
v 0.007409 0.386644 0.889353
v 0.009378 0.386129 0.889429
v 0.009378 0.386384 0.892389
v 0.007409 0.386905 0.892389
v 0.007409 0.386644 0.895423
v 0.009378 0.386129 0.895349
v 0.009378 0.385376 0.898236
v 0.007409 0.385872 0.898384
v 0.007409 0.384604 0.901198
v 0.009378 0.384138 0.900979
v 0.009378 0.382452 0.903512
v 0.007409 0.382875 0.903794
v 0.007409 0.380724 0.906109
v 0.009378 0.380353 0.905769
v 0.009378 0.377899 0.907699
v 0.007409 0.378205 0.908087
v 0.007409 0.375382 0.909677
v 0.009378 0.375144 0.909248
v 0.009378 0.372161 0.910387
v 0.007409 0.372322 0.910843
v 0.007409 0.369102 0.911553
v 0.009378 0.369021 0.911078
v 0.009378 0.365801 0.911313
v 0.007409 0.365801 0.911793
v 0.007409 0.362499 0.911553
v 0.009378 0.362580 0.911078
v 0.009378 0.359440 0.910387
v 0.007409 0.359279 0.910843
v 0.007409 0.356219 0.909677
v 0.009378 0.356457 0.909248
v 0.009378 0.353702 0.907699
v 0.007409 0.353396 0.908087
v 0.007409 0.350879 0.906109
v 0.009378 0.351248 0.905769
v 0.009378 0.349149 0.903512
v 0.007409 0.348726 0.903794
v 0.007409 0.346997 0.901198
v 0.009378 0.347463 0.900979
v 0.009378 0.346225 0.898236
v 0.007409 0.345729 0.898384
v 0.007409 0.344957 0.895423
v 0.009378 0.345472 0.895349
v 0.009378 0.345217 0.892389
v 0.007409 0.344696 0.892389
v 0.007409 0.344957 0.889353
v 0.009378 0.345472 0.889429
v 0.006686 0.347584 0.880219
v 0.006686 0.345739 0.882990
v 0.006686 0.352565 0.875639
v 0.006686 0.349879 0.877750
v 0.006686 0.358842 0.872699
v 0.006686 0.355578 0.873943
v 0.006686 0.365801 0.871685
v 0.006686 0.362279 0.871941
v 0.006686 0.372759 0.872699
v 0.006686 0.369323 0.871941
v 0.006686 0.379036 0.875639
v 0.006686 0.376023 0.873943
v 0.006686 0.384019 0.880219
v 0.006686 0.381722 0.877750
v 0.006686 0.387217 0.885990
v 0.006686 0.385862 0.882990
v 0.006686 0.388319 0.892389
v 0.006686 0.388040 0.889150
v 0.006686 0.387217 0.898786
v 0.006686 0.388040 0.895627
v 0.006686 0.384019 0.904557
v 0.006686 0.385862 0.901787
v 0.006686 0.379036 0.909138
v 0.006686 0.381722 0.907027
v 0.006686 0.372759 0.912079
v 0.006686 0.376023 0.910834
v 0.006686 0.365801 0.913092
v 0.006686 0.369323 0.912836
v 0.006686 0.358842 0.912079
v 0.006686 0.362279 0.912836
v 0.006686 0.352565 0.909138
v 0.006686 0.355578 0.910834
v 0.006686 0.347582 0.904557
v 0.006686 0.349879 0.907027
v 0.006686 0.344384 0.898786
v 0.006686 0.345739 0.901787
v 0.006686 0.343282 0.892389
v 0.006686 0.343561 0.895627
v 0.006686 0.344384 0.885990
v 0.006686 0.343561 0.889150
v 0.004877 0.322894 0.872288
v 0.004877 0.326839 0.866362
v 0.006089 0.343938 0.877784
v 0.006089 0.341725 0.881110
v 0.004877 0.331749 0.861081
v 0.004877 0.337494 0.856566
v 0.006089 0.349917 0.872288
v 0.006089 0.346694 0.874821
v 0.004877 0.343938 0.852939
v 0.004877 0.350918 0.850277
v 0.006089 0.357450 0.868758
v 0.006089 0.353533 0.870253
v 0.004877 0.358267 0.848658
v 0.004877 0.365801 0.848110
v 0.006089 0.365801 0.867543
v 0.006089 0.361573 0.867851
v 0.004877 0.373334 0.848658
v 0.004877 0.380683 0.850277
v 0.006089 0.374151 0.868758
v 0.006089 0.370028 0.867851
v 0.004877 0.387663 0.852939
v 0.004877 0.394107 0.856566
v 0.006089 0.381684 0.872288
v 0.006089 0.378068 0.870253
v 0.004877 0.399852 0.861081
v 0.004877 0.404762 0.866362
v 0.006089 0.387663 0.877784
v 0.006089 0.384907 0.874821
v 0.004877 0.408707 0.872288
v 0.004877 0.411603 0.878706
v 0.006089 0.391501 0.884710
v 0.006089 0.389876 0.881110
v 0.004877 0.413363 0.885462
v 0.004877 0.413960 0.892389
v 0.006089 0.392824 0.892389
v 0.006089 0.392489 0.888502
v 0.004877 0.413363 0.899315
v 0.004877 0.411603 0.906071
v 0.006089 0.391501 0.900066
v 0.006089 0.392489 0.896275
v 0.004877 0.408707 0.912489
v 0.004877 0.404762 0.918415
v 0.006089 0.387663 0.906992
v 0.006089 0.389876 0.903667
v 0.004877 0.399852 0.923696
v 0.004877 0.394107 0.928210
v 0.006089 0.381684 0.912489
v 0.006089 0.384907 0.909955
v 0.004877 0.387663 0.931838
v 0.004877 0.380683 0.934500
v 0.006089 0.374151 0.916018
v 0.006089 0.378068 0.914525
v 0.004877 0.373334 0.936118
v 0.004877 0.365801 0.936667
v 0.006089 0.365801 0.917234
v 0.006089 0.370028 0.916926
v 0.004877 0.358267 0.936118
v 0.004877 0.350918 0.934500
v 0.006089 0.357450 0.916018
v 0.006089 0.361573 0.916926
v 0.004877 0.343938 0.931838
v 0.004877 0.337494 0.928210
v 0.006089 0.349917 0.912489
v 0.006089 0.353533 0.914525
v 0.004877 0.331749 0.923696
v 0.004877 0.326839 0.918415
v 0.006089 0.343938 0.906992
v 0.006089 0.346694 0.909955
v 0.004877 0.322894 0.912489
v 0.004877 0.319998 0.906071
v 0.006089 0.340100 0.900066
v 0.006089 0.341725 0.903667
v 0.004877 0.318238 0.899315
v 0.004877 0.317641 0.892389
v 0.006089 0.338777 0.892389
v 0.006089 0.339112 0.896275
v 0.004877 0.319998 0.878706
v 0.006089 0.340100 0.884710
v 0.006089 0.339112 0.888502
v 0.004877 0.318238 0.885462
v 0.004641 0.325915 0.865744
v 0.004641 0.321876 0.871811
v 0.004641 0.336821 0.855717
v 0.004641 0.330942 0.860338
v 0.004641 0.350566 0.849277
v 0.004641 0.343420 0.852003
v 0.004641 0.365801 0.847059
v 0.004641 0.358089 0.847621
v 0.004641 0.381035 0.849277
v 0.004641 0.373512 0.847621
v 0.004641 0.394780 0.855717
v 0.004641 0.388181 0.852003
v 0.004641 0.405687 0.865744
v 0.004641 0.400659 0.860338
v 0.004641 0.412690 0.878381
v 0.004641 0.409725 0.871811
v 0.004641 0.415103 0.892389
v 0.004641 0.414491 0.885298
v 0.004641 0.412690 0.906395
v 0.004641 0.414491 0.899479
v 0.004641 0.405687 0.919032
v 0.004641 0.409725 0.912966
v 0.004641 0.394780 0.929060
v 0.004641 0.400659 0.924439
v 0.004641 0.381035 0.935499
v 0.004641 0.388181 0.932774
v 0.004641 0.365801 0.937718
v 0.004641 0.373512 0.937156
v 0.004641 0.350566 0.935499
v 0.004641 0.358089 0.937156
v 0.004641 0.336821 0.929060
v 0.004641 0.343420 0.932774
v 0.004641 0.325915 0.919032
v 0.004641 0.330942 0.924439
v 0.004641 0.318911 0.906395
v 0.004641 0.321876 0.912966
v 0.004641 0.316498 0.892389
v 0.004641 0.317110 0.899479
v 0.004641 0.318911 0.878381
v 0.004641 0.317110 0.885298
v 0.009800 0.346415 0.886597
v 0.009800 0.347641 0.883881
v 0.009800 0.349310 0.881373
v 0.009800 0.351389 0.879138
v 0.009800 0.353820 0.877228
v 0.009800 0.356548 0.875692
v 0.009800 0.359502 0.874565
v 0.009800 0.362613 0.873881
v 0.009800 0.365801 0.873648
v 0.009800 0.368988 0.873881
v 0.009800 0.372099 0.874565
v 0.009800 0.375053 0.875692
v 0.009800 0.377781 0.877228
v 0.009800 0.380212 0.879138
v 0.009800 0.382291 0.881373
v 0.009800 0.383960 0.883881
v 0.009800 0.385186 0.886597
v 0.009800 0.385931 0.889457
v 0.009800 0.386183 0.892389
v 0.009800 0.385931 0.895320
v 0.009800 0.385186 0.898179
v 0.009800 0.383960 0.900896
v 0.009800 0.382291 0.903404
v 0.009800 0.380212 0.905639
v 0.009800 0.377781 0.907550
v 0.009800 0.375053 0.909085
v 0.009800 0.372099 0.910211
v 0.009800 0.368988 0.910897
v 0.009800 0.365801 0.911129
v 0.009800 0.362613 0.910897
v 0.009800 0.359502 0.910211
v 0.009800 0.356548 0.909085
v 0.009800 0.353820 0.907550
v 0.009800 0.351389 0.905639
v 0.009800 0.349310 0.903404
v 0.009800 0.347641 0.900896
v 0.009800 0.346415 0.898179
v 0.009800 0.345670 0.895320
v 0.009800 0.345418 0.892389
v 0.009800 0.345670 0.889457
v 0.010070 0.348609 0.884335
v 0.010070 0.347449 0.886906
v 0.010070 0.352158 0.879845
v 0.010070 0.350190 0.881960
v 0.010070 0.357041 0.876583
v 0.010070 0.354459 0.878035
v 0.010070 0.362782 0.874867
v 0.010070 0.359838 0.875516
v 0.010070 0.368819 0.874867
v 0.010070 0.365801 0.874648
v 0.010070 0.374560 0.876583
v 0.010070 0.371763 0.875516
v 0.010070 0.379443 0.879845
v 0.010070 0.377142 0.878035
v 0.010070 0.382992 0.884335
v 0.010070 0.381411 0.881960
v 0.010070 0.384857 0.889613
v 0.010070 0.384152 0.886906
v 0.010070 0.384857 0.895163
v 0.010070 0.385097 0.892389
v 0.010070 0.382992 0.900442
v 0.010070 0.384152 0.897870
v 0.010070 0.379443 0.904932
v 0.010070 0.381411 0.902816
v 0.010070 0.374560 0.908195
v 0.010070 0.377142 0.906741
v 0.010070 0.368819 0.909909
v 0.010070 0.371763 0.909261
v 0.010070 0.362782 0.909909
v 0.010070 0.365801 0.910130
v 0.010070 0.357041 0.908195
v 0.010070 0.359838 0.909261
v 0.010070 0.352158 0.904932
v 0.010070 0.354459 0.906741
v 0.010070 0.348609 0.900442
v 0.010070 0.350190 0.902816
v 0.010070 0.346744 0.895163
v 0.010070 0.347449 0.897870
v 0.010070 0.346744 0.889613
v 0.010070 0.346504 0.892389
v 0.010089 0.350217 0.885088
v 0.010089 0.349166 0.887418
v 0.010089 0.351650 0.882935
v 0.010089 0.353433 0.881018
v 0.010089 0.355519 0.879378
v 0.010089 0.357860 0.878061
v 0.010089 0.360395 0.877094
v 0.010089 0.363064 0.876505
v 0.010089 0.365801 0.876306
v 0.010089 0.368537 0.876505
v 0.010089 0.371206 0.877094
v 0.010089 0.373741 0.878061
v 0.010089 0.376082 0.879378
v 0.010089 0.378168 0.881018
v 0.010089 0.379951 0.882935
v 0.010089 0.381385 0.885088
v 0.010089 0.382435 0.887418
v 0.010089 0.383075 0.889872
v 0.010089 0.383292 0.892389
v 0.010089 0.383075 0.894904
v 0.010089 0.382435 0.897358
v 0.010089 0.381385 0.899689
v 0.010089 0.379951 0.901841
v 0.010089 0.378168 0.903759
v 0.010089 0.376082 0.905399
v 0.010089 0.373741 0.906717
v 0.010089 0.371206 0.907684
v 0.010089 0.368537 0.908271
v 0.010089 0.365801 0.908470
v 0.010089 0.363064 0.908271
v 0.010089 0.360395 0.907684
v 0.010089 0.357860 0.906717
v 0.010089 0.355519 0.905399
v 0.010089 0.353433 0.903759
v 0.010089 0.351650 0.901841
v 0.010089 0.350217 0.899689
v 0.010089 0.349166 0.897358
v 0.010089 0.348525 0.894904
v 0.010089 0.348309 0.892389
v 0.010089 0.348525 0.889872
v 0.009535 0.350329 0.885141
v 0.009535 0.349285 0.887455
v 0.009535 0.351752 0.883004
v 0.009535 0.353522 0.881099
v 0.009535 0.355593 0.879472
v 0.009535 0.357918 0.878164
v 0.009535 0.360435 0.877204
v 0.009535 0.363084 0.876621
v 0.009535 0.365801 0.876423
v 0.009535 0.368517 0.876621
v 0.009535 0.371166 0.877204
v 0.009535 0.373683 0.878164
v 0.009535 0.376008 0.879472
v 0.009535 0.378079 0.881099
v 0.009535 0.379849 0.883004
v 0.009535 0.381272 0.885141
v 0.009535 0.382316 0.887455
v 0.009535 0.382950 0.889891
v 0.009535 0.383165 0.892389
v 0.009535 0.382950 0.894886
v 0.009535 0.382316 0.897323
v 0.009535 0.381272 0.899636
v 0.009535 0.379849 0.901773
v 0.009535 0.378079 0.903677
v 0.009535 0.376008 0.905305
v 0.009535 0.373683 0.906613
v 0.009535 0.371166 0.907573
v 0.009535 0.368517 0.908156
v 0.009535 0.365801 0.908354
v 0.009535 0.363084 0.908156
v 0.009535 0.360435 0.907573
v 0.009535 0.357918 0.906613
v 0.009535 0.355593 0.905305
v 0.009535 0.353522 0.903677
v 0.009535 0.351752 0.901773
v 0.009535 0.350329 0.899636
v 0.009535 0.349285 0.897323
v 0.009535 0.348651 0.894886
v 0.009535 0.348436 0.892389
v 0.009535 0.348651 0.889891
v 0.003435 0.316651 0.892389
v 0.003435 0.317259 0.885320
v 0.003435 0.319057 0.878424
v 0.003435 0.319057 0.906353
v 0.003435 0.317259 0.899457
v 0.003435 0.326038 0.918950
v 0.003435 0.322011 0.912902
v 0.003435 0.336911 0.928947
v 0.003435 0.331049 0.924339
v 0.003435 0.350612 0.935366
v 0.003435 0.343489 0.932649
v 0.003435 0.365801 0.937577
v 0.003435 0.358113 0.937018
v 0.003435 0.380989 0.935366
v 0.003435 0.373489 0.937018
v 0.003435 0.394690 0.928947
v 0.003435 0.388112 0.932649
v 0.003435 0.405563 0.918950
v 0.003435 0.400552 0.924339
v 0.003435 0.412544 0.906353
v 0.003435 0.409590 0.912902
v 0.003435 0.414951 0.892389
v 0.003435 0.414342 0.899457
v 0.003435 0.412544 0.878424
v 0.003435 0.414342 0.885320
v 0.003435 0.405563 0.865827
v 0.003435 0.409590 0.871875
v 0.003435 0.394690 0.855830
v 0.003435 0.400552 0.860437
v 0.003435 0.380989 0.849411
v 0.003435 0.388112 0.852127
v 0.003435 0.365801 0.847200
v 0.003435 0.373489 0.847759
v 0.003435 0.350612 0.849411
v 0.003435 0.358113 0.847759
v 0.003435 0.336911 0.855830
v 0.003435 0.343489 0.852127
v 0.003435 0.326038 0.865827
v 0.003435 0.331049 0.860437
v 0.003435 0.322011 0.871875
v 0.003525 -0.436897 1.617063
v 0.003174 -0.438778 1.617063
v 0.003174 -0.438778 0.985205
v 0.003525 -0.436897 0.985205
v 0.003525 -0.056269 2.038270
v 0.003525 0.055275 2.038270
v 0.003174 0.055275 2.040000
v 0.003174 -0.056269 2.040000
v 0.003174 0.437784 1.617063
v 0.003525 0.435902 1.617063
v 0.003525 0.435902 0.985205
v 0.003174 0.437784 0.985205
v 0.003174 -0.056269 0.000000
v 0.003174 0.055275 0.000000
v 0.003525 0.055275 0.001730
v 0.003525 -0.056269 0.001730
v 0.003525 -0.436897 2.038270
v 0.003174 -0.436897 2.040000
v 0.003174 -0.438778 2.038270
v 0.003174 0.437784 2.038270
v 0.003174 0.435902 2.040000
v 0.003525 0.435902 2.038270
v 0.003174 -0.436897 0.000000
v 0.003525 -0.436897 0.001730
v 0.003174 -0.438778 0.001730
v 0.003174 0.437784 0.001730
v 0.003525 0.435902 0.001730
v 0.003174 0.435902 0.000000
v 0.003525 -0.436897 0.804283
v 0.003174 -0.438778 0.804283
v 0.003174 -0.438778 0.196216
v 0.003525 -0.436897 0.196216
v 0.003174 0.437784 0.804283
v 0.003525 0.435902 0.804283
v 0.003525 0.435902 0.196216
v 0.003174 0.437784 0.196216
v 0.003174 -0.438778 1.934473
v 0.003525 -0.436897 1.934473
v 0.003525 0.435902 1.934473
v 0.003174 0.437784 1.934473
v 0.003525 -0.436897 1.728282
v 0.003174 -0.438778 1.728282
v 0.003174 0.437784 1.728282
v 0.003525 0.435902 1.728282
v 0.003174 0.309346 0.000000
v 0.003525 0.309346 0.001730
v 0.003525 0.309346 2.038270
v 0.003174 0.309346 2.040000
v 0.003525 -0.310341 2.038270
v 0.003174 -0.310341 2.040000
v 0.003174 -0.310341 0.000000
v 0.003525 -0.310341 0.001730
v -0.003129 0.055275 2.040000
v -0.003129 0.309346 2.040000
v -0.003129 -0.056269 2.040000
v -0.003129 -0.310341 2.040000
v -0.003129 -0.436897 2.040000
v -0.003129 -0.438778 2.038270
v -0.003129 -0.438778 1.934473
v -0.003129 -0.438778 1.728282
v -0.003129 -0.438778 1.617063
v -0.003129 -0.438778 0.985205
v -0.003129 -0.438778 0.804283
v -0.003129 -0.438778 0.196216
v -0.003129 -0.438778 0.001730
v -0.003129 -0.436897 0.000000
v -0.003129 -0.310341 0.000000
v -0.003129 -0.056269 0.000000
v -0.003129 0.055275 0.000000
v -0.003129 0.309346 0.000000
v -0.003129 0.435902 0.000000
v -0.003129 0.437784 0.001730
v -0.003129 0.437784 0.196216
v -0.003129 0.437784 0.804283
v -0.003129 0.437784 0.985205
v -0.003129 0.437784 1.617063
v -0.003129 0.437784 1.728282
v -0.003129 0.437784 1.934473
v -0.003129 0.437784 2.038270
v -0.003129 0.435902 2.040000
v 0.003378 0.307887 1.933289
v 0.003525 0.311004 1.935998
v 0.003525 0.053616 1.935998
v 0.003378 0.056734 1.933289
v 0.003378 0.307887 1.729466
v 0.003525 0.311004 1.726757
v 0.003525 0.053616 1.726757
v 0.003378 0.056734 1.729466
v 0.003385 0.307938 0.986566
v 0.003525 0.311004 0.983680
v 0.003525 0.311004 1.618588
v 0.003385 0.307938 1.615702
v 0.003385 0.056682 0.986566
v 0.003525 0.053616 0.983680
v 0.003385 0.056682 1.615702
v 0.003525 0.053616 1.618588
v 0.003399 0.308095 0.802891
v 0.003525 0.311004 0.805807
v 0.003525 0.053616 0.805807
v 0.003399 0.056526 0.802891
v 0.003399 0.308095 0.197609
v 0.003525 0.311004 0.194691
v 0.003525 0.053616 0.194691
v 0.003399 0.056526 0.197609
v 0.003399 -0.309102 0.197610
v 0.003525 -0.312000 0.194691
v 0.003525 -0.054611 0.194691
v 0.003399 -0.057508 0.197610
v 0.003399 -0.309102 0.802890
v 0.003525 -0.312000 0.805807
v 0.003399 -0.057508 0.802890
v 0.003525 -0.054611 0.805807
v 0.003388 -0.308942 1.615696
v 0.003525 -0.312000 1.618588
v 0.003525 -0.312000 0.983680
v 0.003388 -0.308942 0.986571
v 0.003388 -0.057668 1.615696
v 0.003525 -0.054611 1.618588
v 0.003388 -0.057668 0.986571
v 0.003525 -0.054611 0.983680
v 0.003378 -0.308881 1.933288
v 0.003525 -0.312000 1.935998
v 0.003525 -0.312000 1.726757
v 0.003378 -0.308881 1.729466
v 0.003378 -0.057729 1.933288
v 0.003525 -0.054611 1.935998
v 0.003525 -0.054611 1.726757
v 0.003378 -0.057729 1.729466
v 0.001200 0.283140 1.913205
v 0.001180 0.285994 1.915521
v 0.001180 0.078627 1.915521
v 0.001200 0.081481 1.913205
v 0.001200 0.283140 1.749549
v 0.001180 0.285994 1.747233
v 0.001200 0.081481 1.749549
v 0.001180 0.078627 1.747233
v 0.001177 0.282956 1.591346
v 0.001173 0.285548 1.594056
v 0.001173 0.079073 1.594056
v 0.001177 0.081666 1.591346
v 0.001177 0.282956 1.010922
v 0.001173 0.285548 1.008212
v 0.001177 0.081666 1.010922
v 0.001173 0.079073 1.008212
v 0.001176 0.283384 0.775358
v 0.001159 0.285809 0.778103
v 0.001159 0.078812 0.778103
v 0.001176 0.081237 0.775358
v 0.001176 0.283384 0.225142
v 0.001159 0.285809 0.222396
v 0.001176 0.081237 0.225142
v 0.001159 0.078812 0.222396
v 0.001158 -0.081991 0.225305
v 0.001159 -0.079652 0.222515
v 0.001159 -0.079652 0.777984
v 0.001158 -0.081991 0.775195
v 0.001158 -0.284619 0.225305
v 0.001159 -0.286957 0.222515
v 0.001159 -0.286957 0.777984
v 0.001158 -0.284619 0.775195
v 0.001171 -0.082876 1.011435
v 0.001170 -0.080321 1.008704
v 0.001170 -0.080321 1.593563
v 0.001171 -0.082876 1.590833
v 0.001171 -0.283734 1.011435
v 0.001170 -0.286289 1.008704
v 0.001170 -0.286289 1.593563
v 0.001171 -0.283734 1.590833
v 0.001196 -0.082543 1.749604
v 0.001180 -0.079675 1.747276
v 0.001180 -0.079675 1.915478
v 0.001196 -0.082543 1.913150
v 0.001196 -0.284066 1.749604
v 0.001180 -0.286935 1.747276
v 0.001180 -0.286935 1.915478
v 0.001196 -0.284066 1.913150
v 0.002705 0.268933 1.901496
v 0.002538 0.271985 1.904152
v 0.002538 0.092636 1.904152
v 0.002705 0.095688 1.901496
v 0.002705 0.268933 1.761257
v 0.002538 0.271985 1.758601
v 0.002705 0.095688 1.761257
v 0.002538 0.092636 1.758601
v 0.002705 0.268705 1.575479
v 0.002561 0.271548 1.578352
v 0.002561 0.093073 1.578352
v 0.002705 0.095916 1.575479
v 0.002705 0.268705 1.026789
v 0.002561 0.271548 1.023915
v 0.002705 0.095916 1.026789
v 0.002561 0.093073 1.023915
v 0.002705 0.269100 0.759277
v 0.002562 0.271933 0.762155
v 0.002562 0.092689 0.762155
v 0.002705 0.095521 0.759277
v 0.002705 0.269100 0.241222
v 0.002562 0.271933 0.238344
v 0.002705 0.095521 0.241222
v 0.002562 0.092689 0.238344
v 0.002581 -0.094597 0.241308
v 0.002705 -0.097355 0.244228
v 0.002705 -0.269255 0.244228
v 0.002581 -0.272012 0.241308
v 0.002581 -0.094597 0.759192
v 0.002705 -0.097355 0.756272
v 0.002581 -0.272012 0.759192
v 0.002705 -0.269255 0.756272
v 0.002567 -0.094589 1.025256
v 0.002705 -0.097403 1.028145
v 0.002705 -0.269207 1.028145
v 0.002567 -0.272021 1.025256
v 0.002567 -0.094589 1.577012
v 0.002705 -0.097403 1.574123
v 0.002567 -0.272021 1.577012
v 0.002705 -0.269207 1.574123
v 0.002542 -0.094166 1.759037
v 0.002705 -0.097233 1.761704
v 0.002705 -0.269378 1.761704
v 0.002542 -0.272444 1.759037
v 0.002542 -0.094166 1.903718
v 0.002705 -0.097233 1.901051
v 0.002542 -0.272444 1.903718
v 0.002705 -0.269378 1.901051
v -0.003480 -0.436897 1.617063
v -0.003480 -0.436897 0.985205
v -0.003480 0.055275 2.038270
v -0.003480 -0.056269 2.038270
v -0.003480 0.435902 0.985205
v -0.003480 0.435902 1.617063
v -0.003480 0.055275 0.001730
v -0.003480 -0.056269 0.001730
v -0.003480 -0.436897 2.038270
v -0.003480 0.435902 2.038270
v -0.003480 -0.436897 0.001730
v -0.003480 0.435902 0.001730
v -0.003480 -0.436897 0.804283
v -0.003480 -0.436897 0.196216
v -0.003480 0.435902 0.196216
v -0.003480 0.435902 0.804283
v -0.003480 -0.436897 1.934473
v -0.003480 0.435902 1.934473
v -0.003480 -0.436897 1.728282
v -0.003480 0.435902 1.728282
v -0.003480 0.309346 0.001730
v -0.003480 0.309346 2.038270
v -0.003480 -0.310341 2.038270
v -0.003480 -0.310341 0.001730
v -0.003480 0.053616 1.935998
v -0.003480 0.311004 1.935998
v -0.003333 0.307887 1.933289
v -0.003333 0.056734 1.933289
v -0.003333 0.307887 1.729466
v -0.003480 0.311004 1.726757
v -0.003480 0.053616 1.726757
v -0.003333 0.056734 1.729466
v -0.003480 0.311004 1.618588
v -0.003480 0.311004 0.983680
v -0.003340 0.307938 0.986566
v -0.003340 0.307938 1.615702
v -0.003340 0.056682 0.986566
v -0.003480 0.053616 0.983680
v -0.003340 0.056682 1.615702
v -0.003480 0.053616 1.618588
v -0.003480 0.053616 0.805807
v -0.003480 0.311004 0.805807
v -0.003354 0.308095 0.802891
v -0.003354 0.056526 0.802891
v -0.003354 0.308095 0.197609
v -0.003480 0.311004 0.194691
v -0.003480 0.053616 0.194691
v -0.003354 0.056526 0.197609
v -0.003480 -0.054611 0.194691
v -0.003480 -0.312000 0.194691
v -0.003354 -0.309102 0.197610
v -0.003354 -0.057508 0.197610
v -0.003354 -0.309102 0.802890
v -0.003480 -0.312000 0.805807
v -0.003354 -0.057508 0.802890
v -0.003480 -0.054611 0.805807
v -0.003480 -0.312000 0.983680
v -0.003480 -0.312000 1.618588
v -0.003343 -0.308942 1.615696
v -0.003343 -0.308942 0.986571
v -0.003343 -0.057668 1.615696
v -0.003480 -0.054611 1.618588
v -0.003343 -0.057668 0.986571
v -0.003480 -0.054611 0.983680
v -0.003480 -0.312000 1.726757
v -0.003480 -0.312000 1.935998
v -0.003333 -0.308881 1.933288
v -0.003333 -0.308881 1.729466
v -0.003333 -0.057729 1.933288
v -0.003480 -0.054611 1.935998
v -0.003480 -0.054611 1.726757
v -0.003333 -0.057729 1.729466
v -0.001135 0.078627 1.915521
v -0.001135 0.285994 1.915521
v -0.001156 0.283140 1.913205
v -0.001156 0.081481 1.913205
v -0.001156 0.283140 1.749549
v -0.001135 0.285994 1.747233
v -0.001156 0.081481 1.749549
v -0.001135 0.078627 1.747233
v -0.001128 0.079073 1.594056
v -0.001128 0.285548 1.594056
v -0.001132 0.282956 1.591346
v -0.001132 0.081666 1.591346
v -0.001132 0.282956 1.010922
v -0.001128 0.285548 1.008212
v -0.001132 0.081666 1.010922
v -0.001128 0.079073 1.008212
v -0.001114 0.078812 0.778103
v -0.001114 0.285809 0.778103
v -0.001131 0.283384 0.775358
v -0.001131 0.081237 0.775358
v -0.001131 0.283384 0.225142
v -0.001114 0.285809 0.222396
v -0.001131 0.081237 0.225142
v -0.001114 0.078812 0.222396
v -0.001114 -0.079652 0.777984
v -0.001114 -0.079652 0.222515
v -0.001113 -0.081991 0.225305
v -0.001113 -0.081991 0.775195
v -0.001113 -0.284619 0.225305
v -0.001114 -0.286957 0.222515
v -0.001114 -0.286957 0.777984
v -0.001113 -0.284619 0.775195
v -0.001125 -0.080321 1.593563
v -0.001125 -0.080321 1.008704
v -0.001126 -0.082876 1.011435
v -0.001126 -0.082876 1.590833
v -0.001126 -0.283734 1.011435
v -0.001125 -0.286289 1.008704
v -0.001125 -0.286289 1.593563
v -0.001126 -0.283734 1.590833
v -0.001135 -0.079675 1.915478
v -0.001135 -0.079675 1.747276
v -0.001151 -0.082543 1.749604
v -0.001151 -0.082543 1.913150
v -0.001151 -0.284066 1.749604
v -0.001135 -0.286935 1.747276
v -0.001135 -0.286935 1.915478
v -0.001151 -0.284066 1.913150
v -0.002493 0.092636 1.904152
v -0.002493 0.271985 1.904152
v -0.002660 0.268933 1.901496
v -0.002660 0.095688 1.901496
v -0.002660 0.268933 1.761257
v -0.002493 0.271985 1.758601
v -0.002660 0.095688 1.761257
v -0.002493 0.092636 1.758601
v -0.002516 0.093073 1.578352
v -0.002516 0.271548 1.578352
v -0.002660 0.268705 1.575479
v -0.002660 0.095916 1.575479
v -0.002660 0.268705 1.026789
v -0.002516 0.271548 1.023915
v -0.002660 0.095916 1.026789
v -0.002516 0.093073 1.023915
v -0.002517 0.092689 0.762155
v -0.002517 0.271933 0.762155
v -0.002660 0.269100 0.759277
v -0.002660 0.095521 0.759277
v -0.002660 0.269100 0.241222
v -0.002517 0.271933 0.238344
v -0.002660 0.095521 0.241222
v -0.002517 0.092689 0.238344
v -0.002660 -0.269255 0.244228
v -0.002660 -0.097355 0.244228
v -0.002535 -0.094597 0.241308
v -0.002535 -0.272012 0.241308
v -0.002536 -0.094597 0.759192
v -0.002660 -0.097355 0.756272
v -0.002536 -0.272012 0.759192
v -0.002660 -0.269255 0.756272
v -0.002660 -0.269207 1.028145
v -0.002660 -0.097403 1.028145
v -0.002522 -0.094589 1.025256
v -0.002522 -0.272021 1.025256
v -0.002522 -0.094589 1.577012
v -0.002660 -0.097403 1.574123
v -0.002522 -0.272021 1.577012
v -0.002660 -0.269207 1.574123
v -0.002660 -0.269378 1.761704
v -0.002660 -0.097233 1.761704
v -0.002497 -0.094166 1.759037
v -0.002497 -0.272444 1.759037
v -0.002497 -0.094166 1.903718
v -0.002660 -0.097233 1.901051
v -0.002497 -0.272444 1.903718
v -0.002660 -0.269378 1.901051
v -0.000710 0.439202 0.906478
v -0.000691 0.439534 0.906113
v -0.001355 0.439534 0.904752
v -0.001394 0.439202 0.905080
v -0.001926 0.439534 0.902589
v -0.001980 0.439202 0.902856
v -0.002364 0.439534 0.899770
v -0.002430 0.439202 0.899958
v -0.002639 0.439534 0.896486
v -0.002713 0.439202 0.896584
v -0.002733 0.439534 0.892962
v -0.002810 0.439202 0.892962
v -0.002639 0.439534 0.889439
v -0.002713 0.439202 0.889341
v -0.002364 0.439534 0.886156
v -0.002430 0.439202 0.885966
v -0.001926 0.439534 0.883335
v -0.001980 0.439202 0.883068
v -0.001355 0.439534 0.881172
v -0.001394 0.439202 0.880844
v -0.000691 0.439534 0.879812
v -0.000710 0.439202 0.879447
v 0.000023 0.439534 0.879348
v 0.000023 0.439202 0.878971
v 0.000736 0.439534 0.879812
v 0.000755 0.439202 0.879447
v 0.001400 0.439534 0.881172
v 0.001439 0.439202 0.880844
v 0.001971 0.439534 0.883335
v 0.002025 0.439202 0.883068
v 0.002409 0.439534 0.886156
v 0.002475 0.439202 0.885966
v 0.002684 0.439534 0.889439
v 0.002758 0.439202 0.889341
v 0.002778 0.439534 0.892962
v 0.002855 0.439202 0.892962
v 0.002684 0.439534 0.896486
v 0.002758 0.439202 0.896584
v 0.002409 0.439534 0.899770
v 0.002475 0.439202 0.899958
v 0.001971 0.439534 0.902589
v 0.002025 0.439202 0.902856
v 0.001400 0.439534 0.904752
v 0.001439 0.439202 0.905080
v 0.000736 0.439534 0.906113
v 0.000755 0.439202 0.906478
v 0.000023 0.439534 0.906576
v 0.000023 0.439202 0.906954
v -0.000099 0.439534 0.894001
v -0.000040 0.439534 0.894121
v -0.000149 0.439534 0.893811
v -0.000188 0.439534 0.893562
v -0.000212 0.439534 0.893273
v -0.000220 0.439534 0.892962
v -0.000212 0.439534 0.892652
v -0.000188 0.439534 0.892362
v -0.000149 0.439534 0.892114
v -0.000099 0.439534 0.891924
v -0.000040 0.439534 0.891803
v 0.000023 0.439534 0.891762
v 0.000085 0.439534 0.891803
v 0.000144 0.439534 0.891924
v 0.000194 0.439534 0.892114
v 0.000233 0.439534 0.892362
v 0.000257 0.439534 0.892652
v 0.000265 0.439534 0.892962
v 0.000257 0.439534 0.893273
v 0.000233 0.439534 0.893562
v 0.000194 0.439534 0.893811
v 0.000144 0.439534 0.894001
v 0.000085 0.439534 0.894121
v 0.000023 0.439534 0.894162
v 0.002855 0.436072 0.892962
v 0.002758 0.436072 0.896584
v 0.002758 0.436072 0.889341
v 0.002475 0.436072 0.885966
v 0.002025 0.436072 0.883068
v 0.001439 0.436072 0.880844
v 0.000755 0.436072 0.879447
v 0.000023 0.436072 0.878971
v -0.000710 0.436072 0.879447
v -0.001394 0.436072 0.880844
v -0.001980 0.436072 0.883068
v -0.002430 0.436072 0.885966
v -0.002713 0.436072 0.889341
v -0.002810 0.436072 0.892962
v -0.002713 0.436072 0.896584
v -0.002430 0.436072 0.899958
v -0.001980 0.436072 0.902856
v -0.001394 0.436072 0.905080
v -0.000710 0.436072 0.906478
v 0.000023 0.436072 0.906954
v 0.000755 0.436072 0.906478
v 0.001439 0.436072 0.905080
v 0.002025 0.436072 0.902856
v 0.002475 0.436072 0.899958
v -0.009378 0.384138 0.883797
v -0.009378 0.385376 0.886540
v -0.007409 0.385872 0.886392
v -0.007409 0.384604 0.883580
v -0.009378 0.382452 0.881265
v -0.007409 0.382875 0.880983
v -0.007409 0.380724 0.878669
v -0.009378 0.380353 0.879008
v -0.009378 0.377899 0.877079
v -0.007409 0.378205 0.876690
v -0.007409 0.375382 0.875100
v -0.009378 0.375144 0.875528
v -0.009378 0.372161 0.874390
v -0.007409 0.372322 0.873934
v -0.007409 0.369102 0.873224
v -0.009378 0.369021 0.873699
v -0.009378 0.365801 0.873464
v -0.007409 0.365801 0.872984
v -0.007409 0.362499 0.873224
v -0.009378 0.362580 0.873699
v -0.009378 0.359440 0.874390
v -0.007409 0.359279 0.873934
v -0.007409 0.356219 0.875100
v -0.009378 0.356457 0.875528
v -0.009378 0.353702 0.877079
v -0.007409 0.353396 0.876690
v -0.007409 0.350879 0.878669
v -0.009378 0.351248 0.879008
v -0.009378 0.349149 0.881265
v -0.007409 0.348726 0.880983
v -0.007409 0.346997 0.883580
v -0.009378 0.347463 0.883797
v -0.009378 0.346225 0.886540
v -0.007409 0.345729 0.886392
v -0.007409 0.344957 0.889353
v -0.009378 0.345472 0.889429
v -0.009378 0.345217 0.892389
v -0.007409 0.344696 0.892389
v -0.007409 0.344957 0.895423
v -0.009378 0.345472 0.895349
v -0.009378 0.346225 0.898236
v -0.007409 0.345729 0.898384
v -0.007409 0.346997 0.901198
v -0.009378 0.347463 0.900979
v -0.009378 0.349149 0.903512
v -0.007409 0.348726 0.903794
v -0.007409 0.350879 0.906109
v -0.009378 0.351248 0.905769
v -0.009378 0.353702 0.907699
v -0.007409 0.353396 0.908087
v -0.007409 0.356219 0.909677
v -0.009378 0.356457 0.909248
v -0.009378 0.359440 0.910387
v -0.007409 0.359279 0.910843
v -0.007409 0.362499 0.911553
v -0.009378 0.362580 0.911078
v -0.009378 0.365801 0.911313
v -0.007409 0.365801 0.911793
v -0.007409 0.369102 0.911553
v -0.009378 0.369021 0.911078
v -0.009378 0.372161 0.910387
v -0.007409 0.372322 0.910843
v -0.007409 0.375382 0.909677
v -0.009378 0.375144 0.909248
v -0.009378 0.377899 0.907699
v -0.007409 0.378205 0.908087
v -0.007409 0.380724 0.906109
v -0.009378 0.380353 0.905769
v -0.009378 0.382452 0.903512
v -0.007409 0.382875 0.903794
v -0.007409 0.384604 0.901198
v -0.009378 0.384138 0.900979
v -0.009378 0.385376 0.898236
v -0.007409 0.385872 0.898384
v -0.007409 0.386644 0.895423
v -0.009378 0.386129 0.895349
v -0.009378 0.386384 0.892389
v -0.007409 0.386905 0.892389
v -0.007409 0.386644 0.889353
v -0.009378 0.386129 0.889429
v -0.006686 0.384019 0.880219
v -0.006686 0.385862 0.882990
v -0.006686 0.379036 0.875639
v -0.006686 0.381722 0.877750
v -0.006686 0.372759 0.872699
v -0.006686 0.376023 0.873943
v -0.006686 0.365801 0.871685
v -0.006686 0.369323 0.871941
v -0.006686 0.358842 0.872699
v -0.006686 0.362279 0.871941
v -0.006686 0.352565 0.875639
v -0.006686 0.355578 0.873943
v -0.006686 0.347582 0.880219
v -0.006686 0.349879 0.877750
v -0.006686 0.344384 0.885990
v -0.006686 0.345739 0.882990
v -0.006686 0.343282 0.892389
v -0.006686 0.343561 0.889150
v -0.006686 0.344384 0.898786
v -0.006686 0.343561 0.895627
v -0.006686 0.347584 0.904557
v -0.006686 0.345739 0.901787
v -0.006686 0.352565 0.909138
v -0.006686 0.349879 0.907027
v -0.006686 0.358842 0.912079
v -0.006686 0.355578 0.910834
v -0.006686 0.365801 0.913092
v -0.006686 0.362279 0.912836
v -0.006686 0.372759 0.912079
v -0.006686 0.369323 0.912836
v -0.006686 0.379036 0.909138
v -0.006686 0.376023 0.910834
v -0.006686 0.384019 0.904557
v -0.006686 0.381722 0.907027
v -0.006686 0.387217 0.898786
v -0.006686 0.385862 0.901787
v -0.006686 0.388319 0.892389
v -0.006686 0.388040 0.895627
v -0.006686 0.387217 0.885990
v -0.006686 0.388040 0.889150
v -0.004877 0.408707 0.872288
v -0.004877 0.404762 0.866362
v -0.006089 0.387663 0.877784
v -0.006089 0.389876 0.881110
v -0.004877 0.399852 0.861081
v -0.004877 0.394107 0.856566
v -0.006089 0.381684 0.872288
v -0.006089 0.384907 0.874821
v -0.004877 0.387663 0.852939
v -0.004877 0.380683 0.850277
v -0.006089 0.374151 0.868758
v -0.006089 0.378068 0.870253
v -0.004877 0.373334 0.848658
v -0.004877 0.365801 0.848110
v -0.006089 0.365801 0.867543
v -0.006089 0.370028 0.867851
v -0.004877 0.358267 0.848658
v -0.004877 0.350918 0.850277
v -0.006089 0.357450 0.868758
v -0.006089 0.361573 0.867851
v -0.004877 0.343938 0.852939
v -0.004877 0.337494 0.856566
v -0.006089 0.349917 0.872288
v -0.006089 0.353533 0.870253
v -0.004877 0.331749 0.861081
v -0.004877 0.326839 0.866362
v -0.006089 0.343938 0.877784
v -0.006089 0.346694 0.874821
v -0.004877 0.322894 0.872288
v -0.004877 0.319998 0.878706
v -0.006089 0.340100 0.884710
v -0.006089 0.341725 0.881110
v -0.004877 0.318238 0.885462
v -0.004877 0.317641 0.892389
v -0.006089 0.338777 0.892389
v -0.006089 0.339112 0.888502
v -0.004877 0.318238 0.899315
v -0.004877 0.319998 0.906071
v -0.006089 0.340100 0.900066
v -0.006089 0.339112 0.896275
v -0.004877 0.322894 0.912489
v -0.004877 0.326839 0.918415
v -0.006089 0.343938 0.906992
v -0.006089 0.341725 0.903667
v -0.004877 0.331749 0.923696
v -0.004877 0.337494 0.928210
v -0.006089 0.349917 0.912489
v -0.006089 0.346694 0.909955
v -0.004877 0.343938 0.931838
v -0.004877 0.350918 0.934500
v -0.006089 0.357450 0.916018
v -0.006089 0.353533 0.914525
v -0.004877 0.358267 0.936118
v -0.004877 0.365801 0.936667
v -0.006089 0.365801 0.917234
v -0.006089 0.361573 0.916926
v -0.004877 0.373334 0.936118
v -0.004877 0.380683 0.934500
v -0.006089 0.374151 0.916018
v -0.006089 0.370028 0.916926
v -0.004877 0.387663 0.931838
v -0.004877 0.394107 0.928210
v -0.006089 0.381684 0.912489
v -0.006089 0.378068 0.914525
v -0.004877 0.399852 0.923696
v -0.004877 0.404762 0.918415
v -0.006089 0.387663 0.906992
v -0.006089 0.384907 0.909955
v -0.004877 0.408707 0.912489
v -0.004877 0.411603 0.906071
v -0.006089 0.391501 0.900066
v -0.006089 0.389876 0.903667
v -0.004877 0.413363 0.899315
v -0.004877 0.413960 0.892389
v -0.006089 0.392824 0.892389
v -0.006089 0.392489 0.896275
v -0.004877 0.411603 0.878706
v -0.006089 0.391501 0.884710
v -0.006089 0.392489 0.888502
v -0.004877 0.413363 0.885462
v -0.004641 0.405687 0.865744
v -0.004641 0.409725 0.871811
v -0.004641 0.394780 0.855717
v -0.004641 0.400659 0.860338
v -0.004641 0.381035 0.849277
v -0.004641 0.388181 0.852003
v -0.004641 0.365801 0.847059
v -0.004641 0.373512 0.847621
v -0.004641 0.350566 0.849277
v -0.004641 0.358089 0.847621
v -0.004641 0.336821 0.855717
v -0.004641 0.343420 0.852003
v -0.004641 0.325915 0.865744
v -0.004641 0.330942 0.860338
v -0.004641 0.318911 0.878381
v -0.004641 0.321876 0.871811
v -0.004641 0.316498 0.892389
v -0.004641 0.317110 0.885298
v -0.004641 0.318911 0.906395
v -0.004641 0.317110 0.899479
v -0.004641 0.325915 0.919032
v -0.004641 0.321876 0.912966
v -0.004641 0.336821 0.929060
v -0.004641 0.330942 0.924439
v -0.004641 0.350566 0.935499
v -0.004641 0.343420 0.932774
v -0.004641 0.365801 0.937718
v -0.004641 0.358089 0.937156
v -0.004641 0.381035 0.935499
v -0.004641 0.373512 0.937156
v -0.004641 0.394780 0.929060
v -0.004641 0.388181 0.932774
v -0.004641 0.405687 0.919032
v -0.004641 0.400659 0.924439
v -0.004641 0.412690 0.906395
v -0.004641 0.409725 0.912966
v -0.004641 0.415103 0.892389
v -0.004641 0.414491 0.899479
v -0.004641 0.412690 0.878381
v -0.004641 0.414491 0.885298
v -0.009800 0.385186 0.886597
v -0.009800 0.383960 0.883881
v -0.009800 0.382291 0.881373
v -0.009800 0.380212 0.879138
v -0.009800 0.377781 0.877228
v -0.009800 0.375053 0.875692
v -0.009800 0.372099 0.874565
v -0.009800 0.368988 0.873881
v -0.009800 0.365801 0.873648
v -0.009800 0.362613 0.873881
v -0.009800 0.359502 0.874565
v -0.009800 0.356548 0.875692
v -0.009800 0.353820 0.877228
v -0.009800 0.351389 0.879138
v -0.009800 0.349310 0.881373
v -0.009800 0.347641 0.883881
v -0.009800 0.346415 0.886597
v -0.009800 0.345670 0.889457
v -0.009800 0.345418 0.892389
v -0.009800 0.345671 0.895320
v -0.009800 0.346415 0.898179
v -0.009800 0.347641 0.900896
v -0.009800 0.349311 0.903404
v -0.009800 0.351389 0.905639
v -0.009800 0.353820 0.907550
v -0.009800 0.356548 0.909085
v -0.009800 0.359502 0.910211
v -0.009800 0.362613 0.910897
v -0.009800 0.365801 0.911129
v -0.009800 0.368988 0.910897
v -0.009800 0.372099 0.910211
v -0.009800 0.375053 0.909085
v -0.009800 0.377781 0.907550
v -0.009800 0.380212 0.905639
v -0.009800 0.382291 0.903404
v -0.009800 0.383960 0.900896
v -0.009800 0.385186 0.898179
v -0.009800 0.385931 0.895320
v -0.009800 0.386183 0.892389
v -0.009800 0.385931 0.889457
v -0.010070 0.382992 0.884335
v -0.010070 0.384152 0.886906
v -0.010070 0.379443 0.879845
v -0.010070 0.381411 0.881960
v -0.010070 0.374560 0.876583
v -0.010070 0.377142 0.878035
v -0.010070 0.368819 0.874867
v -0.010070 0.371763 0.875516
v -0.010070 0.362782 0.874867
v -0.010070 0.365801 0.874648
v -0.010070 0.357041 0.876583
v -0.010070 0.359838 0.875516
v -0.010070 0.352158 0.879845
v -0.010070 0.354459 0.878035
v -0.010070 0.348609 0.884335
v -0.010070 0.350190 0.881960
v -0.010070 0.346744 0.889613
v -0.010070 0.347449 0.886906
v -0.010070 0.346744 0.895163
v -0.010070 0.346504 0.892389
v -0.010070 0.348609 0.900442
v -0.010070 0.347449 0.897870
v -0.010070 0.352158 0.904932
v -0.010070 0.350190 0.902816
v -0.010070 0.357041 0.908195
v -0.010070 0.354459 0.906741
v -0.010070 0.362782 0.909909
v -0.010070 0.359838 0.909261
v -0.010070 0.368819 0.909909
v -0.010070 0.365801 0.910130
v -0.010070 0.374560 0.908195
v -0.010070 0.371763 0.909261
v -0.010070 0.379443 0.904932
v -0.010070 0.377142 0.906741
v -0.010070 0.382992 0.900442
v -0.010070 0.381411 0.902816
v -0.010070 0.384857 0.895163
v -0.010070 0.384152 0.897870
v -0.010070 0.384857 0.889613
v -0.010070 0.385097 0.892389
v -0.010089 0.381385 0.885088
v -0.010089 0.382435 0.887418
v -0.010089 0.379951 0.882935
v -0.010089 0.378168 0.881018
v -0.010089 0.376082 0.879378
v -0.010089 0.373741 0.878061
v -0.010089 0.371206 0.877094
v -0.010089 0.368537 0.876505
v -0.010089 0.365801 0.876306
v -0.010089 0.363064 0.876505
v -0.010089 0.360395 0.877094
v -0.010089 0.357860 0.878061
v -0.010089 0.355519 0.879378
v -0.010089 0.353433 0.881018
v -0.010089 0.351650 0.882935
v -0.010089 0.350217 0.885088
v -0.010089 0.349166 0.887418
v -0.010089 0.348525 0.889872
v -0.010089 0.348309 0.892389
v -0.010089 0.348525 0.894904
v -0.010089 0.349166 0.897358
v -0.010089 0.350217 0.899689
v -0.010089 0.351650 0.901841
v -0.010089 0.353433 0.903759
v -0.010089 0.355519 0.905399
v -0.010089 0.357860 0.906717
v -0.010089 0.360395 0.907684
v -0.010089 0.363064 0.908271
v -0.010089 0.365801 0.908470
v -0.010089 0.368537 0.908271
v -0.010089 0.371206 0.907684
v -0.010089 0.373741 0.906717
v -0.010089 0.376082 0.905399
v -0.010089 0.378168 0.903759
v -0.010089 0.379951 0.901841
v -0.010089 0.381385 0.899689
v -0.010089 0.382435 0.897358
v -0.010089 0.383075 0.894904
v -0.010089 0.383292 0.892389
v -0.010089 0.383075 0.889872
v -0.009535 0.381272 0.885141
v -0.009535 0.382316 0.887455
v -0.009535 0.379849 0.883004
v -0.009535 0.378079 0.881099
v -0.009535 0.376008 0.879472
v -0.009535 0.373683 0.878164
v -0.009535 0.371166 0.877204
v -0.009535 0.368517 0.876621
v -0.009535 0.365801 0.876423
v -0.009535 0.363084 0.876621
v -0.009535 0.360435 0.877204
v -0.009535 0.357918 0.878164
v -0.009535 0.355593 0.879472
v -0.009535 0.353522 0.881099
v -0.009535 0.351752 0.883004
v -0.009535 0.350329 0.885141
v -0.009535 0.349285 0.887455
v -0.009535 0.348651 0.889891
v -0.009535 0.348436 0.892389
v -0.009535 0.348651 0.894886
v -0.009535 0.349285 0.897323
v -0.009535 0.350329 0.899636
v -0.009535 0.351752 0.901773
v -0.009535 0.353522 0.903677
v -0.009535 0.355593 0.905305
v -0.009535 0.357918 0.906613
v -0.009535 0.360435 0.907573
v -0.009535 0.363084 0.908156
v -0.009535 0.365801 0.908354
v -0.009535 0.368517 0.908156
v -0.009535 0.371166 0.907573
v -0.009535 0.373683 0.906613
v -0.009535 0.376008 0.905305
v -0.009535 0.378079 0.903677
v -0.009535 0.379849 0.901773
v -0.009535 0.381272 0.899636
v -0.009535 0.382316 0.897323
v -0.009535 0.382950 0.894886
v -0.009535 0.383165 0.892389
v -0.009535 0.382950 0.889891
v -0.003435 0.414951 0.892389
v -0.003435 0.414342 0.885320
v -0.003435 0.412544 0.878424
v -0.003435 0.412544 0.906353
v -0.003435 0.414342 0.899457
v -0.003435 0.405563 0.918950
v -0.003435 0.409590 0.912902
v -0.003435 0.394690 0.928947
v -0.003435 0.400552 0.924339
v -0.003435 0.380989 0.935366
v -0.003435 0.388112 0.932649
v -0.003435 0.365801 0.937577
v -0.003435 0.373489 0.937018
v -0.003435 0.350612 0.935366
v -0.003435 0.358113 0.937018
v -0.003435 0.336911 0.928947
v -0.003435 0.343489 0.932649
v -0.003435 0.326038 0.918950
v -0.003435 0.331049 0.924339
v -0.003435 0.319057 0.906353
v -0.003435 0.322011 0.912902
v -0.003435 0.316651 0.892389
v -0.003435 0.317259 0.899457
v -0.003435 0.319057 0.878424
v -0.003435 0.317259 0.885320
v -0.003435 0.326038 0.865827
v -0.003435 0.322011 0.871875
v -0.003435 0.336911 0.855830
v -0.003435 0.331049 0.860437
v -0.003435 0.350612 0.849411
v -0.003435 0.343489 0.852127
v -0.003435 0.365801 0.847200
v -0.003435 0.358113 0.847759
v -0.003435 0.380989 0.849411
v -0.003435 0.373489 0.847759
v -0.003435 0.394690 0.855830
v -0.003435 0.388112 0.852127
v -0.003435 0.405563 0.865827
v -0.003435 0.400552 0.860437
v -0.003435 0.409590 0.871875
v -0.005461 -0.434775 0.211670
v -0.005461 -0.434775 0.193645
v -0.005164 -0.434776 0.193645
v -0.005164 -0.434776 0.211670
v -0.005743 -0.435267 0.211670
v -0.005743 -0.435267 0.193645
v -0.005983 -0.436204 0.211670
v -0.005983 -0.436204 0.193645
v -0.006158 -0.437493 0.211670
v -0.006158 -0.437493 0.193645
v -0.006250 -0.439009 0.211670
v -0.006250 -0.439009 0.193645
v -0.006250 -0.440603 0.211670
v -0.006250 -0.440603 0.193645
v -0.006159 -0.442121 0.211670
v -0.006159 -0.442121 0.193645
v -0.005984 -0.443411 0.211670
v -0.005984 -0.443411 0.193645
v -0.005744 -0.444350 0.211670
v -0.005744 -0.444350 0.193645
v -0.005462 -0.444844 0.211670
v -0.005462 -0.444844 0.193645
v -0.005165 -0.444844 0.211670
v -0.005165 -0.444844 0.193645
v -0.004883 -0.444352 0.211670
v -0.004883 -0.444352 0.193645
v -0.004643 -0.443416 0.211670
v -0.004643 -0.443416 0.193645
v -0.004468 -0.442127 0.211670
v -0.004468 -0.442127 0.193645
v -0.004376 -0.440610 0.211670
v -0.004376 -0.440610 0.193645
v -0.004376 -0.439015 0.211670
v -0.004376 -0.439015 0.193645
v -0.004468 -0.437498 0.211670
v -0.004468 -0.437498 0.193645
v -0.004642 -0.436208 0.211670
v -0.004642 -0.436208 0.193645
v -0.004882 -0.435269 0.211670
v -0.004882 -0.435269 0.193645
v -0.005609 -0.429740 0.211670
v -0.005015 -0.429742 0.211670
v -0.006173 -0.430724 0.211670
v -0.006654 -0.432597 0.211670
v -0.007003 -0.435176 0.211670
v -0.007187 -0.438208 0.211670
v -0.007187 -0.441398 0.211670
v -0.007004 -0.444432 0.211670
v -0.006655 -0.447013 0.211670
v -0.006175 -0.448889 0.211670
v -0.005611 -0.449877 0.211670
v -0.005018 -0.449879 0.211670
v -0.004453 -0.448895 0.211670
v -0.003973 -0.447022 0.211670
v -0.003624 -0.444443 0.211670
v -0.003440 -0.439721 0.211670
v -0.003439 -0.438222 0.211670
v -0.003622 -0.435187 0.211670
v -0.003971 -0.432606 0.211670
v -0.004451 -0.430730 0.211670
v -0.005609 -0.429740 0.193645
v -0.005015 -0.429742 0.193645
v -0.006173 -0.430724 0.193645
v -0.006654 -0.432597 0.193645
v -0.007003 -0.435176 0.193645
v -0.007187 -0.438208 0.193645
v -0.007187 -0.441398 0.193645
v -0.007004 -0.444432 0.193645
v -0.006655 -0.447013 0.193645
v -0.006175 -0.448889 0.193645
v -0.005611 -0.449877 0.193645
v -0.005018 -0.449879 0.193645
v -0.004453 -0.448895 0.193645
v -0.003973 -0.447022 0.193645
v -0.003624 -0.444443 0.193645
v -0.003440 -0.439721 0.193645
v 0.002575 -0.438241 0.193645
v 0.002575 -0.438241 0.211670
v 0.002575 -0.439741 0.211670
v 0.002575 -0.439741 0.193645
v -0.003622 -0.435187 0.193645
v -0.003439 -0.438222 0.193645
v -0.003971 -0.432606 0.193645
v -0.004451 -0.430730 0.193645
v 0.002575 -0.439741 0.175652
v -0.003440 -0.439721 0.175652
v -0.003439 -0.438222 0.175652
v 0.002575 -0.438241 0.175652
v -0.005461 -0.434775 0.247722
v -0.005461 -0.434775 0.229696
v -0.005164 -0.434776 0.229696
v -0.005164 -0.434776 0.247722
v -0.005743 -0.435267 0.247722
v -0.005743 -0.435267 0.229696
v -0.005983 -0.436204 0.247722
v -0.005983 -0.436204 0.229696
v -0.006158 -0.437493 0.247722
v -0.006158 -0.437493 0.229696
v -0.006250 -0.439009 0.247722
v -0.006250 -0.439009 0.229696
v -0.006250 -0.440603 0.247722
v -0.006250 -0.440603 0.229696
v -0.006159 -0.442121 0.247722
v -0.006159 -0.442121 0.229696
v -0.005984 -0.443411 0.247722
v -0.005984 -0.443411 0.229696
v -0.005744 -0.444350 0.247722
v -0.005744 -0.444350 0.229696
v -0.005462 -0.444844 0.247722
v -0.005462 -0.444844 0.229696
v -0.005165 -0.444844 0.247722
v -0.005165 -0.444844 0.229696
v -0.004883 -0.444352 0.247722
v -0.004883 -0.444352 0.229696
v -0.004643 -0.443416 0.247722
v -0.004643 -0.443416 0.229696
v -0.004468 -0.442127 0.247722
v -0.004468 -0.442127 0.229696
v -0.004376 -0.440610 0.247722
v -0.004376 -0.440610 0.229696
v -0.004376 -0.439015 0.247722
v -0.004376 -0.439015 0.229696
v -0.004468 -0.437498 0.247722
v -0.004468 -0.437498 0.229696
v -0.004642 -0.436208 0.247722
v -0.004642 -0.436208 0.229696
v -0.004882 -0.435269 0.247722
v -0.004882 -0.435269 0.229696
v -0.005609 -0.429740 0.247722
v -0.005015 -0.429742 0.247722
v -0.006173 -0.430724 0.247722
v -0.006654 -0.432597 0.247722
v -0.007003 -0.435176 0.247722
v -0.007187 -0.438208 0.247722
v -0.007187 -0.441398 0.247722
v -0.007004 -0.444432 0.247722
v -0.006655 -0.447013 0.247722
v -0.006175 -0.448889 0.247722
v -0.005611 -0.449877 0.247722
v -0.005018 -0.449879 0.247722
v -0.004453 -0.448895 0.247722
v -0.003973 -0.447022 0.247722
v -0.003624 -0.444443 0.247722
v -0.003440 -0.439721 0.247722
v -0.003439 -0.438222 0.247722
v -0.003622 -0.435187 0.247722
v -0.003971 -0.432606 0.247722
v -0.004451 -0.430730 0.247722
v -0.005609 -0.429740 0.229885
v -0.005015 -0.429742 0.229885
v -0.006173 -0.430724 0.229885
v -0.006654 -0.432597 0.229885
v -0.007003 -0.435176 0.229885
v -0.007187 -0.438208 0.229885
v -0.007187 -0.441398 0.229885
v -0.007004 -0.444432 0.229885
v -0.006655 -0.447013 0.229885
v -0.006175 -0.448889 0.229885
v -0.005611 -0.449877 0.229885
v -0.005018 -0.449879 0.229885
v -0.004453 -0.448895 0.229885
v -0.003973 -0.447022 0.229885
v -0.003624 -0.444443 0.229885
v -0.003440 -0.439721 0.229885
v 0.002575 -0.438241 0.229885
v 0.002575 -0.438241 0.247722
v 0.002575 -0.439741 0.247722
v 0.002575 -0.439741 0.229885
v -0.003622 -0.435187 0.229885
v -0.003439 -0.438222 0.229885
v -0.003971 -0.432606 0.229885
v -0.004451 -0.430730 0.229885
v 0.002575 -0.438241 0.265766
v -0.003439 -0.438222 0.265766
v -0.003440 -0.439721 0.265766
v 0.002575 -0.439741 0.265766
v -0.005590 -0.435107 0.266562
v -0.005590 -0.435107 0.175933
v -0.005845 -0.435804 0.175933
v -0.005845 -0.435804 0.266562
v -0.006047 -0.436891 0.175933
v -0.006047 -0.436891 0.266562
v -0.006176 -0.438260 0.175933
v -0.006176 -0.438260 0.266562
v -0.006221 -0.439778 0.175933
v -0.006221 -0.439778 0.266562
v -0.006176 -0.441295 0.175933
v -0.006176 -0.441295 0.266562
v -0.006047 -0.442664 0.175933
v -0.006047 -0.442664 0.266562
v -0.005845 -0.443751 0.175933
v -0.005845 -0.443751 0.266562
v -0.005590 -0.444447 0.175933
v -0.005590 -0.444447 0.266562
v -0.005307 -0.444688 0.175933
v -0.005307 -0.444688 0.266562
v -0.005025 -0.444447 0.175933
v -0.005025 -0.444447 0.266562
v -0.004770 -0.443751 0.175933
v -0.004770 -0.443751 0.266562
v -0.004568 -0.442664 0.175933
v -0.004568 -0.442664 0.266562
v -0.004438 -0.441295 0.175933
v -0.004438 -0.441295 0.266562
v -0.004394 -0.439778 0.175933
v -0.004394 -0.439778 0.266562
v -0.004438 -0.438260 0.175933
v -0.004438 -0.438260 0.266562
v -0.004568 -0.436891 0.175933
v -0.004568 -0.436891 0.266562
v -0.004770 -0.435804 0.175933
v -0.004770 -0.435804 0.266562
v -0.005025 -0.435107 0.175933
v -0.005025 -0.435107 0.266562
v -0.005307 -0.434867 0.175933
v -0.005307 -0.434867 0.266562
v -0.005307 -0.439778 0.175933
v -0.005307 -0.439778 0.266562
v -0.005590 -0.435107 1.880283
v -0.005590 -0.435107 1.789654
v -0.005845 -0.435804 1.789654
v -0.005845 -0.435804 1.880283
v -0.006047 -0.436891 1.789654
v -0.006047 -0.436891 1.880283
v -0.006177 -0.438260 1.789654
v -0.006177 -0.438260 1.880283
v -0.006221 -0.439778 1.789654
v -0.006221 -0.439778 1.880283
v -0.006177 -0.441295 1.789654
v -0.006177 -0.441295 1.880283
v -0.006047 -0.442664 1.789654
v -0.006047 -0.442664 1.880283
v -0.005845 -0.443751 1.789654
v -0.005845 -0.443751 1.880283
v -0.005590 -0.444447 1.789654
v -0.005590 -0.444447 1.880283
v -0.005307 -0.444688 1.789654
v -0.005307 -0.444688 1.880283
v -0.005025 -0.444447 1.789654
v -0.005025 -0.444447 1.880283
v -0.004770 -0.443751 1.789654
v -0.004770 -0.443751 1.880283
v -0.004568 -0.442664 1.789654
v -0.004568 -0.442664 1.880283
v -0.004438 -0.441295 1.789654
v -0.004438 -0.441295 1.880283
v -0.004394 -0.439778 1.789654
v -0.004394 -0.439778 1.880283
v -0.004438 -0.438260 1.789654
v -0.004438 -0.438260 1.880283
v -0.004568 -0.436891 1.789654
v -0.004568 -0.436891 1.880283
v -0.004770 -0.435804 1.789654
v -0.004770 -0.435804 1.880283
v -0.005025 -0.435107 1.789654
v -0.005025 -0.435107 1.880283
v -0.005307 -0.434867 1.789654
v -0.005307 -0.434867 1.880283
v -0.005307 -0.439778 1.789654
v -0.005307 -0.439778 1.880283
v -0.005461 -0.434897 0.265744
v -0.005461 -0.434897 0.247736
v -0.005164 -0.434898 0.247736
v -0.005164 -0.434898 0.265779
v -0.005743 -0.435388 0.265710
v -0.005743 -0.435388 0.247736
v -0.005983 -0.436326 0.265681
v -0.005983 -0.436326 0.247736
v -0.006157 -0.437615 0.265660
v -0.006158 -0.437615 0.247736
v -0.006249 -0.439131 0.265650
v -0.006250 -0.439131 0.247736
v -0.006249 -0.440725 0.265650
v -0.006250 -0.440725 0.247736
v -0.006158 -0.442242 0.265660
v -0.006158 -0.442242 0.247736
v -0.005984 -0.443533 0.265681
v -0.005984 -0.443533 0.247736
v -0.005744 -0.444471 0.265710
v -0.005744 -0.444471 0.247736
v -0.005462 -0.444964 0.265744
v -0.005462 -0.444964 0.247736
v -0.005165 -0.444966 0.265779
v -0.005165 -0.444966 0.247736
v -0.004883 -0.444474 0.265813
v -0.004883 -0.444474 0.247736
v -0.004643 -0.443538 0.265842
v -0.004643 -0.443538 0.247736
v -0.004468 -0.442248 0.265863
v -0.004468 -0.442248 0.247736
v -0.004376 -0.440732 0.265873
v -0.004376 -0.440732 0.247736
v -0.004376 -0.439137 0.265873
v -0.004376 -0.439137 0.247736
v -0.004468 -0.437620 0.265863
v -0.004467 -0.437620 0.247736
v -0.004642 -0.436330 0.265842
v -0.004642 -0.436330 0.247736
v -0.004882 -0.435391 0.265813
v -0.004882 -0.435391 0.247736
v -0.005608 -0.429862 0.265726
v -0.005015 -0.429864 0.265797
v -0.006173 -0.430846 0.265658
v -0.006653 -0.432719 0.265601
v -0.007002 -0.435298 0.265559
v -0.007186 -0.438330 0.265538
v -0.007186 -0.441520 0.265538
v -0.007003 -0.444554 0.265559
v -0.006655 -0.447134 0.265601
v -0.006175 -0.449012 0.265658
v -0.005611 -0.449999 0.265726
v -0.005017 -0.450000 0.265797
v -0.004453 -0.449017 0.265864
v -0.003973 -0.447143 0.265922
v -0.003624 -0.444565 0.265964
v -0.003440 -0.441532 0.265985
v -0.003440 -0.440028 0.265985
v -0.003623 -0.435309 0.265964
v -0.003971 -0.432728 0.265922
v -0.004451 -0.430852 0.265865
v -0.005603 -0.430055 0.247836
v -0.005021 -0.430056 0.247836
v -0.006157 -0.431019 0.247836
v -0.006628 -0.432856 0.247836
v -0.006970 -0.435386 0.247836
v -0.007150 -0.438361 0.247836
v -0.007151 -0.441490 0.247836
v -0.006971 -0.444465 0.247836
v -0.006629 -0.446997 0.247836
v -0.006159 -0.448837 0.247836
v -0.005605 -0.449806 0.247836
v -0.005023 -0.449808 0.247836
v -0.004469 -0.448843 0.247836
v -0.003998 -0.447006 0.247836
v -0.003655 -0.444476 0.247836
v -0.003475 -0.441502 0.247836
v 0.002576 -0.440048 0.247736
v 0.002576 -0.440048 0.265761
v 0.002575 -0.441552 0.265761
v 0.002575 -0.441552 0.247736
v -0.003654 -0.435397 0.247836
v -0.003475 -0.440025 0.247836
v -0.003996 -0.432865 0.247836
v -0.004467 -0.431025 0.247836
v -0.005461 -0.434897 0.229710
v -0.005461 -0.434897 0.211685
v -0.005164 -0.434898 0.211685
v -0.005164 -0.434898 0.229710
v -0.005743 -0.435388 0.229710
v -0.005743 -0.435388 0.211685
v -0.005983 -0.436326 0.229710
v -0.005983 -0.436326 0.211685
v -0.006158 -0.437615 0.229710
v -0.006158 -0.437615 0.211685
v -0.006250 -0.439131 0.229710
v -0.006250 -0.439131 0.211685
v -0.006250 -0.440725 0.229710
v -0.006250 -0.440725 0.211685
v -0.006158 -0.442242 0.229710
v -0.006158 -0.442242 0.211685
v -0.005984 -0.443533 0.229710
v -0.005984 -0.443533 0.211685
v -0.005744 -0.444471 0.229710
v -0.005744 -0.444471 0.211685
v -0.005462 -0.444964 0.229710
v -0.005462 -0.444964 0.211685
v -0.005165 -0.444966 0.229710
v -0.005165 -0.444966 0.211685
v -0.004883 -0.444474 0.229710
v -0.004883 -0.444474 0.211685
v -0.004643 -0.443538 0.229710
v -0.004643 -0.443538 0.211685
v -0.004468 -0.442248 0.229710
v -0.004468 -0.442248 0.211685
v -0.004376 -0.440732 0.229710
v -0.004376 -0.440732 0.211685
v -0.004376 -0.439137 0.229710
v -0.004376 -0.439137 0.211685
v -0.004467 -0.437620 0.229710
v -0.004467 -0.437620 0.211685
v -0.004642 -0.436330 0.229710
v -0.004642 -0.436330 0.211685
v -0.004882 -0.435391 0.229710
v -0.004882 -0.435391 0.211685
v -0.005608 -0.429862 0.229710
v -0.005015 -0.429864 0.229710
v -0.006173 -0.430846 0.229710
v -0.006653 -0.432719 0.229710
v -0.007003 -0.435298 0.229710
v -0.007186 -0.438330 0.229710
v -0.007187 -0.441520 0.229710
v -0.007004 -0.444554 0.229710
v -0.006655 -0.447134 0.229710
v -0.006175 -0.449012 0.229710
v -0.005611 -0.449999 0.229710
v -0.005017 -0.450000 0.229710
v -0.004453 -0.449017 0.229710
v -0.003972 -0.447143 0.229710
v -0.003623 -0.444565 0.229710
v -0.003439 -0.441532 0.229710
v -0.003439 -0.440028 0.229710
v -0.003622 -0.435309 0.229710
v -0.003971 -0.432728 0.229710
v -0.004451 -0.430852 0.229710
v -0.005608 -0.429862 0.211840
v -0.005015 -0.429864 0.211840
v -0.006173 -0.430846 0.211840
v -0.006653 -0.432719 0.211840
v -0.007003 -0.435298 0.211840
v -0.007186 -0.438330 0.211840
v -0.007187 -0.441520 0.211840
v -0.007004 -0.444554 0.211840
v -0.006655 -0.447134 0.211840
v -0.006175 -0.449012 0.211840
v -0.005611 -0.449999 0.211840
v -0.005017 -0.450000 0.211840
v -0.004453 -0.449017 0.211840
v -0.003972 -0.447143 0.211840
v -0.003623 -0.444565 0.211840
v -0.003439 -0.441532 0.211840
v 0.002576 -0.440048 0.211840
v 0.002576 -0.440048 0.229710
v 0.002575 -0.441552 0.229710
v 0.002575 -0.441552 0.211840
v -0.003622 -0.435309 0.211840
v -0.003439 -0.440028 0.211840
v -0.003971 -0.432728 0.211840
v -0.004451 -0.430852 0.211840
v -0.005461 -0.434897 0.193505
v -0.005461 -0.434897 0.175634
v -0.005164 -0.434898 0.175634
v -0.005164 -0.434898 0.193505
v -0.005743 -0.435388 0.193505
v -0.005743 -0.435388 0.175634
v -0.005983 -0.436326 0.193505
v -0.005983 -0.436326 0.175634
v -0.006158 -0.437615 0.193505
v -0.006158 -0.437615 0.175634
v -0.006250 -0.439131 0.193505
v -0.006250 -0.439131 0.175634
v -0.006250 -0.440725 0.193505
v -0.006250 -0.440725 0.175634
v -0.006158 -0.442242 0.193505
v -0.006158 -0.442242 0.175634
v -0.005984 -0.443533 0.193505
v -0.005984 -0.443533 0.175634
v -0.005744 -0.444471 0.193505
v -0.005744 -0.444471 0.175634
v -0.005462 -0.444964 0.193505
v -0.005462 -0.444964 0.175634
v -0.005165 -0.444966 0.193505
v -0.005165 -0.444966 0.175634
v -0.004883 -0.444474 0.193505
v -0.004883 -0.444474 0.175634
v -0.004643 -0.443538 0.193505
v -0.004643 -0.443538 0.175634
v -0.004468 -0.442248 0.193505
v -0.004468 -0.442248 0.175634
v -0.004376 -0.440732 0.193505
v -0.004376 -0.440732 0.175634
v -0.004376 -0.439137 0.193505
v -0.004376 -0.439137 0.175634
v -0.004467 -0.437620 0.193505
v -0.004467 -0.437620 0.175634
v -0.004642 -0.436330 0.193505
v -0.004642 -0.436330 0.175634
v -0.004882 -0.435391 0.193505
v -0.004882 -0.435391 0.175634
v -0.005608 -0.429862 0.193505
v -0.005015 -0.429864 0.193505
v -0.006173 -0.430846 0.193505
v -0.006653 -0.432719 0.193505
v -0.007003 -0.435298 0.193505
v -0.007186 -0.438330 0.193505
v -0.007187 -0.441520 0.193505
v -0.007004 -0.444554 0.193505
v -0.006655 -0.447134 0.193505
v -0.006175 -0.449012 0.193505
v -0.005611 -0.449999 0.193505
v -0.005017 -0.450000 0.193505
v -0.004453 -0.449017 0.193505
v -0.003972 -0.447143 0.193505
v -0.003623 -0.444565 0.193505
v -0.003439 -0.441532 0.193505
v -0.003439 -0.440028 0.193505
v -0.003622 -0.435309 0.193505
v -0.003971 -0.432728 0.193505
v -0.004451 -0.430852 0.193505
v -0.005608 -0.429862 0.175634
v -0.005015 -0.429864 0.175634
v -0.006173 -0.430846 0.175634
v -0.006653 -0.432719 0.175634
v -0.007003 -0.435298 0.175634
v -0.007186 -0.438330 0.175634
v -0.007187 -0.441520 0.175634
v -0.007004 -0.444554 0.175634
v -0.006655 -0.447134 0.175634
v -0.006175 -0.449012 0.175634
v -0.005611 -0.449999 0.175634
v -0.005017 -0.450000 0.175634
v -0.004453 -0.449017 0.175634
v -0.003972 -0.447143 0.175634
v -0.003623 -0.444565 0.175634
v -0.003439 -0.441532 0.175634
v 0.002576 -0.440048 0.175634
v 0.002576 -0.440048 0.193814
v 0.002575 -0.441552 0.193659
v 0.002575 -0.441552 0.175634
v -0.003622 -0.435309 0.175634
v -0.003439 -0.440028 0.175634
v -0.003971 -0.432728 0.175634
v -0.004451 -0.430852 0.175634
v -0.005461 -0.434775 1.879807
v -0.005461 -0.434775 1.861799
v -0.005164 -0.434776 1.861799
v -0.005164 -0.434776 1.879843
v -0.005743 -0.435267 1.879773
v -0.005743 -0.435267 1.861799
v -0.005983 -0.436204 1.879745
v -0.005983 -0.436204 1.861799
v -0.006158 -0.437493 1.879723
v -0.006158 -0.437493 1.861799
v -0.006250 -0.439009 1.879712
v -0.006250 -0.439009 1.861799
v -0.006250 -0.440603 1.879712
v -0.006250 -0.440603 1.861799
v -0.006158 -0.442121 1.879723
v -0.006159 -0.442121 1.861799
v -0.005984 -0.443411 1.879744
v -0.005984 -0.443411 1.861799
v -0.005744 -0.444350 1.879773
v -0.005744 -0.444350 1.861799
v -0.005462 -0.444844 1.879807
v -0.005462 -0.444844 1.861799
v -0.005165 -0.444844 1.879842
v -0.005165 -0.444844 1.861799
v -0.004883 -0.444352 1.879876
v -0.004883 -0.444352 1.861799
v -0.004643 -0.443416 1.879905
v -0.004643 -0.443416 1.861799
v -0.004469 -0.442127 1.879925
v -0.004468 -0.442127 1.861799
v -0.004377 -0.440610 1.879936
v -0.004377 -0.440610 1.861799
v -0.004377 -0.439015 1.879936
v -0.004376 -0.439015 1.861799
v -0.004468 -0.437498 1.879925
v -0.004468 -0.437498 1.861799
v -0.004642 -0.436208 1.879905
v -0.004642 -0.436208 1.861799
v -0.004882 -0.435269 1.879876
v -0.004882 -0.435269 1.861799
v -0.005609 -0.429740 1.879789
v -0.005015 -0.429742 1.879860
v -0.006173 -0.430724 1.879721
v -0.006653 -0.432597 1.879664
v -0.007002 -0.435176 1.879622
v -0.007186 -0.438208 1.879600
v -0.007186 -0.441398 1.879600
v -0.007003 -0.444432 1.879622
v -0.006655 -0.447013 1.879664
v -0.006175 -0.448889 1.879721
v -0.005611 -0.449877 1.879789
v -0.005018 -0.449879 1.879860
v -0.004453 -0.448895 1.879927
v -0.003973 -0.447022 1.879984
v -0.003624 -0.444443 1.880026
v -0.003440 -0.441410 1.880049
v -0.003440 -0.439906 1.880049
v -0.003623 -0.435187 1.880026
v -0.003971 -0.432606 1.879984
v -0.004451 -0.430730 1.879927
v -0.005603 -0.429933 1.861899
v -0.005021 -0.429934 1.861899
v -0.006157 -0.430897 1.861899
v -0.006628 -0.432734 1.861899
v -0.006971 -0.435265 1.861899
v -0.007151 -0.438239 1.861899
v -0.007151 -0.441368 1.861899
v -0.006972 -0.444343 1.861899
v -0.006630 -0.446875 1.861899
v -0.006159 -0.448715 1.861899
v -0.005605 -0.449684 1.861899
v -0.005023 -0.449686 1.861899
v -0.004470 -0.448721 1.861899
v -0.003998 -0.446884 1.861899
v -0.003656 -0.444354 1.861899
v -0.003476 -0.441380 1.861899
v 0.002575 -0.439926 1.861799
v 0.002575 -0.439926 1.879824
v 0.002575 -0.441430 1.879824
v 0.002575 -0.441430 1.861799
v -0.003655 -0.435276 1.861899
v -0.003475 -0.439903 1.861899
v -0.003997 -0.432743 1.861899
v -0.004467 -0.430903 1.861899
v -0.005461 -0.434775 1.843773
v -0.005461 -0.434775 1.825748
v -0.005164 -0.434776 1.825748
v -0.005164 -0.434776 1.843773
v -0.005743 -0.435267 1.843773
v -0.005743 -0.435267 1.825748
v -0.005983 -0.436204 1.843773
v -0.005983 -0.436204 1.825748
v -0.006158 -0.437493 1.843773
v -0.006158 -0.437493 1.825748
v -0.006250 -0.439009 1.843773
v -0.006250 -0.439009 1.825748
v -0.006250 -0.440603 1.843773
v -0.006250 -0.440603 1.825748
v -0.006159 -0.442121 1.843773
v -0.006159 -0.442121 1.825748
v -0.005984 -0.443411 1.843773
v -0.005984 -0.443411 1.825748
v -0.005744 -0.444350 1.843773
v -0.005744 -0.444350 1.825748
v -0.005462 -0.444844 1.843773
v -0.005462 -0.444844 1.825748
v -0.005165 -0.444844 1.843773
v -0.005165 -0.444844 1.825748
v -0.004883 -0.444352 1.843773
v -0.004883 -0.444352 1.825748
v -0.004643 -0.443416 1.843773
v -0.004643 -0.443416 1.825748
v -0.004468 -0.442127 1.843773
v -0.004468 -0.442127 1.825748
v -0.004377 -0.440610 1.843773
v -0.004377 -0.440610 1.825748
v -0.004376 -0.439015 1.843773
v -0.004376 -0.439015 1.825748
v -0.004468 -0.437498 1.843773
v -0.004468 -0.437498 1.825748
v -0.004642 -0.436208 1.843773
v -0.004642 -0.436208 1.825748
v -0.004882 -0.435269 1.843773
v -0.004882 -0.435269 1.825748
v -0.005609 -0.429740 1.843773
v -0.005015 -0.429742 1.843773
v -0.006173 -0.430724 1.843773
v -0.006654 -0.432597 1.843773
v -0.007003 -0.435176 1.843773
v -0.007187 -0.438208 1.843773
v -0.007187 -0.441398 1.843773
v -0.007004 -0.444432 1.843773
v -0.006655 -0.447013 1.843773
v -0.006175 -0.448889 1.843773
v -0.005611 -0.449877 1.843773
v -0.005018 -0.449879 1.843773
v -0.004453 -0.448895 1.843773
v -0.003973 -0.447022 1.843773
v -0.003624 -0.444443 1.843773
v -0.003440 -0.441410 1.843773
v -0.003439 -0.439906 1.843773
v -0.003622 -0.435187 1.843773
v -0.003971 -0.432606 1.843773
v -0.004451 -0.430730 1.843773
v -0.005609 -0.429740 1.825902
v -0.005015 -0.429742 1.825902
v -0.006173 -0.430724 1.825902
v -0.006654 -0.432597 1.825902
v -0.007003 -0.435176 1.825902
v -0.007187 -0.438208 1.825902
v -0.007187 -0.441398 1.825902
v -0.007004 -0.444432 1.825902
v -0.006655 -0.447013 1.825902
v -0.006175 -0.448889 1.825902
v -0.005611 -0.449877 1.825902
v -0.005018 -0.449879 1.825902
v -0.004453 -0.448895 1.825902
v -0.003973 -0.447022 1.825902
v -0.003624 -0.444443 1.825902
v -0.003440 -0.441410 1.825902
v 0.002575 -0.439926 1.825902
v 0.002575 -0.439926 1.843773
v 0.002575 -0.441430 1.843773
v 0.002575 -0.441430 1.825902
v -0.003622 -0.435187 1.825902
v -0.003439 -0.439906 1.825902
v -0.003971 -0.432606 1.825902
v -0.004451 -0.430730 1.825902
v -0.005461 -0.434775 1.807567
v -0.005461 -0.434775 1.789696
v -0.005164 -0.434776 1.789696
v -0.005164 -0.434776 1.807567
v -0.005743 -0.435267 1.807567
v -0.005743 -0.435267 1.789696
v -0.005983 -0.436204 1.807567
v -0.005983 -0.436204 1.789696
v -0.006158 -0.437493 1.807567
v -0.006158 -0.437493 1.789696
v -0.006250 -0.439009 1.807567
v -0.006250 -0.439009 1.789696
v -0.006250 -0.440603 1.807567
v -0.006250 -0.440603 1.789696
v -0.006159 -0.442121 1.807567
v -0.006159 -0.442121 1.789696
v -0.005984 -0.443411 1.807567
v -0.005984 -0.443411 1.789696
v -0.005744 -0.444350 1.807567
v -0.005744 -0.444350 1.789696
v -0.005462 -0.444844 1.807567
v -0.005462 -0.444844 1.789696
v -0.005165 -0.444844 1.807567
v -0.005165 -0.444844 1.789696
v -0.004883 -0.444352 1.807567
v -0.004883 -0.444352 1.789696
v -0.004643 -0.443416 1.807567
v -0.004643 -0.443416 1.789696
v -0.004468 -0.442127 1.807567
v -0.004468 -0.442127 1.789696
v -0.004377 -0.440610 1.807567
v -0.004377 -0.440610 1.789696
v -0.004376 -0.439015 1.807567
v -0.004376 -0.439015 1.789696
v -0.004468 -0.437498 1.807567
v -0.004468 -0.437498 1.789696
v -0.004642 -0.436208 1.807567
v -0.004642 -0.436208 1.789696
v -0.004882 -0.435269 1.807567
v -0.004882 -0.435269 1.789696
v -0.005609 -0.429740 1.807567
v -0.005015 -0.429742 1.807567
v -0.006173 -0.430724 1.807567
v -0.006654 -0.432597 1.807567
v -0.007003 -0.435176 1.807567
v -0.007187 -0.438208 1.807567
v -0.007187 -0.441398 1.807567
v -0.007004 -0.444432 1.807567
v -0.006655 -0.447013 1.807567
v -0.006175 -0.448889 1.807567
v -0.005611 -0.449877 1.807567
v -0.005018 -0.449879 1.807567
v -0.004453 -0.448895 1.807567
v -0.003973 -0.447022 1.807567
v -0.003624 -0.444443 1.807567
v -0.003440 -0.441410 1.807567
v -0.003439 -0.439906 1.807567
v -0.003622 -0.435187 1.807567
v -0.003971 -0.432606 1.807567
v -0.004451 -0.430730 1.807567
v -0.005609 -0.429740 1.789696
v -0.005015 -0.429742 1.789696
v -0.006173 -0.430724 1.789696
v -0.006654 -0.432597 1.789696
v -0.007003 -0.435176 1.789696
v -0.007187 -0.438208 1.789696
v -0.007187 -0.441398 1.789696
v -0.007004 -0.444432 1.789696
v -0.006655 -0.447013 1.789696
v -0.006175 -0.448889 1.789696
v -0.005611 -0.449877 1.789696
v -0.005018 -0.449879 1.789696
v -0.004453 -0.448895 1.789696
v -0.003973 -0.447022 1.789696
v -0.003624 -0.444443 1.789696
v -0.003440 -0.441410 1.789696
v 0.002575 -0.439926 1.789696
v 0.002575 -0.439926 1.807877
v 0.002575 -0.441430 1.807721
v 0.002575 -0.441430 1.789696
v -0.003622 -0.435187 1.789696
v -0.003439 -0.439906 1.789696
v -0.003971 -0.432606 1.789696
v -0.004451 -0.430730 1.789696
vn -0.8624 -0.1061 0.4949
vn -0.0029 0.7115 0.7026
vn -0.0650 0.8208 0.5675
vn -0.1542 0.9006 0.4065
vn -0.9852 -0.0224 -0.1697
vn -0.8903 -0.0833 0.4478
vn -0.8615 0.0035 0.5077
vn 0.0701 0.9608 0.2683
vn 0.0889 0.9960 0.0077
vn 0.0892 0.9958 0.0196
vn -1.0000 -0.0005 0.0001
vn -0.8614 0.0083 0.5078
vn -1.0000 -0.0007 0.0006
vn 0.0892 0.9960 0.0003
vn 0.1576 0.9875 0.0069
vn 0.1576 0.9874 0.0174
vn -1.0000 -0.0008 -0.0001
vn -1.0000 -0.0007 0.0004
vn 0.1576 0.9875 0.0001
vn 0.1808 0.9835 0.0062
vn 0.1807 0.9834 0.0155
vn -1.0000 -0.0007 -0.0001
vn -1.0000 -0.0007 0.0003
vn 0.1807 0.9835 0.0001
vn 0.1887 0.9820 0.0061
vn 0.1887 0.9819 0.0145
vn -1.0000 -0.0007 -0.0002
vn -1.0000 -0.0007 0.0002
vn 0.1887 0.9820 -0.0000
vn 0.1835 0.9830 0.0063
vn 0.1835 0.9829 0.0145
vn -1.0000 -0.0008 -0.0003
vn -1.0000 -0.0008 0.0002
vn -1.0000 -0.0007 0.0001
vn 0.1835 0.9830 -0.0001
vn 0.1631 0.9866 0.0069
vn 0.1631 0.9865 0.0152
vn -1.0000 -0.0007 -0.0004
vn 0.1631 0.9866 -0.0001
vn 0.0967 0.9953 0.0080
vn 0.0967 0.9952 0.0171
vn -1.0000 -0.0007 -0.0006
vn -1.0000 -0.0006 -0.0000
vn 0.0967 0.9953 -0.0002
vn 0.0958 0.9670 -0.2363
vn 0.0955 0.9661 -0.2397
vn -0.8614 0.0091 -0.5078
vn -1.0000 -0.0010 -0.0001
vn -0.9850 -0.0552 0.1632
vn -0.1002 0.8804 -0.4635
vn 0.0670 0.5953 -0.8007
vn 0.0015 0.7566 -0.6538
vn -0.8692 -0.1011 -0.4841
vn -0.9668 0.1630 0.1968
vn -0.2003 0.1376 -0.9700
vn 0.7667 0.5646 -0.3056
vn 0.8971 0.3227 -0.3016
vn 0.7792 0.5804 -0.2366
vn 0.0852 0.0608 -0.9945
vn -0.1944 0.3218 -0.9266
vn 0.5651 -0.0020 -0.8250
vn 0.8316 0.5265 0.1770
vn 0.9117 0.3415 0.2284
vn 0.8401 0.5213 0.1501
vn 0.7173 -0.0586 -0.6943
vn 0.5223 0.1343 -0.8421
vn 0.7803 -0.0931 -0.6184
vn 0.8099 0.5531 0.1954
vn 0.8538 0.4522 0.2579
vn 0.8180 0.5460 0.1811
vn 0.8962 -0.1242 -0.4259
vn 0.7631 -0.0168 -0.6460
vn 0.8775 -0.1127 -0.4661
vn 0.8083 0.5745 0.1289
vn 0.7775 0.5733 0.2585
vn 0.7632 0.6128 0.2049
vn 0.9624 -0.1341 -0.2363
vn 0.8723 -0.0825 -0.4819
vn 0.9299 -0.1081 -0.3515
vn 0.7668 0.6312 0.1172
vn 0.7401 0.6422 0.1994
vn 0.7360 0.6538 0.1757
vn 0.9877 -0.1211 -0.0991
vn 0.9290 -0.0994 -0.3565
vn 0.9610 -0.0983 -0.2585
vn 0.7438 0.6649 0.0688
vn 0.7322 0.6689 0.1283
vn 0.7320 0.6703 0.1221
vn 0.9943 -0.1060 0.0062
vn 0.9609 -0.0982 -0.2588
vn 0.9801 -0.0936 -0.1753
vn 0.7372 0.6756 0.0032
vn 0.7340 0.6765 0.0602
vn 0.7339 0.6768 0.0579
vn 0.9910 -0.0951 0.0947
vn 0.9801 -0.0937 -0.1753
vn 0.9910 -0.0965 -0.0933
vn 0.7341 0.6757 -0.0671
vn 0.7381 0.6747 -0.0065
vn 0.7382 0.6745 -0.0129
vn 0.9800 -0.0918 0.1766
vn 0.9910 -0.0954 -0.0943
vn 0.9942 -0.1072 -0.0035
vn 0.7339 0.6649 -0.1389
vn 0.7474 0.6602 -0.0738
vn 0.7483 0.6582 -0.0827
vn 0.9606 -0.0948 0.2611
vn 0.9943 -0.1066 -0.0049
vn 0.9870 -0.1227 0.1043
vn 0.7445 0.6350 -0.2062
vn 0.7772 0.6157 -0.1295
vn 0.7775 0.6150 -0.1312
vn 0.9287 -0.0984 0.3576
vn 0.9869 -0.1228 0.1047
vn 0.9608 -0.1330 0.2431
vn 0.7836 0.5706 -0.2458
vn 0.8292 0.5383 -0.1504
vn 0.8242 0.5508 -0.1319
vn 0.8740 -0.0911 0.4774
vn 0.9591 -0.1311 0.2508
vn 0.8949 -0.1214 0.4295
vn 0.8519 0.4776 -0.2149
vn 0.8441 0.4806 -0.2377
vn 0.8216 0.5380 -0.1886
vn 0.7714 -0.0557 0.6339
vn 0.8852 -0.1060 0.4529
vn 0.7276 -0.0628 0.6831
vn 0.8773 0.4480 -0.1723
vn 0.8986 0.3862 -0.2081
vn 0.8287 0.5418 -0.1401
vn 0.5461 0.0384 0.8369
vn 0.6914 -0.0073 0.7224
vn 0.1671 0.0448 0.9849
vn 0.8243 0.5270 0.2069
vn 0.8687 0.4207 0.2614
vn 0.6803 0.6281 0.3777
vn -0.2757 0.1489 0.9497
vn -0.0682 0.1027 0.9924
vn 0.9946 0.0005 -0.1042
vn 0.9944 0.0180 -0.1042
vn 0.9857 0.0218 0.1673
vn 0.9856 0.0199 0.1677
vn 0.9869 0.0017 0.1614
vn 0.9946 -0.0010 -0.1040
vn 0.9869 0.0004 -0.1612
vn 0.9857 0.0188 -0.1677
vn 0.9944 0.0206 0.1038
vn 0.9944 0.0196 0.1039
vn 0.9946 0.0018 0.1040
vn 0.9869 -0.0012 -0.1613
vn 0.9755 -0.0005 -0.2201
vn 0.9724 0.0209 -0.2323
vn 0.9991 0.0208 0.0362
vn 0.9991 0.0207 0.0359
vn 0.9991 0.0019 0.0428
vn 0.9754 -0.0034 -0.2204
vn 0.9570 -0.0020 -0.2900
vn 0.9515 0.0254 -0.3064
vn 0.9988 0.0204 -0.0438
vn 0.9988 0.0225 -0.0445
vn 0.9995 0.0020 -0.0312
vn 0.9570 -0.0071 -0.2902
vn 0.9217 -0.0038 -0.3878
vn 0.9132 0.0335 -0.4062
vn 0.9880 0.0177 -0.1533
vn 0.9876 0.0248 -0.1548
vn 0.9907 0.0021 -0.1361
vn 0.9218 -0.0115 -0.3876
vn 0.8285 -0.0054 -0.5600
vn 0.8160 0.0454 -0.5762
vn 0.9379 0.0115 -0.3467
vn 0.9367 0.0269 -0.3491
vn 0.9449 0.0021 -0.3273
vn 0.8288 -0.0154 -0.5593
vn 0.4234 -0.0069 -0.9059
vn 0.4069 0.0577 -0.9116
vn 0.6249 0.0025 -0.7807
vn 0.6220 0.0280 -0.7825
vn 0.6426 0.0016 -0.7662
vn 0.4245 -0.0181 -0.9052
vn -0.6712 -0.0078 -0.7412
vn -0.6901 0.0626 -0.7210
vn -0.4582 0.0001 -0.8888
vn -0.4618 0.0260 -0.8866
vn -0.4379 -0.0005 -0.8990
vn -0.6707 -0.0194 -0.7414
vn -0.9960 -0.0128 0.0880
vn -0.9802 0.0805 0.1806
vn -0.8666 0.0024 -0.4990
vn -0.8687 0.0238 -0.4948
vn -0.8498 -0.0000 -0.5271
vn -0.9955 -0.0287 0.0906
vn -1.0000 -0.0000 -0.0004
vn -0.8614 0.0205 -0.5075
vn -0.8615 0.0187 -0.5074
vn -0.8073 -0.0015 -0.5901
vn -1.0000 -0.0000 -0.0001
vn -1.0000 -0.0000 0.0001
vn -1.0000 -0.0000 -0.0003
vn -1.0000 -0.0000 -0.0006
vn -1.0000 -0.0000 -0.0000
vn -1.0000 -0.0000 0.0005
vn -1.0000 0.0001 0.0005
vn -1.0000 0.0001 -0.0002
vn -1.0000 -0.0000 0.0003
vn -1.0000 -0.0000 0.0006
vn -0.8072 -0.0030 0.5902
vn -0.8614 0.0174 0.5076
vn -1.0000 -0.0000 0.0004
vn -0.8073 -0.0054 0.5901
vn -0.8479 -0.0045 0.5301
vn -0.8660 -0.0028 0.5000
vn -0.9775 0.1212 -0.1727
vn -0.9816 0.0315 -0.1885
vn -0.9958 -0.0015 -0.0913
vn -0.8499 -0.0113 0.5268
vn -0.4384 -0.0061 0.8987
vn -0.4593 -0.0079 0.8882
vn -0.6831 0.0851 0.7254
vn -0.6979 0.0294 0.7156
vn -0.6723 -0.0006 0.7403
vn -0.4392 -0.0133 0.8983
vn 0.6431 -0.0046 0.7658
vn 0.6255 -0.0064 0.7802
vn 0.4157 0.0787 0.9061
vn 0.4017 0.0309 0.9152
vn 0.4241 0.0004 0.9056
vn 0.6425 -0.0126 0.7662
vn 0.9449 -0.0034 0.3274
vn 0.9381 0.0029 0.3462
vn 0.8188 0.0641 0.5705
vn 0.8145 0.0298 0.5794
vn 0.8284 0.0012 0.5602
vn 0.9447 -0.0103 0.3278
vn 0.9907 -0.0023 0.1359
vn 0.9883 0.0105 0.1524
vn 0.9141 0.0479 0.4027
vn 0.9128 0.0272 0.4075
vn 0.9216 0.0014 0.3882
vn 0.9906 -0.0077 0.1365
vn 0.9995 -0.0011 0.0306
vn 0.9990 0.0149 0.0427
vn 0.9519 0.0349 0.3045
vn 0.9514 0.0242 0.3069
vn 0.9569 0.0015 0.2903
vn 0.9995 -0.0050 0.0312
vn 0.9991 -0.0001 -0.0431
vn 0.9992 0.0171 -0.0366
vn 0.9724 0.0263 0.2316
vn 0.9723 0.0216 0.2327
vn 0.9754 0.0016 0.2206
vn 0.9991 -0.0025 -0.0426
vn 0.9530 0.3030 0.0003
vn 0.6958 0.6758 0.2434
vn 0.8188 0.4465 0.3609
vn 0.8479 0.3543 0.3943
vn 0.9532 0.3024 0.0021
vn 0.9537 0.3007 -0.0010
vn 0.9533 0.3022 0.0027
vn 0.7346 0.6777 0.0335
vn 0.7061 0.6414 0.2999
vn 0.7211 0.5931 0.3581
vn 0.9538 0.3005 0.0039
vn 0.9523 0.3052 0.0009
vn 0.9526 0.3043 0.0014
vn 0.7795 0.6260 0.0204
vn 0.7347 0.6777 0.0304
vn 0.7374 0.6681 0.0998
vn 0.9528 0.3035 0.0008
vn 0.9522 0.3056 0.0006
vn 0.9522 0.3054 0.0008
vn 0.7941 0.6077 0.0093
vn 0.7798 0.6255 0.0260
vn 0.7817 0.6188 0.0771
vn 0.9524 0.3050 0.0001
vn 0.9520 0.3062 0.0003
vn 0.9521 0.3059 0.0003
vn 0.7989 0.6014 -0.0023
vn 0.7943 0.6069 0.0252
vn 0.7958 0.6024 0.0623
vn 0.9521 0.3058 -0.0001
vn 0.9521 0.3057 -0.0002
vn 0.7958 0.6054 -0.0129
vn 0.7992 0.6005 0.0256
vn 0.8000 0.5982 0.0467
vn 0.9520 0.3060 -0.0004
vn 0.9522 0.3056 -0.0004
vn 0.9524 0.3047 -0.0011
vn 0.7830 0.6217 -0.0214
vn 0.7958 0.6050 0.0268
vn 0.7961 0.6043 0.0315
vn 0.9521 0.3058 -0.0002
vn 0.9525 0.3045 -0.0002
vn 0.9530 0.3031 -0.0021
vn 0.7393 0.6727 -0.0302
vn 0.7826 0.6219 0.0271
vn 0.7827 0.6222 0.0142
vn 0.9524 0.3048 -0.0002
vn 0.9530 0.3030 -0.0008
vn 0.9543 0.2988 -0.0065
vn 0.7255 0.6245 -0.2894
vn 0.7385 0.6740 0.0162
vn 0.7389 0.6734 -0.0251
vn 0.9528 0.3037 -0.0005
vn 0.9540 0.2999 -0.0042
vn 0.9527 0.3040 -0.0015
vn 0.8441 0.3998 -0.3573
vn 0.7135 0.6674 -0.2132
vn 0.7358 0.5923 -0.3283
vn 0.9537 0.3007 -0.0040
vn 0.9534 0.3017 -0.0070
vn 0.9533 0.3018 -0.0055
vn 0.8947 0.2953 -0.3351
vn 0.8531 0.3699 -0.3679
vn 0.8774 0.2920 -0.3806
vn 0.9534 0.3017 -0.0031
vn 0.9536 0.3011 -0.0064
vn 0.9505 0.3109 -0.0037
vn 0.9214 0.2072 -0.3288
vn 0.9103 0.2544 -0.3266
vn 0.9167 0.2259 -0.3297
vn 0.9535 0.3012 -0.0057
vn 0.9525 0.3043 -0.0098
vn 0.9511 0.3089 -0.0048
vn 0.9415 0.1205 -0.3149
vn 0.9403 0.1444 -0.3082
vn 0.9338 0.1681 -0.3158
vn 0.9527 0.3041 -0.0005
vn 0.9500 0.3123 -0.0007
vn 0.9511 0.3089 -0.0024
vn 0.9754 0.1101 -0.1908
vn 0.9528 0.0836 -0.2919
vn 0.9234 0.1736 -0.3424
vn 0.9504 0.3111 -0.0068
vn 0.9504 0.3111 -0.0020
vn 0.9509 0.3094 -0.0016
vn 0.9876 0.1182 -0.1036
vn 0.9757 0.1077 -0.1909
vn 0.9529 0.1769 -0.2465
vn 0.9506 0.3103 -0.0047
vn 0.9507 0.3102 -0.0017
vn 0.9508 0.3097 -0.0005
vn 0.9915 0.1226 -0.0432
vn 0.9847 0.1261 -0.1200
vn 0.9734 0.1606 -0.1637
vn 0.9507 0.3101 -0.0032
vn 0.9508 0.3098 0.0007
vn 0.9921 0.1252 0.0075
vn 0.9891 0.1297 -0.0702
vn 0.9853 0.1413 -0.0964
vn 0.9507 0.3101 -0.0021
vn 0.9508 0.3098 0.0004
vn 0.9508 0.3098 0.0019
vn 0.9905 0.1247 0.0581
vn 0.9916 0.1268 -0.0260
vn 0.9914 0.1275 -0.0308
vn 0.9508 0.3099 -0.0009
vn 0.9509 0.3095 0.0016
vn 0.9508 0.3098 0.0032
vn 0.9857 0.1200 0.1184
vn 0.9928 0.1184 0.0204
vn 0.9920 0.1204 0.0381
vn 0.9510 0.3091 0.0034
vn 0.9508 0.3097 0.0044
vn 0.9719 0.1082 0.2090
vn 0.9915 0.1038 0.0783
vn 0.9861 0.1193 0.1155
vn 0.9509 0.3094 0.0017
vn 0.9511 0.3088 0.0051
vn 0.9507 0.3099 0.0063
vn 0.9378 0.1032 0.3314
vn 0.9819 0.0811 0.1710
vn 0.9663 0.1257 0.2246
vn 0.9509 0.3093 0.0036
vn 0.9511 0.3089 0.0091
vn 0.9537 0.3007 0.0028
vn 0.9289 0.1629 0.3326
vn 0.9402 0.1019 0.3251
vn 0.9036 0.2068 0.3752
vn 0.9505 0.3107 0.0074
vn 0.9528 0.3035 0.0089
vn 0.9525 0.3045 0.0045
vn 0.8979 0.2641 0.3522
vn 0.9063 0.2255 0.3574
vn 0.8975 0.2608 0.3556
vn 0.9520 0.3062 0.0011
vn 0.9536 0.3012 -0.0028
vn 0.9533 0.3020 0.0028
vn 0.8423 0.3715 0.3905
vn 0.8754 0.3330 0.3503
vn 0.8804 0.3182 0.3516
vn 0.9535 0.3015 0.0057
vn 0.9535 0.3015 0.0021
vn 0.9520 0.3062 -0.0013
vn 0.9521 0.3059 0.0001
vn 0.9521 0.3059 0.0002
vn 0.9520 0.3062 -0.0001
vn 0.9520 0.3061 -0.0010
vn 0.9521 0.3059 -0.0000
vn 0.9522 0.3056 -0.0000
vn 0.9521 0.3056 -0.0002
vn 0.9520 0.3062 0.0010
vn 0.9519 0.3065 -0.0001
vn 0.9522 0.3054 -0.0009
vn 0.9522 0.3055 0.0013
vn 0.9517 0.3070 0.0002
vn 0.9520 0.3060 0.0011
vn 0.9521 0.3057 0.0001
vn 0.9525 0.3044 -0.0000
vn 0.9523 0.3052 -0.0022
vn 0.9523 0.3051 -0.0002
vn 0.9520 0.3060 0.0002
vn 0.9521 0.3057 0.0009
vn 0.9520 0.3062 -0.0002
vn 0.9523 0.3051 -0.0015
vn 0.9527 0.3038 -0.0043
vn 0.9528 0.3036 -0.0005
vn 0.9521 0.3056 0.0001
vn 0.9523 0.3050 0.0019
vn 0.9522 0.3055 -0.0005
vn 0.9529 0.3033 -0.0025
vn 0.9524 0.3049 0.0025
vn 0.9530 0.3028 0.0004
vn 0.9526 0.3042 -0.0008
vn 0.9527 0.3039 0.0028
vn 0.9519 0.3063 0.0013
vn 0.9529 0.3031 0.0043
vn 0.9529 0.3034 0.0005
vn 0.9542 0.2990 0.0034
vn 0.9534 0.3016 0.0004
vn 0.9531 0.3025 0.0033
vn 0.9521 0.3059 0.0014
vn 0.9529 0.3031 -0.0064
vn 0.9536 0.3011 -0.0038
vn 0.9524 0.3049 0.0002
vn 0.9527 0.3039 0.0024
vn 0.9526 0.3042 -0.0015
vn 0.9535 0.3014 -0.0043
vn 0.9516 0.3073 0.0051
vn 0.9526 0.3043 0.0030
vn 0.9541 0.2993 0.0055
vn 0.9532 0.3025 0.0022
vn 0.9520 0.3059 0.0063
vn 0.9506 0.3104 0.0018
vn 0.9512 0.3085 0.0024
vn 0.9521 0.3059 0.0012
vn 0.9529 0.3032 0.0037
vn 0.9524 0.3047 0.0020
vn 0.9515 0.3078 0.0040
vn 0.9508 0.3098 0.0010
vn 0.9521 0.3059 0.0018
vn 0.9512 0.3084 0.0029
vn 0.9509 0.3095 0.0004
vn 0.9511 0.3088 0.0009
vn 0.9518 0.3068 0.0003
vn 0.9522 0.3053 0.0023
vn 0.9511 0.3089 -0.0005
vn 0.9518 0.3069 -0.0006
vn 0.9519 0.3064 0.0013
vn 0.9517 0.3069 0.0010
vn 0.9511 0.3089 0.0017
vn 0.9509 0.3094 -0.0007
vn 0.9510 0.3091 -0.0023
vn 0.9518 0.3068 -0.0018
vn 0.9518 0.3069 0.0007
vn 0.9511 0.3089 0.0007
vn 0.9511 0.3089 -0.0018
vn 0.9512 0.3086 -0.0033
vn 0.9521 0.3059 -0.0022
vn 0.9518 0.3068 -0.0000
vn 0.9519 0.3065 0.0007
vn 0.9511 0.3089 -0.0000
vn 0.9513 0.3084 -0.0027
vn 0.9514 0.3079 -0.0054
vn 0.9526 0.3043 -0.0041
vn 0.9519 0.3064 -0.0011
vn 0.9512 0.3085 -0.0010
vn 0.9517 0.3071 -0.0043
vn 0.9520 0.3061 -0.0091
vn 0.9535 0.3013 -0.0056
vn 0.9522 0.3056 -0.0019
vn 0.9527 0.3038 0.0005
vn 0.9515 0.3076 -0.0008
vn 0.9525 0.3045 -0.0067
vn 0.9525 0.3046 0.0046
vn 0.9527 0.3038 0.0014
vn 0.9538 0.3005 0.0037
vn 0.9533 0.3019 0.0022
vn 0.9535 0.3015 0.0061
vn 0.9520 0.3060 0.0030
vn 0.9520 0.3060 0.0031
vn 0.9524 0.3049 0.0010
vn 0.9532 0.3024 0.0025
vn 0.9526 0.3042 0.0007
vn 0.9523 0.3051 0.0039
vn 0.9514 0.3078 0.0013
vn 0.9523 0.3053 0.0004
vn 0.9519 0.3065 0.0025
vn 0.9514 0.3079 0.0004
vn 0.9517 0.3071 0.0009
vn 0.9521 0.3059 -0.0001
vn 0.9525 0.3046 0.0010
vn 0.9515 0.3076 -0.0003
vn 0.9522 0.3056 0.0008
vn 0.9521 0.3059 0.0006
vn 0.9516 0.3073 0.0015
vn 0.9514 0.3078 -0.0004
vn 0.9516 0.3073 -0.0020
vn 0.9521 0.3058 -0.0009
vn 0.9519 0.3063 -0.0000
vn 0.9515 0.3075 0.0003
vn 0.9516 0.3073 -0.0017
vn 0.9518 0.3066 -0.0033
vn 0.9523 0.3050 -0.0014
vn 0.9521 0.3058 0.0011
vn 0.9516 0.3073 0.0001
vn 0.9520 0.3062 -0.0020
vn 0.9523 0.3051 -0.0052
vn 0.9528 0.3035 -0.0024
vn 0.9522 0.3055 -0.0003
vn 0.9524 0.3050 0.0009
vn 0.9518 0.3067 -0.0011
vn 0.9525 0.3046 -0.0040
vn 0.9532 0.3023 -0.0076
vn 0.9534 0.3016 -0.0041
vn 0.9525 0.3044 -0.0011
vn 0.9523 0.3051 -0.0023
vn 0.9536 0.3010 -0.0060
vn 0.9507 0.3103 0.0018
vn 0.9520 0.3061 0.0019
vn 0.9532 0.3024 0.0064
vn 0.9531 0.3026 0.0075
vn 0.9507 0.3101 0.0082
vn 0.9504 0.3109 0.0024
vn 0.9506 0.3103 0.0013
vn 0.9516 0.3075 0.0012
vn 0.9521 0.3057 0.0043
vn 0.9519 0.3063 0.0044
vn 0.9506 0.3105 0.0042
vn 0.9503 0.3113 0.0010
vn 0.9515 0.3076 0.0029
vn 0.9506 0.3105 0.0030
vn 0.9504 0.3109 0.0004
vn 0.9506 0.3105 0.0005
vn 0.9514 0.3081 0.0004
vn 0.9517 0.3070 0.0030
vn 0.9505 0.3106 -0.0008
vn 0.9513 0.3084 -0.0010
vn 0.9514 0.3079 0.0015
vn 0.9514 0.3081 0.0017
vn 0.9506 0.3105 0.0018
vn 0.9504 0.3109 -0.0006
vn 0.9504 0.3109 -0.0019
vn 0.9513 0.3083 -0.0020
vn 0.9513 0.3082 0.0005
vn 0.9513 0.3082 0.0007
vn 0.9506 0.3105 0.0008
vn 0.9504 0.3109 -0.0016
vn 0.9504 0.3110 -0.0027
vn 0.9515 0.3077 -0.0031
vn 0.9513 0.3082 -0.0003
vn 0.9514 0.3079 0.0002
vn 0.9505 0.3106 0.0003
vn 0.9505 0.3107 -0.0022
vn 0.9504 0.3111 -0.0042
vn 0.9519 0.3065 -0.0047
vn 0.9515 0.3077 -0.0014
vn 0.9516 0.3073 -0.0011
vn 0.9505 0.3107 -0.0008
vn 0.9505 0.3107 -0.0038
vn 0.9504 0.3109 -0.0069
vn 0.9530 0.3030 -0.0069
vn 0.9520 0.3060 -0.0020
vn 0.9520 0.3060 -0.0019
vn 0.9505 0.3108 -0.0013
vn 0.9503 0.3112 -0.0066
vn -0.9653 0.2440 -0.0935
vn -0.9602 0.1959 -0.1992
vn -0.9664 0.0848 -0.2426
vn -0.9830 0.0189 -0.1826
vn -0.9934 0.0779 -0.0839
vn -0.9826 0.1840 -0.0237
vn -0.9541 0.2801 0.1061
vn -0.9908 0.1344 -0.0183
vn -0.9993 0.0207 0.0297
vn -0.9928 0.0027 0.1198
vn -0.9544 0.0829 0.2868
vn -0.9423 0.2615 0.2089
vn 0.9634 0.2494 0.0985
vn 0.9527 0.2075 0.2220
vn 0.9637 0.0769 0.2558
vn 0.9705 0.0534 0.2351
vn 0.9967 0.0513 0.0631
vn 0.9708 0.2288 0.0716
vn 0.9325 0.2888 -0.2170
vn 0.9736 0.1849 -0.1336
vn 0.9813 0.0498 -0.1861
vn 0.9833 0.0541 -0.1738
vn 0.9337 0.1194 -0.3377
vn 0.9303 0.2860 -0.2295
vn -0.9991 -0.0379 -0.0179
vn -0.9916 0.0073 -0.1293
vn -0.9568 -0.1157 -0.2669
vn -0.9528 -0.1551 -0.2610
vn -0.9671 -0.2366 -0.0938
vn -0.9969 -0.0773 -0.0165
vn 0.9827 0.1742 -0.0629
vn 0.9729 0.1178 -0.1988
vn 0.9307 0.2064 -0.3020
vn 0.9311 0.2061 -0.3009
vn 0.9380 0.3181 -0.1377
vn 0.9856 0.1537 -0.0702
vn -0.8413 0.3213 0.4347
vn -0.7278 0.4354 0.5298
vn -0.7423 0.5789 0.3375
vn -0.7488 0.5785 0.3235
vn -0.8586 0.4397 0.2637
vn -0.8380 0.3234 0.4395
vn -0.9907 0.1124 -0.0764
vn -0.9925 0.1167 0.0376
vn -0.9721 0.2325 0.0319
vn -0.9709 0.2381 0.0255
vn -0.9655 0.2432 -0.0931
vn -0.9898 0.1172 -0.0807
vn 0.9897 0.0986 0.1035
vn 0.9928 0.1000 -0.0665
vn 0.9466 0.3152 -0.0684
vn 0.9456 0.3192 -0.0636
vn 0.9435 0.3118 0.1125
vn 0.9888 0.1022 0.1089
vn 0.2906 -0.6174 0.7310
vn 0.0881 -0.6536 0.7517
vn 0.1354 -0.8150 0.5634
vn 0.2617 -0.8046 0.5330
vn 0.4514 -0.7322 0.5100
vn 0.4042 -0.5928 0.6966
vn 0.9900 -0.0955 -0.1035
vn 0.9928 -0.0985 0.0686
vn 0.9437 -0.3230 0.0710
vn 0.9409 -0.3336 0.0579
vn 0.9367 -0.3285 -0.1210
vn 0.9876 -0.1059 -0.1159
vn -0.9927 -0.0964 0.0719
vn -0.9944 -0.0993 -0.0366
vn -0.9772 -0.2108 -0.0267
vn -0.9781 -0.2057 -0.0304
vn -0.9739 -0.2116 0.0827
vn -0.9937 -0.0907 0.0663
vn -0.9921 -0.0713 -0.1029
vn -0.9919 0.0495 -0.1172
vn -0.9667 0.0632 -0.2479
vn -0.9649 0.0546 -0.2571
vn -0.9657 -0.0754 -0.2484
vn -0.9909 -0.0778 -0.1103
vn 0.4915 -0.6020 -0.6293
vn 0.3010 -0.6424 -0.7048
vn 0.3147 -0.4117 -0.8553
vn 0.2294 -0.4274 -0.8745
vn 0.4098 -0.4283 -0.8053
vn 0.3984 -0.6347 -0.6622
vn -0.8411 0.3992 -0.3650
vn -0.7375 0.4862 -0.4688
vn -0.7477 0.2704 -0.6064
vn -0.7472 0.2710 -0.6068
vn -0.8403 0.2281 -0.4918
vn -0.8357 0.4075 -0.3682
vn 0.9610 -0.1087 -0.2542
vn 0.9619 0.0679 -0.2648
vn 0.9958 0.0776 -0.0481
vn 0.9960 0.0761 -0.0463
vn 0.9946 -0.0949 -0.0409
vn 0.9614 -0.1104 -0.2519
vn 0.9646 -0.2406 0.1083
vn 0.9666 -0.2487 -0.0616
vn 0.9970 -0.0333 -0.0701
vn 0.9969 -0.0337 -0.0708
vn 0.9949 -0.0295 0.0966
vn 0.9646 -0.2407 0.1075
vn 0.9634 0.2461 -0.1065
vn 0.9650 0.2541 0.0642
vn 0.9969 0.0345 0.0712
vn 0.9969 0.0339 0.0709
vn 0.9950 0.0300 -0.0949
vn 0.9636 0.2453 -0.1065
vn 0.9871 -0.1056 0.1202
vn 0.9906 0.0687 0.1186
vn 0.9412 0.0752 0.3294
vn 0.9399 0.0695 0.3343
vn 0.9362 -0.1122 0.3332
vn 0.9860 -0.1111 0.1246
vn -0.8275 -0.4013 0.3926
vn -0.6851 -0.5053 0.5247
vn -0.7018 -0.2834 0.6535
vn -0.6982 -0.2844 0.6569
vn -0.8278 -0.2145 0.5184
vn -0.8200 -0.4107 0.3986
vn 0.0648 0.6913 0.7197
vn -0.1254 0.6766 0.7256
vn -0.0991 0.4613 0.8817
vn -0.2578 0.4525 0.8537
vn -0.0737 0.4864 0.8707
vn -0.0964 0.6964 0.7112
vn -0.9859 -0.0749 0.1494
vn -0.9840 0.0491 0.1711
vn -0.9920 0.0401 0.1198
vn -0.9903 0.0471 0.1307
vn -0.9920 -0.0690 0.1061
vn -0.9849 -0.0683 0.1591
vn -0.9907 -0.1172 -0.0695
vn -0.9905 -0.1306 0.0433
vn -0.9940 -0.1026 0.0377
vn -0.9928 -0.1114 0.0436
vn -0.9925 -0.1034 -0.0659
vn -0.9900 -0.1258 -0.0634
vn -0.9884 0.1342 0.0714
vn -0.9877 0.1528 -0.0332
vn -0.9930 0.1135 -0.0315
vn -0.9892 0.1387 -0.0481
vn -0.9902 0.1258 0.0603
vn -0.9859 0.1584 0.0547
vn -0.9829 -0.0039 0.1840
vn -0.9836 0.1046 0.1470
vn -0.9866 0.1263 0.1033
vn -0.9909 0.1044 0.0853
vn -0.9923 -0.0297 0.1200
vn -0.9860 -0.0263 0.1646
vn -0.9854 0.0992 0.1382
vn -0.9879 0.1517 0.0316
vn -0.9922 0.1135 0.0515
vn -0.9834 0.1802 0.0193
vn -0.9834 0.0678 0.1685
vn -0.9807 0.1670 0.1021
vn -0.9818 0.0192 -0.1889
vn -0.9840 -0.0996 -0.1480
vn -0.9879 -0.1162 -0.1028
vn -0.9917 -0.0965 -0.0849
vn -0.9934 0.0364 -0.1090
vn -0.9847 0.0398 -0.1695
vn -0.9882 -0.0961 -0.1193
vn -0.9906 -0.1359 -0.0147
vn -0.9929 -0.1158 -0.0265
vn -0.9877 -0.1558 -0.0090
vn -0.9865 -0.0619 -0.1514
vn -0.9861 -0.1349 -0.0972
vn -0.9899 -0.1414 -0.0111
vn -0.9888 -0.1160 0.0936
vn -0.9900 -0.0946 0.1044
vn -0.9905 -0.0914 0.1027
vn -0.9931 -0.1162 -0.0182
vn -0.9903 -0.1382 -0.0138
vn -0.9867 -0.1047 0.1241
vn -0.9840 -0.0118 0.1779
vn -0.9925 -0.0223 0.1198
vn -0.9874 -0.0055 0.1579
vn -0.9892 -0.1385 0.0470
vn -0.9834 -0.0856 0.1598
vn 0.9891 -0.0376 0.1421
vn 0.9851 0.1262 0.1169
vn 0.9368 0.1663 0.3078
vn 0.9372 0.1689 0.3051
vn 0.9399 -0.0006 0.3413
vn 0.9902 -0.0322 0.1359
vn 0.6944 -0.0700 0.7162
vn 0.8484 -0.0408 0.5278
vn 0.8304 0.1580 0.5343
vn 0.8084 0.1595 0.5666
vn 0.6451 0.1509 0.7491
vn 0.6620 -0.0632 0.7469
vn 0.9415 0.2687 0.2034
vn 0.8685 0.3777 0.3211
vn 0.8734 0.1806 0.4523
vn 0.8764 0.1700 0.4505
vn 0.9507 0.1036 0.2922
vn 0.9396 0.2732 0.2064
vn -0.9929 0.0260 0.1159
vn -0.9923 -0.1003 0.0727
vn -0.9618 -0.1291 0.2415
vn -0.9579 -0.1169 0.2621
vn -0.9587 0.0206 0.2836
vn -0.9904 0.0368 0.1335
vn -0.8715 0.0555 0.4873
vn -0.9565 0.0406 0.2887
vn -0.9457 -0.1167 0.3032
vn -0.9507 -0.0968 0.2945
vn -0.8663 -0.1017 0.4891
vn -0.8734 0.0693 0.4821
vn -0.9829 -0.1554 0.0992
vn -0.9342 -0.2683 0.2352
vn -0.9369 -0.0857 0.3390
vn -0.9337 -0.0999 0.3438
vn -0.9847 -0.0059 0.1739
vn -0.9787 -0.1771 0.1041
vn 0.7140 -0.5013 0.4888
vn 0.8197 -0.4096 0.4005
vn 0.7988 -0.2484 0.5480
vn 0.7978 -0.2516 0.5478
vn 0.6764 -0.3308 0.6580
vn 0.7065 -0.5040 0.4969
vn -0.1557 -0.1240 0.9800
vn -0.1526 -0.2952 0.9432
vn 0.0309 -0.3443 0.9384
vn -0.0962 -0.3436 0.9342
vn -0.0899 -0.1596 0.9831
vn -0.2831 -0.1197 0.9516
vn 0.9792 -0.1562 0.1297
vn 0.9892 -0.0168 0.1455
vn 0.9418 -0.0437 0.3334
vn 0.9397 -0.0519 0.3379
vn 0.9310 -0.2097 0.2988
vn 0.9778 -0.1630 0.1318
vn 0.9658 -0.0184 -0.2586
vn 0.9594 0.1355 -0.2475
vn 0.9902 0.1304 -0.0497
vn 0.9908 0.1263 -0.0476
vn 0.9984 -0.0313 -0.0470
vn 0.9662 -0.0226 -0.2568
vn 0.9973 -0.0669 0.0301
vn 0.9884 -0.0643 -0.1378
vn 0.9858 0.0983 -0.1359
vn 0.9859 0.0989 -0.1352
vn 0.9950 0.0952 0.0314
vn 0.9973 -0.0662 0.0309
vn 0.9585 0.2182 -0.1834
vn 0.9683 0.2474 -0.0346
vn 0.9991 0.0400 -0.0119
vn 0.9987 0.0503 -0.0017
vn 0.9848 0.0360 -0.1697
vn 0.9587 0.2243 -0.1749
vn 0.9671 0.0213 0.2537
vn 0.9606 -0.1345 0.2432
vn 0.9902 -0.1299 0.0514
vn 0.9907 -0.1264 0.0499
vn 0.9983 0.0320 0.0494
vn 0.9673 0.0243 0.2524
vn 0.9972 0.0682 -0.0294
vn 0.9882 0.0649 0.1389
vn 0.9856 -0.0978 0.1376
vn 0.9857 -0.0986 0.1367
vn 0.9950 -0.0947 -0.0304
vn 0.9973 0.0672 -0.0304
vn 0.9605 -0.2117 0.1808
vn 0.9698 -0.2412 0.0368
vn 0.9991 -0.0395 0.0160
vn 0.9987 -0.0512 0.0042
vn 0.9850 -0.0351 0.1691
vn 0.9605 -0.2189 0.1718
vn 0.9698 -0.2436 0.0117
vn 0.9634 -0.2270 -0.1425
vn 0.9908 -0.0359 -0.1306
vn 0.9913 -0.0345 -0.1268
vn 0.9989 -0.0374 0.0286
vn 0.9703 -0.2416 0.0158
vn 0.9972 0.0373 0.0644
vn 0.9888 -0.1348 0.0640
vn 0.9860 -0.1360 -0.0962
vn 0.9861 -0.1348 -0.0972
vn 0.9948 0.0361 -0.0957
vn 0.9973 0.0385 0.0631
vn 0.9577 -0.1743 -0.2289
vn 0.9666 -0.0240 -0.2553
vn 0.9985 -0.0005 -0.0541
vn 0.9980 0.0076 -0.0626
vn 0.9852 -0.1644 -0.0486
vn 0.9578 -0.1688 -0.2325
vn -0.9920 -0.0205 -0.1242
vn -0.9915 0.0998 -0.0837
vn -0.9618 0.1344 -0.2387
vn -0.9617 0.1340 -0.2391
vn -0.9662 0.0025 -0.2580
vn -0.9923 -0.0194 -0.1220
vn -0.8672 -0.0539 -0.4950
vn -0.9615 -0.0390 -0.2721
vn -0.9547 0.1144 -0.2748
vn -0.9540 0.1162 -0.2762
vn -0.8608 0.1297 -0.4921
vn -0.8648 -0.0463 -0.5001
vn -0.9778 0.1884 -0.0916
vn -0.9280 0.2970 -0.2249
vn -0.9321 0.1206 -0.3415
vn -0.9279 0.1360 -0.3471
vn -0.9843 0.0323 -0.1736
vn -0.9712 0.2167 -0.0988
vn 0.9892 0.0402 -0.1411
vn 0.9849 -0.1288 -0.1159
vn 0.9334 -0.1715 -0.3151
vn 0.9335 -0.1732 -0.3139
vn 0.9358 0.0027 -0.3525
vn 0.9901 0.0357 -0.1360
vn 0.6672 0.0535 -0.7429
vn 0.8072 0.0356 -0.5892
vn 0.7910 -0.1594 -0.5907
vn 0.7853 -0.1634 -0.5971
vn 0.6577 -0.1371 -0.7407
vn 0.6607 0.0505 -0.7489
vn 0.9389 -0.2716 -0.2116
vn 0.8775 -0.3617 -0.3149
vn 0.8784 -0.1749 -0.4448
vn 0.8805 -0.1698 -0.4426
vn 0.9486 -0.1128 -0.2956
vn 0.9363 -0.2789 -0.2136
vn -0.8752 -0.3776 -0.3023
vn -0.9527 -0.2413 -0.1850
vn -0.9480 -0.0751 -0.3092
vn -0.9466 -0.0732 -0.3139
vn -0.8635 -0.1890 -0.4676
vn -0.8699 -0.3758 -0.3196
vn -0.6442 -0.0588 -0.7626
vn -0.6280 -0.2622 -0.7327
vn -0.7820 -0.2311 -0.5789
vn -0.7770 -0.2356 -0.5838
vn -0.7917 -0.0447 -0.6092
vn -0.6447 -0.0540 -0.7625
vn -0.9940 -0.0970 -0.0509
vn -0.9950 -0.0025 -0.1001
vn -0.9665 -0.0116 -0.2565
vn -0.9631 -0.0286 -0.2678
vn -0.9571 -0.1604 -0.2412
vn -0.9917 -0.1126 -0.0621
vn -0.8796 -0.2649 0.3952
vn -0.9485 -0.1633 0.2715
vn -0.9508 -0.2843 0.1229
vn -0.9548 -0.2718 0.1206
vn -0.8753 -0.4234 0.2337
vn -0.8795 -0.2661 0.3945
vn -0.6455 -0.7562 0.1072
vn -0.6388 -0.7016 0.3159
vn -0.8012 -0.5233 0.2902
vn -0.8116 -0.5107 0.2837
vn -0.8275 -0.5547 0.0866
vn -0.6628 -0.7430 0.0929
vn -0.9907 -0.0604 0.1222
vn -0.9952 -0.0956 0.0229
vn -0.9701 -0.2359 0.0569
vn -0.9735 -0.2242 0.0458
vn -0.9563 -0.2172 0.1959
vn -0.9930 -0.0502 0.1065
vn 0.7600 -0.3911 -0.5191
vn 0.8454 -0.3230 -0.4254
vn 0.8354 -0.4814 -0.2651
vn 0.8487 -0.4626 -0.2563
vn 0.7656 -0.5537 -0.3276
vn 0.7690 -0.3826 -0.5121
vn 0.3925 -0.9091 -0.1397
vn 0.3702 -0.8574 -0.3575
vn 0.5606 -0.7578 -0.3340
vn 0.5745 -0.7484 -0.3315
vn 0.5959 -0.7903 -0.1428
vn 0.4190 -0.8994 -0.1246
vn 0.9806 -0.1100 -0.1620
vn 0.9913 -0.1292 -0.0252
vn 0.9427 -0.3286 -0.0583
vn 0.9385 -0.3364 -0.0774
vn 0.9295 -0.2887 -0.2295
vn 0.9778 -0.1151 -0.1750
vn 0.9916 -0.1252 -0.0318
vn 0.9863 -0.0985 0.1321
vn 0.9377 -0.3021 0.1714
vn 0.9385 -0.2960 0.1781
vn 0.9419 -0.3359 0.0071
vn 0.9930 -0.1156 -0.0236
vn 0.7806 -0.6237 -0.0400
vn 0.8695 -0.4927 -0.0345
vn 0.8590 -0.4883 0.1537
vn 0.8594 -0.4868 0.1564
vn 0.7677 -0.6225 0.1518
vn 0.7813 -0.6229 -0.0380
vn 0.9385 -0.1808 0.2943
vn 0.8711 -0.2909 0.3957
vn 0.8833 -0.4168 0.2145
vn 0.8897 -0.4130 0.1946
vn 0.9538 -0.2721 0.1273
vn 0.9405 -0.1804 0.2881
vn 0.6720 0.4648 0.5766
vn 0.8059 0.3727 0.4600
vn 0.7952 0.5283 0.2975
vn 0.8036 0.5156 0.2972
vn 0.6656 0.6314 0.3979
vn 0.6754 0.4619 0.5749
vn -0.1555 0.9733 0.1690
vn -0.1799 0.9120 0.3687
vn 0.0230 0.9170 0.3982
vn -0.0250 0.9170 0.3981
vn 0.0024 0.9807 0.1954
vn -0.2051 0.9643 0.1674
vn 0.9810 0.1081 0.1613
vn 0.9913 0.1284 0.0276
vn 0.9479 0.3133 0.0582
vn 0.9445 0.3206 0.0712
vn 0.9356 0.2751 0.2212
vn 0.9783 0.1119 0.1743
vn -0.8820 0.2574 -0.3947
vn -0.9424 0.1700 -0.2879
vn -0.9532 0.2798 -0.1145
vn -0.9508 0.2931 -0.1003
vn -0.8848 0.4141 -0.2134
vn -0.8799 0.2787 -0.3849
vn -0.7473 0.6589 -0.0859
vn -0.7359 0.6133 -0.2869
vn -0.8628 0.4425 -0.2445
vn -0.8618 0.4433 -0.2465
vn -0.8799 0.4707 -0.0645
vn -0.7524 0.6545 -0.0739
vn -0.9935 0.0431 -0.1056
vn -0.9957 0.0918 -0.0144
vn -0.9708 0.2365 -0.0408
vn -0.9685 0.2430 -0.0550
vn -0.9561 0.2296 -0.1822
vn -0.9915 0.0506 -0.1202
vn -0.9917 0.1273 -0.0190
vn -0.9924 0.0841 0.0899
vn -0.9672 0.2240 0.1194
vn -0.9686 0.2144 0.1258
vn -0.9722 0.2341 -0.0065
vn -0.9931 0.1168 -0.0138
vn -0.8971 0.4374 -0.0619
vn -0.9736 0.2227 -0.0509
vn -0.9690 0.2242 0.1041
vn -0.9692 0.2236 0.1033
vn -0.8859 0.4447 0.1316
vn -0.8961 0.4402 -0.0567
vn -0.9785 0.0857 0.1876
vn -0.9339 0.2121 0.2877
vn -0.9385 0.3203 0.1292
vn -0.9361 0.3233 0.1385
vn -0.9877 0.1543 0.0245
vn -0.9743 0.0901 0.2063
vn 0.7206 0.6916 0.0490
vn 0.8565 0.5151 0.0342
vn 0.8426 0.5142 -0.1599
vn 0.8423 0.5135 -0.1639
vn 0.7082 0.6883 -0.1569
vn 0.7189 0.6939 0.0421
vn -0.0767 0.7989 -0.5965
vn -0.0986 0.9188 -0.3822
vn 0.1088 0.9238 -0.3670
vn 0.0787 0.9278 -0.3646
vn 0.1015 0.8217 -0.5609
vn -0.0994 0.7963 -0.5966
vn 0.9920 0.1221 0.0327
vn 0.9863 0.0974 -0.1328
vn 0.9394 0.2965 -0.1722
vn 0.9402 0.2907 -0.1777
vn 0.9447 0.3279 -0.0071
vn 0.9932 0.1139 0.0249
vn -0.8830 -0.4649 0.0654
vn -0.9790 -0.1936 0.0634
vn -0.9724 -0.2039 -0.1135
vn -0.9716 -0.2058 -0.1166
vn -0.8732 -0.4681 -0.1353
vn -0.8811 -0.4693 0.0579
vn -0.6562 -0.5883 -0.4726
vn -0.6373 -0.7211 -0.2717
vn -0.8029 -0.5656 -0.1883
vn -0.8038 -0.5662 -0.1823
vn -0.8211 -0.4439 -0.3587
vn -0.6673 -0.5758 -0.4723
vn -0.9947 -0.1003 0.0233
vn -0.9926 -0.0692 -0.0996
vn -0.9698 -0.2067 -0.1293
vn -0.9696 -0.2072 -0.1304
vn -0.9758 -0.2181 0.0124
vn -0.9946 -0.1009 0.0249
vn -0.2764 0.1405 -0.9507
vn -0.3195 0.3070 -0.8965
vn -0.1310 0.3561 -0.9252
vn -0.0641 0.3442 -0.9367
vn -0.0384 0.1561 -0.9870
vn -0.2227 0.1409 -0.9646
vn 0.9584 -0.0743 -0.2756
vn 0.8703 -0.0533 -0.4896
vn 0.8769 0.1410 -0.4596
vn 0.8773 0.1421 -0.4583
vn 0.9617 0.1075 -0.2523
vn 0.9569 -0.0782 -0.2796
vn 0.6825 0.5475 -0.4841
vn 0.8174 0.4206 -0.3936
vn 0.8019 0.2455 -0.5447
vn 0.8198 0.2305 -0.5243
vn 0.6767 0.3285 -0.6589
vn 0.6932 0.5342 -0.4839
vn 0.9974 -0.0363 -0.0626
vn 0.9890 0.1341 -0.0622
vn 0.9861 0.1348 0.0967
vn 0.9862 0.1343 0.0972
vn 0.9948 -0.0347 0.0962
vn 0.9974 -0.0368 -0.0621
vn 0.9796 -0.0673 0.1893
vn 0.9979 -0.0655 0.0014
vn 0.9953 0.0965 0.0047
vn 0.9953 0.0965 0.0045
vn 0.9771 0.0964 0.1898
vn 0.9797 -0.0674 0.1889
vn 0.9683 0.2498 -0.0070
vn 0.9619 0.2339 0.1417
vn 0.9907 0.0354 0.1311
vn 0.9914 0.0334 0.1264
vn 0.9989 0.0374 -0.0269
vn 0.9688 0.2475 -0.0124
vn -0.7176 0.0779 0.6920
vn -0.7048 0.2584 0.6607
vn -0.8176 0.2257 0.5298
vn -0.8085 0.2312 0.5412
vn -0.8242 0.0602 0.5631
vn -0.7152 0.0719 0.6952
vn -0.9904 -0.0341 0.1341
vn -0.9325 -0.0233 0.3605
vn -0.9330 0.1142 0.3412
vn -0.9249 0.0998 0.3669
vn -0.9882 0.0570 0.1419
vn -0.9849 -0.0543 0.1645
vn -0.8847 0.3689 0.2848
vn -0.9473 0.2552 0.1935
vn -0.9422 0.0931 0.3218
vn -0.9437 0.0916 0.3179
vn -0.8696 0.1852 0.4578
vn -0.8811 0.3676 0.2976
vn -0.9828 0.1844 0.0054
vn -0.9821 0.1503 -0.1135
vn -0.9861 0.1057 -0.1283
vn -0.9907 0.0850 -0.1061
vn -0.9918 0.1245 0.0286
vn -0.9861 0.1637 0.0289
vn -0.9867 0.1585 0.0365
vn -0.9852 0.1529 -0.0772
vn -0.9906 0.1127 -0.0778
vn -0.9917 0.1063 -0.0720
vn -0.9926 0.1130 0.0449
vn -0.9875 0.1516 0.0425
vn -0.9847 0.1095 -0.1359
vn -0.9843 -0.0094 -0.1761
vn -0.9934 -0.0206 -0.1125
vn -0.9905 -0.0312 -0.1340
vn -0.9888 0.1062 -0.1045
vn -0.9829 0.0988 -0.1555
vn -0.9849 -0.0413 -0.1680
vn -0.9943 -0.0472 -0.0954
vn -0.9920 0.0725 -0.1032
vn -0.9923 0.0709 -0.1011
vn -0.9832 0.0786 -0.1646
vn -0.9851 -0.0423 -0.1670
vn -0.6971 0.1701 0.6965
vn -0.6819 0.3863 0.6211
vn -0.8023 0.3416 0.4895
vn -0.8140 0.3436 0.4684
vn -0.8299 0.1344 0.5414
vn -0.7197 0.1636 0.6748
vn -0.9496 0.0305 0.3119
vn -0.8677 0.1104 0.4847
vn -0.8773 0.3008 0.3739
vn -0.8770 0.2919 0.3817
vn -0.9511 0.1923 0.2418
vn -0.9437 0.0169 0.3304
vn -0.7435 0.5022 0.4417
vn -0.8547 0.3831 0.3503
vn -0.8274 0.2186 0.5173
vn -0.8037 0.2441 0.5427
vn -0.6836 0.3341 0.6489
vn -0.7059 0.5241 0.4765
vn -0.9905 0.0997 0.0952
vn -0.9915 -0.0096 0.1300
vn -0.9678 -0.0086 0.2516
vn -0.9657 0.0024 0.2597
vn -0.9630 0.1240 0.2391
vn -0.9890 0.1074 0.1019
vn -0.9227 0.1815 0.3402
vn -0.9863 0.1034 0.1289
vn -0.9875 -0.0176 0.1564
vn -0.9874 -0.0178 0.1572
vn -0.9238 0.0185 0.3823
vn -0.9216 0.1762 0.3459
vn -0.9901 -0.0495 0.1316
vn -0.9628 -0.0416 0.2669
vn -0.9658 0.0708 0.2496
vn -0.9671 0.0766 0.2426
vn -0.9906 0.0641 0.1211
vn -0.9907 -0.0462 0.1280
vn -0.9505 -0.0634 0.3041
vn -0.8651 -0.0521 0.4988
vn -0.8687 0.1180 0.4810
vn -0.8732 0.1384 0.4674
vn -0.9568 0.0972 0.2740
vn -0.9548 -0.0431 0.2939
vn -0.9485 0.1658 0.2700
vn -0.9577 0.0034 0.2879
vn -0.8731 0.0265 0.4868
vn -0.8717 0.0310 0.4891
vn -0.8667 0.1994 0.4572
vn -0.9480 0.1676 0.2705
vn -0.7190 -0.0521 0.6930
vn -0.7043 0.1415 0.6957
vn -0.8154 0.1302 0.5641
vn -0.8134 0.1272 0.5676
vn -0.8206 -0.0376 0.5702
vn -0.7172 -0.0543 0.6948
vn 0.9978 -0.0060 -0.0655
vn 0.9806 0.1857 -0.0625
vn 0.9780 0.1833 0.0999
vn 0.9781 0.1824 0.1004
vn 0.9954 -0.0066 0.0957
vn 0.9979 -0.0070 -0.0647
vn 0.9915 -0.0032 0.1303
vn 0.9995 -0.0043 -0.0305
vn 0.9831 0.1817 -0.0205
vn 0.9829 0.1830 -0.0179
vn 0.9754 0.1746 0.1346
vn 0.9912 -0.0019 0.1321
vn 0.9662 0.2498 -0.0640
vn 0.9641 0.2451 0.1024
vn 0.9949 0.0325 0.0959
vn 0.9947 0.0339 0.0966
vn 0.9973 0.0336 -0.0655
vn 0.9659 0.2508 -0.0639
vn 0.9599 0.1435 0.2408
vn 0.9653 -0.0171 0.2604
vn 0.9980 -0.0374 0.0511
vn 0.9977 -0.0412 0.0545
vn 0.9913 0.1243 0.0443
vn 0.9599 0.1404 0.2426
vn 0.9914 0.1309 0.0088
vn 0.9747 0.1276 0.1834
vn 0.9819 -0.0277 0.1875
vn 0.9820 -0.0296 0.1864
vn 0.9994 -0.0342 0.0022
vn 0.9916 0.1289 0.0071
vn 0.9645 -0.0696 0.2547
vn 0.9967 -0.0670 0.0448
vn 0.9940 0.0986 0.0479
vn 0.9939 0.0992 0.0478
vn 0.9618 0.1001 0.2548
vn 0.9646 -0.0691 0.2546
vn 0.9885 -0.0654 0.1366
vn 0.9975 -0.0642 -0.0309
vn 0.9950 0.0962 -0.0278
vn 0.9950 0.0959 -0.0281
vn 0.9858 0.0954 0.1379
vn 0.9885 -0.0658 0.1362
vn 0.9818 0.1333 0.1355
vn 0.9900 -0.0329 0.1369
vn 0.9988 -0.0379 -0.0311
vn 0.9908 0.1327 -0.0279
vn 0.9818 0.1331 0.1356
vn 0.9960 -0.0649 -0.0611
vn 0.9935 0.0953 -0.0620
vn 0.9907 0.0972 0.0956
vn 0.9907 0.0968 0.0960
vn 0.9932 -0.0637 0.0970
vn 0.9960 -0.0653 -0.0607
vn -0.3108 0.2808 -0.9080
vn -0.3477 0.4735 -0.8092
vn -0.1572 0.5248 -0.8366
vn -0.1414 0.5197 -0.8426
vn -0.1091 0.3108 -0.9442
vn -0.3025 0.2793 -0.9113
vn 0.8058 0.1475 -0.5735
vn 0.6505 0.2196 -0.7271
vn 0.6691 0.4224 -0.6115
vn 0.6961 0.4157 -0.5854
vn 0.8373 0.3065 -0.4527
vn 0.8200 0.1332 -0.5567
vn -0.3287 0.6576 -0.6779
vn -0.1252 0.6812 -0.7213
vn -0.1589 0.4566 -0.8753
vn -0.1601 0.4575 -0.8747
vn -0.3524 0.4542 -0.8182
vn -0.3280 0.6593 -0.6766
vn 0.9839 0.1335 -0.1192
vn 0.9916 -0.0237 -0.1270
vn 0.9408 -0.0136 -0.3386
vn 0.9389 -0.0052 -0.3441
vn 0.9335 0.1592 -0.3214
vn 0.9821 0.1421 -0.1239
vn 0.8772 0.2128 -0.4304
vn 0.9572 0.1536 -0.2454
vn 0.9561 -0.0164 -0.2925
vn 0.9585 -0.0112 -0.2848
vn 0.8716 0.0290 -0.4893
vn 0.8771 0.2128 -0.4306
vn 0.9889 -0.0801 -0.1253
vn 0.9359 -0.0623 -0.3467
vn 0.9370 0.1213 -0.3277
vn 0.9371 0.1216 -0.3272
vn 0.9889 0.0974 -0.1120
vn 0.9886 -0.0816 -0.1267
vn 0.7929 -0.0603 -0.6064
vn 0.6504 -0.0225 -0.7593
vn 0.6571 0.1751 -0.7332
vn 0.6709 0.1767 -0.7202
vn 0.8189 0.1309 -0.5588
vn 0.8007 -0.0633 -0.5957
vn 0.8047 0.2476 -0.5396
vn 0.8168 0.0615 -0.5737
vn 0.6710 0.0640 -0.7387
vn 0.6658 0.0725 -0.7426
vn 0.6514 0.2663 -0.7105
vn 0.8020 0.2525 -0.5413
vn -0.1989 -0.0073 -0.9800
vn -0.2427 0.1707 -0.9550
vn -0.0603 0.2027 -0.9774
vn 0.0673 0.1904 -0.9794
vn 0.1066 -0.0039 -0.9943
vn -0.0776 -0.0142 -0.9969
vn -0.9314 -0.3591 0.0603
vn -0.9944 -0.0932 0.0505
vn -0.9928 -0.0882 -0.0815
vn -0.9940 -0.0798 -0.0752
vn -0.9284 -0.3555 -0.1081
vn -0.9338 -0.3524 0.0617
vn -0.9210 -0.3386 -0.1929
vn -0.9296 -0.3686 -0.0069
vn -0.9942 -0.0952 0.0495
vn -0.9959 -0.0787 0.0442
vn -0.9926 -0.0653 -0.1020
vn -0.9259 -0.3221 -0.1975
vn -0.9933 -0.1064 0.0441
vn -0.9933 -0.0929 -0.0688
vn -0.9748 -0.2088 -0.0783
vn -0.9758 -0.2021 -0.0837
vn -0.9763 -0.2112 0.0476
vn -0.9943 -0.0991 0.0387
vn -0.9452 -0.1465 -0.2919
vn -0.8671 -0.2871 -0.4071
vn -0.8720 -0.4353 -0.2240
vn -0.8773 -0.4326 -0.2080
vn -0.9598 -0.2563 -0.1144
vn -0.9465 -0.1454 -0.2881
vn -0.9634 -0.2663 -0.0296
vn -0.9596 -0.1885 -0.2088
vn -0.8750 -0.3578 -0.3260
vn -0.8755 -0.3566 -0.3262
vn -0.8709 -0.4715 -0.1384
vn -0.9658 -0.2571 -0.0336
vn -0.6657 -0.4472 -0.5974
vn -0.6471 -0.6434 -0.4090
vn -0.8060 -0.5096 -0.3011
vn -0.8038 -0.5156 -0.2967
vn -0.8214 -0.3392 -0.4586
vn -0.6740 -0.4396 -0.5937
vn -0.6455 -0.6874 -0.3329
vn -0.6306 -0.7661 -0.1246
vn -0.8006 -0.5961 -0.0611
vn -0.8012 -0.5957 -0.0566
vn -0.8175 -0.5189 -0.2500
vn -0.6561 -0.6746 -0.3382
vn -0.9652 -0.2029 -0.1650
vn -0.8725 -0.4350 -0.2228
vn -0.8768 -0.4801 -0.0254
vn -0.8792 -0.4761 -0.0179
vn -0.9760 -0.2170 0.0183
vn -0.9656 -0.2021 -0.1637
vn -0.6650 -0.7443 0.0612
vn -0.8321 -0.5535 0.0357
vn -0.8107 -0.5635 -0.1586
vn -0.8020 -0.5764 -0.1567
vn -0.6313 -0.7584 -0.1621
vn -0.6452 -0.7624 0.0484
vn 0.8958 0.4394 0.0667
vn 0.9711 0.2312 0.0591
vn 0.9652 0.2314 -0.1214
vn 0.9644 0.2336 -0.1237
vn 0.8891 0.4395 -0.1279
vn 0.8939 0.4441 0.0608
vn 0.8869 0.4008 -0.2296
vn 0.8886 0.4569 -0.0395
vn 0.9674 0.2533 0.0036
vn 0.9649 0.2626 0.0093
vn 0.9627 0.2167 -0.1623
vn 0.8859 0.4046 -0.2269
vn 0.9912 0.1072 0.0772
vn 0.9906 0.0948 -0.0982
vn 0.9436 0.3088 -0.1194
vn 0.9438 0.3076 -0.1209
vn 0.9446 0.3228 0.0596
vn 0.9917 0.1050 0.0747
vn 0.8002 0.3617 -0.4784
vn 0.6631 0.4878 -0.5677
vn 0.6845 0.6225 -0.3794
vn 0.6749 0.6341 -0.3773
vn 0.8065 0.5025 -0.3115
vn 0.7878 0.3773 -0.4869
vn 0.8055 0.5651 -0.1783
vn 0.8114 0.4608 -0.3596
vn 0.6762 0.5800 -0.4542
vn 0.6962 0.5630 -0.4453
vn 0.6930 0.6780 -0.2450
vn 0.8266 0.5361 -0.1709
vn -0.1234 0.6511 -0.7489
vn -0.1308 0.8076 -0.5751
vn 0.0672 0.8301 -0.5536
vn -0.1391 0.8315 -0.5378
vn -0.1282 0.6795 -0.7224
vn -0.3238 0.6247 -0.7106
vn -0.1936 0.9022 -0.3855
vn -0.2309 0.9548 -0.1871
vn -0.0122 0.9869 -0.1606
vn 0.1139 0.9782 -0.1735
vn 0.1404 0.9174 -0.3723
vn -0.0701 0.9132 -0.4015
vn 0.8282 0.4913 -0.2696
vn 0.6982 0.6531 -0.2933
vn 0.7109 0.6972 -0.0925
vn 0.7218 0.6874 -0.0805
vn 0.8542 0.5146 -0.0743
vn 0.8356 0.4830 -0.2616
vn -0.0932 0.9955 0.0194
vn 0.1206 0.9927 -0.0058
vn 0.0970 0.9739 -0.2052
vn -0.0135 0.9754 -0.2201
vn -0.2314 0.9564 -0.1781
vn -0.1989 0.9800 0.0100
vn -0.9957 0.0915 0.0144
vn -0.9913 0.0399 0.1252
vn -0.9553 0.2150 0.2029
vn -0.9539 0.2228 0.2012
vn -0.9688 0.2440 0.0429
vn -0.9946 0.1037 0.0102
vn -0.9337 0.3470 0.0877
vn -0.9902 0.1392 0.0113
vn -0.9775 0.1317 0.1649
vn -0.9869 0.1053 0.1223
vn -0.9309 0.2806 0.2340
vn -0.9449 0.3228 0.0547
vn -0.9929 0.0116 0.1184
vn -0.9568 0.1578 0.2443
vn -0.9708 0.2310 0.0649
vn -0.9631 0.2495 0.1014
vn -0.9967 0.0768 0.0261
vn -0.9870 0.0288 0.1583
vn -0.7216 0.6205 0.3070
vn -0.7053 0.6996 0.1142
vn -0.8370 0.5449 0.0505
vn -0.8530 0.5208 0.0350
vn -0.8633 0.4526 0.2234
vn -0.7487 0.5921 0.2981
vn -0.9632 0.2214 0.1526
vn -0.8863 0.4139 0.2079
vn -0.8947 0.4463 0.0154
vn -0.8915 0.4521 0.0284
vn -0.9731 0.2304 -0.0042
vn -0.9575 0.2307 0.1730
vn -0.7529 0.6559 -0.0542
vn -0.8802 0.4728 -0.0400
vn -0.8600 0.4886 0.1473
vn -0.8390 0.5239 0.1470
vn -0.7061 0.6925 0.1481
vn -0.7215 0.6907 -0.0484
vn -0.9440 0.3250 -0.0573
vn -0.9906 0.1307 -0.0405
vn -0.9901 0.1179 0.0757
vn -0.9897 0.1201 0.0778
vn -0.9407 0.3239 0.1009
vn -0.9431 0.3285 -0.0520
vn -0.9289 0.3158 0.1936
vn -0.9419 0.3357 0.0130
vn -0.9907 0.1333 -0.0282
vn -0.9906 0.1335 -0.0292
vn -0.9883 0.1119 0.1039
vn -0.9293 0.3147 0.1933
vn -0.9916 0.1248 -0.0354
vn -0.9919 0.1060 0.0696
vn -0.9721 0.2224 0.0750
vn -0.9731 0.2165 0.0792
vn -0.9715 0.2345 -0.0360
vn -0.9925 0.1180 -0.0307
vn -0.9283 0.1816 -0.3246
vn -0.9782 0.0682 -0.1962
vn -0.9862 0.1640 -0.0247
vn -0.9845 0.1737 -0.0255
vn -0.9404 0.3060 -0.1483
vn -0.9252 0.1993 -0.3231
vn -0.9504 0.3078 -0.0448
vn -0.9381 0.2663 -0.2214
vn -0.9859 0.1204 -0.1158
vn -0.9768 0.1456 -0.1568
vn -0.9876 0.1544 -0.0271
vn -0.9407 0.3301 -0.0786
vn -0.9865 0.0273 -0.1613
vn -0.9962 0.0728 -0.0472
vn -0.9609 0.2530 -0.1129
vn -0.9688 0.2342 -0.0810
vn -0.9559 0.1529 -0.2507
vn -0.9920 0.0117 -0.1255
vn -0.9706 0.2342 0.0564
vn -0.8930 0.4483 0.0391
vn -0.8974 0.4244 -0.1208
vn -0.8985 0.4207 -0.1253
vn -0.9715 0.2234 -0.0790
vn -0.9703 0.2351 0.0572
vn -0.9614 0.2187 -0.1672
vn -0.9718 0.2356 -0.0113
vn -0.8994 0.4361 -0.0315
vn -0.8978 0.4385 -0.0405
vn -0.8909 0.3993 -0.2163
vn -0.9614 0.2188 -0.1668
vn -0.7489 0.6609 0.0481
vn -0.7428 0.6541 -0.1428
vn -0.8724 0.4699 -0.1342
vn -0.8751 0.4662 -0.1300
vn -0.8795 0.4751 0.0276
vn -0.7548 0.6535 0.0567
vn -0.7442 0.6380 -0.1977
vn -0.7345 0.5375 -0.4143
vn -0.8524 0.3912 -0.3468
vn -0.8536 0.3902 -0.3450
vn -0.8735 0.4673 -0.1367
vn -0.7512 0.6335 -0.1852
vn -0.9623 0.2709 -0.0240
vn -0.8912 0.4415 -0.1036
vn -0.8881 0.3367 -0.3129
vn -0.8886 0.3342 -0.3142
vn -0.9562 0.2118 -0.2019
vn -0.9599 0.2793 -0.0244
vn -0.7507 0.4105 -0.5176
vn -0.8514 0.3264 -0.4107
vn -0.8440 0.4703 -0.2577
vn -0.8515 0.4572 -0.2568
vn -0.7318 0.5807 -0.3568
vn -0.7490 0.4130 -0.5180
vn 0.8739 0.2786 0.3982
vn 0.9453 0.1757 0.2747
vn 0.9466 0.2964 0.1273
vn 0.9520 0.2795 0.1252
vn 0.8756 0.4279 0.2243
vn 0.8743 0.2777 0.3981
vn 0.8866 0.4459 0.1234
vn 0.8757 0.3744 0.3049
vn 0.9490 0.2178 0.2281
vn 0.9522 0.2131 0.2190
vn 0.9649 0.2544 0.0654
vn 0.8928 0.4387 0.1022
vn 0.9711 0.1179 0.2077
vn 0.9859 0.1489 0.0767
vn 0.9439 0.3046 0.1277
vn 0.9411 0.3092 0.1367
vn 0.9325 0.2108 0.2934
vn 0.9705 0.1196 0.2092
vn 0.8448 0.5323 -0.0546
vn 0.7058 0.7081 -0.0222
vn 0.7155 0.6762 0.1755
vn 0.7203 0.6706 0.1776
vn 0.8581 0.4951 0.1360
vn 0.8455 0.5309 -0.0572
vn 0.8397 0.4765 0.2605
vn 0.8558 0.5119 0.0740
vn 0.7209 0.6885 0.0792
vn 0.7164 0.6918 0.0909
vn 0.7031 0.6480 0.2928
vn 0.8373 0.4770 0.2672
vn -0.1992 0.9798 -0.0189
vn -0.2281 0.9572 0.1781
vn -0.0190 0.9753 0.2201
vn 0.0943 0.9744 0.2039
vn 0.1196 0.9928 0.0071
vn -0.0919 0.9954 -0.0285
vn -0.1605 0.9191 0.3599
vn -0.1937 0.8110 0.5520
vn 0.0112 0.8096 0.5869
vn 0.0252 0.8128 0.5820
vn 0.0514 0.9209 0.3863
vn -0.1516 0.9210 0.3590
vn 0.8369 0.5222 0.1638
vn 0.6980 0.6746 0.2401
vn 0.7042 0.5560 0.4415
vn 0.6854 0.5719 0.4508
vn 0.8213 0.4461 0.3556
vn 0.8167 0.5510 0.1715
vn -0.0916 0.6559 0.7493
vn 0.1015 0.6759 0.7300
vn 0.0771 0.8314 0.5503
vn 0.0107 0.8365 0.5478
vn -0.1953 0.8081 0.5557
vn -0.1564 0.6531 0.7410
vn 0.9891 -0.1465 0.0157
vn 0.9809 -0.1078 0.1621
vn 0.9313 -0.2826 0.2297
vn 0.9326 -0.2704 0.2389
vn 0.9407 -0.3313 0.0734
vn 0.9913 -0.1291 0.0266
vn 0.8973 -0.4292 0.1035
vn 0.9645 -0.2548 0.0694
vn 0.9510 -0.2121 0.2252
vn 0.9474 -0.2170 0.2353
vn 0.8815 -0.3627 0.3024
vn 0.8915 -0.4370 0.1194
vn 0.9711 -0.1206 0.2058
vn 0.9302 -0.2170 0.2962
vn 0.9376 -0.3190 0.1384
vn 0.9399 -0.3159 0.1297
vn 0.9856 -0.1502 0.0778
vn 0.9706 -0.1195 0.2090
vn 0.3443 -0.8507 0.3973
vn 0.3365 -0.9232 0.1857
vn 0.5241 -0.8390 0.1459
vn 0.4380 -0.8863 0.1506
vn 0.4534 -0.8225 0.3433
vn 0.2630 -0.8758 0.4047
vn 0.8559 -0.4513 0.2525
vn 0.7629 -0.5848 0.2756
vn 0.7778 -0.6232 0.0821
vn 0.7786 -0.6229 0.0766
vn 0.8697 -0.4893 0.0658
vn 0.8562 -0.4532 0.2481
vn 0.4004 -0.9156 -0.0369
vn 0.5813 -0.8137 -0.0054
vn 0.5542 -0.8122 0.1823
vn 0.5289 -0.8284 0.1846
vn 0.3375 -0.9224 0.1878
vn 0.3612 -0.9322 -0.0218
vn 0.8986 -0.4343 -0.0623
vn 0.9711 -0.2326 -0.0531
vn 0.9649 -0.2302 0.1263
vn 0.9637 -0.2332 0.1298
vn 0.8937 -0.4304 0.1265
vn 0.8968 -0.4387 -0.0576
vn 0.8949 -0.3877 0.2209
vn 0.8933 -0.4478 0.0376
vn 0.9675 -0.2530 -0.0013
vn 0.9640 -0.2656 -0.0104
vn 0.9631 -0.2153 0.1613
vn 0.8930 -0.3947 0.2160
vn 0.9913 -0.1086 -0.0741
vn 0.9903 -0.0963 0.1002
vn 0.9410 -0.3163 0.1205
vn 0.9417 -0.3124 0.1246
vn 0.9422 -0.3307 -0.0537
vn 0.9923 -0.1034 -0.0688
vn 0.8824 -0.2700 -0.3853
vn 0.9432 -0.1819 -0.2778
vn 0.9423 -0.3081 -0.1307
vn 0.9493 -0.2851 -0.1322
vn 0.8839 -0.4146 -0.2164
vn 0.8845 -0.2612 -0.3865
vn 0.8908 -0.4386 -0.1189
vn 0.8841 -0.3604 -0.2975
vn 0.9457 -0.2193 -0.2400
vn 0.9497 -0.2143 -0.2285
vn 0.9637 -0.2574 -0.0709
vn 0.8966 -0.4304 -0.1040
vn 0.9707 -0.1247 -0.2055
vn 0.9854 -0.1532 -0.0745
vn 0.9383 -0.3212 -0.1279
vn 0.9347 -0.3257 -0.1423
vn 0.9275 -0.2231 -0.2999
vn 0.9703 -0.1262 -0.2061
vn 0.8592 -0.5088 0.0537
vn 0.7694 -0.6381 0.0296
vn 0.7819 -0.6034 -0.1567
vn 0.7833 -0.6020 -0.1552
vn 0.8695 -0.4760 -0.1319
vn 0.8586 -0.5094 0.0576
vn 0.8547 -0.4568 -0.2468
vn 0.8674 -0.4932 -0.0651
vn 0.7842 -0.6163 -0.0726
vn 0.7840 -0.6160 -0.0766
vn 0.7741 -0.5745 -0.2660
vn 0.8546 -0.4547 -0.2508
vn 0.4073 -0.9124 0.0400
vn 0.3935 -0.9026 -0.1745
vn 0.5788 -0.7965 -0.1750
vn 0.5633 -0.8067 -0.1789
vn 0.5812 -0.8137 0.0097
vn 0.4026 -0.9141 0.0495
vn 0.3539 -0.8758 -0.3281
vn 0.3251 -0.7741 -0.5433
vn 0.5199 -0.6889 -0.5051
vn 0.5469 -0.6741 -0.4964
vn 0.5771 -0.7597 -0.2997
vn 0.3952 -0.8654 -0.3082
vn 0.8568 -0.4910 -0.1577
vn 0.7719 -0.6006 -0.2085
vn 0.7799 -0.4839 -0.3969
vn 0.7793 -0.4870 -0.3944
vn 0.8616 -0.3912 -0.3233
vn 0.8519 -0.5010 -0.1527
vn 0.3386 -0.5884 -0.7342
vn 0.5218 -0.5587 -0.6447
vn 0.5018 -0.7280 -0.4672
vn 0.5161 -0.7189 -0.4656
vn 0.3224 -0.7811 -0.5347
vn 0.3396 -0.5910 -0.7317
vn -0.9341 -0.1781 0.3096
vn -0.9824 -0.0589 0.1775
vn -0.9904 -0.1382 -0.0018
vn -0.9893 -0.1462 0.0021
vn -0.9385 -0.3114 0.1491
vn -0.9297 -0.1988 0.3100
vn -0.9491 -0.3110 0.0501
vn -0.9357 -0.2587 0.2398
vn -0.9906 -0.0765 0.1138
vn -0.9813 -0.1080 0.1595
vn -0.9939 -0.1102 0.0066
vn -0.9369 -0.3386 0.0867
vn -0.9858 -0.0345 0.1644
vn -0.9966 -0.0721 0.0392
vn -0.9619 -0.2409 0.1290
vn -0.9753 -0.2101 0.0687
vn -0.9584 -0.1516 0.2417
vn -0.9950 -0.0060 0.0993
vn -0.9777 -0.2044 -0.0489
vn -0.8788 -0.4764 -0.0283
vn -0.8836 -0.4433 0.1506
vn -0.8776 -0.4589 0.1386
vn -0.9769 -0.2001 0.0758
vn -0.9713 -0.2273 -0.0696
vn -0.9635 -0.1998 0.1780
vn -0.9769 -0.2133 0.0145
vn -0.8788 -0.4757 0.0372
vn -0.8802 -0.4728 0.0402
vn -0.8767 -0.4225 0.2297
vn -0.9668 -0.1941 0.1664
vn -0.6531 -0.7563 -0.0389
vn -0.6458 -0.7445 0.1693
vn -0.8148 -0.5548 0.1684
vn -0.8198 -0.5476 0.1678
vn -0.8319 -0.5547 -0.0139
vn -0.6659 -0.7442 -0.0520
vn -0.6869 -0.6866 0.2380
vn -0.6850 -0.5688 0.4552
vn -0.8266 -0.4058 0.3899
vn -0.8005 -0.4437 0.4028
vn -0.8132 -0.5463 0.2008
vn -0.6576 -0.7143 0.2394
vn -0.9668 -0.2545 0.0246
vn -0.8748 -0.4666 0.1301
vn -0.8809 -0.3406 0.3287
vn -0.8802 -0.3436 0.3275
vn -0.9581 -0.1887 0.2154
vn -0.9626 -0.2702 0.0207
vn -0.7016 -0.4241 0.5726
vn -0.8398 -0.3247 0.4352
vn -0.8208 -0.4900 0.2935
vn -0.8306 -0.4751 0.2904
vn -0.6822 -0.6163 0.3933
vn -0.6997 -0.4287 0.5715
vn -0.9290 -0.3036 -0.2116
vn -0.9863 -0.1498 -0.0685
vn -0.9876 -0.0027 -0.1571
vn -0.9857 -0.0020 -0.1686
vn -0.9265 -0.1231 -0.3557
vn -0.9236 -0.3005 -0.2378
vn -0.9319 -0.0457 -0.3599
vn -0.9241 -0.2221 -0.3108
vn -0.9865 -0.1206 -0.1108
vn -0.9853 -0.1262 -0.1147
vn -0.9905 0.0069 -0.1376
vn -0.9308 -0.0454 -0.3626
vn -0.9911 -0.1263 -0.0412
vn -0.9960 -0.0331 -0.0824
vn -0.9616 -0.0810 -0.2621
vn -0.9660 -0.0640 -0.2504
vn -0.9607 -0.2213 -0.1673
vn -0.9942 -0.1031 -0.0304
vn -0.9561 0.0762 -0.2829
vn -0.8608 0.0553 -0.5059
vn -0.8646 -0.1230 -0.4872
vn -0.8675 -0.1318 -0.4796
vn -0.9615 -0.0823 -0.2622
vn -0.9571 0.0730 -0.2804
vn -0.9538 -0.1481 -0.2613
vn -0.9611 0.0172 -0.2758
vn -0.8671 0.0007 -0.4982
vn -0.8656 -0.0044 -0.5008
vn -0.8617 -0.1944 -0.4687
vn -0.9543 -0.1462 -0.2606
vn -0.6497 0.0539 -0.7583
vn -0.6276 -0.1368 -0.7665
vn -0.7773 -0.1322 -0.6151
vn -0.7750 -0.1336 -0.6176
vn -0.7890 0.0475 -0.6126
vn -0.6514 0.0583 -0.7565
vn -0.6511 -0.1746 -0.7386
vn -0.6386 -0.3987 -0.6582
vn -0.7921 -0.3328 -0.5117
vn -0.7813 -0.3427 -0.5217
vn -0.7965 -0.1385 -0.5886
vn -0.6473 -0.1723 -0.7425
vn -0.9525 -0.0138 -0.3041
vn -0.8616 -0.1013 -0.4973
vn -0.8670 -0.2912 -0.4043
vn -0.8713 -0.2974 -0.3905
vn -0.9546 -0.1839 -0.2345
vn -0.9537 -0.0165 -0.3004
vn -0.6753 -0.5435 -0.4987
vn -0.8201 -0.4053 -0.4040
vn -0.7984 -0.2292 -0.5568
vn -0.7916 -0.2347 -0.5642
vn -0.6417 -0.3415 -0.6868
vn -0.6568 -0.5448 -0.5214
vn 0.9868 -0.0025 -0.1618
vn 0.9802 -0.1536 -0.1250
vn 0.9298 -0.2218 -0.2938
vn 0.9301 -0.2243 -0.2910
vn 0.9358 -0.0570 -0.3479
vn 0.9885 -0.0095 -0.1508
vn 0.8785 -0.0795 -0.4711
vn 0.9573 -0.0537 -0.2841
vn 0.9453 -0.2147 -0.2456
vn 0.9434 -0.2205 -0.2477
vn 0.8737 -0.2794 -0.3981
vn 0.8738 -0.0936 -0.4772
vn 0.9710 -0.1925 -0.1418
vn 0.9277 -0.2863 -0.2398
vn 0.9345 -0.1218 -0.3345
vn 0.9375 -0.1104 -0.3301
vn 0.9840 -0.0614 -0.1673
vn 0.9716 -0.1902 -0.1409
vn 0.0972 -0.3249 -0.9407
vn 0.0622 -0.1316 -0.9894
vn 0.2443 -0.1211 -0.9621
vn 0.3143 -0.1206 -0.9416
vn 0.3575 -0.2946 -0.8862
vn 0.1774 -0.3323 -0.9263
vn 0.7974 -0.2564 -0.5463
vn 0.6866 -0.2516 -0.6821
vn 0.6845 -0.0654 -0.7260
vn 0.6732 -0.0640 -0.7367
vn 0.8000 -0.0666 -0.5963
vn 0.7887 -0.2536 -0.5601
vn -0.0675 0.0445 -0.9967
vn 0.1073 0.0112 -0.9942
vn 0.1038 -0.1809 -0.9780
vn 0.2352 -0.1743 -0.9562
vn 0.0614 -0.1456 -0.9874
vn 0.0640 0.0487 -0.9968
vn 0.8776 0.0715 -0.4740
vn 0.9634 0.0602 -0.2611
vn 0.9561 -0.1271 -0.2642
vn 0.9555 -0.1279 -0.2657
vn 0.8695 -0.1245 -0.4780
vn 0.8756 0.0664 -0.4785
vn 0.8756 -0.2123 -0.4340
vn 0.8690 -0.0297 -0.4939
vn 0.9582 0.0135 -0.2856
vn 0.9554 0.0200 -0.2945
vn 0.9569 -0.1543 -0.2460
vn 0.8754 -0.2116 -0.4346
vn 0.9881 0.0830 -0.1293
vn 0.9888 -0.0974 -0.1136
vn 0.9358 -0.1225 -0.3305
vn 0.9364 -0.1250 -0.3280
vn 0.9361 0.0614 -0.3464
vn 0.9890 0.0787 -0.1249
vn -0.9937 0.0077 -0.1114
vn -0.9927 0.1069 -0.0561
vn -0.9541 0.1837 -0.2366
vn -0.9544 0.1843 -0.2349
vn -0.9638 0.0444 -0.2630
vn -0.9942 0.0099 -0.1070
vn -0.9306 0.0681 -0.3596
vn -0.9882 0.0090 -0.1526
vn -0.9795 0.1472 -0.1376
vn -0.9824 0.1340 -0.1298
vn -0.9224 0.2365 -0.3053
vn -0.9335 0.0618 -0.3531
vn -0.9928 0.1182 -0.0194
vn -0.9559 0.2487 -0.1562
vn -0.9672 0.0696 -0.2441
vn -0.9579 0.1090 -0.2655
vn -0.9959 0.0442 -0.0792
vn -0.9856 0.1649 -0.0380
vn -0.6769 0.2692 -0.6850
vn -0.6525 0.1010 -0.7510
vn -0.7768 0.0611 -0.6268
vn -0.7800 0.0594 -0.6229
vn -0.7979 0.2259 -0.5589
vn -0.6843 0.2702 -0.6773
vn -0.9488 0.1638 -0.2701
vn -0.8637 0.2049 -0.4605
vn -0.8651 0.0307 -0.5006
vn -0.8673 0.0243 -0.4971
vn -0.9591 0.0049 -0.2830
vn -0.9488 0.1644 -0.2696
vn -0.6532 -0.0404 -0.7561
vn -0.7883 -0.0144 -0.6152
vn -0.7747 0.1620 -0.6112
vn -0.7764 0.1637 -0.6086
vn -0.6527 0.1529 -0.7420
vn -0.6529 -0.0363 -0.7565
vn -0.9322 -0.0483 -0.3588
vn -0.9898 -0.0435 -0.1356
vn -0.9864 0.0852 -0.1406
vn -0.9871 0.0827 -0.1370
vn -0.9287 0.1070 -0.3551
vn -0.9328 -0.0454 -0.3576
vn -0.9248 0.1782 -0.3363
vn -0.9298 0.0178 -0.3676
vn -0.9876 -0.0309 -0.1537
vn -0.9889 -0.0275 -0.1460
vn -0.9866 0.1048 -0.1250
vn -0.9275 0.1850 -0.3248
vn -0.9920 -0.0465 -0.1174
vn -0.9913 0.0750 -0.1081
vn -0.9652 0.0977 -0.2428
vn -0.9639 0.0927 -0.2494
vn -0.9666 -0.0371 -0.2536
vn -0.9913 -0.0496 -0.1217
vn 0.9703 -0.2387 -0.0399
vn 0.9614 -0.2130 -0.1744
vn 0.9838 -0.0418 -0.1741
vn 0.9857 -0.0371 -0.1646
vn 0.9989 -0.0455 -0.0112
vn 0.9719 -0.2333 -0.0316
vn 0.9999 0.0084 -0.0075
vn 0.9838 -0.1786 -0.0139
vn 0.9703 -0.1657 -0.1762
vn 0.9703 -0.1699 -0.1719
vn 0.9828 -0.0043 -0.1844
vn 1.0000 0.0030 -0.0018
vn 0.9569 -0.2028 -0.2078
vn 0.9684 -0.0658 -0.2407
vn 0.9965 -0.0627 -0.0545
vn 0.9962 -0.0405 -0.0770
vn 0.9708 -0.2259 -0.0803
vn 0.9569 -0.1903 -0.2194
vn 0.9886 0.0653 -0.1356
vn 0.9974 0.0645 0.0317
vn 0.9949 -0.0966 0.0280
vn 0.9950 -0.0954 0.0292
vn 0.9859 -0.0957 -0.1371
vn 0.9887 0.0665 -0.1343
vn 0.9816 -0.1340 -0.1357
vn 0.9901 0.0343 -0.1360
vn 0.9987 0.0402 0.0322
vn 0.9987 0.0395 0.0329
vn 0.9907 -0.1331 0.0290
vn 0.9816 -0.1346 -0.1351
vn 0.9959 0.0656 0.0621
vn 0.9935 -0.0952 0.0631
vn 0.9907 -0.0974 -0.0950
vn 0.9907 -0.0972 -0.0952
vn 0.9934 0.0641 -0.0956
vn 0.9959 0.0658 0.0619
vn 0.9977 0.0075 0.0675
vn 0.9803 -0.1863 0.0648
vn 0.9779 -0.1840 -0.0994
vn 0.9780 -0.1829 -0.1001
vn 0.9954 0.0077 -0.0952
vn 0.9977 0.0086 0.0665
vn 0.9915 0.0034 -0.1297
vn 0.9995 0.0056 0.0318
vn 0.9830 -0.1821 0.0215
vn 0.9830 -0.1828 0.0196
vn 0.9752 -0.1754 -0.1351
vn 0.9914 0.0028 -0.1308
vn 0.9671 -0.2456 0.0665
vn 0.9656 -0.2394 -0.1020
vn 0.9947 -0.0327 -0.0973
vn 0.9948 -0.0324 -0.0964
vn 0.9972 -0.0322 0.0678
vn 0.9671 -0.2451 0.0677
vn 0.9675 -0.0265 0.2516
vn 0.9591 -0.1625 0.2320
vn 0.9835 -0.1713 0.0585
vn 0.9859 -0.1596 0.0509
vn 0.9984 -0.0039 0.0566
vn 0.9693 -0.0173 0.2451
vn 1.0000 0.0024 0.0032
vn 0.9829 -0.0035 0.1843
vn 0.9710 -0.1680 0.1700
vn 0.9710 -0.1634 0.1748
vn 0.9839 -0.1783 0.0153
vn 0.9999 0.0085 0.0096
vn 0.9563 -0.1891 0.2232
vn 0.9702 -0.2271 0.0848
vn 0.9957 -0.0402 0.0834
vn 0.9962 -0.0670 0.0560
vn 0.9684 -0.0683 0.2397
vn 0.9564 -0.2078 0.2052
vn 0.9889 -0.1354 -0.0607
vn 0.9974 0.0358 -0.0630
vn 0.9948 0.0354 0.0951
vn 0.9949 0.0363 0.0943
vn 0.9862 -0.1334 0.0981
vn 0.9890 -0.1347 -0.0613
vn 0.9816 -0.1342 0.1359
vn 0.9907 -0.1334 -0.0281
vn 0.9987 0.0389 -0.0319
vn 0.9987 0.0398 -0.0312
vn 0.9900 0.0342 0.1372
vn 0.9816 -0.1336 0.1364
vn 0.9960 0.0663 -0.0607
vn 0.9932 0.0644 0.0970
vn 0.9906 -0.0966 0.0966
vn 0.9906 -0.0972 0.0959
vn 0.9935 -0.0952 -0.0624
vn 0.9960 0.0656 -0.0614
vn 0.9974 0.0716 0.0039
vn 0.9790 0.0659 0.1930
vn 0.9769 -0.1004 0.1885
vn 0.9771 -0.1017 0.1870
vn 0.9955 -0.0944 0.0009
vn 0.9975 0.0701 0.0023
vn 0.9916 -0.1292 0.0078
vn 0.9994 0.0355 0.0019
vn 0.9821 0.0304 0.1859
vn 0.9819 0.0284 0.1871
vn 0.9745 -0.1288 0.1839
vn 0.9913 -0.1313 0.0096
vn 0.9643 0.0714 0.2549
vn 0.9621 -0.0997 0.2537
vn 0.9939 -0.0990 0.0487
vn 0.9940 -0.0981 0.0483
vn 0.9967 0.0681 0.0448
vn 0.9644 0.0723 0.2545
vn 0.9668 0.0262 -0.2543
vn 0.9586 0.1635 -0.2330
vn 0.9838 0.1701 -0.0563
vn 0.9857 0.1604 -0.0507
vn 0.9985 0.0050 -0.0549
vn 0.9682 0.0184 -0.2495
vn 1.0000 -0.0016 -0.0016
vn 0.9829 0.0050 -0.1840
vn 0.9706 0.1694 -0.1711
vn 0.9706 0.1652 -0.1753
vn 0.9839 0.1783 -0.0129
vn 0.9999 -0.0071 -0.0072
vn 0.9556 0.1968 -0.2191
vn 0.9691 0.2335 -0.0798
vn 0.9963 0.0408 -0.0750
vn 0.9966 0.0615 -0.0541
vn 0.9682 0.0649 -0.2415
vn 0.9558 0.2080 -0.2078
vn 0.9890 0.1346 0.0613
vn 0.9974 -0.0348 0.0635
vn 0.9950 -0.0346 -0.0940
vn 0.9950 -0.0353 -0.0932
vn 0.9865 0.1328 -0.0963
vn 0.9891 0.1339 0.0619
vn 0.9818 0.1335 -0.1348
vn 0.9907 0.1327 0.0291
vn 0.9988 -0.0381 0.0322
vn 0.9988 -0.0382 0.0321
vn 0.9902 -0.0329 -0.1358
vn 0.9818 0.1336 -0.1347
vn 0.9960 -0.0650 0.0618
vn 0.9934 -0.0634 -0.0956
vn 0.9908 0.0971 -0.0946
vn 0.9908 0.0972 -0.0946
vn 0.9935 0.0953 0.0630
vn 0.9960 -0.0649 0.0619
vn 0.9975 -0.0707 -0.0030
vn 0.9791 -0.0656 -0.1925
vn 0.9770 0.1015 -0.1878
vn 0.9771 0.1024 -0.1866
vn 0.9955 0.0947 0.0003
vn 0.9976 -0.0695 -0.0018
vn 0.9916 0.1290 -0.0063
vn 0.9994 -0.0344 -0.0009
vn 0.9822 -0.0290 -0.1855
vn 0.9821 -0.0273 -0.1865
vn 0.9745 0.1292 -0.1835
vn 0.9914 0.1308 -0.0078
vn 0.9635 -0.0709 -0.2581
vn 0.9609 0.1006 -0.2579
vn 0.9940 0.0988 -0.0460
vn 0.9940 0.0988 -0.0466
vn 0.9967 -0.0680 -0.0435
vn 0.9634 -0.0712 -0.2585
vn 0.8787 -0.3732 0.2977
vn 0.9453 -0.2560 0.2021
vn 0.9435 -0.1070 0.3137
vn 0.9460 -0.1057 0.3066
vn 0.8689 -0.1984 0.4535
vn 0.8754 -0.3714 0.3095
vn 0.8746 -0.0972 0.4751
vn 0.8693 -0.2861 0.4031
vn 0.9455 -0.2158 0.2439
vn 0.9471 -0.2110 0.2418
vn 0.9593 -0.0502 0.2780
vn 0.8791 -0.0825 0.4693
vn 0.9709 -0.1958 0.1378
vn 0.9843 -0.0632 0.1647
vn 0.9389 -0.1132 0.3252
vn 0.9377 -0.1169 0.3271
vn 0.9304 -0.2823 0.2339
vn 0.9720 -0.1906 0.1378
vn 0.8307 0.0752 0.5517
vn 0.6747 0.0465 0.7367
vn 0.6862 -0.1668 0.7080
vn 0.6634 -0.1815 0.7259
vn 0.8198 -0.1361 0.5563
vn 0.8082 0.0683 0.5849
vn 0.7991 -0.2531 0.5453
vn 0.8181 -0.0671 0.5712
vn 0.6627 -0.0705 0.7455
vn 0.6597 -0.0795 0.7473
vn 0.6597 -0.2607 0.7048
vn 0.7984 -0.2574 0.5443
vn -0.2868 0.0367 0.9573
vn -0.3061 -0.1526 0.9397
vn -0.1151 -0.2089 0.9711
vn -0.1861 -0.1983 0.9623
vn -0.1755 0.0154 0.9844
vn -0.3697 0.0339 0.9285
vn 0.0577 -0.2585 0.9643
vn 0.0540 -0.4853 0.8727
vn 0.2395 -0.4952 0.8351
vn 0.0547 -0.5137 0.8562
vn 0.0609 -0.3063 0.9500
vn -0.1219 -0.2617 0.9574
vn 0.8000 -0.1457 0.5821
vn 0.6574 -0.2053 0.7250
vn 0.6876 -0.3964 0.6083
vn 0.6931 -0.3963 0.6022
vn 0.8146 -0.3197 0.4839
vn 0.7995 -0.1423 0.5836
vn 0.1162 -0.6788 0.7250
vn 0.3108 -0.6335 0.7086
vn 0.2596 -0.4517 0.8536
vn 0.2471 -0.4544 0.8559
vn 0.0558 -0.4739 0.8788
vn 0.0908 -0.6750 0.7322
vn -0.9908 0.0001 0.1355
vn -0.9927 -0.0918 0.0788
vn -0.9482 -0.1668 0.2705
vn -0.9556 -0.1819 0.2318
vn -0.9638 -0.0482 0.2621
vn -0.9957 -0.0179 0.0914
vn -0.9324 -0.0577 0.3567
vn -0.9899 -0.0137 0.1410
vn -0.9808 -0.1495 0.1250
vn -0.9826 -0.1416 0.1202
vn -0.9279 -0.2284 0.2946
vn -0.9339 -0.0556 0.3531
vn -0.9962 -0.0828 0.0255
vn -0.9595 -0.2181 0.1785
vn -0.9656 -0.0487 0.2555
vn -0.9501 -0.1115 0.2914
vn -0.9942 -0.0555 0.0918
vn -0.9863 -0.1544 0.0585
vn -0.6896 -0.2615 0.6753
vn -0.6907 -0.0935 0.7171
vn -0.8044 -0.0396 0.5928
vn -0.8049 -0.0433 0.5919
vn -0.8158 -0.1963 0.5440
vn -0.6942 -0.2677 0.6681
vn -0.9468 -0.1562 0.2812
vn -0.8656 -0.1902 0.4632
vn -0.8683 -0.0251 0.4955
vn -0.8720 -0.0041 0.4895
vn -0.9532 0.0208 0.3018
vn -0.9507 -0.1353 0.2792
vn -0.7165 0.0565 0.6953
vn -0.8209 0.0477 0.5690
vn -0.8103 -0.1234 0.5728
vn -0.8059 -0.1246 0.5788
vn -0.6897 -0.1352 0.7114
vn -0.7108 0.0554 0.7013
vn -0.9338 0.0545 0.3537
vn -0.9905 0.0489 0.1286
vn -0.9864 -0.0944 0.1342
vn -0.9857 -0.0972 0.1373
vn -0.9257 -0.1110 0.3616
vn -0.9323 0.0476 0.3587
vn -0.9285 -0.1429 0.3426
vn -0.9269 0.0118 0.3752
vn -0.9863 0.0565 0.1552
vn -0.9871 0.0546 0.1506
vn -0.9889 -0.0839 0.1223
vn -0.9310 -0.1503 0.3326
vn -0.9886 0.0511 0.1414
vn -0.9903 -0.0723 0.1186
vn -0.9593 -0.0913 0.2672
vn -0.9610 -0.0955 0.2596
vn -0.9629 0.0450 0.2661
vn -0.9905 0.0437 0.1303
vn 0.9869 0.0041 0.1610
vn 0.9804 0.1533 0.1240
vn 0.9321 0.2204 0.2874
vn 0.9327 0.2231 0.2833
vn 0.9393 0.0561 0.3386
vn 0.9886 0.0114 0.1499
vn 0.8782 0.0833 0.4710
vn 0.9597 0.0513 0.2762
vn 0.9470 0.2131 0.2405
vn 0.9463 0.2143 0.2421
vn 0.8693 0.2854 0.4035
vn 0.8741 0.0961 0.4761
vn 0.9717 0.1920 0.1377
vn 0.9329 0.2780 0.2290
vn 0.9393 0.1105 0.3248
vn 0.9397 0.1107 0.3236
vn 0.9843 0.0612 0.1655
vn 0.9698 0.2009 0.1383
vn -0.3024 0.3203 0.8978
vn -0.3433 0.1481 0.9275
vn -0.1417 0.1267 0.9818
vn 0.0265 0.1443 0.9892
vn 0.0571 0.3204 0.9455
vn -0.1410 0.3397 0.9299
vn 0.7843 0.2610 0.5628
vn 0.6310 0.2670 0.7284
vn 0.6402 0.0861 0.7633
vn 0.6602 0.0753 0.7473
vn 0.8193 0.0697 0.5691
vn 0.7996 0.2518 0.5452
vn -0.3709 -0.0248 0.9283
vn -0.1746 -0.0148 0.9845
vn -0.1893 0.2041 0.9605
vn -0.1492 0.2144 0.9653
vn -0.3429 0.1616 0.9254
vn -0.3168 -0.0278 0.9481
vn 0.8852 -0.0752 0.4591
vn 0.9652 -0.0607 0.2543
vn 0.9593 0.1207 0.2552
vn 0.9580 0.1247 0.2582
vn 0.8749 0.1323 0.4659
vn 0.8826 -0.0674 0.4653
vn 0.8747 0.2170 0.4333
vn 0.8755 0.0362 0.4818
vn 0.9607 -0.0126 0.2773
vn 0.9585 -0.0171 0.2845
vn 0.9590 0.1508 0.2398
vn 0.8751 0.2181 0.4321
vn 0.9886 -0.0791 0.1282
vn 0.9887 0.0971 0.1143
vn 0.9396 0.1205 0.3203
vn 0.9393 0.1196 0.3214
vn 0.9385 -0.0616 0.3399
vn 0.9887 -0.0785 0.1277
vn -0.9854 -0.1657 0.0401
vn -0.9819 -0.1301 0.1377
vn -0.9803 -0.0543 0.1901
vn -0.9891 -0.0214 0.1456
vn -0.9933 -0.1152 0.0064
vn -0.9907 -0.1362 -0.0050
vn -0.9789 -0.1644 0.1216
vn -0.9843 -0.0681 0.1631
vn -0.9918 -0.1188 0.0463
vn -0.9925 -0.0635 0.1046
vn -0.9879 -0.1449 0.0547
vn -0.9778 -0.1054 0.1812
vn -0.9908 -0.1310 -0.0350
vn -0.9891 -0.1274 0.0734
vn -0.9921 -0.1051 0.0688
vn -0.9920 -0.1053 0.0693
vn -0.9938 -0.1034 -0.0407
vn -0.9908 -0.1309 -0.0349
vn -0.9777 -0.0241 -0.2087
vn -0.9803 -0.1175 -0.1588
vn -0.9820 -0.1764 -0.0668
vn -0.9921 -0.1227 -0.0256
vn -0.9922 0.0130 -0.1240
vn -0.9853 0.0307 -0.1683
vn -0.9816 -0.1018 -0.1615
vn -0.9885 -0.1411 -0.0544
vn -0.9920 -0.0677 -0.1067
vn -0.9921 -0.1060 -0.0664
vn -0.9848 -0.0515 -0.1661
vn -0.9823 -0.1438 -0.1199
vn -0.9829 0.0506 -0.1770
vn -0.9844 -0.0702 -0.1613
vn -0.9923 -0.0739 -0.0996
vn -0.9937 -0.0657 -0.0905
vn -0.9942 0.0511 -0.0948
vn -0.9842 0.0592 -0.1668
vn -0.9761 0.0321 0.2150
vn -0.9780 0.1306 0.1627
vn -0.9781 0.1998 0.0587
vn -0.9904 0.1376 0.0149
vn -0.9915 -0.0085 0.1298
vn -0.9845 -0.0303 0.1725
vn -0.9755 0.1254 0.1809
vn -0.9832 0.1765 0.0464
vn -0.9911 0.0754 0.1097
vn -0.9906 0.1240 0.0582
vn -0.9831 0.0620 0.1721
vn -0.9758 0.1783 0.1266
vn -0.9871 -0.0428 0.1543
vn -0.9856 0.0663 0.1557
vn -0.9919 0.0641 0.1099
vn -0.9890 0.0776 0.1257
vn -0.9923 -0.0387 0.1178
vn -0.9852 -0.0299 0.1690
vn -0.9873 0.1258 0.0968
vn -0.9857 0.1681 -0.0119
vn -0.9909 0.1343 -0.0066
vn -0.9890 0.1478 -0.0113
vn -0.9886 0.1018 0.1110
vn -0.9862 0.1388 0.0902
vn -0.9891 -0.1042 -0.1037
vn -0.9907 -0.1351 0.0186
vn -0.9936 -0.1118 0.0167
vn -0.9915 -0.1279 0.0241
vn -0.9890 -0.1017 -0.1078
vn -0.9882 -0.1200 -0.0948
vn -0.9857 -0.1085 0.1292
vn -0.9848 0.0152 0.1731
vn -0.9928 0.0147 0.1191
vn -0.9887 0.0292 0.1472
vn -0.9896 -0.1035 0.0996
vn -0.9833 -0.0936 0.1559
vn 0.8051 0.1397 0.5765
vn 0.8207 0.3156 0.4763
vn 0.6823 0.4127 0.6034
vn 0.6537 0.4209 0.6289
vn 0.6296 0.2273 0.7429
vn 0.7868 0.1536 0.5978
vn -0.1372 0.2730 0.9522
vn 0.0551 0.3121 0.9485
vn 0.0261 0.5149 0.8568
vn -0.1020 0.5226 0.8465
vn -0.2878 0.4740 0.8321
vn -0.2583 0.2711 0.9273
vn 0.7893 0.4531 0.4144
vn 0.6527 0.5374 0.5340
vn 0.6647 0.3168 0.6766
vn 0.6829 0.3057 0.6635
vn 0.8181 0.2512 0.5173
vn 0.7986 0.4498 0.3999
vn -0.9489 -0.0378 0.3134
vn -0.9498 -0.2003 0.2404
vn -0.8778 -0.2991 0.3743
vn -0.8737 -0.2948 0.3870
vn -0.8663 -0.0992 0.4896
vn -0.9481 -0.0361 0.3159
vn -0.6922 -0.1633 0.7030
vn -0.8162 -0.1273 0.5635
vn -0.8007 -0.3397 0.4935
vn -0.8134 -0.3274 0.4809
vn -0.6775 -0.3946 0.6207
vn -0.6957 -0.1648 0.6991
vn -0.9458 -0.2483 0.2091
vn -0.8753 -0.3511 0.3325
vn -0.8766 -0.1532 0.4562
vn -0.8767 -0.1537 0.4559
vn -0.9478 -0.0743 0.3101
vn -0.9432 -0.2569 0.2107
vn 0.8760 -0.2173 0.4306
vn 0.9587 -0.1524 0.2401
vn 0.9580 0.0210 0.2860
vn 0.9604 0.0160 0.2783
vn 0.8756 -0.0332 0.4819
vn 0.8759 -0.2169 0.4311
vn 0.8836 0.0688 0.4631
vn 0.8753 -0.1293 0.4660
vn 0.9581 -0.1239 0.2583
vn 0.9581 -0.1246 0.2578
vn 0.9654 0.0600 0.2539
vn 0.8852 0.0722 0.4597
vn 0.9835 -0.1327 0.1227
vn 0.9912 0.0260 0.1301
vn 0.9418 0.0159 0.3358
vn 0.9403 0.0088 0.3403
vn 0.9343 -0.1587 0.3191
vn 0.9822 -0.1390 0.1263
vn 0.9913 -0.0015 -0.1313
vn 0.9753 0.1751 -0.1347
vn 0.9830 0.1827 0.0195
vn 0.9832 0.1814 0.0220
vn 0.9995 -0.0044 0.0317
vn 0.9916 -0.0028 -0.1295
vn 0.9978 -0.0070 0.0657
vn 0.9955 -0.0065 -0.0948
vn 0.9782 0.1822 -0.0992
vn 0.9781 0.1831 -0.0986
vn 0.9805 0.1856 0.0642
vn 0.9978 -0.0061 0.0665
vn 0.9607 0.2340 -0.1491
vn 0.9673 0.2535 0.0115
vn 0.9989 0.0361 0.0312
vn 0.9986 0.0390 0.0350
vn 0.9912 0.0312 -0.1289
vn 0.9609 0.2360 -0.1450
vn 0.9913 0.0031 0.1317
vn 0.9753 -0.1748 0.1353
vn 0.9829 -0.1831 -0.0184
vn 0.9831 -0.1821 -0.0206
vn 0.9995 0.0056 -0.0309
vn 0.9915 0.0040 0.1303
vn 0.9978 0.0084 -0.0655
vn 0.9953 0.0080 0.0964
vn 0.9779 -0.1828 0.1013
vn 0.9778 -0.1838 0.1007
vn 0.9804 -0.1864 -0.0637
vn 0.9978 0.0075 -0.0664
vn 0.9623 -0.2282 0.1481
vn 0.9684 -0.2492 -0.0117
vn 0.9989 -0.0359 -0.0305
vn 0.9986 -0.0390 -0.0344
vn 0.9911 -0.0305 0.1292
vn 0.9624 -0.2300 0.1443
vn 0.9914 -0.1307 -0.0081
vn 0.9743 -0.1297 -0.1840
vn 0.9821 0.0284 -0.1860
vn 0.9822 0.0297 -0.1856
vn 0.9994 0.0358 -0.0008
vn 0.9916 -0.1295 -0.0071
vn 0.9975 0.0702 -0.0010
vn 0.9955 -0.0949 0.0002
vn 0.9770 -0.1032 -0.1866
vn 0.9768 -0.1015 -0.1886
vn 0.9791 0.0664 -0.1925
vn 0.9974 0.0721 -0.0030
vn 0.9589 -0.1466 -0.2429
vn 0.9648 0.0190 -0.2623
vn 0.9979 0.0404 -0.0499
vn 0.9978 0.0424 -0.0512
vn 0.9911 -0.1262 -0.0432
vn 0.9591 -0.1451 -0.2430
vn -0.9480 0.0393 -0.3158
vn -0.9458 0.2088 -0.2486
vn -0.8764 0.2989 -0.3776
vn -0.8742 0.2949 -0.3858
vn -0.8631 0.1152 -0.4917
vn -0.9479 0.0370 -0.3165
vn -0.6876 0.1825 -0.7027
vn -0.7965 0.1622 -0.5825
vn -0.7893 0.3563 -0.5000
vn -0.8262 0.3399 -0.4492
vn -0.7298 0.3853 -0.5648
vn -0.7250 0.1751 -0.6662
vn -0.9387 0.2797 -0.2015
vn -0.8778 0.3586 -0.3176
vn -0.8764 0.1802 -0.4467
vn -0.8767 0.1821 -0.4453
vn -0.9453 0.1088 -0.3076
vn -0.9355 0.2903 -0.2015
vn 0.8162 -0.1344 -0.5619
vn 0.8377 -0.3026 -0.4547
vn 0.7385 -0.3684 -0.5647
vn 0.7174 -0.3784 -0.5849
vn 0.6854 -0.1972 -0.7010
vn 0.8027 -0.1483 -0.5777
vn 0.1817 -0.2547 -0.9498
vn 0.3571 -0.2767 -0.8922
vn 0.3460 -0.4795 -0.8065
vn 0.3803 -0.4705 -0.7962
vn 0.1920 -0.4753 -0.8586
vn 0.2068 -0.2551 -0.9445
vn 0.8319 -0.4130 -0.3706
vn 0.7456 -0.4757 -0.4666
vn 0.7445 -0.2692 -0.6109
vn 0.7401 -0.2714 -0.6153
vn 0.8350 -0.2339 -0.4981
vn 0.8234 -0.4230 -0.3784
vn -0.9287 -0.1663 -0.3314
vn -0.9894 -0.0924 -0.1122
vn -0.9892 0.0379 -0.1413
vn -0.9890 0.0384 -0.1428
vn -0.9297 0.0017 -0.3683
vn -0.9275 -0.1608 -0.3375
vn -0.9303 0.0646 -0.3611
vn -0.9289 -0.0921 -0.3588
vn -0.9882 -0.0805 -0.1303
vn -0.9887 -0.0782 -0.1281
vn -0.9895 0.0530 -0.1343
vn -0.9315 0.0708 -0.3569
vn -0.9926 -0.0943 -0.0758
vn -0.9930 0.0249 -0.1152
vn -0.9672 0.0282 -0.2523
vn -0.9647 0.0155 -0.2631
vn -0.9633 -0.1140 -0.2429
vn -0.9908 -0.1048 -0.0860
vn -0.9315 -0.3074 0.1944
vn -0.9913 -0.0812 0.1041
vn -0.9956 -0.0910 -0.0227
vn -0.9965 -0.0823 -0.0164
vn -0.9431 -0.3306 0.0349
vn -0.9333 -0.2982 0.2001
vn -0.9410 -0.3339 -0.0546
vn -0.9427 -0.3225 0.0851
vn -0.9961 -0.0712 0.0526
vn -0.9918 -0.1021 0.0769
vn -0.9949 -0.0942 -0.0369
vn -0.9321 -0.3603 -0.0374
vn -0.9934 -0.0746 0.0869
vn -0.9949 -0.0992 -0.0177
vn -0.9756 -0.2196 -0.0009
vn -0.9740 -0.2262 0.0102
vn -0.9668 -0.2205 0.1294
vn -0.9922 -0.0814 0.0944
vn 0.8925 -0.3971 -0.2139
vn 0.9626 -0.2173 -0.1617
vn 0.9631 -0.2687 0.0166
vn 0.9670 -0.2548 0.0062
vn 0.8924 -0.4497 -0.0371
vn 0.8946 -0.3895 -0.2192
vn 0.8982 -0.4354 0.0602
vn 0.8929 -0.4324 -0.1255
vn 0.9639 -0.2333 -0.1285
vn 0.9632 -0.2342 -0.1319
vn 0.9713 -0.2319 0.0522
vn 0.8986 -0.4349 0.0583
vn 0.9855 -0.1035 -0.1348
vn 0.9931 -0.1156 0.0219
vn 0.9423 -0.3348 0.0074
vn 0.9408 -0.3389 -0.0015
vn 0.9358 -0.3105 -0.1671
vn 0.9846 -0.1054 -0.1398
vn 0.8463 -0.5096 0.1553
vn 0.8520 -0.4030 0.3343
vn 0.7545 -0.5045 0.4199
vn 0.7621 -0.4956 0.4166
vn 0.7601 -0.6133 0.2148
vn 0.8569 -0.4920 0.1539
vn 0.2588 -0.9012 0.3475
vn 0.4502 -0.8258 0.3396
vn 0.4113 -0.7318 0.5433
vn 0.4296 -0.7256 0.5375
vn 0.2327 -0.7863 0.5724
vn 0.2680 -0.8967 0.3524
vn 0.8061 -0.3562 0.4726
vn 0.6996 -0.4522 0.5533
vn 0.7299 -0.5836 0.3560
vn 0.7538 -0.5649 0.3356
vn 0.8493 -0.4512 0.2739
vn 0.8226 -0.3370 0.4580
vn 0.8884 0.4016 0.2225
vn 0.9634 0.2149 0.1601
vn 0.9649 0.2627 -0.0077
vn 0.9680 0.2508 -0.0001
vn 0.8896 0.4550 0.0390
vn 0.8898 0.3957 0.2272
vn 0.8933 0.4456 -0.0597
vn 0.8901 0.4376 0.1277
vn 0.9645 0.2319 0.1266
vn 0.9660 0.2281 0.1216
vn 0.9711 0.2315 -0.0583
vn 0.8958 0.4392 -0.0682
vn 0.9859 0.1003 0.1336
vn 0.9936 0.1118 -0.0180
vn 0.9483 0.3175 -0.0028
vn 0.9462 0.3236 0.0066
vn 0.9408 0.2960 0.1649
vn 0.9840 0.1052 0.1436
vn -0.9383 0.3058 -0.1617
vn -0.9865 0.1336 -0.0949
vn -0.9870 0.1565 0.0368
vn -0.9923 0.1222 0.0189
vn -0.9503 0.3106 -0.0226
vn -0.9449 0.2753 -0.1773
vn -0.9530 0.2995 0.0459
vn -0.9496 0.3017 -0.0848
vn -0.9917 0.1101 -0.0659
vn -0.9860 0.1397 -0.0914
vn -0.9911 0.1304 0.0282
vn -0.9449 0.3266 0.0243
vn -0.9900 0.0931 -0.1059
vn -0.9920 0.1256 0.0138
vn -0.9679 0.2513 0.0012
vn -0.9716 0.2361 0.0168
vn -0.9685 0.2224 -0.1116
vn -0.9933 0.0765 -0.0871
vn -0.9582 0.2849 0.0250
vn -0.9536 0.2144 0.2116
vn -0.8870 0.3487 0.3027
vn -0.8877 0.3488 0.3005
vn -0.8853 0.4485 0.1232
vn -0.9606 0.2765 0.0265
vn -0.7508 0.6323 0.1908
vn -0.8609 0.4838 0.1575
vn -0.8490 0.4077 0.3362
vn -0.8494 0.4064 0.3366
vn -0.7366 0.5432 0.4030
vn -0.7457 0.6347 0.2026
vn -0.9400 0.1712 0.2950
vn -0.8770 0.2827 0.3886
vn -0.8838 0.4135 0.2189
vn -0.8899 0.4126 0.1944
vn -0.9531 0.2790 0.1176
vn -0.9442 0.1759 0.2784
vn 0.8904 0.4427 -0.1057
vn 0.9642 0.2571 -0.0657
vn 0.9507 0.2153 -0.2232
vn 0.9475 0.2200 -0.2321
vn 0.8738 0.3790 -0.3046
vn 0.8842 0.4498 -0.1257
vn 0.8762 0.2794 -0.3926
vn 0.8732 0.4327 -0.2244
vn 0.9505 0.2831 -0.1281
vn 0.9448 0.3012 -0.1293
vn 0.9439 0.1798 -0.2770
vn 0.8756 0.2815 -0.3925
vn 0.9894 0.1450 -0.0113
vn 0.9808 0.1060 -0.1634
vn 0.9333 0.2763 -0.2294
vn 0.9343 0.2673 -0.2357
vn 0.9426 0.3269 -0.0687
vn 0.9913 0.1298 -0.0214
vn -0.9314 -0.3553 -0.0793
vn -0.9952 -0.0972 0.0069
vn -0.9870 -0.0869 -0.1349
vn -0.9902 -0.0735 -0.1190
vn -0.9253 -0.2883 -0.2462
vn -0.9364 -0.3427 -0.0752
vn -0.9221 -0.2016 -0.3304
vn -0.9278 -0.3387 -0.1567
vn -0.9908 -0.1349 -0.0096
vn -0.9921 -0.1251 -0.0057
vn -0.9843 -0.0397 -0.1717
vn -0.9264 -0.1840 -0.3286
vn -0.9961 -0.0881 -0.0013
vn -0.9931 -0.0463 -0.1075
vn -0.9616 -0.2075 -0.1799
vn -0.9613 -0.2054 -0.1839
vn -0.9736 -0.2253 -0.0357
vn -0.9962 -0.0875 -0.0014
vn 0.8761 0.0939 -0.4729
vn 0.8727 0.2838 -0.3974
vn 0.9439 0.2204 -0.2459
vn 0.9450 0.2177 -0.2440
vn 0.9577 0.0544 -0.2824
vn 0.8802 0.0824 -0.4674
vn 0.9888 0.0120 -0.1488
vn 0.9368 0.0580 -0.3449
vn 0.9309 0.2264 -0.2866
vn 0.9299 0.2216 -0.2935
vn 0.9801 0.1537 -0.1253
vn 0.9865 0.0027 -0.1635
vn 0.8773 0.3797 -0.2935
vn 0.9448 0.2561 -0.2043
vn 0.9407 0.1081 -0.3216
vn 0.9447 0.1090 -0.3094
vn 0.8722 0.1959 -0.4482
vn 0.8748 0.3801 -0.3003
vn 0.9999 -0.0072 0.0098
vn 0.9839 0.1780 0.0145
vn 0.9712 0.1625 0.1744
vn 0.9713 0.1679 0.1687
vn 0.9829 0.0049 0.1840
vn 1.0000 -0.0002 0.0026
vn 0.9688 0.0172 0.2473
vn 0.9984 0.0054 0.0562
vn 0.9859 0.1597 0.0494
vn 0.9833 0.1724 0.0581
vn 0.9585 0.1632 0.2336
vn 0.9667 0.0278 0.2545
vn 0.9677 0.2482 0.0440
vn 0.9594 0.2213 0.1749
vn 0.9835 0.0414 0.1760
vn 0.9861 0.0337 0.1629
vn 0.9989 0.0451 0.0120
vn 0.9702 0.2405 0.0310
vn -0.9357 0.0277 0.3517
vn -0.9323 0.2157 0.2902
vn -0.9855 0.1203 0.1199
vn -0.9760 0.1621 0.1454
vn -0.9879 0.0091 0.1546
vn -0.9251 0.0616 0.3748
vn -0.9926 0.0171 0.1203
vn -0.9653 0.0414 0.2578
vn -0.9529 0.1954 0.2317
vn -0.9511 0.1917 0.2421
vn -0.9911 0.1088 0.0762
vn -0.9909 0.0115 0.1344
vn -0.9364 0.2914 0.1955
vn -0.9810 0.1697 0.0935
vn -0.9843 -0.0009 0.1766
vn -0.9819 -0.0022 0.1895
vn -0.9332 0.1157 0.3403
vn -0.9312 0.2908 0.2200
vn -0.9836 -0.0202 -0.1795
vn -0.9915 -0.0094 -0.1301
vn -0.9897 0.1389 -0.0338
vn -0.9777 0.1963 -0.0744
vn -0.9760 0.1368 -0.1695
vn -0.9750 0.0391 -0.2190
vn -0.9747 0.2180 -0.0490
vn -0.9760 0.1685 -0.1378
vn -0.9776 0.0679 -0.1993
vn -0.9904 0.0221 -0.1367
vn -0.9914 0.1309 0.0008
vn -0.9844 0.1753 0.0164
vn -0.9556 0.2945 0.0024
vn -0.9885 0.1493 0.0245
vn -0.9883 0.1057 -0.1100
vn -0.9895 0.0685 -0.1275
vn -0.9654 0.1939 -0.1745
vn -0.9658 0.2578 -0.0270
vn -0.9516 0.3047 0.0401
vn -0.9884 0.1453 0.0434
vn -0.9880 0.1356 -0.0737
vn -0.9887 0.1274 -0.0786
vn -0.9562 0.2756 -0.0987
vn -0.9541 0.2982 0.0265
vn -0.9665 0.1431 -0.2132
vn -0.9908 0.1023 -0.0888
vn -0.9934 -0.0332 -0.1099
vn -0.9872 0.0217 -0.1578
vn -0.9523 0.0358 -0.3031
vn -0.9448 0.1830 -0.2719
vn -0.9524 0.0843 -0.2928
vn -0.9863 0.0740 -0.1478
vn -0.9888 -0.0461 -0.1420
vn -0.9847 -0.0239 -0.1727
vn -0.9454 -0.0250 -0.3249
vn -0.9402 0.0878 -0.3292
vn -0.9694 -0.2212 0.1065
vn -0.9923 -0.1230 0.0176
vn -0.9922 0.0075 0.1244
vn -0.9906 -0.0164 0.1356
vn -0.9604 -0.0801 0.2670
vn -0.9606 -0.2423 0.1362
vn -0.9650 -0.2553 0.0597
vn -0.9942 -0.1079 0.0040
vn -0.9903 -0.0107 0.1384
vn -0.9891 0.0002 0.1469
vn -0.9671 -0.1002 0.2338
vn -0.9674 -0.2408 0.0785
vn -0.9526 -0.3041 0.0020
vn -0.9928 -0.1184 -0.0178
vn -0.9906 -0.0908 0.1026
vn -0.9915 -0.0521 0.1191
vn -0.9637 -0.2029 0.1734
vn -0.9636 -0.2658 0.0301
vn -0.9481 -0.3149 -0.0437
vn -0.9920 -0.1200 -0.0399
vn -0.9902 -0.1202 0.0706
vn -0.9918 -0.0958 0.0842
vn -0.9534 -0.2840 0.1014
vn -0.9560 -0.2923 -0.0230
vn -0.9758 -0.0790 -0.2039
vn -0.9917 0.0105 -0.1278
vn -0.9967 -0.0802 0.0152
vn -0.9953 -0.0927 -0.0279
vn -0.9701 -0.2340 -0.0648
vn -0.9648 -0.0937 -0.2457
vn -0.9657 -0.0323 -0.2577
vn -0.9901 0.0080 -0.1405
vn -0.9923 -0.1193 -0.0335
vn -0.9916 -0.1276 0.0220
vn -0.9744 -0.2177 -0.0567
vn -0.9774 -0.0492 -0.2057
vn -0.9496 0.0092 -0.3132
vn -0.9852 0.0281 -0.1693
vn -0.9849 -0.1044 -0.1382
vn -0.9892 -0.1318 -0.0641
vn -0.9680 -0.1696 -0.1848
vn -0.9692 -0.0292 -0.2447
vn -0.9445 0.0425 -0.3257
vn -0.9834 0.0486 -0.1749
vn -0.9838 -0.0688 -0.1656
vn -0.9866 -0.0822 -0.1407
vn -0.9530 -0.0968 -0.2871
vn -0.9520 0.0149 -0.3059
vn -0.9663 0.1082 0.2337
vn -0.9894 0.0049 0.1454
vn -0.9932 0.1164 -0.0056
vn -0.9933 0.1158 0.0009
vn -0.9650 0.2547 0.0620
vn -0.9641 0.1129 0.2402
vn -0.9594 0.0647 0.2746
vn -0.9882 -0.0000 0.1534
vn -0.9904 0.1352 0.0284
vn -0.9906 0.1365 0.0005
vn -0.9670 0.2379 0.0918
vn -0.9656 0.0756 0.2486
vn -0.9443 0.0075 0.3290
vn -0.9850 -0.0203 0.1713
vn -0.9854 0.1116 0.1284
vn -0.9887 0.1248 0.0836
vn -0.9601 0.1866 0.2083
vn -0.9568 0.0335 0.2886
vn -0.9404 -0.0446 0.3372
vn -0.9862 -0.0367 0.1616
vn -0.9834 0.0811 0.1621
vn -0.9858 0.0915 0.1405
vn -0.9467 0.1148 0.3010
vn -0.9468 -0.0172 0.3214
vn -0.9579 0.2751 0.0825
vn -0.9920 0.1114 0.0594
vn -0.9914 0.1210 -0.0494
vn -0.9891 0.1437 -0.0313
vn -0.9521 0.3040 -0.0326
vn -0.9494 0.2991 0.0962
vn -0.9635 0.2117 0.1640
vn -0.9919 0.0716 0.1049
vn -0.9932 0.1151 -0.0183
vn -0.9924 0.1226 -0.0078
vn -0.9581 0.2860 0.0168
vn -0.9597 0.2219 0.1727
vn -0.9552 -0.2836 -0.0848
vn -0.9925 -0.1028 -0.0658
vn -0.9930 -0.1096 0.0437
vn -0.9922 -0.1197 0.0358
vn -0.9486 -0.3152 0.0297
vn -0.9514 -0.2945 -0.0902
vn -0.9698 -0.2007 -0.1383
vn -0.9931 -0.0580 -0.1022
vn -0.9961 -0.0823 0.0304
vn -0.9933 -0.1147 -0.0100
vn -0.9551 -0.2949 -0.0303
vn -0.9562 -0.2333 -0.1770
vn -0.9436 -0.1082 0.3128
vn -0.9871 -0.0722 0.1426
vn -0.9857 0.0464 0.1618
vn -0.9861 0.0487 0.1587
vn -0.9410 0.0363 0.3365
vn -0.9439 -0.0838 0.3195
vn -0.9615 -0.1619 0.2219
vn -0.9907 -0.1012 0.0911
vn -0.9907 0.0327 0.1322
vn -0.9874 0.0031 0.1583
vn -0.9432 -0.0374 0.3302
vn -0.9490 -0.1743 0.2628
vn -0.9674 0.2489 -0.0464
vn -0.9919 0.1274 0.0020
vn -0.9915 0.0150 -0.1292
vn -0.9900 -0.0065 -0.1410
vn -0.9700 0.0807 -0.2295
vn -0.9716 0.2273 -0.0665
vn -0.9733 0.2074 -0.0988
vn -0.9926 0.1208 -0.0080
vn -0.9945 -0.0156 -0.1035
vn -0.9919 0.0291 -0.1235
vn -0.9661 0.0713 -0.2479
vn -0.9584 0.2521 -0.1340
vn -0.8056 -0.2034 -0.5565
vn -0.9969 0.0521 -0.0592
vn -0.9917 -0.0958 0.0859
vn -0.9945 -0.0942 0.0449
vn -0.8081 -0.4860 -0.3327
vn -0.7814 -0.2291 -0.5805
vn -0.8024 -0.0880 -0.5903
vn -0.9987 0.0480 -0.0175
vn -0.9973 -0.0608 0.0419
vn -0.9984 -0.0543 0.0141
vn -0.8168 -0.3043 -0.4901
vn -0.7859 -0.1180 -0.6070
vn -0.8005 0.0330 -0.5984
vn -0.9991 0.0422 -0.0006
vn -0.9998 -0.0121 0.0154
vn -0.9996 -0.0264 0.0084
vn -0.8080 -0.1606 -0.5668
vn -0.7939 -0.0279 -0.6074
vn -0.8049 0.1650 -0.5700
vn -0.9986 0.0526 -0.0004
vn -0.9999 0.0136 0.0022
vn -0.9994 -0.0359 0.0012
vn -0.8011 -0.0438 -0.5970
vn -0.8007 0.0750 -0.5943
vn -0.8122 0.3205 -0.4875
vn -0.9956 0.0930 0.0102
vn -0.9997 0.0161 -0.0202
vn -0.9981 -0.0543 -0.0301
vn -0.7995 0.0623 -0.5974
vn -0.8083 0.2231 -0.5448
vn -0.8062 0.4920 -0.3284
vn -0.9910 0.1255 0.0472
vn -0.9985 -0.0025 -0.0553
vn -0.9951 -0.0596 -0.0787
vn -0.8025 0.1785 -0.5694
vn -0.8057 0.4180 -0.4197
vn -0.8157 0.5450 -0.1939
vn -0.9977 0.0639 0.0233
vn -0.9935 -0.0668 -0.0925
vn -0.9919 -0.0386 -0.1210
vn -0.8058 0.3467 -0.4802
vn -0.7921 0.5483 -0.2680
vn -0.8143 0.5751 -0.0784
vn -0.9986 0.0436 0.0289
vn -0.9971 -0.0191 -0.0738
vn -0.9957 0.0009 -0.0930
vn -0.8185 0.4879 -0.3032
vn -0.8001 0.5844 -0.1354
vn -0.8135 0.5807 0.0313
vn -0.9983 0.0361 0.0457
vn -0.9994 0.0126 -0.0335
vn -0.9982 0.0216 -0.0557
vn -0.8164 0.5551 -0.1593
vn -0.8061 0.5913 -0.0245
vn -0.8146 0.5587 0.1557
vn -0.9971 0.0288 0.0707
vn -0.9995 0.0297 -0.0085
vn -0.9987 0.0342 -0.0366
vn -0.8139 0.5790 -0.0475
vn -0.8107 0.5771 0.0987
vn -0.8159 0.4858 0.3134
vn -0.9946 -0.0071 0.1039
vn -0.9989 0.0476 -0.0047
vn -0.9981 0.0503 -0.0355
vn -0.8135 0.5790 0.0550
vn -0.8160 0.5161 0.2605
vn -0.7986 0.3538 0.4869
vn -0.9894 -0.0586 0.1325
vn -0.9977 0.0674 -0.0112
vn -0.9967 0.0647 -0.0482
vn -0.8152 0.5532 0.1715
vn -0.8099 0.3932 0.4353
vn -0.8048 0.2201 0.5513
vn -0.9956 -0.0515 0.0780
vn -0.9950 0.0774 -0.0634
vn -0.9962 0.0832 -0.0256
vn -0.8057 0.4829 0.3430
vn -0.7802 0.2595 0.5692
vn -0.7950 0.0844 0.6008
vn -0.9967 -0.0508 0.0635
vn -0.9984 0.0553 -0.0082
vn -0.9981 0.0616 0.0054
vn -0.8110 0.3291 0.4837
vn -0.7839 0.1301 0.6071
vn -0.7934 -0.0431 0.6071
vn -0.9981 -0.0435 0.0436
vn -0.9994 0.0215 0.0278
vn -0.9984 0.0448 0.0344
vn -0.7995 0.1778 0.5737
vn -0.7852 0.0199 0.6189
vn -0.7993 -0.1763 0.5744
vn -0.9990 -0.0386 0.0223
vn -0.9993 -0.0033 0.0365
vn -0.9979 0.0489 0.0423
vn -0.7938 0.0483 0.6063
vn -0.7927 -0.0902 0.6029
vn -0.8082 -0.3361 0.4836
vn -0.9973 -0.0696 -0.0218
vn -0.9991 -0.0154 0.0396
vn -0.9964 0.0667 0.0524
vn -0.7941 -0.0729 0.6034
vn -0.8047 -0.2394 0.5432
vn -0.8020 -0.4971 0.3312
vn -0.9935 -0.0916 -0.0672
vn -0.9990 0.0104 0.0435
vn -0.9939 0.0846 0.0704
vn -0.7995 -0.1903 0.5697
vn -0.8069 -0.4156 0.4198
vn -0.8145 -0.5445 0.2004
vn -0.9987 -0.0322 -0.0388
vn -0.9945 0.0867 0.0589
vn -0.9933 0.0652 0.0953
vn -0.8026 -0.3564 0.4784
vn -0.7910 -0.5466 0.2748
vn -0.8135 -0.5771 0.0719
vn -0.9993 -0.0116 -0.0355
vn -0.9977 0.0456 0.0511
vn -0.9965 0.0322 0.0772
vn -0.8173 -0.4850 0.3111
vn -0.8006 -0.5845 0.1317
vn -0.8144 -0.5787 -0.0430
vn -0.9993 0.0076 -0.0366
vn -0.9995 0.0157 0.0291
vn -0.9982 0.0124 0.0584
vn -0.8157 -0.5551 0.1628
vn -0.8096 -0.5867 0.0182
vn -0.8186 -0.5509 -0.1626
vn -0.9986 0.0207 -0.0496
vn -1.0000 0.0036 0.0066
vn -0.9988 0.0067 0.0488
vn -0.8139 -0.5797 0.0400
vn -0.8198 -0.5653 -0.0915
vn -0.8206 -0.4790 -0.3118
vn -0.9945 0.0401 -0.0967
vn -0.9999 -0.0152 -0.0040
vn -0.9986 -0.0080 0.0529
vn -0.8137 -0.5777 -0.0644
vn -0.8302 -0.5048 -0.2364
vn -0.7992 -0.3304 -0.5021
vn -0.9862 0.0799 -0.1448
vn -0.9987 -0.0500 0.0059
vn -0.9972 -0.0476 0.0575
vn -0.8116 -0.5592 -0.1692
vn -0.8170 -0.3678 -0.4441
vn 0.0172 0.9770 -0.2126
vn -0.2333 0.9513 -0.2014
vn -0.2910 0.9104 -0.2942
vn -0.2671 0.8741 -0.4058
vn -0.0000 0.8980 -0.4399
vn 0.0341 0.9756 -0.2168
vn 0.0142 0.9998 -0.0161
vn -0.2220 0.9750 -0.0132
vn -0.2486 0.9657 -0.0749
vn -0.2365 0.9553 -0.1774
vn -0.0000 0.9807 -0.1958
vn 0.0280 0.9994 -0.0195
vn 0.0252 0.3913 -0.9199
vn -0.2630 0.3742 -0.8893
vn -0.2571 0.2652 -0.9293
vn -0.2409 0.1586 -0.9575
vn 0.0001 0.1555 -0.9878
vn 0.0499 0.3849 -0.9216
vn 0.0162 0.1689 -0.9855
vn -0.2365 0.1625 -0.9580
vn -0.2389 0.1080 -0.9650
vn -0.2313 0.0037 -0.9729
vn -0.0000 -0.0051 -1.0000
vn 0.0318 0.1648 -0.9858
vn 0.0325 -0.6819 0.7307
vn -0.2653 -0.6589 0.7039
vn -0.2853 -0.4875 0.8252
vn -0.2494 -0.3949 0.8842
vn -0.0000 -0.4013 0.9159
vn 0.0649 -0.6744 0.7355
vn 0.0264 -0.8857 0.4636
vn -0.2485 -0.8622 0.4414
vn -0.3172 -0.7398 0.5933
vn -0.2765 -0.6689 0.6900
vn -0.0000 -0.6837 0.7297
vn 0.0528 -0.8814 0.4694
vn 0.0175 -0.9775 0.2102
vn -0.2264 -0.9531 0.2009
vn -0.2827 -0.9074 0.3109
vn -0.2553 -0.8730 0.4156
vn -0.0001 -0.8940 0.4481
vn 0.0367 -0.9760 0.2147
vn 0.0143 -0.9999 0.0032
vn -0.2207 -0.9753 0.0036
vn -0.2461 -0.9662 0.0768
vn -0.2305 -0.9573 0.1747
vn -0.0011 -0.9814 0.1919
vn 0.0271 -0.9996 0.0068
vn 0.0378 -0.6775 -0.7345
vn -0.3125 -0.6424 -0.6998
vn -0.3193 -0.7821 -0.5351
vn -0.2863 -0.8570 -0.4284
vn -0.0000 -0.8964 -0.4431
vn 0.0760 -0.6835 -0.7259
vn 0.0277 -0.3636 -0.9312
vn -0.2799 -0.3374 -0.8988
vn -0.3726 -0.4975 -0.7834
vn -0.3256 -0.6252 -0.7093
vn -0.0001 -0.6769 -0.7361
vn 0.0559 -0.3704 -0.9272
vn 0.0167 -0.1490 -0.9887
vn -0.2420 -0.1381 -0.9604
vn -0.3063 -0.2134 -0.9277
vn -0.2855 -0.3396 -0.8962
vn -0.0001 -0.3769 -0.9262
vn 0.0332 -0.1533 -0.9876
vn 0.0134 0.0066 -0.9999
vn -0.2287 0.0081 -0.9735
vn -0.2532 -0.0330 -0.9669
vn -0.2449 -0.1432 -0.9589
vn -0.0000 -0.1616 -0.9868
vn 0.0264 0.0033 -0.9996
vn 0.0305 0.6897 0.7235
vn -0.2617 0.6634 0.7010
vn -0.2919 0.7867 0.5440
vn -0.2568 0.8536 0.4533
vn -0.0000 0.8880 0.4598
vn 0.0609 0.6946 0.7168
vn 0.0280 0.4112 0.9111
vn -0.2394 0.3897 0.8893
vn -0.3102 0.5486 0.7764
vn -0.2722 0.6493 0.7102
vn -0.0000 0.6884 0.7253
vn 0.0560 0.4176 0.9069
vn 0.0192 0.1749 0.9844
vn -0.2108 0.1657 0.9634
vn -0.2764 0.2854 0.9177
vn -0.2471 0.3899 0.8871
vn -0.0000 0.4234 0.9059
vn 0.0381 0.1798 0.9830
vn 0.0165 -0.0105 0.9998
vn -0.2006 -0.0122 0.9796
vn -0.2330 0.0761 0.9695
vn -0.2154 0.1710 0.9614
vn -0.0000 0.1892 0.9819
vn 0.0324 -0.0064 0.9995
vn 0.0168 0.9824 0.1862
vn -0.2258 0.9571 0.1815
vn -0.2357 0.9659 0.1075
vn -0.2249 0.9743 0.0099
vn -0.0000 1.0000 0.0001
vn 0.0330 0.9827 0.1822
vn 0.0250 0.8958 0.4437
vn -0.2474 0.8699 0.4268
vn -0.2494 0.9194 0.3041
vn -0.2306 0.9506 0.2079
vn 0.0001 0.9789 0.2041
vn 0.0494 0.8978 0.4377
vn 0.0151 -0.9818 -0.1891
vn -0.2371 -0.9550 -0.1783
vn -0.2360 -0.9648 -0.1160
vn -0.2239 -0.9744 -0.0197
vn -0.0000 -0.9999 -0.0131
vn 0.0296 -0.9822 -0.1854
vn 0.0234 -0.9039 -0.4271
vn -0.2775 -0.8729 -0.4013
vn -0.2573 -0.9170 -0.3047
vn -0.2413 -0.9490 -0.2027
vn -0.0000 -0.9787 -0.2053
vn 0.0463 -0.9057 -0.4214
vn 0.0169 -0.1893 0.9818
vn -0.2083 -0.1823 0.9609
vn -0.2214 -0.0967 0.9704
vn -0.2049 -0.0067 0.9788
vn -0.0000 0.0035 1.0000
vn 0.0332 -0.1851 0.9822
vn 0.0255 -0.4134 0.9102
vn -0.2395 -0.3952 0.8868
vn -0.2336 -0.2702 0.9340
vn -0.2135 -0.1783 0.9605
vn -0.0000 -0.1759 0.9844
vn 0.0505 -0.4069 0.9121
vn 0.0268 0.8898 -0.4556
vn -0.2610 0.8635 -0.4316
vn -0.3398 0.7393 -0.5814
vn -0.2962 0.6627 -0.6878
vn 0.0001 0.6788 -0.7344
vn 0.0537 0.8854 -0.4616
vn 0.0357 0.6770 -0.7351
vn -0.2842 0.6523 -0.7027
vn -0.3058 0.4799 -0.8223
vn -0.2720 0.3736 -0.8868
vn 0.0001 0.3783 -0.9257
vn 0.0715 0.6685 -0.7403
vn 0.9653 -0.2440 -0.0935
vn 0.9602 -0.1959 -0.1992
vn 0.9664 -0.0848 -0.2426
vn 0.9830 -0.0189 -0.1826
vn 0.9934 -0.0779 -0.0839
vn 0.9826 -0.1840 -0.0238
vn 0.9541 -0.2801 0.1062
vn 0.9908 -0.1344 -0.0182
vn 0.9993 -0.0207 0.0297
vn 0.9928 -0.0027 0.1198
vn 0.9544 -0.0829 0.2868
vn 0.9423 -0.2615 0.2089
vn -0.9634 -0.2494 0.0986
vn -0.9527 -0.2076 0.2220
vn -0.9637 -0.0770 0.2558
vn -0.9705 -0.0535 0.2350
vn -0.9967 -0.0514 0.0630
vn -0.9708 -0.2288 0.0715
vn -0.9325 -0.2889 -0.2169
vn -0.9737 -0.1849 -0.1334
vn -0.9813 -0.0498 -0.1859
vn -0.9833 -0.0541 -0.1738
vn -0.9336 -0.1194 -0.3377
vn -0.9303 -0.2860 -0.2296
vn 0.9991 0.0379 -0.0180
vn 0.9916 -0.0072 -0.1294
vn 0.9567 0.1157 -0.2669
vn 0.9528 0.1552 -0.2610
vn 0.9671 0.2365 -0.0937
vn 0.9969 0.0773 -0.0165
vn -0.9827 -0.1741 -0.0628
vn -0.9730 -0.1177 -0.1988
vn -0.9307 -0.2063 -0.3020
vn -0.9311 -0.2061 -0.3009
vn -0.9380 -0.3181 -0.1377
vn -0.9856 -0.1537 -0.0701
vn 0.8413 -0.3213 0.4347
vn 0.7279 -0.4354 0.5297
vn 0.7423 -0.5788 0.3375
vn 0.7488 -0.5785 0.3235
vn 0.8585 -0.4397 0.2637
vn 0.8380 -0.3234 0.4395
vn 0.9907 -0.1124 -0.0764
vn 0.9925 -0.1167 0.0376
vn 0.9721 -0.2325 0.0319
vn 0.9709 -0.2382 0.0255
vn 0.9655 -0.2432 -0.0932
vn 0.9898 -0.1172 -0.0807
vn -0.9897 -0.0986 0.1035
vn -0.9928 -0.1000 -0.0665
vn -0.9466 -0.3152 -0.0684
vn -0.9456 -0.3192 -0.0636
vn -0.9435 -0.3118 0.1125
vn -0.9888 -0.1022 0.1089
vn -0.2912 0.6173 0.7309
vn -0.0888 0.6536 0.7516
vn -0.1361 0.8149 0.5634
vn -0.2616 0.8047 0.5330
vn -0.4513 0.7323 0.5100
vn -0.4041 0.5928 0.6966
vn -0.9900 0.0955 -0.1036
vn -0.9928 0.0985 0.0685
vn -0.9437 0.3231 0.0710
vn -0.9410 0.3336 0.0579
vn -0.9367 0.3284 -0.1210
vn -0.9876 0.1059 -0.1159
vn 0.9927 0.0964 0.0719
vn 0.9944 0.0993 -0.0366
vn 0.9772 0.2108 -0.0267
vn 0.9781 0.2057 -0.0304
vn 0.9739 0.2116 0.0827
vn 0.9937 0.0907 0.0663
vn 0.9921 0.0714 -0.1029
vn 0.9919 -0.0495 -0.1172
vn 0.9667 -0.0632 -0.2479
vn 0.9648 -0.0546 -0.2571
vn 0.9657 0.0754 -0.2484
vn 0.9908 0.0778 -0.1103
vn -0.4915 0.6020 -0.6293
vn -0.3011 0.6424 -0.7048
vn -0.3147 0.4117 -0.8553
vn -0.2294 0.4274 -0.8745
vn -0.4098 0.4283 -0.8053
vn -0.3984 0.6347 -0.6622
vn 0.8411 -0.3992 -0.3651
vn 0.7375 -0.4862 -0.4688
vn 0.7477 -0.2705 -0.6065
vn 0.7472 -0.2710 -0.6068
vn 0.8403 -0.2281 -0.4918
vn 0.8357 -0.4075 -0.3682
vn -0.9610 0.1087 -0.2542
vn -0.9619 -0.0679 -0.2648
vn -0.9958 -0.0776 -0.0482
vn -0.9960 -0.0761 -0.0463
vn -0.9946 0.0949 -0.0409
vn -0.9614 0.1104 -0.2519
vn -0.9646 0.2406 0.1083
vn -0.9666 0.2487 -0.0616
vn -0.9970 0.0333 -0.0701
vn -0.9969 0.0337 -0.0708
vn -0.9949 0.0295 0.0966
vn -0.9646 0.2407 0.1075
vn -0.9634 -0.2461 -0.1065
vn -0.9650 -0.2541 0.0642
vn -0.9969 -0.0345 0.0712
vn -0.9969 -0.0338 0.0708
vn -0.9950 -0.0299 -0.0950
vn -0.9636 -0.2452 -0.1065
vn -0.9871 0.1056 0.1202
vn -0.9906 -0.0688 0.1186
vn -0.9412 -0.0752 0.3294
vn -0.9399 -0.0694 0.3343
vn -0.9362 0.1122 0.3332
vn -0.9860 0.1111 0.1246
vn 0.8276 0.4013 0.3925
vn 0.6852 0.5053 0.5246
vn 0.7019 0.2834 0.6535
vn 0.6982 0.2844 0.6569
vn 0.8278 0.2145 0.5185
vn 0.8200 0.4107 0.3987
vn -0.0648 -0.6913 0.7197
vn 0.1254 -0.6766 0.7256
vn 0.0991 -0.4613 0.8817
vn 0.2575 -0.4525 0.8538
vn 0.0733 -0.4863 0.8707
vn 0.0960 -0.6964 0.7112
vn 0.9859 0.0749 0.1494
vn 0.9840 -0.0491 0.1711
vn 0.9920 -0.0401 0.1198
vn 0.9903 -0.0471 0.1307
vn 0.9920 0.0689 0.1060
vn 0.9849 0.0683 0.1591
vn 0.9907 0.1172 -0.0695
vn 0.9905 0.1306 0.0433
vn 0.9940 0.1026 0.0377
vn 0.9928 0.1114 0.0436
vn 0.9925 0.1034 -0.0659
vn 0.9900 0.1258 -0.0635
vn 0.9884 -0.1342 0.0714
vn 0.9877 -0.1528 -0.0333
vn 0.9930 -0.1135 -0.0315
vn 0.9891 -0.1388 -0.0482
vn 0.9902 -0.1259 0.0602
vn 0.9858 -0.1585 0.0546
vn 0.9829 0.0040 0.1840
vn 0.9836 -0.1046 0.1470
vn 0.9866 -0.1262 0.1033
vn 0.9909 -0.1044 0.0853
vn 0.9923 0.0297 0.1200
vn 0.9860 0.0263 0.1646
vn 0.9854 -0.0992 0.1383
vn 0.9879 -0.1516 0.0316
vn 0.9922 -0.1134 0.0515
vn 0.9834 -0.1802 0.0193
vn 0.9834 -0.0678 0.1685
vn 0.9807 -0.1670 0.1021
vn 0.9818 -0.0192 -0.1889
vn 0.9840 0.0996 -0.1480
vn 0.9879 0.1162 -0.1028
vn 0.9917 0.0965 -0.0849
vn 0.9934 -0.0364 -0.1090
vn 0.9847 -0.0398 -0.1695
vn 0.9882 0.0961 -0.1193
vn 0.9906 0.1359 -0.0147
vn 0.9929 0.1158 -0.0265
vn 0.9877 0.1558 -0.0090
vn 0.9865 0.0619 -0.1514
vn 0.9861 0.1349 -0.0972
vn 0.9899 0.1414 -0.0111
vn 0.9888 0.1160 0.0936
vn 0.9900 0.0946 0.1044
vn 0.9905 0.0914 0.1027
vn 0.9931 0.1162 -0.0182
vn 0.9903 0.1381 -0.0138
vn 0.9867 0.1047 0.1241
vn 0.9840 0.0118 0.1780
vn 0.9925 0.0223 0.1199
vn 0.9874 0.0055 0.1579
vn 0.9892 0.1385 0.0471
vn 0.9834 0.0856 0.1598
vn -0.9891 0.0377 0.1421
vn -0.9851 -0.1262 0.1169
vn -0.9368 -0.1663 0.3078
vn -0.9372 -0.1689 0.3051
vn -0.9399 0.0006 0.3413
vn -0.9902 0.0322 0.1359
vn -0.6944 0.0700 0.7162
vn -0.8484 0.0408 0.5278
vn -0.8304 -0.1580 0.5343
vn -0.8084 -0.1595 0.5666
vn -0.6451 -0.1509 0.7490
vn -0.6619 0.0632 0.7469
vn -0.9415 -0.2688 0.2034
vn -0.8685 -0.3777 0.3211
vn -0.8734 -0.1807 0.4523
vn -0.8764 -0.1700 0.4505
vn -0.9507 -0.1036 0.2921
vn -0.9396 -0.2732 0.2064
vn 0.9929 -0.0260 0.1158
vn 0.9923 0.1003 0.0727
vn 0.9618 0.1291 0.2415
vn 0.9579 0.1169 0.2621
vn 0.9587 -0.0206 0.2836
vn 0.9904 -0.0368 0.1336
vn 0.8715 -0.0555 0.4873
vn 0.9565 -0.0406 0.2888
vn 0.9457 0.1167 0.3032
vn 0.9507 0.0968 0.2945
vn 0.8663 0.1017 0.4891
vn 0.8734 -0.0693 0.4821
vn 0.9829 0.1554 0.0992
vn 0.9342 0.2683 0.2352
vn 0.9369 0.0857 0.3389
vn 0.9337 0.0999 0.3438
vn 0.9847 0.0059 0.1739
vn 0.9787 0.1771 0.1041
vn -0.7140 0.5013 0.4888
vn -0.8197 0.4096 0.4005
vn -0.7988 0.2484 0.5480
vn -0.7978 0.2516 0.5478
vn -0.6764 0.3308 0.6580
vn -0.7065 0.5040 0.4969
vn 0.1558 0.1240 0.9800
vn 0.1528 0.2952 0.9431
vn -0.0308 0.3442 0.9384
vn 0.0961 0.3436 0.9342
vn 0.0898 0.1596 0.9831
vn 0.2830 0.1197 0.9516
vn -0.9792 0.1562 0.1297
vn -0.9892 0.0168 0.1455
vn -0.9418 0.0437 0.3334
vn -0.9397 0.0519 0.3379
vn -0.9310 0.2097 0.2988
vn -0.9778 0.1630 0.1318
vn -0.9658 0.0184 -0.2586
vn -0.9594 -0.1355 -0.2474
vn -0.9902 -0.1304 -0.0497
vn -0.9908 -0.1263 -0.0476
vn -0.9984 0.0313 -0.0470
vn -0.9662 0.0226 -0.2568
vn -0.9973 0.0669 0.0301
vn -0.9884 0.0643 -0.1379
vn -0.9858 -0.0983 -0.1359
vn -0.9859 -0.0989 -0.1352
vn -0.9950 -0.0952 0.0314
vn -0.9973 0.0662 0.0309
vn -0.9585 -0.2182 -0.1834
vn -0.9683 -0.2474 -0.0346
vn -0.9991 -0.0400 -0.0119
vn -0.9987 -0.0503 -0.0017
vn -0.9848 -0.0360 -0.1697
vn -0.9587 -0.2243 -0.1749
vn -0.9671 -0.0213 0.2537
vn -0.9606 0.1345 0.2432
vn -0.9902 0.1299 0.0514
vn -0.9907 0.1264 0.0499
vn -0.9983 -0.0320 0.0494
vn -0.9673 -0.0243 0.2524
vn -0.9972 -0.0682 -0.0294
vn -0.9882 -0.0649 0.1389
vn -0.9856 0.0978 0.1376
vn -0.9857 0.0986 0.1367
vn -0.9950 0.0947 -0.0304
vn -0.9973 -0.0672 -0.0304
vn -0.9605 0.2117 0.1808
vn -0.9698 0.2412 0.0368
vn -0.9991 0.0395 0.0160
vn -0.9987 0.0512 0.0043
vn -0.9850 0.0351 0.1691
vn -0.9605 0.2189 0.1718
vn -0.9698 0.2436 0.0118
vn -0.9634 0.2270 -0.1424
vn -0.9908 0.0359 -0.1305
vn -0.9913 0.0346 -0.1268
vn -0.9989 0.0375 0.0286
vn -0.9702 0.2417 0.0158
vn -0.9972 -0.0373 0.0644
vn -0.9888 0.1348 0.0640
vn -0.9860 0.1360 -0.0962
vn -0.9861 0.1348 -0.0972
vn -0.9948 -0.0361 -0.0956
vn -0.9973 -0.0385 0.0631
vn -0.9577 0.1743 -0.2289
vn -0.9666 0.0240 -0.2553
vn -0.9985 0.0005 -0.0542
vn -0.9980 -0.0076 -0.0626
vn -0.9852 0.1644 -0.0486
vn -0.9578 0.1688 -0.2325
vn 0.9920 0.0205 -0.1243
vn 0.9915 -0.0998 -0.0837
vn 0.9617 -0.1344 -0.2387
vn 0.9617 -0.1340 -0.2391
vn 0.9662 -0.0025 -0.2579
vn 0.9923 0.0194 -0.1219
vn 0.8672 0.0539 -0.4950
vn 0.9615 0.0390 -0.2721
vn 0.9547 -0.1144 -0.2748
vn 0.9540 -0.1162 -0.2762
vn 0.8608 -0.1297 -0.4921
vn 0.8648 0.0463 -0.5001
vn 0.9778 -0.1884 -0.0916
vn 0.9280 -0.2969 -0.2249
vn 0.9321 -0.1206 -0.3415
vn 0.9279 -0.1360 -0.3471
vn 0.9843 -0.0323 -0.1736
vn 0.9712 -0.2167 -0.0988
vn -0.9892 -0.0402 -0.1411
vn -0.9849 0.1288 -0.1160
vn -0.9334 0.1715 -0.3151
vn -0.9335 0.1732 -0.3139
vn -0.9358 -0.0027 -0.3525
vn -0.9901 -0.0357 -0.1360
vn -0.6672 -0.0535 -0.7429
vn -0.8072 -0.0356 -0.5892
vn -0.7910 0.1594 -0.5907
vn -0.7854 0.1634 -0.5971
vn -0.6577 0.1372 -0.7407
vn -0.6607 -0.0505 -0.7489
vn -0.9389 0.2716 -0.2116
vn -0.8775 0.3616 -0.3149
vn -0.8784 0.1749 -0.4448
vn -0.8805 0.1698 -0.4426
vn -0.9486 0.1129 -0.2955
vn -0.9363 0.2790 -0.2135
vn 0.8752 0.3776 -0.3023
vn 0.9527 0.2413 -0.1850
vn 0.9480 0.0751 -0.3091
vn 0.9466 0.0732 -0.3139
vn 0.8635 0.1890 -0.4676
vn 0.8699 0.3758 -0.3196
vn 0.6441 0.0588 -0.7626
vn 0.6280 0.2622 -0.7327
vn 0.7820 0.2311 -0.5789
vn 0.7770 0.2356 -0.5837
vn 0.7918 0.0447 -0.6092
vn 0.6447 0.0540 -0.7625
vn 0.9940 0.0970 -0.0509
vn 0.9950 0.0025 -0.1001
vn 0.9665 0.0116 -0.2565
vn 0.9631 0.0286 -0.2678
vn 0.9571 0.1604 -0.2413
vn 0.9917 0.1126 -0.0621
vn 0.8796 0.2650 0.3952
vn 0.9485 0.1634 0.2715
vn 0.9508 0.2844 0.1229
vn 0.9548 0.2718 0.1206
vn 0.8753 0.4234 0.2337
vn 0.8795 0.2661 0.3945
vn 0.6455 0.7562 0.1072
vn 0.6388 0.7016 0.3158
vn 0.8012 0.5233 0.2901
vn 0.8117 0.5106 0.2836
vn 0.8276 0.5546 0.0866
vn 0.6630 0.7429 0.0928
vn 0.9907 0.0605 0.1222
vn 0.9951 0.0957 0.0229
vn 0.9701 0.2360 0.0569
vn 0.9735 0.2242 0.0457
vn 0.9563 0.2173 0.1959
vn 0.9930 0.0502 0.1065
vn -0.7600 0.3910 -0.5191
vn -0.8454 0.3230 -0.4255
vn -0.8354 0.4814 -0.2651
vn -0.8488 0.4625 -0.2561
vn -0.7657 0.5536 -0.3275
vn -0.7691 0.3826 -0.5120
vn -0.3925 0.9091 -0.1397
vn -0.3702 0.8574 -0.3575
vn -0.5606 0.7578 -0.3340
vn -0.5748 0.7482 -0.3314
vn -0.5962 0.7900 -0.1428
vn -0.4193 0.8993 -0.1245
vn -0.9807 0.1100 -0.1619
vn -0.9913 0.1292 -0.0252
vn -0.9427 0.3286 -0.0583
vn -0.9385 0.3364 -0.0774
vn -0.9295 0.2887 -0.2295
vn -0.9778 0.1151 -0.1750
vn -0.9916 0.1252 -0.0318
vn -0.9863 0.0985 0.1321
vn -0.9377 0.3021 0.1714
vn -0.9385 0.2960 0.1781
vn -0.9419 0.3359 0.0071
vn -0.9930 0.1156 -0.0236
vn -0.7806 0.6237 -0.0400
vn -0.8695 0.4927 -0.0345
vn -0.8590 0.4883 0.1537
vn -0.8594 0.4868 0.1564
vn -0.7677 0.6225 0.1518
vn -0.7813 0.6229 -0.0380
vn -0.9385 0.1808 0.2943
vn -0.8711 0.2909 0.3957
vn -0.8833 0.4168 0.2145
vn -0.8897 0.4130 0.1946
vn -0.9538 0.2721 0.1273
vn -0.9405 0.1804 0.2880
vn -0.6720 -0.4648 0.5766
vn -0.8059 -0.3728 0.4600
vn -0.7952 -0.5283 0.2975
vn -0.8036 -0.5156 0.2972
vn -0.6656 -0.6314 0.3979
vn -0.6754 -0.4618 0.5749
vn 0.1554 -0.9733 0.1690
vn 0.1798 -0.9120 0.3687
vn -0.0230 -0.9170 0.3982
vn 0.0249 -0.9170 0.3980
vn -0.0025 -0.9807 0.1954
vn 0.2050 -0.9643 0.1674
vn -0.9810 -0.1081 0.1613
vn -0.9913 -0.1284 0.0276
vn -0.9479 -0.3133 0.0582
vn -0.9445 -0.3206 0.0712
vn -0.9356 -0.2751 0.2212
vn -0.9783 -0.1119 0.1743
vn 0.8820 -0.2574 -0.3947
vn 0.9424 -0.1700 -0.2879
vn 0.9532 -0.2799 -0.1145
vn 0.9508 -0.2931 -0.1003
vn 0.8848 -0.4142 -0.2134
vn 0.8799 -0.2786 -0.3849
vn 0.7474 -0.6588 -0.0859
vn 0.7359 -0.6133 -0.2869
vn 0.8628 -0.4425 -0.2445
vn 0.8617 -0.4434 -0.2466
vn 0.8799 -0.4708 -0.0646
vn 0.7523 -0.6546 -0.0740
vn 0.9935 -0.0431 -0.1058
vn 0.9957 -0.0919 -0.0145
vn 0.9708 -0.2365 -0.0409
vn 0.9685 -0.2430 -0.0550
vn 0.9561 -0.2296 -0.1822
vn 0.9915 -0.0506 -0.1202
vn 0.9917 -0.1273 -0.0190
vn 0.9924 -0.0841 0.0899
vn 0.9672 -0.2240 0.1194
vn 0.9686 -0.2144 0.1258
vn 0.9722 -0.2341 -0.0065
vn 0.9931 -0.1168 -0.0138
vn 0.8971 -0.4374 -0.0619
vn 0.9736 -0.2227 -0.0509
vn 0.9690 -0.2242 0.1041
vn 0.9692 -0.2236 0.1033
vn 0.8859 -0.4447 0.1316
vn 0.8961 -0.4402 -0.0567
vn 0.9785 -0.0857 0.1876
vn 0.9339 -0.2121 0.2877
vn 0.9385 -0.3203 0.1292
vn 0.9361 -0.3233 0.1385
vn 0.9877 -0.1543 0.0246
vn 0.9743 -0.0901 0.2063
vn -0.7206 -0.6916 0.0490
vn -0.8565 -0.5151 0.0342
vn -0.8426 -0.5142 -0.1599
vn -0.8423 -0.5135 -0.1640
vn -0.7082 -0.6883 -0.1569
vn -0.7189 -0.6939 0.0421
vn 0.0768 -0.7989 -0.5965
vn 0.0986 -0.9188 -0.3822
vn -0.1088 -0.9238 -0.3670
vn -0.0787 -0.9278 -0.3646
vn -0.1016 -0.8216 -0.5609
vn 0.0994 -0.7964 -0.5966
vn -0.9920 -0.1222 0.0327
vn -0.9863 -0.0974 -0.1328
vn -0.9394 -0.2964 -0.1722
vn -0.9402 -0.2907 -0.1777
vn -0.9447 -0.3279 -0.0071
vn -0.9932 -0.1139 0.0249
vn 0.8830 0.4649 0.0654
vn 0.9790 0.1936 0.0634
vn 0.9724 0.2039 -0.1135
vn 0.9716 0.2058 -0.1166
vn 0.8732 0.4682 -0.1353
vn 0.8811 0.4693 0.0579
vn 0.6562 0.5883 -0.4726
vn 0.6373 0.7211 -0.2717
vn 0.8029 0.5656 -0.1883
vn 0.8038 0.5662 -0.1823
vn 0.8211 0.4439 -0.3587
vn 0.6673 0.5758 -0.4723
vn 0.9947 0.1003 0.0233
vn 0.9926 0.0692 -0.0996
vn 0.9698 0.2067 -0.1292
vn 0.9696 0.2072 -0.1304
vn 0.9758 0.2181 0.0124
vn 0.9946 0.1009 0.0249
vn 0.2764 -0.1405 -0.9507
vn 0.3195 -0.3070 -0.8965
vn 0.1309 -0.3562 -0.9252
vn 0.0641 -0.3442 -0.9367
vn 0.0384 -0.1561 -0.9870
vn 0.2227 -0.1410 -0.9646
vn -0.9584 0.0742 -0.2756
vn -0.8704 0.0532 -0.4895
vn -0.8769 -0.1410 -0.4596
vn -0.8773 -0.1422 -0.4583
vn -0.9616 -0.1075 -0.2523
vn -0.9569 0.0782 -0.2796
vn -0.6826 -0.5475 -0.4841
vn -0.8175 -0.4205 -0.3935
vn -0.8020 -0.2455 -0.5446
vn -0.8198 -0.2305 -0.5242
vn -0.6767 -0.3285 -0.6589
vn -0.6932 -0.5342 -0.4838
vn -0.9974 0.0362 -0.0626
vn -0.9890 -0.1341 -0.0622
vn -0.9861 -0.1348 0.0967
vn -0.9862 -0.1343 0.0971
vn -0.9948 0.0347 0.0962
vn -0.9974 0.0368 -0.0621
vn -0.9796 0.0672 0.1893
vn -0.9979 0.0655 0.0014
vn -0.9953 -0.0965 0.0047
vn -0.9953 -0.0965 0.0045
vn -0.9771 -0.0964 0.1899
vn -0.9797 0.0674 0.1889
vn -0.9683 -0.2499 -0.0070
vn -0.9619 -0.2339 0.1417
vn -0.9907 -0.0355 0.1311
vn -0.9914 -0.0335 0.1264
vn -0.9989 -0.0374 -0.0270
vn -0.9688 -0.2475 -0.0125
vn 0.7176 -0.0779 0.6920
vn 0.7048 -0.2584 0.6607
vn 0.8176 -0.2256 0.5298
vn 0.8085 -0.2312 0.5412
vn 0.8242 -0.0602 0.5631
vn 0.7152 -0.0719 0.6952
vn 0.9904 0.0342 0.1341
vn 0.9325 0.0233 0.3605
vn 0.9330 -0.1142 0.3412
vn 0.9249 -0.0998 0.3668
vn 0.9882 -0.0570 0.1418
vn 0.9849 0.0543 0.1645
vn 0.8847 -0.3689 0.2848
vn 0.9473 -0.2552 0.1935
vn 0.9422 -0.0931 0.3218
vn 0.9437 -0.0916 0.3179
vn 0.8696 -0.1852 0.4578
vn 0.8811 -0.3676 0.2976
vn 0.9829 -0.1843 0.0054
vn 0.9821 -0.1503 -0.1135
vn 0.9861 -0.1056 -0.1283
vn 0.9907 -0.0850 -0.1061
vn 0.9918 -0.1245 0.0286
vn 0.9861 -0.1637 0.0289
vn 0.9867 -0.1585 0.0365
vn 0.9852 -0.1529 -0.0772
vn 0.9906 -0.1127 -0.0778
vn 0.9917 -0.1063 -0.0720
vn 0.9926 -0.1130 0.0449
vn 0.9875 -0.1516 0.0425
vn 0.9847 -0.1095 -0.1359
vn 0.9843 0.0094 -0.1761
vn 0.9934 0.0206 -0.1125
vn 0.9905 0.0312 -0.1340
vn 0.9888 -0.1061 -0.1045
vn 0.9829 -0.0988 -0.1555
vn 0.9849 0.0413 -0.1680
vn 0.9943 0.0472 -0.0954
vn 0.9920 -0.0725 -0.1032
vn 0.9923 -0.0708 -0.1011
vn 0.9832 -0.0786 -0.1646
vn 0.9851 0.0423 -0.1670
vn 0.6971 -0.1701 0.6964
vn 0.6819 -0.3863 0.6211
vn 0.8023 -0.3416 0.4895
vn 0.8140 -0.3436 0.4684
vn 0.8299 -0.1344 0.5414
vn 0.7197 -0.1636 0.6748
vn 0.9496 -0.0305 0.3119
vn 0.8677 -0.1104 0.4847
vn 0.8773 -0.3008 0.3739
vn 0.8770 -0.2920 0.3817
vn 0.9511 -0.1923 0.2417
vn 0.9437 -0.0169 0.3304
vn 0.7435 -0.5022 0.4417
vn 0.8547 -0.3831 0.3503
vn 0.8274 -0.2186 0.5174
vn 0.8037 -0.2441 0.5427
vn 0.6836 -0.3341 0.6489
vn 0.7059 -0.5241 0.4765
vn 0.9905 -0.0997 0.0952
vn 0.9915 0.0097 0.1300
vn 0.9678 0.0086 0.2516
vn 0.9657 -0.0023 0.2597
vn 0.9630 -0.1240 0.2391
vn 0.9890 -0.1074 0.1019
vn 0.9227 -0.1815 0.3402
vn 0.9863 -0.1034 0.1289
vn 0.9875 0.0176 0.1563
vn 0.9874 0.0178 0.1572
vn 0.9238 -0.0185 0.3823
vn 0.9216 -0.1762 0.3459
vn 0.9901 0.0495 0.1316
vn 0.9628 0.0416 0.2669
vn 0.9658 -0.0708 0.2495
vn 0.9671 -0.0766 0.2426
vn 0.9906 -0.0641 0.1211
vn 0.9907 0.0462 0.1280
vn 0.9505 0.0634 0.3041
vn 0.8651 0.0521 0.4988
vn 0.8687 -0.1180 0.4810
vn 0.8732 -0.1384 0.4674
vn 0.9568 -0.0971 0.2740
vn 0.9549 0.0431 0.2939
vn 0.9485 -0.1658 0.2700
vn 0.9577 -0.0034 0.2879
vn 0.8731 -0.0265 0.4868
vn 0.8717 -0.0310 0.4891
vn 0.8667 -0.1994 0.4572
vn 0.9480 -0.1676 0.2705
vn 0.7191 0.0521 0.6930
vn 0.7043 -0.1414 0.6957
vn 0.8154 -0.1301 0.5641
vn 0.8135 -0.1272 0.5675
vn 0.8206 0.0376 0.5702
vn 0.7172 0.0543 0.6948
vn -0.9978 0.0060 -0.0655
vn -0.9806 -0.1857 -0.0625
vn -0.9780 -0.1833 0.0999
vn -0.9781 -0.1824 0.1004
vn -0.9954 0.0066 0.0957
vn -0.9979 0.0070 -0.0647
vn -0.9915 0.0031 0.1303
vn -0.9995 0.0043 -0.0305
vn -0.9831 -0.1817 -0.0205
vn -0.9829 -0.1830 -0.0180
vn -0.9754 -0.1746 0.1346
vn -0.9912 0.0018 0.1320
vn -0.9662 -0.2498 -0.0640
vn -0.9641 -0.2451 0.1025
vn -0.9949 -0.0325 0.0959
vn -0.9947 -0.0339 0.0966
vn -0.9973 -0.0336 -0.0655
vn -0.9659 -0.2508 -0.0639
vn -0.9599 -0.1435 0.2408
vn -0.9653 0.0172 0.2604
vn -0.9980 0.0375 0.0512
vn -0.9977 0.0413 0.0545
vn -0.9913 -0.1243 0.0442
vn -0.9599 -0.1403 0.2426
vn -0.9914 -0.1308 0.0088
vn -0.9747 -0.1276 0.1834
vn -0.9819 0.0277 0.1875
vn -0.9820 0.0296 0.1864
vn -0.9994 0.0342 0.0022
vn -0.9916 -0.1289 0.0071
vn -0.9645 0.0696 0.2547
vn -0.9967 0.0670 0.0448
vn -0.9940 -0.0986 0.0479
vn -0.9939 -0.0992 0.0478
vn -0.9618 -0.1001 0.2548
vn -0.9646 0.0691 0.2546
vn -0.9885 0.0655 0.1367
vn -0.9975 0.0642 -0.0309
vn -0.9950 -0.0962 -0.0279
vn -0.9950 -0.0959 -0.0281
vn -0.9858 -0.0954 0.1380
vn -0.9885 0.0658 0.1362
vn -0.9818 -0.1333 0.1355
vn -0.9900 0.0329 0.1370
vn -0.9988 0.0379 -0.0311
vn -0.9908 -0.1327 -0.0279
vn -0.9818 -0.1331 0.1356
vn -0.9960 0.0649 -0.0611
vn -0.9935 -0.0953 -0.0620
vn -0.9907 -0.0972 0.0956
vn -0.9907 -0.0968 0.0960
vn -0.9932 0.0637 0.0970
vn -0.9960 0.0653 -0.0607
vn 0.3108 -0.2808 -0.9080
vn 0.3477 -0.4735 -0.8092
vn 0.1572 -0.5248 -0.8366
vn 0.1414 -0.5197 -0.8426
vn 0.1092 -0.3108 -0.9442
vn 0.3026 -0.2793 -0.9113
vn -0.8058 -0.1475 -0.5735
vn -0.6505 -0.2196 -0.7270
vn -0.6691 -0.4224 -0.6115
vn -0.6961 -0.4157 -0.5853
vn -0.8374 -0.3064 -0.4527
vn -0.8200 -0.1331 -0.5566
vn 0.3288 -0.6575 -0.6779
vn 0.1253 -0.6812 -0.7213
vn 0.1590 -0.4566 -0.8753
vn 0.1602 -0.4575 -0.8747
vn 0.3525 -0.4542 -0.8182
vn 0.3280 -0.6593 -0.6766
vn -0.9839 -0.1335 -0.1192
vn -0.9916 0.0238 -0.1270
vn -0.9408 0.0136 -0.3386
vn -0.9389 0.0052 -0.3441
vn -0.9335 -0.1592 -0.3214
vn -0.9821 -0.1421 -0.1239
vn -0.8772 -0.2128 -0.4304
vn -0.9572 -0.1536 -0.2454
vn -0.9561 0.0164 -0.2925
vn -0.9585 0.0112 -0.2848
vn -0.8716 -0.0290 -0.4893
vn -0.8771 -0.2128 -0.4305
vn -0.9889 0.0801 -0.1253
vn -0.9359 0.0622 -0.3466
vn -0.9370 -0.1214 -0.3277
vn -0.9371 -0.1217 -0.3272
vn -0.9889 -0.0974 -0.1120
vn -0.9886 0.0816 -0.1267
vn -0.7929 0.0603 -0.6064
vn -0.6504 0.0225 -0.7593
vn -0.6571 -0.1751 -0.7332
vn -0.6709 -0.1767 -0.7202
vn -0.8189 -0.1309 -0.5588
vn -0.8007 0.0633 -0.5957
vn -0.8047 -0.2476 -0.5396
vn -0.8168 -0.0615 -0.5737
vn -0.6710 -0.0640 -0.7386
vn -0.6658 -0.0725 -0.7426
vn -0.6514 -0.2662 -0.7105
vn -0.8020 -0.2525 -0.5413
vn 0.1989 0.0073 -0.9800
vn 0.2427 -0.1707 -0.9550
vn 0.0603 -0.2027 -0.9774
vn -0.0673 -0.1904 -0.9794
vn -0.1066 0.0039 -0.9943
vn 0.0776 0.0142 -0.9969
vn 0.9314 0.3591 0.0603
vn 0.9944 0.0932 0.0505
vn 0.9928 0.0882 -0.0815
vn 0.9940 0.0798 -0.0751
vn 0.9284 0.3555 -0.1081
vn 0.9338 0.3524 0.0617
vn 0.9210 0.3386 -0.1929
vn 0.9296 0.3686 -0.0069
vn 0.9942 0.0951 0.0494
vn 0.9959 0.0787 0.0442
vn 0.9926 0.0653 -0.1020
vn 0.9259 0.3221 -0.1975
vn 0.9933 0.1064 0.0441
vn 0.9933 0.0929 -0.0688
vn 0.9748 0.2088 -0.0783
vn 0.9758 0.2021 -0.0837
vn 0.9763 0.2112 0.0476
vn 0.9943 0.0991 0.0387
vn 0.9452 0.1465 -0.2919
vn 0.8671 0.2871 -0.4071
vn 0.8720 0.4353 -0.2240
vn 0.8773 0.4326 -0.2079
vn 0.9598 0.2563 -0.1144
vn 0.9465 0.1454 -0.2881
vn 0.9635 0.2662 -0.0296
vn 0.9596 0.1885 -0.2088
vn 0.8750 0.3578 -0.3260
vn 0.8755 0.3566 -0.3262
vn 0.8709 0.4715 -0.1384
vn 0.9658 0.2571 -0.0336
vn 0.6656 0.4472 -0.5975
vn 0.6471 0.6434 -0.4090
vn 0.8060 0.5095 -0.3011
vn 0.8038 0.5156 -0.2967
vn 0.8213 0.3391 -0.4587
vn 0.6740 0.4396 -0.5937
vn 0.6456 0.6873 -0.3329
vn 0.6307 0.7660 -0.1245
vn 0.8007 0.5959 -0.0611
vn 0.8012 0.5957 -0.0566
vn 0.8175 0.5189 -0.2500
vn 0.6561 0.6746 -0.3382
vn 0.9652 0.2029 -0.1650
vn 0.8725 0.4349 -0.2228
vn 0.8768 0.4801 -0.0254
vn 0.8792 0.4761 -0.0179
vn 0.9760 0.2170 0.0183
vn 0.9656 0.2021 -0.1636
vn 0.6650 0.7443 0.0613
vn 0.8321 0.5535 0.0357
vn 0.8107 0.5635 -0.1586
vn 0.8021 0.5762 -0.1567
vn 0.6314 0.7583 -0.1622
vn 0.6454 0.7623 0.0484
vn -0.8958 -0.4394 0.0667
vn -0.9711 -0.2312 0.0590
vn -0.9652 -0.2315 -0.1215
vn -0.9644 -0.2336 -0.1237
vn -0.8891 -0.4395 -0.1278
vn -0.8939 -0.4441 0.0608
vn -0.8870 -0.4007 -0.2296
vn -0.8886 -0.4569 -0.0395
vn -0.9674 -0.2533 0.0036
vn -0.9649 -0.2626 0.0092
vn -0.9627 -0.2167 -0.1623
vn -0.8859 -0.4046 -0.2269
vn -0.9912 -0.1073 0.0772
vn -0.9906 -0.0948 -0.0982
vn -0.9436 -0.3088 -0.1194
vn -0.9438 -0.3076 -0.1209
vn -0.9446 -0.3227 0.0596
vn -0.9917 -0.1050 0.0747
vn -0.8002 -0.3617 -0.4784
vn -0.6631 -0.4878 -0.5677
vn -0.6845 -0.6225 -0.3794
vn -0.6750 -0.6341 -0.3773
vn -0.8065 -0.5025 -0.3115
vn -0.7878 -0.3773 -0.4869
vn -0.8055 -0.5651 -0.1783
vn -0.8114 -0.4608 -0.3596
vn -0.6763 -0.5800 -0.4542
vn -0.6962 -0.5630 -0.4453
vn -0.6930 -0.6780 -0.2451
vn -0.8266 -0.5361 -0.1709
vn 0.1234 -0.6511 -0.7489
vn 0.1308 -0.8076 -0.5751
vn -0.0672 -0.8301 -0.5535
vn 0.1392 -0.8315 -0.5378
vn 0.1282 -0.6795 -0.7224
vn 0.3238 -0.6247 -0.7106
vn 0.1941 -0.9021 -0.3855
vn 0.2315 -0.9547 -0.1871
vn 0.0129 -0.9869 -0.1605
vn -0.1139 -0.9782 -0.1734
vn -0.1405 -0.9174 -0.3723
vn 0.0700 -0.9132 -0.4015
vn -0.8282 -0.4913 -0.2696
vn -0.6982 -0.6531 -0.2933
vn -0.7109 -0.6972 -0.0925
vn -0.7218 -0.6874 -0.0805
vn -0.8542 -0.5146 -0.0743
vn -0.8356 -0.4830 -0.2616
vn 0.0938 -0.9954 0.0194
vn -0.1199 -0.9928 -0.0058
vn -0.0963 -0.9740 -0.2052
vn 0.0141 -0.9754 -0.2201
vn 0.2320 -0.9563 -0.1781
vn 0.1995 -0.9798 0.0100
vn 0.9957 -0.0915 0.0144
vn 0.9913 -0.0399 0.1252
vn 0.9553 -0.2150 0.2030
vn 0.9539 -0.2228 0.2012
vn 0.9688 -0.2440 0.0429
vn 0.9946 -0.1037 0.0102
vn 0.9338 -0.3470 0.0877
vn 0.9902 -0.1392 0.0112
vn 0.9775 -0.1317 0.1649
vn 0.9869 -0.1053 0.1223
vn 0.9309 -0.2806 0.2340
vn 0.9449 -0.3228 0.0547
vn 0.9929 -0.0116 0.1185
vn 0.9568 -0.1578 0.2443
vn 0.9708 -0.2310 0.0649
vn 0.9631 -0.2495 0.1013
vn 0.9967 -0.0768 0.0261
vn 0.9870 -0.0288 0.1583
vn 0.7216 -0.6205 0.3070
vn 0.7054 -0.6996 0.1142
vn 0.8370 -0.5449 0.0505
vn 0.8530 -0.5208 0.0350
vn 0.8633 -0.4526 0.2234
vn 0.7487 -0.5921 0.2981
vn 0.9632 -0.2214 0.1526
vn 0.8863 -0.4139 0.2079
vn 0.8947 -0.4463 0.0155
vn 0.8915 -0.4521 0.0284
vn 0.9731 -0.2304 -0.0042
vn 0.9575 -0.2307 0.1730
vn 0.7528 -0.6560 -0.0542
vn 0.8802 -0.4729 -0.0400
vn 0.8599 -0.4887 0.1473
vn 0.8390 -0.5239 0.1470
vn 0.7061 -0.6925 0.1482
vn 0.7215 -0.6907 -0.0483
vn 0.9440 -0.3250 -0.0573
vn 0.9906 -0.1307 -0.0405
vn 0.9901 -0.1179 0.0757
vn 0.9897 -0.1201 0.0778
vn 0.9407 -0.3239 0.1009
vn 0.9431 -0.3285 -0.0520
vn 0.9289 -0.3158 0.1936
vn 0.9419 -0.3357 0.0130
vn 0.9907 -0.1333 -0.0282
vn 0.9906 -0.1335 -0.0292
vn 0.9883 -0.1119 0.1039
vn 0.9293 -0.3147 0.1933
vn 0.9916 -0.1248 -0.0354
vn 0.9919 -0.1060 0.0696
vn 0.9721 -0.2224 0.0750
vn 0.9731 -0.2165 0.0792
vn 0.9715 -0.2345 -0.0360
vn 0.9925 -0.1180 -0.0307
vn 0.9283 -0.1816 -0.3246
vn 0.9782 -0.0682 -0.1962
vn 0.9862 -0.1640 -0.0247
vn 0.9845 -0.1737 -0.0255
vn 0.9404 -0.3060 -0.1483
vn 0.9252 -0.1993 -0.3231
vn 0.9504 -0.3078 -0.0448
vn 0.9381 -0.2663 -0.2214
vn 0.9859 -0.1203 -0.1159
vn 0.9768 -0.1456 -0.1568
vn 0.9876 -0.1544 -0.0272
vn 0.9407 -0.3301 -0.0786
vn 0.9865 -0.0272 -0.1613
vn 0.9962 -0.0728 -0.0472
vn 0.9609 -0.2530 -0.1129
vn 0.9688 -0.2342 -0.0810
vn 0.9559 -0.1529 -0.2507
vn 0.9920 -0.0117 -0.1255
vn 0.9706 -0.2342 0.0563
vn 0.8930 -0.4483 0.0391
vn 0.8974 -0.4243 -0.1208
vn 0.8985 -0.4207 -0.1253
vn 0.9715 -0.2234 -0.0790
vn 0.9703 -0.2350 0.0572
vn 0.9614 -0.2187 -0.1672
vn 0.9718 -0.2355 -0.0113
vn 0.8994 -0.4361 -0.0315
vn 0.8978 -0.4385 -0.0405
vn 0.8909 -0.3993 -0.2163
vn 0.9614 -0.2188 -0.1668
vn 0.7488 -0.6610 0.0481
vn 0.7427 -0.6542 -0.1428
vn 0.8724 -0.4700 -0.1342
vn 0.8750 -0.4664 -0.1300
vn 0.8795 -0.4752 0.0276
vn 0.7547 -0.6536 0.0567
vn 0.7442 -0.6380 -0.1977
vn 0.7345 -0.5376 -0.4143
vn 0.8524 -0.3912 -0.3468
vn 0.8536 -0.3902 -0.3450
vn 0.8735 -0.4672 -0.1367
vn 0.7512 -0.6335 -0.1852
vn 0.9623 -0.2710 -0.0239
vn 0.8912 -0.4415 -0.1036
vn 0.8881 -0.3367 -0.3129
vn 0.8886 -0.3342 -0.3142
vn 0.9562 -0.2118 -0.2019
vn 0.9599 -0.2793 -0.0244
vn 0.7507 -0.4105 -0.5176
vn 0.8514 -0.3264 -0.4107
vn 0.8441 -0.4703 -0.2577
vn 0.8515 -0.4572 -0.2567
vn 0.7318 -0.5807 -0.3568
vn 0.7490 -0.4130 -0.5180
vn -0.8739 -0.2786 0.3983
vn -0.9453 -0.1757 0.2747
vn -0.9466 -0.2964 0.1273
vn -0.9520 -0.2795 0.1252
vn -0.8756 -0.4279 0.2243
vn -0.8743 -0.2777 0.3981
vn -0.8866 -0.4458 0.1233
vn -0.8757 -0.3744 0.3048
vn -0.9490 -0.2178 0.2281
vn -0.9522 -0.2131 0.2190
vn -0.9649 -0.2544 0.0654
vn -0.8928 -0.4387 0.1022
vn -0.9711 -0.1179 0.2077
vn -0.9859 -0.1489 0.0767
vn -0.9439 -0.3046 0.1277
vn -0.9411 -0.3092 0.1367
vn -0.9325 -0.2108 0.2934
vn -0.9705 -0.1196 0.2092
vn -0.8448 -0.5323 -0.0546
vn -0.7058 -0.7081 -0.0222
vn -0.7155 -0.6762 0.1755
vn -0.7203 -0.6706 0.1776
vn -0.8581 -0.4951 0.1361
vn -0.8455 -0.5309 -0.0572
vn -0.8397 -0.4765 0.2605
vn -0.8559 -0.5119 0.0740
vn -0.7209 -0.6885 0.0792
vn -0.7164 -0.6918 0.0909
vn -0.7031 -0.6480 0.2929
vn -0.8373 -0.4770 0.2672
vn 0.1992 -0.9798 -0.0189
vn 0.2281 -0.9572 0.1781
vn 0.0190 -0.9753 0.2201
vn -0.0936 -0.9745 0.2039
vn -0.1189 -0.9929 0.0071
vn 0.0926 -0.9953 -0.0284
vn 0.1606 -0.9191 0.3599
vn 0.1938 -0.8111 0.5519
vn -0.0111 -0.8096 0.5869
vn -0.0252 -0.8128 0.5820
vn -0.0515 -0.9209 0.3863
vn 0.1516 -0.9210 0.3590
vn -0.8369 -0.5223 0.1638
vn -0.6980 -0.6746 0.2401
vn -0.7042 -0.5560 0.4415
vn -0.6854 -0.5719 0.4508
vn -0.8213 -0.4462 0.3556
vn -0.8167 -0.5510 0.1715
vn 0.0916 -0.6559 0.7493
vn -0.1015 -0.6759 0.7300
vn -0.0771 -0.8314 0.5503
vn -0.0106 -0.8365 0.5478
vn 0.1954 -0.8081 0.5558
vn 0.1565 -0.6530 0.7410
vn -0.9891 0.1465 0.0157
vn -0.9809 0.1079 0.1621
vn -0.9314 0.2825 0.2296
vn -0.9326 0.2704 0.2389
vn -0.9407 0.3313 0.0734
vn -0.9913 0.1291 0.0266
vn -0.8973 0.4292 0.1035
vn -0.9645 0.2548 0.0694
vn -0.9509 0.2121 0.2252
vn -0.9474 0.2170 0.2353
vn -0.8815 0.3627 0.3024
vn -0.8915 0.4370 0.1194
vn -0.9711 0.1206 0.2058
vn -0.9302 0.2169 0.2961
vn -0.9376 0.3189 0.1384
vn -0.9399 0.3159 0.1298
vn -0.9856 0.1501 0.0779
vn -0.9706 0.1195 0.2091
vn -0.3447 0.8505 0.3972
vn -0.3369 0.9231 0.1856
vn -0.5245 0.8388 0.1459
vn -0.4380 0.8863 0.1505
vn -0.4534 0.8225 0.3433
vn -0.2630 0.8758 0.4047
vn -0.8559 0.4513 0.2524
vn -0.7629 0.5848 0.2756
vn -0.7778 0.6232 0.0821
vn -0.7786 0.6229 0.0766
vn -0.8696 0.4893 0.0658
vn -0.8562 0.4532 0.2481
vn -0.4004 0.9156 -0.0369
vn -0.5813 0.8137 -0.0055
vn -0.5542 0.8122 0.1823
vn -0.5293 0.8281 0.1846
vn -0.3380 0.9222 0.1878
vn -0.3616 0.9321 -0.0218
vn -0.8986 0.4343 -0.0623
vn -0.9711 0.2326 -0.0531
vn -0.9649 0.2302 0.1263
vn -0.9637 0.2332 0.1298
vn -0.8937 0.4304 0.1265
vn -0.8968 0.4387 -0.0577
vn -0.8949 0.3877 0.2209
vn -0.8933 0.4478 0.0376
vn -0.9675 0.2530 -0.0013
vn -0.9640 0.2656 -0.0104
vn -0.9631 0.2153 0.1613
vn -0.8930 0.3947 0.2160
vn -0.9913 0.1086 -0.0741
vn -0.9903 0.0963 0.1002
vn -0.9410 0.3163 0.1205
vn -0.9417 0.3124 0.1246
vn -0.9422 0.3307 -0.0537
vn -0.9923 0.1034 -0.0688
vn -0.8824 0.2700 -0.3853
vn -0.9432 0.1819 -0.2779
vn -0.9424 0.3081 -0.1307
vn -0.9493 0.2851 -0.1323
vn -0.8839 0.4146 -0.2164
vn -0.8845 0.2613 -0.3865
vn -0.8908 0.4386 -0.1189
vn -0.8841 0.3604 -0.2975
vn -0.9457 0.2193 -0.2400
vn -0.9497 0.2143 -0.2285
vn -0.9637 0.2573 -0.0708
vn -0.8966 0.4304 -0.1040
vn -0.9707 0.1246 -0.2055
vn -0.9854 0.1531 -0.0745
vn -0.9383 0.3212 -0.1279
vn -0.9347 0.3257 -0.1424
vn -0.9275 0.2231 -0.3000
vn -0.9703 0.1262 -0.2062
vn -0.8592 0.5088 0.0537
vn -0.7694 0.6381 0.0296
vn -0.7819 0.6034 -0.1567
vn -0.7833 0.6020 -0.1552
vn -0.8695 0.4760 -0.1319
vn -0.8586 0.5094 0.0576
vn -0.8547 0.4568 -0.2468
vn -0.8674 0.4932 -0.0651
vn -0.7842 0.6163 -0.0726
vn -0.7840 0.6160 -0.0766
vn -0.7741 0.5745 -0.2660
vn -0.8546 0.4547 -0.2508
vn -0.4076 0.9123 0.0400
vn -0.3938 0.9025 -0.1746
vn -0.5791 0.7963 -0.1750
vn -0.5633 0.8067 -0.1789
vn -0.5812 0.8137 0.0097
vn -0.4025 0.9141 0.0495
vn -0.3535 0.8760 -0.3282
vn -0.3247 0.7742 -0.5434
vn -0.5195 0.6891 -0.5053
vn -0.5469 0.6741 -0.4964
vn -0.5771 0.7597 -0.2998
vn -0.3952 0.8654 -0.3082
vn -0.8568 0.4909 -0.1578
vn -0.7719 0.6006 -0.2086
vn -0.7800 0.4838 -0.3970
vn -0.7794 0.4869 -0.3944
vn -0.8617 0.3911 -0.3233
vn -0.8519 0.5009 -0.1527
vn -0.3386 0.5884 -0.7342
vn -0.5218 0.5587 -0.6447
vn -0.5017 0.7280 -0.4672
vn -0.5158 0.7191 -0.4657
vn -0.3220 0.7812 -0.5348
vn -0.3393 0.5911 -0.7318
vn 0.9340 0.1780 0.3096
vn 0.9824 0.0589 0.1775
vn 0.9904 0.1382 -0.0018
vn 0.9892 0.1462 0.0021
vn 0.9385 0.3115 0.1491
vn 0.9297 0.1989 0.3100
vn 0.9491 0.3110 0.0502
vn 0.9357 0.2588 0.2399
vn 0.9905 0.0766 0.1139
vn 0.9813 0.1079 0.1594
vn 0.9939 0.1101 0.0065
vn 0.9369 0.3386 0.0866
vn 0.9858 0.0345 0.1644
vn 0.9966 0.0721 0.0393
vn 0.9619 0.2409 0.1290
vn 0.9753 0.2101 0.0687
vn 0.9584 0.1516 0.2417
vn 0.9950 0.0060 0.0993
vn 0.9777 0.2044 -0.0489
vn 0.8788 0.4764 -0.0283
vn 0.8837 0.4433 0.1506
vn 0.8776 0.4589 0.1387
vn 0.9769 0.2001 0.0758
vn 0.9713 0.2273 -0.0696
vn 0.9635 0.1998 0.1780
vn 0.9769 0.2133 0.0145
vn 0.8788 0.4758 0.0372
vn 0.8802 0.4728 0.0402
vn 0.8767 0.4226 0.2298
vn 0.9668 0.1941 0.1664
vn 0.6532 0.7562 -0.0388
vn 0.6459 0.7444 0.1693
vn 0.8149 0.5546 0.1684
vn 0.8198 0.5476 0.1678
vn 0.8319 0.5547 -0.0140
vn 0.6659 0.7442 -0.0520
vn 0.6869 0.6866 0.2380
vn 0.6850 0.5688 0.4552
vn 0.8266 0.4058 0.3899
vn 0.8005 0.4437 0.4029
vn 0.8131 0.5463 0.2008
vn 0.6576 0.7143 0.2394
vn 0.9668 0.2545 0.0246
vn 0.8748 0.4666 0.1301
vn 0.8809 0.3406 0.3287
vn 0.8802 0.3436 0.3275
vn 0.9581 0.1886 0.2155
vn 0.9626 0.2701 0.0207
vn 0.7017 0.4240 0.5726
vn 0.8398 0.3246 0.4351
vn 0.8209 0.4899 0.2934
vn 0.8306 0.4751 0.2905
vn 0.6822 0.6164 0.3934
vn 0.6997 0.4287 0.5715
vn 0.9290 0.3036 -0.2116
vn 0.9863 0.1498 -0.0685
vn 0.9876 0.0027 -0.1571
vn 0.9857 0.0020 -0.1686
vn 0.9265 0.1231 -0.3557
vn 0.9236 0.3005 -0.2378
vn 0.9319 0.0457 -0.3599
vn 0.9241 0.2221 -0.3108
vn 0.9865 0.1206 -0.1108
vn 0.9853 0.1263 -0.1147
vn 0.9905 -0.0069 -0.1376
vn 0.9308 0.0454 -0.3626
vn 0.9911 0.1263 -0.0412
vn 0.9960 0.0332 -0.0824
vn 0.9616 0.0810 -0.2621
vn 0.9660 0.0640 -0.2504
vn 0.9607 0.2213 -0.1673
vn 0.9942 0.1031 -0.0304
vn 0.9561 -0.0762 -0.2829
vn 0.8608 -0.0553 -0.5059
vn 0.8646 0.1230 -0.4872
vn 0.8675 0.1318 -0.4796
vn 0.9615 0.0823 -0.2622
vn 0.9571 -0.0730 -0.2804
vn 0.9538 0.1481 -0.2613
vn 0.9611 -0.0172 -0.2758
vn 0.8671 -0.0007 -0.4982
vn 0.8656 0.0044 -0.5008
vn 0.8617 0.1944 -0.4687
vn 0.9543 0.1462 -0.2606
vn 0.6497 -0.0539 -0.7583
vn 0.6276 0.1367 -0.7664
vn 0.7773 0.1322 -0.6151
vn 0.7750 0.1336 -0.6176
vn 0.7890 -0.0474 -0.6126
vn 0.6514 -0.0583 -0.7565
vn 0.6512 0.1746 -0.7386
vn 0.6386 0.3987 -0.6582
vn 0.7921 0.3328 -0.5118
vn 0.7813 0.3427 -0.5217
vn 0.7965 0.1385 -0.5886
vn 0.6473 0.1723 -0.7425
vn 0.9525 0.0138 -0.3042
vn 0.8616 0.1013 -0.4973
vn 0.8670 0.2912 -0.4043
vn 0.8713 0.2974 -0.3904
vn 0.9546 0.1839 -0.2344
vn 0.9537 0.0165 -0.3004
vn 0.6753 0.5435 -0.4987
vn 0.8201 0.4053 -0.4040
vn 0.7984 0.2292 -0.5568
vn 0.7916 0.2346 -0.5642
vn 0.6417 0.3414 -0.6867
vn 0.6568 0.5448 -0.5214
vn -0.9868 0.0025 -0.1619
vn -0.9802 0.1536 -0.1250
vn -0.9298 0.2218 -0.2938
vn -0.9301 0.2243 -0.2910
vn -0.9358 0.0570 -0.3479
vn -0.9885 0.0095 -0.1508
vn -0.8785 0.0795 -0.4711
vn -0.9573 0.0537 -0.2841
vn -0.9453 0.2147 -0.2456
vn -0.9434 0.2205 -0.2478
vn -0.8737 0.2794 -0.3981
vn -0.8738 0.0936 -0.4772
vn -0.9710 0.1925 -0.1418
vn -0.9276 0.2863 -0.2398
vn -0.9345 0.1219 -0.3345
vn -0.9375 0.1104 -0.3300
vn -0.9840 0.0615 -0.1674
vn -0.9716 0.1902 -0.1409
vn -0.0972 0.3249 -0.9408
vn -0.0622 0.1315 -0.9894
vn -0.2442 0.1212 -0.9621
vn -0.3143 0.1206 -0.9416
vn -0.3575 0.2946 -0.8862
vn -0.1774 0.3323 -0.9263
vn -0.7974 0.2563 -0.5463
vn -0.6866 0.2516 -0.6821
vn -0.6845 0.0654 -0.7260
vn -0.6733 0.0640 -0.7366
vn -0.8000 0.0665 -0.5963
vn -0.7887 0.2535 -0.5600
vn 0.0675 -0.0444 -0.9967
vn -0.1073 -0.0112 -0.9942
vn -0.1037 0.1809 -0.9780
vn -0.2351 0.1743 -0.9562
vn -0.0613 0.1456 -0.9874
vn -0.0639 -0.0487 -0.9968
vn -0.8776 -0.0715 -0.4740
vn -0.9634 -0.0602 -0.2611
vn -0.9561 0.1270 -0.2642
vn -0.9555 0.1279 -0.2657
vn -0.8695 0.1245 -0.4780
vn -0.8756 -0.0664 -0.4785
vn -0.8756 0.2123 -0.4340
vn -0.8690 0.0297 -0.4939
vn -0.9582 -0.0136 -0.2856
vn -0.9554 -0.0200 -0.2945
vn -0.9569 0.1543 -0.2460
vn -0.8754 0.2116 -0.4346
vn -0.9881 -0.0830 -0.1293
vn -0.9888 0.0973 -0.1135
vn -0.9358 0.1225 -0.3306
vn -0.9364 0.1250 -0.3280
vn -0.9361 -0.0614 -0.3464
vn -0.9890 -0.0787 -0.1249
vn 0.9937 -0.0077 -0.1114
vn 0.9927 -0.1070 -0.0561
vn 0.9541 -0.1837 -0.2366
vn 0.9544 -0.1843 -0.2350
vn 0.9638 -0.0444 -0.2630
vn 0.9942 -0.0100 -0.1070
vn 0.9306 -0.0681 -0.3596
vn 0.9882 -0.0090 -0.1526
vn 0.9795 -0.1472 -0.1376
vn 0.9824 -0.1340 -0.1298
vn 0.9224 -0.2365 -0.3053
vn 0.9335 -0.0618 -0.3531
vn 0.9928 -0.1182 -0.0194
vn 0.9559 -0.2487 -0.1562
vn 0.9672 -0.0696 -0.2441
vn 0.9579 -0.1090 -0.2655
vn 0.9959 -0.0442 -0.0792
vn 0.9856 -0.1649 -0.0380
vn 0.6769 -0.2692 -0.6850
vn 0.6525 -0.1010 -0.7510
vn 0.7768 -0.0611 -0.6268
vn 0.7800 -0.0594 -0.6229
vn 0.7979 -0.2259 -0.5589
vn 0.6843 -0.2702 -0.6773
vn 0.9488 -0.1638 -0.2701
vn 0.8637 -0.2049 -0.4605
vn 0.8651 -0.0307 -0.5006
vn 0.8673 -0.0243 -0.4972
vn 0.9591 -0.0049 -0.2830
vn 0.9488 -0.1644 -0.2696
vn 0.6532 0.0404 -0.7561
vn 0.7883 0.0144 -0.6151
vn 0.7748 -0.1620 -0.6112
vn 0.7764 -0.1637 -0.6086
vn 0.6527 -0.1529 -0.7420
vn 0.6529 0.0362 -0.7566
vn 0.9322 0.0483 -0.3588
vn 0.9898 0.0435 -0.1356
vn 0.9864 -0.0852 -0.1406
vn 0.9871 -0.0827 -0.1370
vn 0.9287 -0.1070 -0.3551
vn 0.9328 0.0454 -0.3576
vn 0.9248 -0.1782 -0.3363
vn 0.9298 -0.0178 -0.3676
vn 0.9876 0.0309 -0.1536
vn 0.9889 0.0275 -0.1460
vn 0.9866 -0.1048 -0.1250
vn 0.9275 -0.1849 -0.3249
vn 0.9920 0.0465 -0.1174
vn 0.9913 -0.0750 -0.1081
vn 0.9652 -0.0977 -0.2427
vn 0.9639 -0.0927 -0.2494
vn 0.9666 0.0371 -0.2537
vn 0.9913 0.0496 -0.1217
vn -0.9703 0.2387 -0.0399
vn -0.9614 0.2130 -0.1744
vn -0.9838 0.0419 -0.1741
vn -0.9857 0.0371 -0.1646
vn -0.9989 0.0455 -0.0112
vn -0.9719 0.2333 -0.0316
vn -0.9999 -0.0084 -0.0075
vn -0.9838 0.1786 -0.0139
vn -0.9703 0.1657 -0.1762
vn -0.9703 0.1700 -0.1719
vn -0.9828 0.0043 -0.1844
vn -1.0000 -0.0030 -0.0018
vn -0.9569 0.2028 -0.2078
vn -0.9684 0.0658 -0.2407
vn -0.9965 0.0627 -0.0545
vn -0.9962 0.0404 -0.0770
vn -0.9708 0.2259 -0.0802
vn -0.9569 0.1903 -0.2194
vn -0.9886 -0.0653 -0.1356
vn -0.9974 -0.0645 0.0317
vn -0.9949 0.0966 0.0280
vn -0.9950 0.0954 0.0292
vn -0.9859 0.0957 -0.1371
vn -0.9887 -0.0665 -0.1343
vn -0.9816 0.1340 -0.1357
vn -0.9901 -0.0343 -0.1360
vn -0.9987 -0.0402 0.0322
vn -0.9987 -0.0395 0.0329
vn -0.9907 0.1331 0.0290
vn -0.9816 0.1346 -0.1351
vn -0.9959 -0.0656 0.0621
vn -0.9935 0.0952 0.0631
vn -0.9907 0.0974 -0.0950
vn -0.9907 0.0972 -0.0952
vn -0.9934 -0.0641 -0.0956
vn -0.9959 -0.0658 0.0619
vn -0.9977 -0.0075 0.0675
vn -0.9803 0.1863 0.0648
vn -0.9779 0.1840 -0.0994
vn -0.9780 0.1829 -0.1001
vn -0.9954 -0.0077 -0.0952
vn -0.9977 -0.0086 0.0665
vn -0.9915 -0.0034 -0.1297
vn -0.9995 -0.0056 0.0317
vn -0.9830 0.1821 0.0214
vn -0.9830 0.1828 0.0196
vn -0.9752 0.1754 -0.1350
vn -0.9914 -0.0028 -0.1308
vn -0.9671 0.2457 0.0664
vn -0.9655 0.2394 -0.1021
vn -0.9947 0.0328 -0.0974
vn -0.9948 0.0324 -0.0964
vn -0.9972 0.0322 0.0678
vn -0.9671 0.2451 0.0677
vn -0.9675 0.0265 0.2516
vn -0.9591 0.1625 0.2320
vn -0.9835 0.1713 0.0585
vn -0.9859 0.1596 0.0509
vn -0.9984 0.0040 0.0567
vn -0.9693 0.0173 0.2451
vn -1.0000 -0.0024 0.0032
vn -0.9829 0.0035 0.1843
vn -0.9710 0.1680 0.1700
vn -0.9710 0.1634 0.1748
vn -0.9839 0.1783 0.0153
vn -0.9999 -0.0085 0.0096
vn -0.9562 0.1891 0.2233
vn -0.9702 0.2271 0.0849
vn -0.9957 0.0402 0.0835
vn -0.9962 0.0671 0.0560
vn -0.9684 0.0684 0.2397
vn -0.9564 0.2079 0.2052
vn -0.9889 0.1354 -0.0607
vn -0.9974 -0.0358 -0.0630
vn -0.9948 -0.0354 0.0951
vn -0.9949 -0.0363 0.0943
vn -0.9862 0.1334 0.0981
vn -0.9890 0.1347 -0.0613
vn -0.9816 0.1342 0.1359
vn -0.9907 0.1334 -0.0281
vn -0.9987 -0.0389 -0.0319
vn -0.9987 -0.0398 -0.0311
vn -0.9900 -0.0342 0.1372
vn -0.9816 0.1336 0.1365
vn -0.9960 -0.0663 -0.0607
vn -0.9932 -0.0644 0.0970
vn -0.9906 0.0966 0.0966
vn -0.9906 0.0972 0.0959
vn -0.9935 0.0952 -0.0624
vn -0.9960 -0.0656 -0.0614
vn -0.9974 -0.0716 0.0039
vn -0.9790 -0.0659 0.1930
vn -0.9769 0.1004 0.1885
vn -0.9771 0.1017 0.1870
vn -0.9955 0.0944 0.0009
vn -0.9975 -0.0701 0.0023
vn -0.9916 0.1292 0.0078
vn -0.9994 -0.0355 0.0019
vn -0.9821 -0.0304 0.1858
vn -0.9819 -0.0284 0.1871
vn -0.9745 0.1288 0.1839
vn -0.9913 0.1313 0.0096
vn -0.9643 -0.0714 0.2549
vn -0.9621 0.0997 0.2537
vn -0.9939 0.0990 0.0487
vn -0.9940 0.0981 0.0483
vn -0.9967 -0.0681 0.0448
vn -0.9644 -0.0723 0.2545
vn -0.9668 -0.0261 -0.2543
vn -0.9586 -0.1635 -0.2330
vn -0.9838 -0.1700 -0.0563
vn -0.9857 -0.1604 -0.0507
vn -0.9985 -0.0050 -0.0549
vn -0.9682 -0.0184 -0.2495
vn -1.0000 0.0016 -0.0016
vn -0.9829 -0.0050 -0.1840
vn -0.9706 -0.1694 -0.1711
vn -0.9706 -0.1652 -0.1753
vn -0.9839 -0.1783 -0.0129
vn -0.9999 0.0071 -0.0072
vn -0.9556 -0.1968 -0.2191
vn -0.9691 -0.2335 -0.0798
vn -0.9963 -0.0408 -0.0750
vn -0.9966 -0.0616 -0.0540
vn -0.9682 -0.0649 -0.2414
vn -0.9558 -0.2081 -0.2077
vn -0.9890 -0.1346 0.0613
vn -0.9974 0.0348 0.0635
vn -0.9950 0.0346 -0.0940
vn -0.9950 0.0354 -0.0933
vn -0.9865 -0.1328 -0.0963
vn -0.9891 -0.1339 0.0619
vn -0.9818 -0.1335 -0.1348
vn -0.9907 -0.1326 0.0291
vn -0.9988 0.0381 0.0322
vn -0.9988 0.0382 0.0321
vn -0.9902 0.0329 -0.1358
vn -0.9818 -0.1336 -0.1347
vn -0.9960 0.0650 0.0618
vn -0.9934 0.0634 -0.0956
vn -0.9908 -0.0971 -0.0946
vn -0.9908 -0.0972 -0.0946
vn -0.9935 -0.0953 0.0630
vn -0.9960 0.0649 0.0619
vn -0.9975 0.0707 -0.0030
vn -0.9791 0.0656 -0.1925
vn -0.9770 -0.1015 -0.1878
vn -0.9771 -0.1024 -0.1866
vn -0.9955 -0.0947 0.0003
vn -0.9976 0.0696 -0.0018
vn -0.9916 -0.1291 -0.0063
vn -0.9994 0.0344 -0.0009
vn -0.9822 0.0290 -0.1855
vn -0.9821 0.0273 -0.1865
vn -0.9745 -0.1292 -0.1835
vn -0.9914 -0.1308 -0.0078
vn -0.9635 0.0709 -0.2581
vn -0.9609 -0.1006 -0.2579
vn -0.9940 -0.0988 -0.0460
vn -0.9940 -0.0988 -0.0466
vn -0.9967 0.0681 -0.0434
vn -0.9634 0.0712 -0.2585
vn -0.8787 0.3732 0.2977
vn -0.9453 0.2560 0.2022
vn -0.9435 0.1070 0.3137
vn -0.9460 0.1057 0.3066
vn -0.8689 0.1984 0.4536
vn -0.8754 0.3714 0.3095
vn -0.8746 0.0972 0.4751
vn -0.8693 0.2861 0.4031
vn -0.9455 0.2158 0.2439
vn -0.9471 0.2110 0.2419
vn -0.9593 0.0502 0.2779
vn -0.8792 0.0825 0.4693
vn -0.9709 0.1959 0.1378
vn -0.9843 0.0632 0.1646
vn -0.9388 0.1133 0.3252
vn -0.9378 0.1168 0.3270
vn -0.9304 0.2822 0.2339
vn -0.9720 0.1906 0.1377
vn -0.8307 -0.0752 0.5517
vn -0.6747 -0.0465 0.7366
vn -0.6863 0.1668 0.7079
vn -0.6634 0.1815 0.7259
vn -0.8198 0.1361 0.5563
vn -0.8082 -0.0683 0.5850
vn -0.7991 0.2531 0.5453
vn -0.8181 0.0670 0.5712
vn -0.6627 0.0705 0.7455
vn -0.6597 0.0796 0.7473
vn -0.6597 0.2608 0.7049
vn -0.7984 0.2574 0.5443
vn 0.2868 -0.0367 0.9573
vn 0.3061 0.1525 0.9397
vn 0.1151 0.2089 0.9711
vn 0.1861 0.1983 0.9623
vn 0.1755 -0.0154 0.9844
vn 0.3697 -0.0339 0.9285
vn -0.0577 0.2585 0.9643
vn -0.0541 0.4853 0.8727
vn -0.2395 0.4952 0.8351
vn -0.0548 0.5137 0.8562
vn -0.0610 0.3063 0.9500
vn 0.1218 0.2618 0.9574
vn -0.7999 0.1458 0.5821
vn -0.6574 0.2053 0.7250
vn -0.6876 0.3964 0.6083
vn -0.6931 0.3963 0.6022
vn -0.8146 0.3197 0.4839
vn -0.7995 0.1423 0.5836
vn -0.1166 0.6788 0.7250
vn -0.3112 0.6334 0.7085
vn -0.2599 0.4516 0.8535
vn -0.2471 0.4544 0.8559
vn -0.0557 0.4739 0.8788
vn -0.0908 0.6750 0.7322
vn 0.9908 -0.0002 0.1354
vn 0.9927 0.0918 0.0788
vn 0.9482 0.1668 0.2704
vn 0.9556 0.1819 0.2318
vn 0.9638 0.0482 0.2621
vn 0.9957 0.0179 0.0914
vn 0.9324 0.0577 0.3567
vn 0.9899 0.0137 0.1410
vn 0.9808 0.1495 0.1249
vn 0.9826 0.1416 0.1202
vn 0.9279 0.2284 0.2946
vn 0.9339 0.0556 0.3531
vn 0.9962 0.0828 0.0255
vn 0.9595 0.2181 0.1785
vn 0.9656 0.0487 0.2555
vn 0.9501 0.1114 0.2914
vn 0.9942 0.0554 0.0918
vn 0.9863 0.1543 0.0585
vn 0.6896 0.2615 0.6753
vn 0.6907 0.0935 0.7171
vn 0.8044 0.0396 0.5928
vn 0.8048 0.0433 0.5919
vn 0.8158 0.1963 0.5440
vn 0.6942 0.2677 0.6682
vn 0.9468 0.1562 0.2812
vn 0.8656 0.1901 0.4632
vn 0.8682 0.0251 0.4955
vn 0.8720 0.0041 0.4895
vn 0.9532 -0.0208 0.3018
vn 0.9507 0.1353 0.2792
vn 0.7165 -0.0565 0.6953
vn 0.8209 -0.0477 0.5691
vn 0.8103 0.1234 0.5728
vn 0.8059 0.1246 0.5788
vn 0.6897 0.1352 0.7113
vn 0.7108 -0.0554 0.7012
vn 0.9338 -0.0545 0.3537
vn 0.9905 -0.0489 0.1286
vn 0.9864 0.0944 0.1342
vn 0.9857 0.0973 0.1373
vn 0.9257 0.1110 0.3616
vn 0.9323 -0.0476 0.3587
vn 0.9285 0.1429 0.3426
vn 0.9269 -0.0118 0.3752
vn 0.9863 -0.0565 0.1552
vn 0.9871 -0.0546 0.1506
vn 0.9889 0.0839 0.1223
vn 0.9310 0.1503 0.3326
vn 0.9886 -0.0512 0.1414
vn 0.9903 0.0723 0.1187
vn 0.9593 0.0913 0.2672
vn 0.9610 0.0955 0.2596
vn 0.9629 -0.0450 0.2661
vn 0.9905 -0.0437 0.1303
vn -0.9869 -0.0041 0.1610
vn -0.9804 -0.1533 0.1240
vn -0.9321 -0.2204 0.2875
vn -0.9327 -0.2232 0.2833
vn -0.9393 -0.0561 0.3386
vn -0.9886 -0.0114 0.1500
vn -0.8782 -0.0833 0.4710
vn -0.9597 -0.0513 0.2761
vn -0.9470 -0.2131 0.2405
vn -0.9463 -0.2143 0.2421
vn -0.8693 -0.2854 0.4036
vn -0.8741 -0.0961 0.4762
vn -0.9717 -0.1920 0.1377
vn -0.9329 -0.2779 0.2289
vn -0.9393 -0.1105 0.3248
vn -0.9397 -0.1108 0.3236
vn -0.9843 -0.0613 0.1655
vn -0.9698 -0.2009 0.1383
vn 0.3023 -0.3203 0.8978
vn 0.3432 -0.1481 0.9275
vn 0.1417 -0.1267 0.9818
vn -0.0265 -0.1443 0.9892
vn -0.0571 -0.3204 0.9455
vn 0.1409 -0.3397 0.9299
vn -0.7843 -0.2610 0.5628
vn -0.6310 -0.2670 0.7284
vn -0.6402 -0.0861 0.7634
vn -0.6602 -0.0753 0.7473
vn -0.8193 -0.0697 0.5691
vn -0.7996 -0.2518 0.5452
vn 0.3709 0.0248 0.9284
vn 0.1746 0.0148 0.9845
vn 0.1893 -0.2041 0.9605
vn 0.1492 -0.2144 0.9653
vn 0.3429 -0.1616 0.9254
vn 0.3168 0.0278 0.9481
vn -0.8852 0.0752 0.4591
vn -0.9652 0.0607 0.2543
vn -0.9593 -0.1207 0.2552
vn -0.9580 -0.1247 0.2582
vn -0.8749 -0.1323 0.4659
vn -0.8826 0.0673 0.4653
vn -0.8747 -0.2170 0.4334
vn -0.8755 -0.0362 0.4818
vn -0.9607 0.0126 0.2773
vn -0.9585 0.0171 0.2845
vn -0.9590 -0.1508 0.2398
vn -0.8751 -0.2181 0.4321
vn -0.9886 0.0791 0.1282
vn -0.9887 -0.0971 0.1143
vn -0.9396 -0.1205 0.3203
vn -0.9394 -0.1196 0.3214
vn -0.9385 0.0616 0.3399
vn -0.9887 0.0785 0.1277
vn 0.9854 0.1657 0.0401
vn 0.9819 0.1302 0.1377
vn 0.9803 0.0543 0.1901
vn 0.9891 0.0214 0.1456
vn 0.9933 0.1152 0.0064
vn 0.9907 0.1362 -0.0050
vn 0.9789 0.1643 0.1217
vn 0.9842 0.0680 0.1632
vn 0.9918 0.1187 0.0464
vn 0.9925 0.0635 0.1046
vn 0.9879 0.1449 0.0547
vn 0.9778 0.1054 0.1812
vn 0.9908 0.1310 -0.0350
vn 0.9891 0.1274 0.0734
vn 0.9921 0.1051 0.0688
vn 0.9920 0.1053 0.0693
vn 0.9938 0.1034 -0.0407
vn 0.9908 0.1309 -0.0349
vn 0.9777 0.0241 -0.2087
vn 0.9803 0.1175 -0.1588
vn 0.9821 0.1764 -0.0668
vn 0.9921 0.1226 -0.0256
vn 0.9922 -0.0131 -0.1240
vn 0.9853 -0.0307 -0.1683
vn 0.9816 0.1018 -0.1615
vn 0.9885 0.1411 -0.0544
vn 0.9920 0.0677 -0.1067
vn 0.9921 0.1060 -0.0664
vn 0.9848 0.0516 -0.1660
vn 0.9823 0.1438 -0.1199
vn 0.9829 -0.0506 -0.1770
vn 0.9844 0.0702 -0.1613
vn 0.9923 0.0739 -0.0996
vn 0.9937 0.0657 -0.0905
vn 0.9942 -0.0511 -0.0948
vn 0.9842 -0.0592 -0.1669
vn 0.9761 -0.0321 0.2150
vn 0.9780 -0.1306 0.1627
vn 0.9781 -0.1998 0.0587
vn 0.9904 -0.1376 0.0149
vn 0.9915 0.0085 0.1298
vn 0.9845 0.0303 0.1725
vn 0.9755 -0.1254 0.1809
vn 0.9832 -0.1765 0.0464
vn 0.9911 -0.0754 0.1097
vn 0.9906 -0.1240 0.0582
vn 0.9831 -0.0620 0.1721
vn 0.9758 -0.1783 0.1266
vn 0.9871 0.0428 0.1543
vn 0.9856 -0.0663 0.1557
vn 0.9919 -0.0641 0.1099
vn 0.9890 -0.0776 0.1257
vn 0.9923 0.0387 0.1178
vn 0.9852 0.0299 0.1690
vn 0.9873 -0.1259 0.0968
vn 0.9857 -0.1682 -0.0119
vn 0.9909 -0.1344 -0.0066
vn 0.9890 -0.1478 -0.0113
vn 0.9886 -0.1018 0.1110
vn 0.9862 -0.1388 0.0902
vn 0.9891 0.1042 -0.1036
vn 0.9907 0.1351 0.0186
vn 0.9936 0.1118 0.0167
vn 0.9915 0.1279 0.0241
vn 0.9890 0.1017 -0.1078
vn 0.9882 0.1200 -0.0948
vn 0.9857 0.1085 0.1292
vn 0.9848 -0.0152 0.1730
vn 0.9928 -0.0146 0.1191
vn 0.9887 -0.0292 0.1472
vn 0.9896 0.1035 0.0996
vn 0.9833 0.0937 0.1559
vn -0.8050 -0.1397 0.5765
vn -0.8207 -0.3156 0.4764
vn -0.6823 -0.4127 0.6034
vn -0.6536 -0.4209 0.6290
vn -0.6296 -0.2273 0.7429
vn -0.7868 -0.1536 0.5979
vn 0.1372 -0.2730 0.9522
vn -0.0551 -0.3120 0.9485
vn -0.0261 -0.5149 0.8568
vn 0.1016 -0.5225 0.8465
vn 0.2874 -0.4741 0.8322
vn 0.2579 -0.2711 0.9274
vn -0.7893 -0.4531 0.4144
vn -0.6527 -0.5374 0.5340
vn -0.6647 -0.3168 0.6766
vn -0.6828 -0.3058 0.6635
vn -0.8181 -0.2512 0.5173
vn -0.7985 -0.4499 0.4000
vn 0.9489 0.0378 0.3134
vn 0.9498 0.2002 0.2404
vn 0.8778 0.2991 0.3743
vn 0.8737 0.2949 0.3869
vn 0.8663 0.0992 0.4896
vn 0.9481 0.0361 0.3159
vn 0.6922 0.1633 0.7030
vn 0.8162 0.1273 0.5635
vn 0.8007 0.3397 0.4935
vn 0.8134 0.3273 0.4809
vn 0.6775 0.3946 0.6207
vn 0.6957 0.1648 0.6991
vn 0.9458 0.2483 0.2091
vn 0.8753 0.3511 0.3325
vn 0.8766 0.1532 0.4562
vn 0.8767 0.1537 0.4559
vn 0.9478 0.0743 0.3101
vn 0.9432 0.2569 0.2108
vn -0.8760 0.2173 0.4306
vn -0.9587 0.1524 0.2400
vn -0.9580 -0.0210 0.2860
vn -0.9604 -0.0160 0.2783
vn -0.8756 0.0332 0.4819
vn -0.8759 0.2169 0.4311
vn -0.8836 -0.0688 0.4631
vn -0.8753 0.1292 0.4660
vn -0.9581 0.1239 0.2582
vn -0.9581 0.1246 0.2578
vn -0.9654 -0.0600 0.2539
vn -0.8852 -0.0721 0.4597
vn -0.9835 0.1327 0.1227
vn -0.9912 -0.0260 0.1301
vn -0.9418 -0.0159 0.3358
vn -0.9403 -0.0089 0.3403
vn -0.9344 0.1587 0.3191
vn -0.9822 0.1390 0.1263
vn -0.9914 0.0015 -0.1312
vn -0.9753 -0.1751 -0.1346
vn -0.9830 -0.1827 0.0196
vn -0.9831 -0.1815 0.0220
vn -0.9995 0.0043 0.0317
vn -0.9916 0.0027 -0.1295
vn -0.9978 0.0069 0.0657
vn -0.9955 0.0064 -0.0948
vn -0.9782 -0.1824 -0.0992
vn -0.9781 -0.1831 -0.0987
vn -0.9805 -0.1855 0.0641
vn -0.9978 0.0061 0.0664
vn -0.9608 -0.2339 -0.1491
vn -0.9673 -0.2535 0.0115
vn -0.9989 -0.0360 0.0312
vn -0.9986 -0.0390 0.0351
vn -0.9912 -0.0312 -0.1288
vn -0.9609 -0.2361 -0.1449
vn -0.9913 -0.0031 0.1317
vn -0.9753 0.1748 0.1353
vn -0.9829 0.1831 -0.0184
vn -0.9831 0.1821 -0.0206
vn -0.9995 -0.0056 -0.0309
vn -0.9915 -0.0040 0.1303
vn -0.9978 -0.0085 -0.0655
vn -0.9953 -0.0080 0.0964
vn -0.9779 0.1828 0.1013
vn -0.9778 0.1838 0.1007
vn -0.9804 0.1864 -0.0637
vn -0.9978 -0.0074 -0.0664
vn -0.9623 0.2282 0.1481
vn -0.9684 0.2492 -0.0117
vn -0.9989 0.0359 -0.0305
vn -0.9986 0.0390 -0.0344
vn -0.9911 0.0305 0.1292
vn -0.9624 0.2300 0.1444
vn -0.9914 0.1307 -0.0081
vn -0.9743 0.1297 -0.1840
vn -0.9821 -0.0284 -0.1860
vn -0.9822 -0.0297 -0.1856
vn -0.9994 -0.0358 -0.0008
vn -0.9916 0.1295 -0.0071
vn -0.9975 -0.0702 -0.0010
vn -0.9955 0.0949 0.0002
vn -0.9770 0.1032 -0.1866
vn -0.9768 0.1015 -0.1886
vn -0.9790 -0.0664 -0.1925
vn -0.9974 -0.0721 -0.0030
vn -0.9589 0.1466 -0.2429
vn -0.9648 -0.0190 -0.2623
vn -0.9979 -0.0404 -0.0499
vn -0.9978 -0.0424 -0.0512
vn -0.9911 0.1262 -0.0432
vn -0.9591 0.1451 -0.2430
vn 0.9480 -0.0393 -0.3158
vn 0.9458 -0.2088 -0.2486
vn 0.8764 -0.2989 -0.3776
vn 0.8742 -0.2949 -0.3858
vn 0.8631 -0.1152 -0.4917
vn 0.9479 -0.0370 -0.3165
vn 0.6876 -0.1825 -0.7027
vn 0.7965 -0.1622 -0.5825
vn 0.7893 -0.3563 -0.5000
vn 0.8262 -0.3399 -0.4492
vn 0.7298 -0.3853 -0.5648
vn 0.7250 -0.1751 -0.6662
vn 0.9387 -0.2797 -0.2015
vn 0.8778 -0.3586 -0.3176
vn 0.8763 -0.1802 -0.4467
vn 0.8767 -0.1821 -0.4452
vn 0.9453 -0.1088 -0.3075
vn 0.9355 -0.2903 -0.2015
vn -0.8162 0.1344 -0.5619
vn -0.8377 0.3026 -0.4547
vn -0.7385 0.3684 -0.5647
vn -0.7174 0.3785 -0.5848
vn -0.6854 0.1972 -0.7009
vn -0.8027 0.1483 -0.5777
vn -0.1817 0.2547 -0.9498
vn -0.3571 0.2767 -0.8922
vn -0.3460 0.4795 -0.8065
vn -0.3803 0.4705 -0.7962
vn -0.1920 0.4753 -0.8586
vn -0.2068 0.2551 -0.9445
vn -0.8319 0.4130 -0.3706
vn -0.7456 0.4757 -0.4666
vn -0.7445 0.2692 -0.6109
vn -0.7401 0.2714 -0.6153
vn -0.8350 0.2339 -0.4981
vn -0.8234 0.4230 -0.3784
vn 0.9287 0.1663 -0.3314
vn 0.9894 0.0924 -0.1122
vn 0.9892 -0.0379 -0.1413
vn 0.9890 -0.0384 -0.1428
vn 0.9297 -0.0017 -0.3683
vn 0.9275 0.1608 -0.3375
vn 0.9303 -0.0646 -0.3611
vn 0.9289 0.0921 -0.3588
vn 0.9882 0.0805 -0.1303
vn 0.9887 0.0782 -0.1281
vn 0.9895 -0.0530 -0.1343
vn 0.9315 -0.0708 -0.3569
vn 0.9926 0.0943 -0.0758
vn 0.9930 -0.0249 -0.1152
vn 0.9673 -0.0282 -0.2522
vn 0.9646 -0.0155 -0.2631
vn 0.9633 0.1140 -0.2429
vn 0.9908 0.1048 -0.0860
vn 0.9315 0.3073 0.1944
vn 0.9913 0.0811 0.1041
vn 0.9956 0.0909 -0.0226
vn 0.9965 0.0823 -0.0164
vn 0.9431 0.3306 0.0349
vn 0.9333 0.2982 0.2001
vn 0.9410 0.3339 -0.0546
vn 0.9427 0.3225 0.0851
vn 0.9961 0.0712 0.0526
vn 0.9918 0.1021 0.0769
vn 0.9949 0.0943 -0.0369
vn 0.9321 0.3604 -0.0374
vn 0.9934 0.0746 0.0869
vn 0.9949 0.0992 -0.0177
vn 0.9756 0.2196 -0.0009
vn 0.9740 0.2263 0.0103
vn 0.9668 0.2205 0.1294
vn 0.9922 0.0815 0.0945
vn -0.8925 0.3971 -0.2139
vn -0.9626 0.2173 -0.1617
vn -0.9631 0.2687 0.0166
vn -0.9670 0.2548 0.0062
vn -0.8924 0.4497 -0.0371
vn -0.8946 0.3895 -0.2192
vn -0.8982 0.4354 0.0602
vn -0.8929 0.4323 -0.1255
vn -0.9639 0.2333 -0.1286
vn -0.9632 0.2342 -0.1319
vn -0.9713 0.2319 0.0523
vn -0.8986 0.4349 0.0583
vn -0.9855 0.1034 -0.1347
vn -0.9931 0.1155 0.0220
vn -0.9423 0.3347 0.0075
vn -0.9408 0.3389 -0.0015
vn -0.9358 0.3105 -0.1671
vn -0.9845 0.1054 -0.1398
vn -0.8463 0.5095 0.1553
vn -0.8520 0.4030 0.3343
vn -0.7545 0.5045 0.4199
vn -0.7621 0.4956 0.4167
vn -0.7601 0.6133 0.2149
vn -0.8569 0.4920 0.1539
vn -0.2588 0.9012 0.3475
vn -0.4501 0.8258 0.3397
vn -0.4113 0.7319 0.5433
vn -0.4296 0.7256 0.5375
vn -0.2327 0.7863 0.5724
vn -0.2680 0.8966 0.3524
vn -0.8061 0.3562 0.4726
vn -0.6996 0.4522 0.5533
vn -0.7299 0.5835 0.3560
vn -0.7539 0.5649 0.3356
vn -0.8493 0.4512 0.2739
vn -0.8226 0.3370 0.4580
vn -0.8883 -0.4016 0.2226
vn -0.9634 -0.2149 0.1601
vn -0.9649 -0.2627 -0.0077
vn -0.9680 -0.2508 -0.0001
vn -0.8896 -0.4550 0.0391
vn -0.8898 -0.3957 0.2272
vn -0.8933 -0.4456 -0.0597
vn -0.8901 -0.4376 0.1277
vn -0.9645 -0.2320 0.1266
vn -0.9660 -0.2281 0.1216
vn -0.9711 -0.2314 -0.0583
vn -0.8958 -0.4392 -0.0682
vn -0.9859 -0.1003 0.1336
vn -0.9936 -0.1119 -0.0180
vn -0.9483 -0.3175 -0.0028
vn -0.9462 -0.3236 0.0067
vn -0.9408 -0.2960 0.1649
vn -0.9840 -0.1052 0.1436
vn 0.9383 -0.3058 -0.1617
vn 0.9865 -0.1336 -0.0950
vn 0.9870 -0.1565 0.0368
vn 0.9923 -0.1222 0.0189
vn 0.9503 -0.3106 -0.0226
vn 0.9449 -0.2753 -0.1773
vn 0.9530 -0.2995 0.0459
vn 0.9496 -0.3017 -0.0848
vn 0.9917 -0.1101 -0.0659
vn 0.9860 -0.1397 -0.0914
vn 0.9911 -0.1304 0.0282
vn 0.9449 -0.3266 0.0242
vn 0.9900 -0.0931 -0.1058
vn 0.9920 -0.1256 0.0139
vn 0.9679 -0.2514 0.0013
vn 0.9716 -0.2362 0.0168
vn 0.9685 -0.2225 -0.1116
vn 0.9932 -0.0766 -0.0871
vn 0.9582 -0.2849 0.0250
vn 0.9536 -0.2144 0.2116
vn 0.8870 -0.3487 0.3027
vn 0.8877 -0.3488 0.3005
vn 0.8853 -0.4484 0.1232
vn 0.9606 -0.2765 0.0265
vn 0.7508 -0.6323 0.1909
vn 0.8609 -0.4838 0.1575
vn 0.8489 -0.4077 0.3362
vn 0.8494 -0.4064 0.3367
vn 0.7366 -0.5432 0.4030
vn 0.7457 -0.6347 0.2026
vn 0.9400 -0.1712 0.2951
vn 0.8769 -0.2827 0.3887
vn 0.8838 -0.4135 0.2189
vn 0.8899 -0.4126 0.1944
vn 0.9531 -0.2790 0.1176
vn 0.9442 -0.1759 0.2783
vn -0.8904 -0.4427 -0.1057
vn -0.9642 -0.2571 -0.0657
vn -0.9507 -0.2153 -0.2232
vn -0.9475 -0.2200 -0.2321
vn -0.8738 -0.3790 -0.3046
vn -0.8842 -0.4498 -0.1257
vn -0.8762 -0.2795 -0.3926
vn -0.8732 -0.4327 -0.2244
vn -0.9505 -0.2831 -0.1281
vn -0.9447 -0.3013 -0.1293
vn -0.9439 -0.1799 -0.2770
vn -0.8756 -0.2815 -0.3924
vn -0.9894 -0.1450 -0.0113
vn -0.9808 -0.1060 -0.1635
vn -0.9333 -0.2763 -0.2294
vn -0.9343 -0.2673 -0.2357
vn -0.9426 -0.3269 -0.0687
vn -0.9913 -0.1298 -0.0214
vn 0.9314 0.3553 -0.0794
vn 0.9952 0.0972 0.0069
vn 0.9870 0.0869 -0.1350
vn 0.9902 0.0735 -0.1190
vn 0.9253 0.2883 -0.2462
vn 0.9364 0.3428 -0.0752
vn 0.9221 0.2016 -0.3304
vn 0.9278 0.3387 -0.1567
vn 0.9908 0.1349 -0.0096
vn 0.9921 0.1251 -0.0058
vn 0.9843 0.0397 -0.1717
vn 0.9264 0.1840 -0.3286
vn 0.9961 0.0881 -0.0014
vn 0.9931 0.0463 -0.1075
vn 0.9615 0.2075 -0.1799
vn 0.9612 0.2054 -0.1839
vn 0.9736 0.2253 -0.0357
vn 0.9962 0.0875 -0.0014
vn -0.8761 -0.0939 -0.4730
vn -0.8727 -0.2838 -0.3974
vn -0.9439 -0.2204 -0.2460
vn -0.9450 -0.2177 -0.2440
vn -0.9578 -0.0544 -0.2824
vn -0.8802 -0.0824 -0.4674
vn -0.9888 -0.0120 -0.1488
vn -0.9368 -0.0580 -0.3449
vn -0.9309 -0.2264 -0.2866
vn -0.9299 -0.2216 -0.2936
vn -0.9801 -0.1536 -0.1254
vn -0.9865 -0.0026 -0.1636
vn -0.8773 -0.3797 -0.2935
vn -0.9448 -0.2561 -0.2044
vn -0.9407 -0.1081 -0.3216
vn -0.9447 -0.1090 -0.3094
vn -0.8722 -0.1959 -0.4481
vn -0.8748 -0.3802 -0.3002
vn -0.9999 0.0072 0.0098
vn -0.9839 -0.1780 0.0146
vn -0.9712 -0.1625 0.1744
vn -0.9712 -0.1679 0.1688
vn -0.9829 -0.0049 0.1840
vn -1.0000 0.0002 0.0027
vn -0.9688 -0.0172 0.2472
vn -0.9984 -0.0054 0.0561
vn -0.9859 -0.1597 0.0493
vn -0.9833 -0.1724 0.0580
vn -0.9585 -0.1632 0.2336
vn -0.9667 -0.0278 0.2545
vn -0.9677 -0.2482 0.0441
vn -0.9594 -0.2214 0.1749
vn -0.9835 -0.0414 0.1760
vn -0.9860 -0.0338 0.1630
vn -0.9989 -0.0452 0.0121
vn -0.9701 -0.2405 0.0310
vn 0.9357 -0.0277 0.3517
vn 0.9323 -0.2157 0.2902
vn 0.9855 -0.1203 0.1199
vn 0.9760 -0.1621 0.1454
vn 0.9879 -0.0091 0.1546
vn 0.9251 -0.0616 0.3748
vn 0.9926 -0.0171 0.1203
vn 0.9653 -0.0414 0.2577
vn 0.9529 -0.1955 0.2317
vn 0.9511 -0.1917 0.2420
vn 0.9911 -0.1089 0.0762
vn 0.9909 -0.0115 0.1344
vn 0.9364 -0.2914 0.1955
vn 0.9810 -0.1698 0.0935
vn 0.9843 0.0009 0.1765
vn 0.9819 0.0022 0.1895
vn 0.9332 -0.1157 0.3403
vn 0.9312 -0.2908 0.2200
vn 0.9836 0.0202 -0.1795
vn 0.9915 0.0093 -0.1301
vn 0.9897 -0.1390 -0.0338
vn 0.9777 -0.1963 -0.0744
vn 0.9760 -0.1368 -0.1695
vn 0.9749 -0.0392 -0.2190
vn 0.9747 -0.2179 -0.0491
vn 0.9760 -0.1685 -0.1379
vn 0.9776 -0.0679 -0.1994
vn 0.9904 -0.0221 -0.1367
vn 0.9914 -0.1309 0.0009
vn 0.9844 -0.1752 0.0164
vn 0.9556 -0.2945 0.0024
vn 0.9885 -0.1493 0.0245
vn 0.9883 -0.1056 -0.1100
vn 0.9895 -0.0684 -0.1275
vn 0.9654 -0.1939 -0.1745
vn 0.9658 -0.2578 -0.0270
vn 0.9516 -0.3047 0.0401
vn 0.9884 -0.1453 0.0434
vn 0.9880 -0.1356 -0.0737
vn 0.9887 -0.1274 -0.0786
vn 0.9562 -0.2756 -0.0987
vn 0.9541 -0.2982 0.0265
vn 0.9665 -0.1431 -0.2132
vn 0.9908 -0.1023 -0.0888
vn 0.9934 0.0332 -0.1099
vn 0.9872 -0.0217 -0.1578
vn 0.9523 -0.0358 -0.3031
vn 0.9448 -0.1830 -0.2718
vn 0.9524 -0.0843 -0.2928
vn 0.9863 -0.0740 -0.1478
vn 0.9888 0.0461 -0.1420
vn 0.9847 0.0239 -0.1727
vn 0.9454 0.0250 -0.3249
vn 0.9402 -0.0878 -0.3292
vn 0.9694 0.2212 0.1065
vn 0.9923 0.1230 0.0176
vn 0.9922 -0.0076 0.1244
vn 0.9906 0.0164 0.1356
vn 0.9604 0.0801 0.2670
vn 0.9606 0.2423 0.1362
vn 0.9650 0.2552 0.0597
vn 0.9942 0.1078 0.0040
vn 0.9903 0.0107 0.1384
vn 0.9892 -0.0002 0.1468
vn 0.9671 0.1003 0.2337
vn 0.9674 0.2408 0.0784
vn 0.9527 0.3040 0.0020
vn 0.9928 0.1182 -0.0178
vn 0.9906 0.0907 0.1026
vn 0.9915 0.0520 0.1190
vn 0.9638 0.2028 0.1733
vn 0.9636 0.2657 0.0300
vn 0.9481 0.3148 -0.0437
vn 0.9920 0.1200 -0.0398
vn 0.9902 0.1203 0.0706
vn 0.9918 0.0957 0.0843
vn 0.9535 0.2839 0.1015
vn 0.9561 0.2922 -0.0229
vn 0.9758 0.0790 -0.2038
vn 0.9917 -0.0105 -0.1278
vn 0.9967 0.0802 0.0152
vn 0.9953 0.0928 -0.0279
vn 0.9701 0.2340 -0.0648
vn 0.9648 0.0937 -0.2457
vn 0.9657 0.0324 -0.2577
vn 0.9900 -0.0080 -0.1405
vn 0.9923 0.1193 -0.0335
vn 0.9916 0.1276 0.0220
vn 0.9744 0.2177 -0.0567
vn 0.9774 0.0491 -0.2057
vn 0.9496 -0.0092 -0.3132
vn 0.9852 -0.0281 -0.1693
vn 0.9849 0.1044 -0.1382
vn 0.9892 0.1318 -0.0641
vn 0.9680 0.1696 -0.1848
vn 0.9692 0.0292 -0.2447
vn 0.9445 -0.0425 -0.3257
vn 0.9834 -0.0486 -0.1749
vn 0.9838 0.0688 -0.1656
vn 0.9866 0.0822 -0.1407
vn 0.9530 0.0968 -0.2871
vn 0.9520 -0.0149 -0.3058
vn 0.9663 -0.1081 0.2337
vn 0.9894 -0.0049 0.1454
vn 0.9932 -0.1164 -0.0056
vn 0.9933 -0.1158 0.0009
vn 0.9650 -0.2547 0.0620
vn 0.9641 -0.1128 0.2402
vn 0.9594 -0.0647 0.2746
vn 0.9882 -0.0000 0.1534
vn 0.9904 -0.1352 0.0284
vn 0.9906 -0.1365 0.0005
vn 0.9670 -0.2379 0.0918
vn 0.9656 -0.0756 0.2486
vn 0.9443 -0.0076 0.3290
vn 0.9850 0.0202 0.1713
vn 0.9854 -0.1116 0.1284
vn 0.9886 -0.1248 0.0836
vn 0.9601 -0.1866 0.2083
vn 0.9568 -0.0336 0.2887
vn 0.9404 0.0446 0.3372
vn 0.9862 0.0367 0.1616
vn 0.9834 -0.0811 0.1621
vn 0.9858 -0.0915 0.1406
vn 0.9467 -0.1149 0.3010
vn 0.9468 0.0173 0.3215
vn 0.9579 -0.2751 0.0824
vn 0.9920 -0.1113 0.0593
vn 0.9914 -0.1209 -0.0495
vn 0.9891 -0.1437 -0.0313
vn 0.9521 -0.3040 -0.0326
vn 0.9494 -0.2991 0.0962
vn 0.9635 -0.2117 0.1640
vn 0.9919 -0.0716 0.1049
vn 0.9932 -0.1150 -0.0183
vn 0.9924 -0.1225 -0.0078
vn 0.9581 -0.2859 0.0168
vn 0.9597 -0.2218 0.1726
vn 0.9552 0.2836 -0.0848
vn 0.9925 0.1028 -0.0659
vn 0.9930 0.1096 0.0437
vn 0.9922 0.1197 0.0358
vn 0.9486 0.3152 0.0297
vn 0.9514 0.2945 -0.0902
vn 0.9699 0.2006 -0.1383
vn 0.9931 0.0580 -0.1022
vn 0.9961 0.0823 0.0304
vn 0.9933 0.1147 -0.0100
vn 0.9551 0.2949 -0.0303
vn 0.9562 0.2333 -0.1770
vn 0.9436 0.1082 0.3128
vn 0.9871 0.0721 0.1427
vn 0.9857 -0.0464 0.1619
vn 0.9861 -0.0487 0.1586
vn 0.9410 -0.0363 0.3365
vn 0.9439 0.0838 0.3195
vn 0.9615 0.1619 0.2219
vn 0.9907 0.1012 0.0911
vn 0.9907 -0.0327 0.1322
vn 0.9874 -0.0031 0.1584
vn 0.9432 0.0374 0.3302
vn 0.9490 0.1743 0.2629
vn 0.9674 -0.2489 -0.0464
vn 0.9919 -0.1274 0.0020
vn 0.9915 -0.0150 -0.1292
vn 0.9900 0.0064 -0.1410
vn 0.9700 -0.0808 -0.2294
vn 0.9715 -0.2274 -0.0665
vn 0.9732 -0.2075 -0.0988
vn 0.9926 -0.1209 -0.0081
vn 0.9945 0.0155 -0.1035
vn 0.9919 -0.0290 -0.1235
vn 0.9662 -0.0713 -0.2479
vn 0.9584 -0.2520 -0.1340
vn 0.8056 0.2034 -0.5565
vn 0.9969 -0.0521 -0.0592
vn 0.9917 0.0958 0.0859
vn 0.9945 0.0942 0.0449
vn 0.8081 0.4861 -0.3327
vn 0.7814 0.2291 -0.5805
vn 0.8024 0.0880 -0.5903
vn 0.9987 -0.0480 -0.0175
vn 0.9973 0.0608 0.0419
vn 0.9984 0.0543 0.0141
vn 0.8168 0.3043 -0.4901
vn 0.7859 0.1180 -0.6070
vn 0.8005 -0.0330 -0.5984
vn 0.9991 -0.0422 -0.0005
vn 0.9998 0.0121 0.0153
vn 0.9996 0.0264 0.0084
vn 0.8080 0.1606 -0.5668
vn 0.7939 0.0279 -0.6075
vn 0.8049 -0.1650 -0.5700
vn 0.9986 -0.0526 -0.0004
vn 0.9999 -0.0136 0.0022
vn 0.9994 0.0359 0.0012
vn 0.8011 0.0439 -0.5969
vn 0.8007 -0.0749 -0.5943
vn 0.8122 -0.3205 -0.4875
vn 0.9956 -0.0930 0.0102
vn 0.9997 -0.0161 -0.0202
vn 0.9981 0.0543 -0.0302
vn 0.7995 -0.0623 -0.5974
vn 0.8083 -0.2231 -0.5448
vn 0.8063 -0.4919 -0.3285
vn 0.9910 -0.1254 0.0472
vn 0.9985 0.0026 -0.0552
vn 0.9951 0.0597 -0.0787
vn 0.8025 -0.1784 -0.5694
vn 0.8057 -0.4180 -0.4197
vn 0.8157 -0.5450 -0.1938
vn 0.9977 -0.0640 0.0234
vn 0.9935 0.0667 -0.0924
vn 0.9919 0.0387 -0.1209
vn 0.8058 -0.3465 -0.4802
vn 0.7922 -0.5483 -0.2679
vn 0.8143 -0.5751 -0.0784
vn 0.9986 -0.0436 0.0289
vn 0.9971 0.0191 -0.0738
vn 0.9957 -0.0009 -0.0930
vn 0.8185 -0.4879 -0.3032
vn 0.8001 -0.5844 -0.1354
vn 0.8135 -0.5807 0.0313
vn 0.9983 -0.0361 0.0457
vn 0.9994 -0.0126 -0.0335
vn 0.9982 -0.0216 -0.0557
vn 0.8164 -0.5551 -0.1593
vn 0.8061 -0.5913 -0.0245
vn 0.8147 -0.5587 0.1557
vn 0.9971 -0.0287 0.0707
vn 0.9995 -0.0297 -0.0084
vn 0.9987 -0.0342 -0.0366
vn 0.8139 -0.5791 -0.0475
vn 0.8107 -0.5771 0.0986
vn 0.8160 -0.4858 0.3134
vn 0.9946 0.0071 0.1038
vn 0.9989 -0.0475 -0.0048
vn 0.9981 -0.0503 -0.0355
vn 0.8135 -0.5790 0.0550
vn 0.8159 -0.5161 0.2605
vn 0.7985 -0.3539 0.4869
vn 0.9894 0.0585 0.1326
vn 0.9976 -0.0676 -0.0111
vn 0.9967 -0.0647 -0.0482
vn 0.8152 -0.5532 0.1715
vn 0.8099 -0.3932 0.4352
vn 0.8048 -0.2201 0.5513
vn 0.9956 0.0515 0.0780
vn 0.9950 -0.0774 -0.0634
vn 0.9962 -0.0832 -0.0255
vn 0.8057 -0.4829 0.3430
vn 0.7801 -0.2595 0.5692
vn 0.7949 -0.0843 0.6008
vn 0.9967 0.0506 0.0635
vn 0.9984 -0.0553 -0.0082
vn 0.9981 -0.0616 0.0054
vn 0.8110 -0.3291 0.4837
vn 0.7839 -0.1301 0.6071
vn 0.7934 0.0431 0.6071
vn 0.9981 0.0435 0.0437
vn 0.9994 -0.0215 0.0278
vn 0.9984 -0.0449 0.0344
vn 0.7995 -0.1777 0.5737
vn 0.7852 -0.0199 0.6189
vn 0.7993 0.1763 0.5745
vn 0.9990 0.0387 0.0222
vn 0.9993 0.0033 0.0364
vn 0.9979 -0.0489 0.0423
vn 0.7938 -0.0483 0.6062
vn 0.7927 0.0902 0.6029
vn 0.8082 0.3361 0.4835
vn 0.9973 0.0696 -0.0219
vn 0.9991 0.0154 0.0395
vn 0.9964 -0.0666 0.0525
vn 0.7941 0.0729 0.6034
vn 0.8047 0.2394 0.5433
vn 0.8020 0.4971 0.3312
vn 0.9935 0.0916 -0.0672
vn 0.9990 -0.0104 0.0435
vn 0.9939 -0.0846 0.0704
vn 0.7995 0.1903 0.5697
vn 0.8069 0.4155 0.4198
vn 0.8145 0.5445 0.2003
vn 0.9987 0.0322 -0.0389
vn 0.9945 -0.0866 0.0588
vn 0.9933 -0.0652 0.0952
vn 0.8026 0.3564 0.4783
vn 0.7910 0.5467 0.2747
vn 0.8135 0.5772 0.0718
vn 0.9993 0.0117 -0.0354
vn 0.9977 -0.0455 0.0512
vn 0.9965 -0.0323 0.0773
vn 0.8173 0.4849 0.3112
vn 0.8006 0.5845 0.1319
vn 0.8144 0.5787 -0.0429
vn 0.9993 -0.0075 -0.0364
vn 0.9994 -0.0158 0.0292
vn 0.9982 -0.0122 0.0585
vn 0.8156 0.5552 0.1628
vn 0.8096 0.5868 0.0182
vn 0.8186 0.5509 -0.1626
vn 0.9986 -0.0207 -0.0496
vn 1.0000 -0.0036 0.0065
vn 0.9988 -0.0068 0.0488
vn 0.8139 0.5796 0.0400
vn 0.8198 0.5653 -0.0915
vn 0.8206 0.4790 -0.3118
vn 0.9945 -0.0401 -0.0967
vn 0.9999 0.0152 -0.0040
vn 0.9986 0.0081 0.0529
vn 0.8137 0.5777 -0.0644
vn 0.8302 0.5048 -0.2364
vn 0.7992 0.3304 -0.5021
vn 0.9862 -0.0799 -0.1448
vn 0.9987 0.0500 0.0059
vn 0.9972 0.0477 0.0575
vn 0.8116 0.5592 -0.1692
vn 0.8170 0.3678 -0.4442
vn -0.0172 -0.9770 -0.2126
vn 0.2333 -0.9513 -0.2014
vn 0.2910 -0.9104 -0.2942
vn 0.2671 -0.8741 -0.4058
vn -0.0000 -0.8980 -0.4399
vn -0.0341 -0.9756 -0.2168
vn -0.0142 -0.9998 -0.0161
vn 0.2220 -0.9750 -0.0132
vn 0.2486 -0.9657 -0.0749
vn 0.2365 -0.9553 -0.1774
vn -0.0000 -0.9806 -0.1958
vn -0.0280 -0.9994 -0.0196
vn -0.0252 -0.3913 -0.9199
vn 0.2629 -0.3742 -0.8893
vn 0.2571 -0.2653 -0.9293
vn 0.2409 -0.1586 -0.9575
vn -0.0001 -0.1555 -0.9878
vn -0.0499 -0.3849 -0.9216
vn -0.0162 -0.1689 -0.9855
vn 0.2365 -0.1625 -0.9580
vn 0.2389 -0.1080 -0.9650
vn 0.2313 -0.0037 -0.9729
vn -0.0000 0.0051 -1.0000
vn -0.0318 -0.1648 -0.9858
vn -0.0325 0.6819 0.7308
vn 0.2653 0.6589 0.7039
vn 0.2853 0.4875 0.8252
vn 0.2494 0.3949 0.8842
vn 0.0001 0.4013 0.9159
vn -0.0649 0.6744 0.7355
vn -0.0265 0.8857 0.4636
vn 0.2485 0.8622 0.4415
vn 0.3171 0.7398 0.5933
vn 0.2765 0.6689 0.6901
vn -0.0000 0.6837 0.7297
vn -0.0529 0.8814 0.4694
vn -0.0185 0.9775 0.2102
vn 0.2254 0.9533 0.2009
vn 0.2818 0.9077 0.3109
vn 0.2553 0.8730 0.4156
vn -0.0000 0.8940 0.4481
vn -0.0367 0.9760 0.2146
vn -0.0143 0.9999 0.0032
vn 0.2207 0.9753 0.0036
vn 0.2460 0.9662 0.0768
vn 0.2295 0.9575 0.1746
vn -0.0000 0.9814 0.1918
vn -0.0281 0.9996 0.0066
vn -0.0378 0.6775 -0.7345
vn 0.3125 0.6424 -0.6998
vn 0.3194 0.7822 -0.5350
vn 0.2863 0.8570 -0.4285
vn -0.0000 0.8965 -0.4431
vn -0.0760 0.6836 -0.7259
vn -0.0277 0.3636 -0.9312
vn 0.2799 0.3374 -0.8988
vn 0.3726 0.4975 -0.7834
vn 0.3256 0.6252 -0.7093
vn 0.0001 0.6769 -0.7361
vn -0.0558 0.3704 -0.9272
vn -0.0167 0.1490 -0.9887
vn 0.2420 0.1381 -0.9604
vn 0.3063 0.2134 -0.9277
vn 0.2855 0.3396 -0.8962
vn 0.0001 0.3769 -0.9263
vn -0.0332 0.1533 -0.9876
vn -0.0134 -0.0066 -0.9999
vn 0.2287 -0.0081 -0.9735
vn 0.2532 0.0330 -0.9669
vn 0.2449 0.1431 -0.9589
vn -0.0000 0.1616 -0.9868
vn -0.0264 -0.0033 -0.9996
vn -0.0305 -0.6897 0.7235
vn 0.2617 -0.6634 0.7010
vn 0.2920 -0.7867 0.5439
vn 0.2569 -0.8535 0.4534
vn 0.0001 -0.8880 0.4598
vn -0.0608 -0.6946 0.7168
vn -0.0281 -0.4112 0.9111
vn 0.2394 -0.3897 0.8893
vn 0.3102 -0.5486 0.7764
vn 0.2721 -0.6493 0.7102
vn -0.0000 -0.6884 0.7253
vn -0.0561 -0.4176 0.9069
vn -0.0192 -0.1749 0.9844
vn 0.2108 -0.1657 0.9634
vn 0.2764 -0.2854 0.9177
vn 0.2471 -0.3899 0.8871
vn -0.0000 -0.4234 0.9059
vn -0.0381 -0.1798 0.9830
vn -0.0165 0.0105 0.9998
vn 0.2006 0.0122 0.9796
vn 0.2330 -0.0762 0.9695
vn 0.2154 -0.1710 0.9614
vn -0.0000 -0.1892 0.9819
vn -0.0324 0.0064 0.9995
vn -0.0168 -0.9824 0.1862
vn 0.2258 -0.9571 0.1815
vn 0.2358 -0.9658 0.1075
vn 0.2250 -0.9743 0.0099
vn -0.0000 -1.0000 0.0002
vn -0.0330 -0.9827 0.1822
vn -0.0250 -0.8958 0.4437
vn 0.2474 -0.8699 0.4268
vn 0.2494 -0.9194 0.3041
vn 0.2306 -0.9506 0.2079
vn -0.0001 -0.9789 0.2041
vn -0.0494 -0.8978 0.4377
vn -0.0151 0.9818 -0.1891
vn 0.2372 0.9550 -0.1783
vn 0.2360 0.9648 -0.1159
vn 0.2239 0.9744 -0.0197
vn -0.0000 0.9999 -0.0131
vn -0.0296 0.9822 -0.1854
vn -0.0234 0.9039 -0.4271
vn 0.2775 0.8729 -0.4013
vn 0.2573 0.9170 -0.3048
vn 0.2413 0.9490 -0.2027
vn -0.0000 0.9787 -0.2052
vn -0.0463 0.9057 -0.4214
vn -0.0169 0.1893 0.9818
vn 0.2083 0.1823 0.9609
vn 0.2214 0.0967 0.9704
vn 0.2049 0.0067 0.9788
vn -0.0000 -0.0035 1.0000
vn -0.0332 0.1851 0.9822
vn -0.0255 0.4134 0.9102
vn 0.2395 0.3952 0.8868
vn 0.2336 0.2702 0.9340
vn 0.2135 0.1783 0.9605
vn -0.0000 0.1759 0.9844
vn -0.0505 0.4069 0.9121
vn -0.0268 -0.8898 -0.4556
vn 0.2610 -0.8635 -0.4317
vn 0.3398 -0.7393 -0.5814
vn 0.2962 -0.6627 -0.6878
vn -0.0000 -0.6788 -0.7344
vn -0.0537 -0.8855 -0.4616
vn -0.0357 -0.6770 -0.7351
vn 0.2842 -0.6523 -0.7027
vn 0.3058 -0.4799 -0.8223
vn 0.2720 -0.3736 -0.8868
vn -0.0001 -0.3783 -0.9257
vn -0.0715 -0.6685 -0.7403
vn 0.1527 -0.9882 -0.0077
vn 0.1529 -0.9882 -0.0000
vn -0.1600 -0.9871 -0.0000
vn -0.1598 -0.9871 0.0077
vn 0.9345 -0.3559 -0.0059
vn 0.9346 -0.3558 -0.0000
vn 0.7789 -0.6272 -0.0000
vn 0.7789 -0.6271 0.0059
vn 0.9956 -0.0939 -0.0033
vn 0.9956 -0.0938 -0.0000
vn 0.9179 -0.3969 -0.0000
vn 0.9179 -0.3968 0.0033
vn 0.9997 0.0226 -0.0011
vn 0.9997 0.0226 -0.0000
vn 0.9578 -0.2874 -0.0000
vn 0.9578 -0.2874 0.0011
vn 0.9953 0.0964 0.0003
vn 0.9953 0.0964 -0.0000
vn 0.9764 -0.2159 -0.0000
vn 0.9764 -0.2159 -0.0003
vn 0.9877 0.1563 0.0008
vn 0.9877 0.1563 -0.0000
vn 0.9877 -0.1566 -0.0000
vn 0.9877 -0.1566 -0.0008
vn 0.9765 0.2157 0.0004
vn 0.9765 0.2157 -0.0000
vn 0.9953 -0.0966 -0.0000
vn 0.9953 -0.0966 -0.0004
vn 0.9579 0.2871 -0.0011
vn 0.9579 0.2871 -0.0000
vn 0.9997 -0.0230 -0.0000
vn 0.9997 -0.0229 0.0011
vn 0.9997 -0.0229 -0.0000
vn 0.9181 0.3964 -0.0033
vn 0.9181 0.3964 -0.0000
vn 0.9956 0.0933 -0.0000
vn 0.9956 0.0934 0.0033
vn 0.7799 0.6258 -0.0059
vn 0.7799 0.6259 -0.0000
vn 0.9351 0.3543 -0.0000
vn 0.9351 0.3544 0.0059
vn -0.1556 0.9878 -0.0077
vn -0.1558 0.9878 -0.0000
vn 0.1571 0.9876 -0.0000
vn 0.1569 0.9876 0.0077
vn -0.9344 0.3562 -0.0059
vn -0.9345 0.3561 -0.0000
vn -0.7787 0.6274 -0.0000
vn -0.7787 0.6273 0.0059
vn -0.9956 0.0938 -0.0033
vn -0.9956 0.0938 -0.0000
vn -0.9179 0.3969 -0.0000
vn -0.9179 0.3968 0.0033
vn -0.9997 -0.0226 -0.0011
vn -0.9997 -0.0226 -0.0000
vn -0.9578 0.2874 -0.0000
vn -0.9578 0.2874 0.0011
vn -0.9953 -0.0963 0.0003
vn -0.9953 -0.0963 -0.0000
vn -0.9764 0.2159 -0.0000
vn -0.9764 0.2159 -0.0003
vn -0.9877 -0.1563 0.0008
vn -0.9877 -0.1563 -0.0000
vn -0.9877 0.1566 -0.0000
vn -0.9877 0.1566 -0.0008
vn -0.9765 -0.2156 0.0003
vn -0.9765 -0.2156 -0.0000
vn -0.9953 0.0967 -0.0000
vn -0.9953 0.0967 -0.0003
vn -0.9579 -0.2871 -0.0011
vn -0.9579 -0.2871 -0.0000
vn -0.9997 0.0230 -0.0000
vn -0.9997 0.0230 0.0011
vn -0.9181 -0.3964 -0.0033
vn -0.9181 -0.3964 -0.0000
vn -0.9956 -0.0933 -0.0000
vn -0.9956 -0.0934 0.0033
vn -0.7800 -0.6258 -0.0059
vn -0.7799 -0.6259 -0.0000
vn -0.9352 -0.3542 -0.0000
vn -0.9351 -0.3543 0.0059
vn -0.9352 -0.3543 -0.0000
vn -0.0004 -0.0000 1.0000
vn 0.0005 -0.0000 1.0000
vn -0.0000 -0.0000 1.0000
vn -0.0001 -0.0000 1.0000
vn -0.0002 -0.0000 1.0000
vn 0.0002 -0.0000 1.0000
vn -0.0003 -0.0000 1.0000
vn 0.0003 -0.0000 1.0000
vn -0.0006 -0.0000 1.0000
vn -0.0005 -0.0000 1.0000
vn -0.0007 -0.0000 1.0000
vn 0.0004 -0.0000 1.0000
vn -0.6861 -0.4575 0.5656
vn -0.6258 -0.5372 0.5654
vn -0.7307 -0.4484 0.5148
vn -0.7140 -0.4129 0.5654
vn -0.6624 -0.5443 0.5148
vn -0.7698 -0.3774 0.5148
vn -0.1526 0.9883 -0.0052
vn -0.1527 0.9883 -0.0001
vn 0.1596 0.9871 0.0129
vn 0.1600 0.9871 0.0052
vn 0.1601 0.9871 0.0001
vn -0.1522 0.9883 -0.0129
vn -0.9345 0.3560 -0.0040
vn -0.9345 0.3559 -0.0001
vn -0.7789 0.6270 0.0099
vn -0.7788 0.6272 0.0040
vn -0.7788 0.6273 0.0001
vn -0.9344 0.3562 -0.0099
vn -0.9956 0.0938 -0.0022
vn -0.9179 0.3968 0.0055
vn -0.9179 0.3968 0.0022
vn -0.9956 0.0939 -0.0055
vn -0.9997 -0.0224 -0.0007
vn -0.9997 -0.0224 -0.0000
vn -0.9578 0.2876 0.0018
vn -0.9578 0.2876 0.0007
vn -0.9578 0.2876 -0.0000
vn -0.9997 -0.0224 -0.0018
vn -0.9953 -0.0965 0.0002
vn -0.9953 -0.0965 -0.0001
vn -0.9764 0.2158 -0.0006
vn -0.9764 0.2158 -0.0002
vn -0.9764 0.2158 -0.0000
vn -0.9953 -0.0965 0.0006
vn -0.9877 -0.1563 0.0005
vn -0.9877 0.1566 -0.0014
vn -0.9877 0.1566 -0.0005
vn -0.9877 -0.1563 0.0014
vn -0.9765 -0.2156 0.0002
vn -0.9953 0.0966 -0.0006
vn -0.9953 0.0966 -0.0002
vn -0.9953 0.0966 0.0001
vn -0.9765 -0.2156 0.0006
vn -0.9579 -0.2872 -0.0007
vn -0.9579 -0.2872 -0.0000
vn -0.9997 0.0228 0.0018
vn -0.9997 0.0228 0.0007
vn -0.9997 0.0228 -0.0000
vn -0.9579 -0.2872 -0.0018
vn -0.9181 -0.3963 -0.0022
vn -0.9181 -0.3963 -0.0000
vn -0.9956 -0.0933 0.0055
vn -0.9956 -0.0932 0.0022
vn -0.9956 -0.0932 -0.0000
vn -0.9181 -0.3962 -0.0055
vn -0.7799 -0.6259 -0.0040
vn -0.9350 -0.3545 0.0099
vn -0.9351 -0.3543 0.0040
vn -0.9351 -0.3543 -0.0000
vn -0.7800 -0.6257 -0.0099
vn 0.1527 -0.9883 -0.0052
vn 0.1528 -0.9883 -0.0000
vn -0.1595 -0.9871 0.0129
vn -0.1599 -0.9871 0.0052
vn 0.1523 -0.9883 -0.0129
vn 0.9345 -0.3560 -0.0040
vn 0.9345 -0.3560 -0.0001
vn 0.7789 -0.6270 0.0099
vn 0.7788 -0.6273 0.0040
vn 0.7788 -0.6273 0.0001
vn 0.9344 -0.3562 -0.0099
vn 0.9956 -0.0938 -0.0022
vn 0.9956 -0.0938 -0.0001
vn 0.9179 -0.3968 0.0055
vn 0.9179 -0.3968 0.0022
vn 0.9956 -0.0939 -0.0055
vn 0.9927 0.1202 -0.0012
vn 0.9927 0.1202 -0.0000
vn 0.9578 -0.2876 0.0018
vn 0.9578 -0.2876 0.0007
vn 0.9578 -0.2876 0.0001
vn 0.9927 0.1202 -0.0029
vn 0.9992 -0.0389 -0.0000
vn 0.9787 -0.2051 -0.0016
vn 0.9787 -0.2051 -0.0007
vn 0.9787 -0.2051 -0.0000
vn 1.0000 -0.0002 -0.0000
vn 0.9765 0.2156 0.0002
vn 0.9765 0.2156 -0.0001
vn 0.9982 0.0602 -0.0000
vn 0.9765 0.2156 0.0006
vn 0.9579 0.2872 -0.0007
vn 0.9579 0.2872 -0.0000
vn 0.9997 -0.0228 0.0018
vn 0.9997 -0.0228 0.0007
vn 0.9997 -0.0228 -0.0000
vn 0.9579 0.2872 -0.0018
vn 0.9181 0.3963 -0.0022
vn 0.9181 0.3963 -0.0000
vn 0.9956 0.0933 0.0055
vn 0.9956 0.0932 0.0022
vn 0.9956 0.0932 -0.0000
vn 0.9181 0.3962 -0.0055
vn 0.7799 0.6259 -0.0040
vn 0.9350 0.3546 0.0099
vn 0.9351 0.3543 0.0040
vn 0.7801 0.6256 -0.0099
vn 0.0002 -0.0000 -1.0000
vn -0.0004 -0.0000 -1.0000
vn -0.0001 -0.0000 -1.0000
vn -0.0000 -0.0000 -1.0000
vn 0.0003 -0.0000 -1.0000
vn -0.0003 -0.0000 -1.0000
vn -0.0002 -0.0000 -1.0000
vn 0.0005 -0.0000 -1.0000
vn -0.0005 -0.0000 -1.0000
vn -0.0033 -1.0000 -0.0000
vn 0.0033 1.0000 -0.0000
vn 0.9956 -0.0938 -0.0033
vn 0.9997 -0.0230 0.0011
vn -0.9956 0.0939 -0.0033
vn -0.7799 -0.6258 -0.0059
vn -0.0008 -0.0000 1.0000
vn 0.0001 -0.0000 1.0000
vn 0.0006 -0.0000 1.0000
vn 0.1596 0.9871 0.0130
vn -0.1522 0.9883 -0.0131
vn -0.9345 0.3559 -0.0000
vn -0.7790 0.6270 0.0100
vn -0.9344 0.3562 -0.0100
vn -0.9997 -0.0225 -0.0000
vn -0.9877 -0.1563 0.0006
vn -0.9877 0.1566 -0.0006
vn -0.9953 0.0966 -0.0000
vn -0.9579 -0.2872 -0.0001
vn -0.9997 0.0228 0.0001
vn -0.9350 -0.3545 0.0100
vn -0.7800 -0.6256 -0.0100
vn -0.1595 -0.9871 0.0130
vn 0.1523 -0.9883 -0.0131
vn 0.9345 -0.3559 -0.0000
vn 0.7789 -0.6270 0.0100
vn 0.9343 -0.3562 -0.0100
vn 0.9765 0.2156 -0.0000
vn 0.9350 0.3546 0.0100
vn 0.9351 0.3543 0.0001
vn 0.7801 0.6256 -0.0100
vn -0.0060 0.0364 -0.9993
vn -0.0061 0.0370 -0.9993
vn 0.0066 0.0378 -0.9993
vn 0.0063 0.0376 -0.9993
vn 0.0063 0.0369 -0.9993
vn -0.0060 0.0351 -0.9994
vn -0.0681 0.0341 -0.9971
vn -0.0676 0.0327 -0.9972
vn -0.0564 0.0385 -0.9977
vn -0.0550 0.0361 -0.9978
vn -0.0554 0.0375 -0.9978
vn -0.0656 0.0308 -0.9974
vn -0.1228 0.0281 -0.9920
vn -0.1221 0.0264 -0.9922
vn -0.1118 0.0338 -0.9932
vn -0.1102 0.0311 -0.9934
vn -0.1108 0.0329 -0.9933
vn -0.1199 0.0247 -0.9925
vn -0.1653 0.0190 -0.9861
vn -0.1643 0.0174 -0.9863
vn -0.1550 0.0259 -0.9876
vn -0.1545 0.0233 -0.9877
vn -0.1553 0.0251 -0.9875
vn -0.1637 0.0161 -0.9864
vn -0.1913 0.0067 -0.9815
vn -0.1899 0.0057 -0.9818
vn -0.1829 0.0160 -0.9830
vn -0.1808 0.0139 -0.9834
vn -0.1818 0.0155 -0.9832
vn -0.1891 0.0056 -0.9819
vn -0.1946 -0.0060 -0.9809
vn -0.1936 -0.0055 -0.9811
vn -0.1930 0.0052 -0.9812
vn -0.1921 0.0047 -0.9814
vn -0.1933 0.0056 -0.9811
vn -0.1981 -0.0060 -0.9802
vn -0.1824 -0.0154 -0.9831
vn -0.1823 -0.0154 -0.9831
vn -0.1858 -0.0051 -0.9826
vn -0.1897 -0.0056 -0.9818
vn -0.1866 -0.0176 -0.9823
vn -0.1538 -0.0230 -0.9878
vn -0.1547 -0.0250 -0.9876
vn -0.1639 -0.0167 -0.9863
vn -0.1655 -0.0193 -0.9860
vn -0.1643 -0.0173 -0.9863
vn -0.1548 -0.0255 -0.9876
vn -0.1104 -0.0301 -0.9934
vn -0.1111 -0.0328 -0.9933
vn -0.1221 -0.0266 -0.9922
vn -0.1232 -0.0291 -0.9920
vn -0.1221 -0.0263 -0.9922
vn -0.1110 -0.0321 -0.9933
vn -0.0557 -0.0349 -0.9978
vn -0.0561 -0.0374 -0.9977
vn -0.0680 -0.0332 -0.9971
vn -0.0683 -0.0352 -0.9970
vn -0.0677 -0.0326 -0.9972
vn -0.0558 -0.0363 -0.9978
vn 0.0060 -0.0364 -0.9993
vn 0.0061 -0.0369 -0.9993
vn -0.0066 -0.0378 -0.9993
vn -0.0063 -0.0376 -0.9993
vn -0.0063 -0.0369 -0.9993
vn 0.0060 -0.0351 -0.9994
vn 0.0681 -0.0341 -0.9971
vn 0.0676 -0.0327 -0.9972
vn 0.0564 -0.0385 -0.9977
vn 0.0551 -0.0361 -0.9978
vn 0.0555 -0.0375 -0.9978
vn 0.0657 -0.0308 -0.9974
vn 0.1229 -0.0282 -0.9920
vn 0.1221 -0.0264 -0.9922
vn 0.1119 -0.0338 -0.9931
vn 0.1101 -0.0311 -0.9934
vn 0.1107 -0.0329 -0.9933
vn 0.1199 -0.0248 -0.9925
vn 0.1688 -0.0183 -0.9855
vn 0.1670 -0.0159 -0.9858
vn 0.1556 -0.0259 -0.9875
vn 0.1533 -0.0233 -0.9879
vn 0.1541 -0.0251 -0.9877
vn 0.1644 -0.0140 -0.9863
vn 0.2027 -0.0066 -0.9792
vn -0.5888 -0.4490 -0.6721
vn 0.1970 -0.0134 -0.9803
vn 0.1833 -0.0135 -0.9830
vn 0.1842 -0.0140 -0.9828
vn 0.1904 -0.0071 -0.9817
vn 0.1936 0.0070 -0.9811
vn -0.6491 -0.4282 -0.6288
vn -0.6235 0.3882 -0.6787
vn -0.7167 0.0087 -0.6973
vn 0.1997 -0.0066 -0.9798
vn 0.1978 0.0076 -0.9802
vn 0.1823 0.0154 -0.9831
vn -0.6728 0.3989 -0.6231
vn -0.7641 0.0144 -0.6450
vn 0.1893 0.0068 -0.9819
vn 0.1867 0.0176 -0.9823
vn 0.1538 0.0230 -0.9878
vn 0.1547 0.0250 -0.9876
vn 0.1639 0.0167 -0.9863
vn 0.1655 0.0193 -0.9860
vn 0.1643 0.0173 -0.9863
vn 0.1548 0.0255 -0.9876
vn 0.1104 0.0301 -0.9934
vn 0.1111 0.0328 -0.9933
vn 0.1221 0.0266 -0.9922
vn 0.1232 0.0291 -0.9920
vn 0.1221 0.0263 -0.9922
vn 0.1110 0.0321 -0.9933
vn 0.0557 0.0349 -0.9978
vn 0.0561 0.0374 -0.9977
vn 0.0680 0.0332 -0.9971
vn 0.0684 0.0352 -0.9970
vn 0.0678 0.0326 -0.9972
vn 0.0558 0.0363 -0.9978
vn -0.8171 0.0007 -0.5765
vn -0.8518 0.0002 -0.5239
vn -0.8573 0.0002 0.5148
vn -0.8573 -0.0031 0.5148
vn -0.8248 0.0002 0.5654
vn -0.8171 -0.0031 -0.5764
vn -1.0000 0.0002 -0.0000
vn 0.2271 -0.8547 -0.4668
vn 0.2597 -0.9097 -0.3241
vn 0.3433 -0.8819 -0.3232
vn 0.3627 -0.8580 -0.3638
vn 0.3358 -0.8239 -0.4565
vn 0.2442 -0.8491 -0.4684
vn 0.2403 -0.7623 -0.6010
vn 0.3325 -0.7398 -0.5849
vn 0.3567 -0.6703 -0.6508
vn 0.3360 -0.6401 -0.6909
vn 0.2527 -0.6532 -0.7137
vn 0.2212 -0.7630 -0.6074
vn 0.2341 -0.5440 -0.8058
vn 0.3267 -0.5280 -0.7839
vn 0.3515 -0.4425 -0.8250
vn 0.3309 -0.4008 -0.8543
vn 0.2473 -0.4058 -0.8799
vn 0.2152 -0.5426 -0.8120
vn 0.2293 -0.2856 -0.9305
vn 0.3222 -0.2775 -0.9051
vn 0.3477 -0.1841 -0.9194
vn 0.3277 -0.1356 -0.9350
vn 0.2439 -0.1320 -0.9608
vn 0.2106 -0.2823 -0.9359
vn 0.2278 -0.0081 -0.9737
vn 0.3208 -0.0084 -0.9471
vn 0.3470 0.0855 -0.9340
vn 0.3277 0.1360 -0.9349
vn 0.2438 0.1477 -0.9585
vn 0.2096 -0.0034 -0.9778
vn 0.2295 0.2722 -0.9345
vn 0.3223 0.2633 -0.9093
vn 0.3493 0.3503 -0.8691
vn 0.3307 0.3979 -0.8558
vn 0.2467 0.4168 -0.8749
vn 0.2121 0.2777 -0.9370
vn 0.2346 0.5369 -0.8103
vn 0.3270 0.5203 -0.7889
vn 0.3542 0.5923 -0.7237
vn 0.3360 0.6328 -0.6976
vn 0.2522 0.6571 -0.7104
vn 0.2178 0.5428 -0.8111
vn 0.2409 0.7616 -0.6016
vn 0.3329 0.7387 -0.5861
vn 0.3598 0.7874 -0.5006
vn 0.3413 0.8174 -0.4640
vn 0.2577 0.8447 -0.4691
vn 0.2241 0.7674 -0.6007
vn 0.2461 0.9150 -0.3198
vn 0.3377 0.8881 -0.3118
vn 0.3638 0.9064 -0.2147
vn 0.3450 0.9230 -0.1705
vn 0.2617 0.9505 -0.1674
vn 0.2291 0.9202 -0.3172
vn 0.2479 0.9688 0.0043
vn 0.3395 0.9406 0.0039
vn 0.3648 0.9256 0.1011
vn 0.3452 0.9266 0.1490
vn 0.2621 0.9517 0.1600
vn 0.2305 0.9730 0.0085
vn 0.2455 0.9132 0.3254
vn 0.3373 0.8865 0.3166
vn 0.3619 0.8409 0.4024
vn 0.3418 0.8255 0.4490
vn 0.2588 0.8456 0.4669
vn 0.2275 0.9158 0.3309
vn 0.2405 0.7622 0.6010
vn 0.3328 0.7398 0.5848
vn 0.3571 0.6701 0.6507
vn 0.3363 0.6400 0.6909
vn 0.2530 0.6532 0.7137
vn 0.2216 0.7629 0.6073
vn 0.2337 0.5440 0.8058
vn 0.3264 0.5280 0.7840
vn 0.3511 0.4427 0.8251
vn 0.3308 0.4008 0.8543
vn 0.2473 0.4058 0.8799
vn 0.2150 0.5426 0.8120
vn 0.2293 0.2856 0.9305
vn 0.3223 0.2775 0.9051
vn 0.3477 0.1841 0.9194
vn 0.3274 0.1355 0.9351
vn 0.2435 0.1320 0.9609
vn 0.2103 0.2824 0.9360
vn 0.2280 0.0081 0.9736
vn 0.3210 0.0085 0.9470
vn 0.3472 -0.0856 0.9339
vn 0.3275 -0.1360 0.9350
vn 0.2435 -0.1478 0.9586
vn 0.2095 0.0034 0.9778
vn 0.2296 -0.2722 0.9345
vn 0.3223 -0.2633 0.9093
vn 0.3493 -0.3503 0.8690
vn 0.3307 -0.3979 0.8558
vn 0.2467 -0.4168 0.8749
vn 0.2121 -0.2777 0.9370
vn 0.2343 -0.5370 0.8104
vn 0.3267 -0.5203 0.7890
vn 0.3539 -0.5924 0.7238
vn 0.3357 -0.6329 0.6977
vn 0.2519 -0.6572 0.7104
vn 0.2175 -0.5428 0.8112
vn 0.2412 -0.7615 0.6016
vn 0.3331 -0.7386 0.5860
vn 0.3600 -0.7873 0.5005
vn 0.3415 -0.8174 0.4639
vn 0.2579 -0.8447 0.4690
vn 0.2244 -0.7674 0.6007
vn 0.2460 -0.9150 0.3198
vn 0.3377 -0.8881 0.3118
vn 0.3638 -0.9064 0.2148
vn 0.3450 -0.9230 0.1705
vn 0.2617 -0.9505 0.1673
vn 0.2291 -0.9203 0.3172
vn 0.2480 -0.9688 -0.0043
vn 0.3395 -0.9406 -0.0039
vn 0.3648 -0.9256 -0.1011
vn 0.3452 -0.9266 -0.1490
vn 0.2621 -0.9517 -0.1601
vn 0.2305 -0.9730 -0.0085
vn 0.9922 -0.0549 -0.1123
vn 0.7651 -0.4919 -0.4155
vn 0.7595 -0.5438 -0.3570
vn 0.7689 -0.5779 -0.2736
vn 0.9944 -0.0983 -0.0400
vn 0.9915 -0.1303 -0.0015
vn 0.9908 -0.0228 -0.1333
vn 0.7580 -0.3436 -0.5544
vn 0.7524 -0.4078 -0.5172
vn 0.7625 -0.4697 -0.4450
vn 0.9933 -0.0845 -0.0791
vn 0.9897 -0.1347 -0.0479
vn 0.9904 0.0067 -0.1383
vn 0.7528 -0.1610 -0.6383
vn 0.7462 -0.2351 -0.6228
vn 0.7556 -0.3158 -0.5739
vn 0.9920 -0.0665 -0.1076
vn 0.9879 -0.1237 -0.0934
vn 0.9907 0.0308 -0.1323
vn 0.7513 0.0374 -0.6589
vn 0.7432 -0.0438 -0.6677
vn 0.7510 -0.1303 -0.6473
vn 0.9908 -0.0470 -0.1266
vn 0.9868 -0.0962 -0.1301
vn 0.9916 0.0512 -0.1188
vn 0.7540 0.2312 -0.6148
vn 0.7442 0.1492 -0.6511
vn 0.7504 0.0689 -0.6574
vn 0.9901 -0.0247 -0.1384
vn 0.9869 -0.0568 -0.1513
vn 0.9928 0.0705 -0.0972
vn 0.7601 0.4012 -0.5112
vn 0.7490 0.3289 -0.5751
vn 0.7540 0.2618 -0.6024
vn 0.9900 0.0036 -0.1408
vn 0.9880 -0.0124 -0.1538
vn 0.9940 0.0882 -0.0648
vn 0.7670 0.5321 -0.3585
vn 0.7560 0.4807 -0.4442
vn 0.7607 0.4284 -0.4877
vn 0.9910 0.0366 -0.1289
vn 0.9898 0.0298 -0.1390
vn 0.9948 0.0991 -0.0215
vn 0.7723 0.6118 -0.1712
vn 0.7625 0.5892 -0.2674
vn 0.7676 0.5524 -0.3250
vn 0.9926 0.0686 -0.1002
vn 0.9916 0.0651 -0.1121
vn 0.9948 0.0979 0.0282
vn 0.7739 0.6324 0.0335
vn 0.7658 0.6403 -0.0597
vn 0.7721 0.6218 -0.1310
vn 0.9941 0.0921 -0.0576
vn 0.9925 0.0931 -0.0787
vn 0.9937 0.0821 0.0757
vn 0.7712 0.5913 0.2357
vn 0.7647 0.6249 0.1571
vn 0.7726 0.6304 0.0753
vn 0.9947 0.1021 -0.0078
vn 0.9925 0.1149 -0.0408
vn 0.9921 0.0548 0.1125
vn 0.7651 0.4920 0.4154
vn 0.7595 0.5438 0.3570
vn 0.7689 0.5778 0.2736
vn 0.9944 0.0982 0.0403
vn 0.9915 0.1302 0.0015
vn 0.9909 0.0230 0.1330
vn 0.7581 0.3436 0.5542
vn 0.7524 0.4079 0.5171
vn 0.7624 0.4697 0.4452
vn 0.9933 0.0845 0.0793
vn 0.9897 0.1347 0.0480
vn 0.9904 -0.0067 0.1383
vn 0.7528 0.1610 0.6383
vn 0.7463 0.2350 0.6228
vn 0.7556 0.3158 0.5738
vn 0.9920 0.0665 0.1074
vn 0.9879 0.1235 0.0933
vn 0.9907 -0.0310 0.1324
vn 0.7512 -0.0375 0.6590
vn 0.7432 0.0437 0.6677
vn 0.7511 0.1305 0.6472
vn 0.9908 0.0469 0.1266
vn 0.9868 0.0962 0.1301
vn 0.9916 -0.0512 0.1187
vn 0.7541 -0.2311 0.6147
vn 0.7443 -0.1492 0.6510
vn 0.7504 -0.0689 0.6574
vn 0.9901 0.0244 0.1384
vn 0.9869 0.0566 0.1511
vn 0.9928 -0.0706 0.0970
vn 0.7601 -0.4012 0.5111
vn 0.7491 -0.3289 0.5750
vn 0.7541 -0.2617 0.6023
vn 0.9901 -0.0036 0.1406
vn 0.9881 0.0123 0.1536
vn 0.9940 -0.0881 0.0648
vn 0.7670 -0.5322 0.3584
vn 0.7561 -0.4807 0.4442
vn 0.7606 -0.4285 0.4876
vn 0.9910 -0.0364 0.1290
vn 0.9898 -0.0298 0.1390
vn 0.9948 -0.0991 0.0215
vn 0.7723 -0.6118 0.1712
vn 0.7625 -0.5892 0.2674
vn 0.7675 -0.5525 0.3250
vn 0.9926 -0.0686 0.1004
vn 0.9915 -0.0651 0.1122
vn 0.9948 -0.0979 -0.0281
vn 0.7739 -0.6324 -0.0334
vn 0.7658 -0.6403 0.0597
vn 0.7721 -0.6218 0.1311
vn 0.9941 -0.0921 0.0575
vn 0.9925 -0.0931 0.0787
vn 0.9937 -0.0821 -0.0756
vn 0.7712 -0.5914 -0.2357
vn 0.7647 -0.6249 -0.1571
vn 0.7727 -0.6303 -0.0753
vn 0.9947 -0.1021 0.0076
vn 0.9925 -0.1149 0.0408
vn 0.9939 -0.1047 -0.0359
vn 0.9938 -0.0763 -0.0814
vn 0.9947 -0.0704 -0.0749
vn 0.9947 -0.0697 -0.0753
vn 0.9949 -0.0962 -0.0297
vn 0.9939 -0.1048 -0.0334
vn 0.9937 -0.0894 -0.0675
vn 0.9936 -0.0482 -0.1023
vn 0.9945 -0.0447 -0.0943
vn 0.9945 -0.0445 -0.0943
vn 0.9948 -0.0832 -0.0590
vn 0.9938 -0.0903 -0.0648
vn 0.9936 -0.0656 -0.0925
vn 0.9935 -0.0154 -0.1132
vn 0.9944 -0.0139 -0.1044
vn 0.9944 -0.0145 -0.1045
vn 0.9946 -0.0620 -0.0830
vn 0.9936 -0.0669 -0.0907
vn 0.9935 -0.0356 -0.1086
vn 0.9934 0.0188 -0.1130
vn 0.9944 0.0186 -0.1037
vn 0.9944 0.0173 -0.1043
vn 0.9945 -0.0341 -0.0992
vn 0.9935 -0.0363 -0.1081
vn 0.9934 -0.0021 -0.1143
vn 0.9935 0.0512 -0.1019
vn 0.9946 0.0490 -0.0920
vn 0.9945 0.0477 -0.0935
vn 0.9944 -0.0024 -0.1053
vn 0.9934 -0.0013 -0.1146
vn 0.9935 0.0318 -0.1090
vn 0.9936 0.0786 -0.0810
vn 0.9947 0.0738 -0.0713
vn 0.9946 0.0731 -0.0730
vn 0.9945 0.0296 -0.1006
vn 0.9935 0.0340 -0.1089
vn 0.9937 0.0628 -0.0930
vn 0.9938 0.0984 -0.0521
vn 0.9949 0.0909 -0.0442
vn 0.9948 0.0909 -0.0454
vn 0.9946 0.0581 -0.0857
vn 0.9936 0.0653 -0.0920
vn 0.9938 0.0878 -0.0676
vn 0.9939 0.1087 -0.0180
vn 0.9950 0.0993 -0.0134
vn 0.9950 0.0994 -0.0138
vn 0.9948 0.0805 -0.0625
vn 0.9938 0.0893 -0.0663
vn 0.9939 0.1040 -0.0353
vn 0.9940 0.1083 0.0181
vn 0.9950 0.0986 0.0184
vn 0.9950 0.0984 0.0187
vn 0.9949 0.0948 -0.0337
vn 0.9939 0.1043 -0.0349
vn 0.9940 0.1098 0.0004
vn 0.9939 0.0971 0.0524
vn 0.9949 0.0887 0.0487
vn 0.9949 0.0882 0.0493
vn 0.9950 0.1002 -0.0021
vn 0.9940 0.1095 -0.0007
vn 0.9939 0.1047 0.0359
vn 0.9938 0.0763 0.0814
vn 0.9947 0.0704 0.0750
vn 0.9947 0.0697 0.0753
vn 0.9949 0.0962 0.0297
vn 0.9939 0.1048 0.0334
vn 0.9937 0.0894 0.0675
vn 0.9936 0.0482 0.1023
vn 0.9945 0.0447 0.0943
vn 0.9945 0.0445 0.0943
vn 0.9948 0.0832 0.0589
vn 0.9938 0.0903 0.0648
vn 0.9936 0.0656 0.0924
vn 0.9935 0.0154 0.1132
vn 0.9944 0.0139 0.1044
vn 0.9944 0.0146 0.1045
vn 0.9946 0.0620 0.0830
vn 0.9936 0.0670 0.0907
vn 0.9935 0.0356 0.1086
vn 0.9934 -0.0188 0.1131
vn 0.9944 -0.0186 0.1037
vn 0.9944 -0.0173 0.1043
vn 0.9945 0.0341 0.0992
vn 0.9935 0.0363 0.1081
vn 0.9934 0.0021 0.1143
vn 0.9935 -0.0512 0.1019
vn 0.9946 -0.0490 0.0920
vn 0.9945 -0.0477 0.0935
vn 0.9944 0.0024 0.1053
vn 0.9934 0.0013 0.1146
vn 0.9935 -0.0318 0.1090
vn 0.9936 -0.0786 0.0810
vn 0.9947 -0.0738 0.0714
vn 0.9946 -0.0731 0.0730
vn 0.9945 -0.0295 0.1006
vn 0.9935 -0.0340 0.1089
vn 0.9937 -0.0628 0.0930
vn 0.9938 -0.0984 0.0521
vn 0.9949 -0.0909 0.0442
vn 0.9948 -0.0908 0.0454
vn 0.9946 -0.0581 0.0856
vn 0.9936 -0.0653 0.0920
vn 0.9938 -0.0878 0.0676
vn 0.9939 -0.1087 0.0180
vn 0.9950 -0.0993 0.0134
vn 0.9950 -0.0994 0.0138
vn 0.9948 -0.0805 0.0625
vn 0.9938 -0.0893 0.0663
vn 0.9939 -0.1040 0.0353
vn 0.9940 -0.1082 -0.0181
vn 0.9950 -0.0986 -0.0184
vn 0.9950 -0.0984 -0.0187
vn 0.9949 -0.0948 0.0337
vn 0.9939 -0.1043 0.0349
vn 0.9939 -0.0980 -0.0514
vn 0.9949 -0.0886 -0.0488
vn 0.9950 -0.1001 0.0023
vn 0.9940 -0.1098 -0.0002
vn 0.9939 -0.0971 -0.0523
vn 0.6818 -0.5554 -0.4761
vn 0.9602 0.2503 0.1241
vn 0.9602 0.2116 0.1824
vn 0.9603 0.2156 0.1771
vn 0.6821 -0.6568 -0.3213
vn 0.6817 -0.5556 -0.4759
vn 0.6779 -0.3800 -0.6293
vn 0.9616 0.1965 0.1914
vn 0.9617 0.1402 0.2358
vn 0.9617 0.1463 0.2317
vn 0.6784 -0.5276 -0.5113
vn 0.6780 -0.3806 -0.6289
vn 0.6747 -0.1686 -0.7185
vn 0.9630 0.1251 0.2388
vn 0.9629 0.0614 0.2627
vn 0.9629 0.0640 0.2620
vn 0.6748 -0.3495 -0.6500
vn 0.6745 -0.1765 -0.7168
vn 0.6736 0.0567 -0.7369
vn 0.9637 0.0434 0.2635
vn 0.9635 -0.0174 0.2671
vn 0.9634 -0.0229 0.2671
vn 0.6728 -0.1394 -0.7266
vn 0.6729 0.0376 -0.7388
vn 0.6745 0.2745 -0.6853
vn 0.9636 -0.0418 0.2641
vn 0.9633 -0.0931 0.2516
vn 0.9630 -0.1070 0.2475
vn 0.6731 0.0841 -0.7348
vn 0.6735 0.2468 -0.6968
vn 0.6776 0.4656 -0.5693
vn 0.9626 -0.1236 0.2411
vn 0.9623 -0.1639 0.2170
vn 0.9619 -0.1808 0.2052
vn 0.6756 0.3007 -0.6732
vn 0.6761 0.4375 -0.5928
vn 0.6811 0.6134 -0.3998
vn 0.9612 -0.1951 0.1949
vn 0.9610 -0.2251 0.1609
vn 0.9604 -0.2385 0.1439
vn 0.6794 0.4906 -0.5457
vn 0.6799 0.5939 -0.4301
vn 0.6844 0.7041 -0.1895
vn 0.9598 -0.2497 0.1282
vn 0.9596 -0.2687 0.0835
vn 0.9593 -0.2744 0.0674
vn 0.6829 0.6342 -0.3624
vn 0.6834 0.6969 -0.2177
vn 0.6858 0.7265 0.0426
vn 0.9590 -0.2796 0.0461
vn 0.9589 -0.2837 -0.0095
vn 0.9587 -0.2838 -0.0179
vn 0.6851 0.7148 -0.1403
vn 0.6852 0.7279 0.0250
vn 0.6847 0.6757 0.2732
vn 0.9592 -0.2797 -0.0418
vn 0.9591 -0.2633 -0.1036
vn 0.9591 -0.2637 -0.1030
vn 0.6848 0.7223 0.0965
vn 0.6847 0.6782 0.2671
vn 0.6816 0.5556 0.4762
vn 0.9602 -0.2502 -0.1239
vn 0.9602 -0.2115 -0.1822
vn 0.9603 -0.2155 -0.1770
vn 0.6821 0.6569 0.3214
vn 0.6817 0.5557 0.4759
vn 0.6779 0.3800 0.6294
vn 0.9617 -0.1964 -0.1914
vn 0.9617 -0.1401 -0.2357
vn 0.9617 -0.1463 -0.2316
vn 0.6784 0.5276 0.5113
vn 0.6779 0.3806 0.6289
vn 0.6749 0.1685 0.7184
vn 0.9629 -0.1251 -0.2389
vn 0.9629 -0.0614 -0.2629
vn 0.9629 -0.0640 -0.2621
vn 0.6749 0.3494 0.6500
vn 0.6746 0.1765 0.7168
vn 0.6736 -0.0567 0.7370
vn 0.9637 -0.0433 -0.2635
vn 0.9635 0.0175 -0.2671
vn 0.9634 0.0230 -0.2670
vn 0.6728 0.1393 0.7266
vn 0.6728 -0.0376 0.7388
vn 0.6746 -0.2746 0.6852
vn 0.9635 0.0418 -0.2643
vn 0.9633 0.0931 -0.2518
vn 0.9630 0.1070 -0.2473
vn 0.6730 -0.0841 0.7348
vn 0.6734 -0.2468 0.6968
vn 0.6775 -0.4656 0.5694
vn 0.9626 0.1235 -0.2411
vn 0.9624 0.1638 -0.2169
vn 0.9619 0.1809 -0.2052
vn 0.6756 -0.3007 0.6732
vn 0.6762 -0.4375 0.5928
vn 0.6814 -0.6132 0.3996
vn 0.9611 0.1953 -0.1952
vn 0.9609 0.2253 -0.1610
vn 0.9604 0.2385 -0.1438
vn 0.6794 -0.4905 0.5457
vn 0.6799 -0.5939 0.4301
vn 0.6844 -0.7040 0.1896
vn 0.9598 0.2497 -0.1282
vn 0.9596 0.2687 -0.0835
vn 0.9593 0.2743 -0.0674
vn 0.6829 -0.6343 0.3625
vn 0.6833 -0.6969 0.2178
vn 0.6858 -0.7265 -0.0426
vn 0.9590 0.2796 -0.0461
vn 0.9589 0.2837 0.0095
vn 0.9587 0.2838 0.0179
vn 0.6851 -0.7148 0.1403
vn 0.6852 -0.7279 -0.0250
vn 0.6847 -0.6757 -0.2731
vn 0.9592 0.2797 0.0418
vn 0.9591 0.2633 0.1036
vn 0.9591 0.2637 0.1030
vn 0.6848 -0.7223 -0.0965
vn 0.6846 -0.6782 -0.2671
vn 0.6022 -0.7700 -0.2108
vn 0.3953 -0.8669 -0.3037
vn 0.4096 -0.7940 -0.4492
vn 0.4052 -0.7962 -0.4492
vn 0.6222 -0.6800 -0.3879
vn 0.6093 -0.7610 -0.2229
vn 0.5937 -0.6668 -0.4505
vn 0.3856 -0.7275 -0.5675
vn 0.3998 -0.6121 -0.6823
vn 0.3952 -0.6143 -0.6830
vn 0.6136 -0.5248 -0.5900
vn 0.6007 -0.6549 -0.4586
vn 0.5867 -0.5012 -0.6361
vn 0.3778 -0.5220 -0.7647
vn 0.3923 -0.3770 -0.8390
vn 0.3884 -0.3787 -0.8401
vn 0.6075 -0.3231 -0.7256
vn 0.5943 -0.4868 -0.6401
vn 0.5813 -0.2964 -0.7577
vn 0.3722 -0.2767 -0.8859
vn 0.3874 -0.1165 -0.9145
vn 0.3828 -0.1177 -0.9163
vn 0.6024 -0.0998 -0.7919
vn 0.5887 -0.2803 -0.7582
vn 0.5790 -0.0698 -0.8123
vn 0.3700 -0.0119 -0.9290
vn 0.3860 0.1494 -0.9103
vn 0.3829 0.1490 -0.9117
vn 0.6022 0.1283 -0.7880
vn 0.5877 -0.0522 -0.8074
vn 0.5813 0.1644 -0.7969
vn 0.3729 0.2557 -0.8919
vn 0.3898 0.4043 -0.8274
vn 0.3873 0.4044 -0.8285
vn 0.6057 0.3471 -0.7160
vn 0.5910 0.1814 -0.7860
vn 0.5868 0.3907 -0.7092
vn 0.3793 0.5078 -0.7734
vn 0.3965 0.6302 -0.6676
vn 0.3939 0.6307 -0.6687
vn 0.6113 0.5410 -0.5776
vn 0.5966 0.4045 -0.6932
vn 0.5940 0.5885 -0.5485
vn 0.3872 0.7210 -0.5746
vn 0.4041 0.8042 -0.4359
vn 0.4042 0.8040 -0.4361
vn 0.6204 0.6884 -0.3759
vn 0.6058 0.5949 -0.5282
vn 0.6026 0.7298 -0.3229
vn 0.3966 0.8651 -0.3070
vn 0.4126 0.8987 -0.1485
vn 0.4094 0.9000 -0.1493
vn 0.6252 0.7699 -0.1281
vn 0.6113 0.7308 -0.3037
vn 0.6054 0.7938 -0.0583
vn 0.3992 0.9169 -0.0006
vn 0.4143 0.8959 0.1604
vn 0.4099 0.8980 0.1598
vn 0.6259 0.7675 0.1386
vn 0.6127 0.7892 -0.0420
vn 0.6023 0.7699 0.2108
vn 0.3954 0.8669 0.3036
vn 0.4097 0.7940 0.4492
vn 0.4054 0.7962 0.4492
vn 0.6223 0.6799 0.3879
vn 0.6094 0.7609 0.2229
vn 0.5938 0.6667 0.4504
vn 0.3857 0.7275 0.5675
vn 0.3999 0.6121 0.6823
vn 0.3961 0.6140 0.6828
vn 0.6143 0.5245 0.5896
vn 0.6014 0.6545 0.4583
vn 0.5867 0.5012 0.6361
vn 0.3779 0.5220 0.7647
vn 0.3923 0.3770 0.8390
vn 0.3871 0.3790 0.8406
vn 0.6064 0.3234 0.7264
vn 0.5932 0.4873 0.6408
vn 0.5814 0.2964 0.7577
vn 0.3722 0.2767 0.8860
vn 0.3874 0.1165 0.9145
vn 0.3828 0.1176 0.9163
vn 0.6024 0.0997 0.7919
vn 0.5887 0.2802 0.7582
vn 0.5779 0.0698 0.8131
vn 0.3687 0.0118 0.9295
vn 0.3849 -0.1495 0.9108
vn 0.3825 -0.1490 0.9118
vn 0.6018 -0.1283 0.7882
vn 0.5874 0.0521 0.8076
vn 0.5811 -0.1645 0.7971
vn 0.3727 -0.2558 0.8920
vn 0.3895 -0.4044 0.8275
vn 0.3865 -0.4045 0.8289
vn 0.6050 -0.3473 0.7165
vn 0.5903 -0.1817 0.7865
vn 0.5869 -0.3907 0.7092
vn 0.3793 -0.5079 0.7734
vn 0.3965 -0.6302 0.6676
vn 0.3948 -0.6305 0.6683
vn 0.6121 -0.5407 0.5771
vn 0.5973 -0.4042 0.6927
vn 0.5938 -0.5886 0.5486
vn 0.3869 -0.7211 0.5747
vn 0.4038 -0.8043 0.4360
vn 0.4044 -0.8040 0.4360
vn 0.6205 -0.6883 0.3758
vn 0.6060 -0.5948 0.5282
vn 0.6025 -0.7299 0.3229
vn 0.3965 -0.8652 0.3070
vn 0.4125 -0.8988 0.1485
vn 0.4094 -0.9001 0.1494
vn 0.6251 -0.7700 0.1282
vn 0.6112 -0.7309 0.3038
vn 0.6053 -0.7938 0.0583
vn 0.3992 -0.9169 0.0007
vn 0.4142 -0.8959 -0.1604
vn 0.4098 -0.8980 -0.1599
vn 0.6259 -0.7675 -0.1387
vn 0.6126 -0.7893 0.0420
vn 0.8443 -0.4409 -0.3047
vn 0.9872 0.1580 0.0230
vn 0.9868 0.1147 0.1146
vn 0.9867 0.1123 0.1179
vn 0.8432 -0.5188 -0.1413
vn 0.8436 -0.4461 -0.2989
vn 0.8410 -0.3247 -0.4327
vn 0.9880 0.1395 0.0662
vn 0.9876 0.0664 0.1423
vn 0.9876 0.0656 0.1430
vn 0.8403 -0.4515 -0.3002
vn 0.8406 -0.3297 -0.4297
vn 0.8381 -0.1756 -0.5164
vn 0.9889 0.1084 0.1012
vn 0.9884 0.0150 0.1512
vn 0.9882 0.0119 0.1526
vn 0.8370 -0.3408 -0.4280
vn 0.8376 -0.1840 -0.5144
vn 0.8366 -0.0101 -0.5478
vn 0.9897 0.0684 0.1261
vn 0.9889 -0.0319 0.1451
vn 0.9884 -0.0427 0.1455
vn 0.8343 -0.1986 -0.5142
vn 0.8352 -0.0256 -0.5493
vn 0.8369 0.1543 -0.5252
vn 0.9899 0.0227 0.1396
vn 0.9890 -0.0727 0.1288
vn 0.9881 -0.0917 0.1237
vn 0.8334 -0.0377 -0.5514
vn 0.8347 0.1331 -0.5343
vn 0.8388 0.3022 -0.4529
vn 0.9897 -0.0252 0.1408
vn 0.9886 -0.1075 0.1049
vn 0.9873 -0.1305 0.0907
vn 0.8346 0.1272 -0.5360
vn 0.8362 0.2801 -0.4715
vn 0.8417 0.4207 -0.3384
vn 0.9890 -0.0715 0.1297
vn 0.9879 -0.1365 0.0733
vn 0.9864 -0.1562 0.0507
vn 0.8375 0.2808 -0.4688
vn 0.8392 0.4041 -0.3639
vn 0.8447 0.4997 -0.1916
vn 0.9880 -0.1127 0.1058
vn 0.9871 -0.1570 0.0324
vn 0.9858 -0.1678 0.0067
vn 0.8408 0.4083 -0.3554
vn 0.8424 0.4926 -0.2186
vn 0.8463 0.5321 -0.0251
vn 0.9872 -0.1435 0.0694
vn 0.9865 -0.1630 -0.0176
vn 0.9856 -0.1647 -0.0379
vn 0.8435 0.4965 -0.2051
vn 0.8447 0.5333 -0.0462
vn 0.8461 0.5126 0.1461
vn 0.9869 -0.1595 0.0242
vn 0.9864 -0.1489 -0.0703
vn 0.9859 -0.1466 -0.0810
vn 0.8445 0.5345 -0.0332
vn 0.8453 0.5173 0.1337
vn 0.8443 0.4409 0.3047
vn 0.9872 -0.1581 -0.0230
vn 0.9868 -0.1147 -0.1146
vn 0.9867 -0.1123 -0.1179
vn 0.8431 0.5188 0.1413
vn 0.8436 0.4462 0.2988
vn 0.8410 0.3247 0.4327
vn 0.9880 -0.1395 -0.0663
vn 0.9876 -0.0663 -0.1423
vn 0.9876 -0.0656 -0.1429
vn 0.8403 0.4515 0.3002
vn 0.8406 0.3297 0.4297
vn 0.8381 0.1755 0.5165
vn 0.9889 -0.1086 -0.1012
vn 0.9884 -0.0153 -0.1511
vn 0.9882 -0.0118 -0.1524
vn 0.8369 0.3408 0.4282
vn 0.8374 0.1841 0.5146
vn 0.8365 0.0101 0.5479
vn 0.9897 -0.0683 -0.1259
vn 0.9889 0.0320 -0.1449
vn 0.9885 0.0425 -0.1454
vn 0.8343 0.1985 0.5143
vn 0.8352 0.0254 0.5494
vn 0.8367 -0.1542 0.5255
vn 0.9900 -0.0225 -0.1393
vn 0.9890 0.0729 -0.1285
vn 0.9881 0.0917 -0.1238
vn 0.8334 0.0376 0.5513
vn 0.8348 -0.1331 0.5343
vn 0.8387 -0.3023 0.4529
vn 0.9897 0.0250 -0.1409
vn 0.9887 0.1073 -0.1050
vn 0.9873 0.1303 -0.0908
vn 0.8346 -0.1274 0.5360
vn 0.8362 -0.2802 0.4714
vn 0.8417 -0.4207 0.3384
vn 0.9890 0.0715 -0.1297
vn 0.9879 0.1364 -0.0733
vn 0.9864 0.1562 -0.0505
vn 0.8374 -0.2808 0.4689
vn 0.8391 -0.4041 0.3641
vn 0.8447 -0.4998 0.1915
vn 0.9880 0.1127 -0.1058
vn 0.9871 0.1570 -0.0324
vn 0.9858 0.1678 -0.0067
vn 0.8408 -0.4083 0.3554
vn 0.8424 -0.4926 0.2185
vn 0.8462 -0.5322 0.0251
vn 0.9872 0.1435 -0.0694
vn 0.9865 0.1629 0.0176
vn 0.9856 0.1647 0.0379
vn 0.8435 -0.4965 0.2050
vn 0.8447 -0.5333 0.0462
vn 0.8461 -0.5126 -0.1461
vn 0.9869 0.1595 -0.0242
vn 0.9864 0.1489 0.0703
vn 0.9859 0.1466 0.0810
vn 0.8445 -0.5345 0.0333
vn 0.8453 -0.5173 -0.1337
vn 0.5593 0.7270 0.3985
vn 0.5595 0.7842 0.2682
vn 0.8855 -0.4409 -0.1463
vn 0.8855 -0.4380 -0.1551
vn 0.8856 -0.4105 -0.2174
vn 0.5593 0.7357 0.3819
vn 0.5597 0.6730 0.4835
vn 0.8854 -0.3740 -0.2760
vn 0.8855 -0.3150 -0.3416
vn 0.8855 -0.3291 -0.3280
vn 0.5595 0.5790 0.5931
vn 0.5598 0.6520 0.5114
vn 0.5600 0.4820 0.6739
vn 0.8853 -0.2719 -0.3773
vn 0.8854 -0.1931 -0.4228
vn 0.8854 -0.2054 -0.4171
vn 0.5597 0.3681 0.7424
vn 0.5601 0.4606 0.6886
vn 0.5601 0.2417 0.7923
vn 0.8852 -0.1452 -0.4420
vn 0.8853 -0.0581 -0.4614
vn 0.8853 -0.0608 -0.4611
vn 0.5599 0.1251 0.8191
vn 0.5602 0.2344 0.7945
vn 0.5602 -0.0193 0.8281
vn 0.8852 -0.0050 -0.4652
vn 0.8853 0.0782 -0.4584
vn 0.8853 0.0872 -0.4568
vn 0.5599 -0.1278 0.8186
vn 0.5603 -0.0056 0.8283
vn 0.5601 -0.2726 0.7823
vn 0.8852 0.1361 -0.4448
vn 0.8853 0.2068 -0.4164
vn 0.8853 0.2226 -0.4082
vn 0.5598 -0.3684 0.7422
vn 0.5602 -0.2440 0.7916
vn 0.5599 -0.4950 0.6644
vn 0.8853 0.2656 -0.3816
vn 0.8855 0.3200 -0.3370
vn 0.8855 0.3339 -0.3232
vn 0.5596 -0.5762 0.5957
vn 0.5599 -0.4661 0.6850
vn 0.5597 -0.6699 0.4878
vn 0.8855 0.3708 -0.2801
vn 0.8856 0.4074 -0.2230
vn 0.8856 0.4141 -0.2105
vn 0.5594 -0.7319 0.3891
vn 0.5597 -0.6535 0.5096
vn 0.5595 -0.7849 0.2664
vn 0.8856 0.4401 -0.1488
vn 0.8857 0.4571 -0.0814
vn 0.8857 0.4577 -0.0783
vn 0.5592 -0.8172 0.1393
vn 0.5595 -0.7822 0.2742
vn 0.5594 -0.8287 0.0154
vn 0.8856 0.4645 -0.0010
vn 0.8857 0.4585 0.0735
vn 0.8857 0.4598 0.0644
vn 0.5592 -0.8191 -0.1282
vn 0.5595 -0.8289 0.0013
vn 0.5595 -0.7921 -0.2439
vn 0.8855 0.4411 0.1459
vn 0.8856 0.4084 0.2211
vn 0.8856 0.4167 0.2052
vn 0.5593 -0.7358 -0.3818
vn 0.5596 -0.7825 -0.2730
vn 0.5597 -0.6730 -0.4835
vn 0.8854 0.3740 0.2760
vn 0.8855 0.3150 0.3416
vn 0.8855 0.3291 0.3280
vn 0.5595 -0.5789 -0.5931
vn 0.5598 -0.6520 -0.5113
vn 0.5600 -0.4820 -0.6739
vn 0.8853 0.2719 0.3773
vn 0.8854 0.1931 0.4229
vn 0.8854 0.2054 0.4171
vn 0.5597 -0.3680 -0.7425
vn 0.5601 -0.4606 -0.6886
vn 0.5601 -0.2417 -0.7924
vn 0.8852 0.1451 0.4420
vn 0.8853 0.0581 0.4613
vn 0.8853 0.0608 0.4611
vn 0.5599 -0.1251 -0.8191
vn 0.5602 -0.2344 -0.7945
vn 0.5602 0.0193 -0.8281
vn 0.8852 0.0051 0.4652
vn 0.8853 -0.0781 0.4585
vn 0.8853 -0.0872 0.4568
vn 0.5599 0.1278 -0.8186
vn 0.5603 0.0056 -0.8283
vn 0.5601 0.2725 -0.7823
vn 0.8852 -0.1361 0.4448
vn 0.8854 -0.2069 0.4163
vn 0.8853 -0.2226 0.4082
vn 0.5598 0.3684 -0.7422
vn 0.5602 0.2440 -0.7916
vn 0.5599 0.4950 -0.6644
vn 0.8853 -0.2656 0.3816
vn 0.8855 -0.3200 0.3370
vn 0.8855 -0.3339 0.3232
vn 0.5596 0.5762 -0.5957
vn 0.5599 0.4661 -0.6850
vn 0.5597 0.6699 -0.4879
vn 0.8855 -0.3708 0.2801
vn 0.8856 -0.4074 0.2230
vn 0.8856 -0.4141 0.2105
vn 0.5594 0.7319 -0.3890
vn 0.5597 0.6535 -0.5096
vn 0.5595 0.7849 -0.2664
vn 0.8856 -0.4401 0.1488
vn 0.8857 -0.4571 0.0814
vn 0.8857 -0.4577 0.0783
vn 0.5592 0.8172 -0.1393
vn 0.5595 0.7822 -0.2742
vn 0.5594 0.8287 -0.0154
vn 0.8856 -0.4645 0.0010
vn 0.8857 -0.4585 -0.0735
vn 0.8857 -0.4598 -0.0644
vn 0.5592 0.8191 0.1282
vn 0.5595 0.8289 -0.0012
vn 0.2183 0.8547 0.4710
vn 0.2185 0.9190 0.3281
vn 0.7147 0.5651 0.4122
vn 0.7316 0.6090 0.3064
vn 0.7286 0.5960 0.3374
vn 0.1802 0.8666 0.4654
vn 0.1752 0.7660 0.6185
vn 0.7264 0.5410 0.4239
vn 0.7281 0.5221 0.4442
vn 0.7113 0.5991 0.3677
vn 0.2119 0.6604 0.7204
vn 0.2120 0.7670 0.6056
vn 0.1694 0.5419 0.8232
vn 0.7224 0.3887 0.5719
vn 0.7242 0.3650 0.5851
vn 0.7076 0.4624 0.5344
vn 0.2077 0.4104 0.8880
vn 0.2078 0.5469 0.8110
vn 0.1664 0.2783 0.9460
vn 0.7203 0.2065 0.6622
vn 0.7222 0.1794 0.6680
vn 0.7053 0.2899 0.6469
vn 0.2058 0.1338 0.9694
vn 0.2058 0.2869 0.9356
vn 0.1654 -0.0034 0.9862
vn 0.7195 0.0110 0.6944
vn 0.7216 -0.0185 0.6920
vn 0.7040 0.0960 0.7037
vn 0.2050 -0.1486 0.9674
vn 0.2050 0.0078 0.9787
vn 0.1672 -0.2868 0.9433
vn 0.7206 -0.1869 0.6676
vn 0.7230 -0.2165 0.6561
vn 0.7043 -0.1086 0.7016
vn 0.2057 -0.4204 0.8837
vn 0.2058 -0.2739 0.9395
vn 0.1720 -0.5536 0.8148
vn 0.7239 -0.3742 0.5797
vn 0.7262 -0.4001 0.5590
vn 0.7070 -0.3109 0.6352
vn 0.2093 -0.6636 0.7182
vn 0.2094 -0.5403 0.8150
vn 0.1776 -0.7792 0.6011
vn 0.7274 -0.5333 0.4317
vn 0.7299 -0.5518 0.4034
vn 0.7127 -0.4905 0.5016
vn 0.2169 -0.8532 0.4744
vn 0.2169 -0.7662 0.6049
vn 0.1820 -0.9319 0.3139
vn 0.7303 -0.6426 0.2318
vn 0.7327 -0.6506 0.1997
vn 0.7164 -0.6250 0.3100
vn 0.2209 -0.9604 0.1698
vn 0.2209 -0.9208 0.3215
vn 0.1835 -0.9829 -0.0156
vn 0.7314 -0.6819 0.0021
vn 0.7336 -0.6789 -0.0294
vn 0.7177 -0.6917 0.0804
vn 0.2218 -0.9617 -0.1610
vn 0.2218 -0.9751 -0.0048
vn 0.1800 -0.9228 -0.3407
vn 0.7292 -0.6456 -0.2267
vn 0.7312 -0.6333 -0.2534
vn 0.7163 -0.6802 -0.1557
vn 0.2193 -0.8544 -0.4710
vn 0.2193 -0.9189 -0.3280
vn 0.1751 -0.7660 -0.6185
vn 0.7262 -0.5411 -0.4240
vn 0.7280 -0.5222 -0.4442
vn 0.7114 -0.5990 -0.3676
vn 0.2120 -0.6603 -0.7204
vn 0.2121 -0.7670 -0.6055
vn 0.1701 -0.5418 -0.8231
vn 0.7229 -0.3884 -0.5715
vn 0.7246 -0.3647 -0.5847
vn 0.7084 -0.4620 -0.5336
vn 0.2092 -0.4102 -0.8877
vn 0.2092 -0.5468 -0.8107
vn 0.1674 -0.2781 -0.9459
vn 0.7211 -0.2064 -0.6614
vn 0.7229 -0.1793 -0.6673
vn 0.7053 -0.2899 -0.6469
vn 0.2058 -0.1338 -0.9694
vn 0.2058 -0.2869 -0.9356
vn 0.1653 0.0035 -0.9862
vn 0.7194 -0.0109 -0.6945
vn 0.7216 0.0186 -0.6921
vn 0.7042 -0.0960 -0.7035
vn 0.2053 0.1485 -0.9674
vn 0.2052 -0.0078 -0.9787
vn 0.1687 0.2868 -0.9430
vn 0.7217 0.1866 -0.6666
vn 0.7240 0.2162 -0.6551
vn 0.7053 0.1084 -0.7005
vn 0.2074 0.4203 -0.8834
vn 0.2074 0.2737 -0.9392
vn 0.1718 0.5536 -0.8149
vn 0.7237 0.3742 -0.5798
vn 0.7261 0.4002 -0.5591
vn 0.7071 0.3109 -0.6351
vn 0.2094 0.6636 -0.7182
vn 0.2095 0.5403 -0.8150
vn 0.1775 0.7792 -0.6011
vn 0.7275 0.5332 -0.4318
vn 0.7299 0.5518 -0.4035
vn 0.7118 0.4912 -0.5020
vn 0.2154 0.8534 -0.4746
vn 0.2155 0.7665 -0.6050
vn 0.1817 0.9319 -0.3139
vn 0.7302 0.6426 -0.2321
vn 0.7325 0.6507 -0.1998
vn 0.7164 0.6251 -0.3100
vn 0.2209 0.9604 -0.1697
vn 0.2209 0.9208 -0.3214
vn 0.1835 0.9829 0.0156
vn 0.7315 0.6819 -0.0020
vn 0.7336 0.6789 0.0294
vn 0.7178 0.6916 -0.0803
vn 0.2218 0.9617 0.1610
vn 0.2218 0.9751 0.0048
vn 0.7171 0.6959 0.0385
vn 0.2197 0.9211 0.3215
vn 0.2198 0.9607 0.1698
vn 0.1835 0.9661 0.1816
vn 0.7311 0.6726 0.1144
vn 0.7337 0.6641 0.1437
vn 0.7337 0.6789 -0.0294
vn 0.7315 0.6819 0.0021
vn 0.1835 0.9829 -0.0156
vn 0.2218 0.9751 -0.0048
vn 0.2219 0.9617 -0.1610
vn 0.7177 0.6917 0.0804
vn 0.7312 0.6334 -0.2534
vn 0.7293 0.6456 -0.2267
vn 0.1799 0.9228 -0.3408
vn 0.2177 0.9192 -0.3282
vn 0.2180 0.8547 -0.4711
vn 0.7154 0.6812 -0.1558
vn 0.7281 0.5221 -0.4442
vn 0.7263 0.5411 -0.4239
vn 0.1752 0.7660 -0.6185
vn 0.2119 0.7671 -0.6055
vn 0.2124 0.6603 -0.7203
vn 0.7113 0.5991 -0.3676
vn 0.7246 0.3646 -0.5848
vn 0.7228 0.3884 -0.5716
vn 0.1700 0.5419 -0.8231
vn 0.2091 0.5468 -0.8107
vn 0.2091 0.4102 -0.8877
vn 0.7083 0.4620 -0.5337
vn 0.7228 0.1793 -0.6673
vn 0.7210 0.2065 -0.6615
vn 0.1673 0.2781 -0.9459
vn 0.2059 0.2869 -0.9356
vn 0.2059 0.1338 -0.9694
vn 0.7054 0.2899 -0.6468
vn 0.7216 -0.0186 -0.6920
vn 0.7195 0.0109 -0.6944
vn 0.1654 -0.0034 -0.9862
vn 0.2049 0.0078 -0.9788
vn 0.2050 -0.1486 -0.9674
vn 0.7039 0.0960 -0.7038
vn 0.7240 -0.2162 -0.6550
vn 0.7217 -0.1865 -0.6666
vn 0.1688 -0.2868 -0.9430
vn 0.2075 -0.2737 -0.9392
vn 0.2075 -0.4203 -0.8834
vn 0.7054 -0.1083 -0.7005
vn 0.7261 -0.4002 -0.5591
vn 0.7237 -0.3743 -0.5798
vn 0.1718 -0.5536 -0.8149
vn 0.2094 -0.5403 -0.8150
vn 0.2099 -0.6635 -0.7181
vn 0.7071 -0.3109 -0.6351
vn 0.7300 -0.5518 -0.4034
vn 0.7275 -0.5333 -0.4317
vn 0.1777 -0.7792 -0.6011
vn 0.2169 -0.7662 -0.6049
vn 0.2169 -0.8532 -0.4744
vn 0.7126 -0.4905 -0.5016
vn 0.7325 -0.6508 -0.1998
vn 0.7301 -0.6427 -0.2321
vn 0.1817 -0.9319 -0.3139
vn 0.2208 -0.9208 -0.3215
vn 0.2209 -0.9604 -0.1698
vn 0.7163 -0.6251 -0.3100
vn 0.7336 -0.6789 0.0294
vn 0.7314 -0.6819 -0.0020
vn 0.1835 -0.9829 0.0156
vn 0.2218 -0.9751 0.0048
vn 0.2218 -0.9617 0.1610
vn 0.7177 -0.6917 -0.0803
vn 0.7317 -0.6328 0.2533
vn 0.7297 -0.6453 0.2263
vn 0.1807 -0.9226 0.3407
vn 0.2192 -0.9189 0.3280
vn 0.2193 -0.8545 0.4710
vn 0.7163 -0.6802 0.1556
vn 0.7281 -0.5221 0.4442
vn 0.7263 -0.5411 0.4239
vn 0.1752 -0.7660 0.6185
vn 0.2119 -0.7671 0.6056
vn 0.2124 -0.6603 0.7204
vn 0.7113 -0.5990 0.3677
vn 0.7243 -0.3649 0.5850
vn 0.7225 -0.3886 0.5718
vn 0.1695 -0.5418 0.8232
vn 0.2077 -0.5470 0.8110
vn 0.2081 -0.4103 0.8879
vn 0.7077 -0.4623 0.5343
vn 0.7221 -0.1795 0.6681
vn 0.7202 -0.2065 0.6623
vn 0.1663 -0.2783 0.9460
vn 0.2058 -0.2868 0.9356
vn 0.2058 -0.1337 0.9694
vn 0.7053 -0.2899 0.6470
vn 0.7216 0.0186 0.6921
vn 0.7194 -0.0109 0.6945
vn 0.1653 0.0034 0.9862
vn 0.2050 -0.0078 0.9787
vn 0.2050 0.1485 0.9674
vn 0.7039 -0.0960 0.7037
vn 0.7230 0.2165 0.6560
vn 0.7207 0.1868 0.6675
vn 0.1673 0.2867 0.9433
vn 0.2058 0.2739 0.9395
vn 0.2061 0.4204 0.8836
vn 0.7043 0.1085 0.7015
vn 0.7262 0.4001 0.5590
vn 0.7239 0.3741 0.5797
vn 0.1720 0.5536 0.8148
vn 0.2093 0.5403 0.8150
vn 0.2098 0.6636 0.7181
vn 0.7071 0.3109 0.6351
vn 0.7299 0.5518 0.4035
vn 0.7275 0.5332 0.4317
vn 0.1776 0.7792 0.6011
vn 0.2155 0.7665 0.6051
vn 0.2158 0.8534 0.4745
vn 0.7119 0.4912 0.5020
vn 0.8855 -0.4442 -0.1360
vn 0.5595 0.7875 0.2586
vn 0.5592 0.8175 0.1381
vn 0.5592 0.8211 0.1148
vn 0.8855 -0.4398 -0.1496
vn 0.8857 -0.4585 0.0735
vn 0.8856 -0.4645 -0.0010
vn 0.5594 0.8287 0.0154
vn 0.5595 0.8289 0.0013
vn 0.5592 0.8191 -0.1282
vn 0.8857 -0.4598 0.0644
vn 0.8856 -0.4084 0.2211
vn 0.8855 -0.4411 0.1459
vn 0.5595 0.7921 -0.2439
vn 0.5596 0.7825 -0.2731
vn 0.5593 0.7358 -0.3818
vn 0.8856 -0.4167 0.2051
vn 0.8855 -0.3150 0.3416
vn 0.8854 -0.3740 0.2760
vn 0.5597 0.6730 -0.4835
vn 0.5598 0.6520 -0.5114
vn 0.5595 0.5789 -0.5931
vn 0.8855 -0.3291 0.3280
vn 0.8854 -0.1931 0.4229
vn 0.8853 -0.2719 0.3773
vn 0.5600 0.4820 -0.6739
vn 0.5601 0.4606 -0.6886
vn 0.5597 0.3680 -0.7425
vn 0.8854 -0.2054 0.4171
vn 0.8853 -0.0581 0.4614
vn 0.8852 -0.1451 0.4420
vn 0.5601 0.2417 -0.7924
vn 0.5602 0.2344 -0.7945
vn 0.5599 0.1251 -0.8191
vn 0.8853 -0.0608 0.4611
vn 0.8853 0.0781 0.4584
vn 0.8852 -0.0051 0.4653
vn 0.5602 -0.0193 -0.8281
vn 0.5602 -0.0056 -0.8283
vn 0.5599 -0.1278 -0.8186
vn 0.8853 0.0872 0.4568
vn 0.8854 0.2069 0.4163
vn 0.8852 0.1362 0.4448
vn 0.5601 -0.2727 -0.7823
vn 0.5602 -0.2440 -0.7916
vn 0.5598 -0.3684 -0.7422
vn 0.8853 0.2226 0.4082
vn 0.8855 0.3200 0.3370
vn 0.8853 0.2656 0.3816
vn 0.5599 -0.4950 -0.6644
vn 0.5599 -0.4661 -0.6850
vn 0.5596 -0.5763 -0.5956
vn 0.8855 0.3339 0.3232
vn 0.8856 0.4074 0.2230
vn 0.8855 0.3708 0.2801
vn 0.5597 -0.6699 -0.4879
vn 0.5597 -0.6535 -0.5096
vn 0.5594 -0.7319 -0.3891
vn 0.8856 0.4141 0.2105
vn 0.8856 0.4572 0.0814
vn 0.8856 0.4401 0.1488
vn 0.5595 -0.7848 -0.2664
vn 0.5595 -0.7822 -0.2742
vn 0.5592 -0.8172 -0.1393
vn 0.8857 0.4577 0.0783
vn 0.8857 0.4585 -0.0735
vn 0.8856 0.4645 0.0010
vn 0.5594 -0.8287 -0.0154
vn 0.5595 -0.8289 -0.0012
vn 0.5592 -0.8191 0.1282
vn 0.8857 0.4598 -0.0644
vn 0.8856 0.4084 -0.2211
vn 0.8855 0.4411 -0.1459
vn 0.5595 -0.7921 0.2439
vn 0.5596 -0.7825 0.2730
vn 0.5593 -0.7358 0.3819
vn 0.8856 0.4167 -0.2052
vn 0.8855 0.3150 -0.3416
vn 0.8854 0.3740 -0.2760
vn 0.5597 -0.6730 0.4835
vn 0.5598 -0.6520 0.5114
vn 0.5596 -0.5789 0.5931
vn 0.8855 0.3291 -0.3280
vn 0.8854 0.1931 -0.4228
vn 0.8853 0.2719 -0.3773
vn 0.5600 -0.4819 0.6739
vn 0.5601 -0.4605 0.6886
vn 0.5597 -0.3681 0.7424
vn 0.8854 0.2054 -0.4171
vn 0.8853 0.0581 -0.4614
vn 0.8852 0.1452 -0.4420
vn 0.5601 -0.2417 0.7924
vn 0.5602 -0.2345 0.7945
vn 0.5599 -0.1251 0.8191
vn 0.8853 0.0608 -0.4611
vn 0.8853 -0.0782 -0.4584
vn 0.8852 0.0050 -0.4652
vn 0.5602 0.0193 0.8281
vn 0.5603 0.0056 0.8283
vn 0.5599 0.1278 0.8186
vn 0.8853 -0.0872 -0.4568
vn 0.8853 -0.2068 -0.4164
vn 0.8852 -0.1361 -0.4448
vn 0.5601 0.2726 0.7823
vn 0.5602 0.2440 0.7916
vn 0.5598 0.3684 0.7422
vn 0.8853 -0.2226 -0.4082
vn 0.8855 -0.3200 -0.3370
vn 0.8853 -0.2656 -0.3816
vn 0.5599 0.4950 0.6644
vn 0.5599 0.4661 0.6850
vn 0.5596 0.5763 0.5956
vn 0.8855 -0.3339 -0.3232
vn 0.8856 -0.4074 -0.2230
vn 0.8855 -0.3708 -0.2801
vn 0.5597 0.6699 0.4878
vn 0.5597 0.6535 0.5096
vn 0.5594 0.7319 0.3890
vn 0.8856 -0.4141 -0.2105
vn 0.8453 -0.4830 -0.2285
vn 0.9870 0.1608 -0.0010
vn 0.9865 0.1344 0.0936
vn 0.9862 0.1315 0.1001
vn 0.8441 -0.5334 -0.0552
vn 0.8445 -0.4883 -0.2198
vn 0.8465 -0.5288 -0.0614
vn 0.9869 0.1537 -0.0482
vn 0.9863 0.1592 0.0434
vn 0.9857 0.1577 0.0595
vn 0.8443 -0.5222 0.1205
vn 0.8451 -0.5328 -0.0444
vn 0.8456 -0.5224 0.1097
vn 0.9876 0.1293 -0.0892
vn 0.9867 0.1622 -0.0087
vn 0.9856 0.1683 0.0149
vn 0.8425 -0.4581 0.2835
vn 0.8438 -0.5197 0.1342
vn 0.8432 -0.4662 0.2679
vn 0.9885 0.0923 -0.1197
vn 0.9875 0.1476 -0.0548
vn 0.9861 0.1634 -0.0296
vn 0.8392 -0.3491 0.4170
vn 0.8406 -0.4541 0.2951
vn 0.8401 -0.3662 0.4001
vn 0.9894 0.0481 -0.1370
vn 0.9883 0.1224 -0.0908
vn 0.9869 0.1447 -0.0718
vn 0.8359 -0.2068 0.5084
vn 0.8375 -0.3462 0.4228
vn 0.8375 -0.2316 0.4949
vn 0.9899 0.0007 -0.1415
vn 0.9889 0.0903 -0.1180
vn 0.9877 0.1121 -0.1088
vn 0.8338 -0.0457 0.5502
vn 0.8352 -0.2092 0.5086
vn 0.8363 -0.0737 0.5432
vn 0.9899 -0.0466 -0.1339
vn 0.9890 0.0525 -0.1381
vn 0.9883 0.0675 -0.1365
vn 0.8337 0.1189 0.5393
vn 0.8346 -0.0551 0.5480
vn 0.8371 0.0935 0.5391
vn 0.9894 -0.0897 -0.1146
vn 0.9887 0.0086 -0.1497
vn 0.9884 0.0152 -0.1510
vn 0.8355 0.2725 0.4771
vn 0.8361 0.1053 0.5384
vn 0.8394 0.2527 0.4811
vn 0.9885 -0.1259 -0.0842
vn 0.9880 -0.0415 -0.1487
vn 0.9880 -0.0399 -0.1494
vn 0.8386 0.4004 0.3692
vn 0.8389 0.2591 0.4787
vn 0.8426 0.3877 0.3738
vn 0.9876 -0.1507 -0.0448
vn 0.9872 -0.0920 -0.1305
vn 0.9871 -0.0911 -0.1319
vn 0.8421 0.4906 0.2242
vn 0.8422 0.3921 0.3699
vn 0.8453 0.4830 0.2285
vn 0.9870 -0.1608 0.0011
vn 0.9865 -0.1344 -0.0936
vn 0.9862 -0.1314 -0.1002
vn 0.8440 0.5334 0.0552
vn 0.8445 0.4884 0.2199
vn 0.8465 0.5288 0.0614
vn 0.9869 -0.1537 0.0482
vn 0.9863 -0.1592 -0.0434
vn 0.9857 -0.1577 -0.0596
vn 0.8443 0.5222 -0.1204
vn 0.8451 0.5327 0.0444
vn 0.8456 0.5224 -0.1097
vn 0.9876 -0.1293 0.0892
vn 0.9867 -0.1622 0.0087
vn 0.9856 -0.1683 -0.0148
vn 0.8425 0.4580 -0.2834
vn 0.8437 0.5197 -0.1342
vn 0.8432 0.4661 -0.2678
vn 0.9885 -0.0923 0.1197
vn 0.9875 -0.1476 0.0548
vn 0.9861 -0.1635 0.0297
vn 0.8392 0.3491 -0.4170
vn 0.8407 0.4541 -0.2951
vn 0.8402 0.3662 -0.3999
vn 0.9894 -0.0480 0.1372
vn 0.9883 -0.1223 0.0910
vn 0.9869 -0.1447 0.0719
vn 0.8359 0.2068 -0.5084
vn 0.8375 0.3462 -0.4228
vn 0.8375 0.2316 -0.4949
vn 0.9899 -0.0007 0.1415
vn 0.9889 -0.0903 0.1181
vn 0.9877 -0.1121 0.1091
vn 0.8340 0.0458 -0.5499
vn 0.8353 0.2093 -0.5083
vn 0.8363 0.0735 -0.5432
vn 0.9899 0.0464 0.1339
vn 0.9890 -0.0527 0.1381
vn 0.9883 -0.0676 0.1367
vn 0.8338 -0.1190 -0.5391
vn 0.8348 0.0551 -0.5479
vn 0.8370 -0.0934 -0.5392
vn 0.9894 0.0899 0.1144
vn 0.9887 -0.0084 0.1496
vn 0.9884 -0.0151 0.1509
vn 0.8355 -0.2724 -0.4772
vn 0.8361 -0.1051 -0.5385
vn 0.8395 -0.2527 -0.4810
vn 0.9884 0.1260 0.0844
vn 0.9880 0.0416 0.1488
vn 0.9879 0.0398 0.1496
vn 0.8387 -0.4005 -0.3691
vn 0.8389 -0.2592 -0.4786
vn 0.8426 -0.3876 -0.3738
vn 0.9876 0.1507 0.0448
vn 0.9872 0.0921 0.1304
vn 0.9871 0.0911 0.1319
vn 0.8421 -0.4906 -0.2242
vn 0.8423 -0.3921 -0.3699
vn 0.4090 -0.8584 -0.3096
vn 0.6251 -0.7332 -0.2676
vn 0.6123 -0.7852 -0.0924
vn 0.6037 -0.7934 -0.0780
vn 0.3969 -0.9048 -0.1545
vn 0.4118 -0.8570 -0.3099
vn 0.4117 -0.9113 -0.0052
vn 0.6271 -0.7789 -0.0052
vn 0.6138 -0.7697 0.1753
vn 0.6039 -0.7732 0.1938
vn 0.3975 -0.9042 0.1563
vn 0.4133 -0.9106 -0.0057
vn 0.4082 -0.8630 0.2977
vn 0.6237 -0.7385 0.2562
vn 0.6098 -0.6709 0.4220
vn 0.5994 -0.6672 0.4423
vn 0.3928 -0.8032 0.4477
vn 0.4096 -0.8625 0.2971
vn 0.3983 -0.7258 0.5608
vn 0.6150 -0.6224 0.4841
vn 0.6007 -0.5057 0.6192
vn 0.5913 -0.4944 0.6372
vn 0.3840 -0.6209 0.6834
vn 0.4012 -0.7251 0.5597
vn 0.3910 -0.5224 0.7578
vn 0.6087 -0.4482 0.6547
vn 0.5942 -0.2954 0.7481
vn 0.5828 -0.2799 0.7629
vn 0.3744 -0.3854 0.8433
vn 0.3919 -0.5225 0.7573
vn 0.3851 -0.2793 0.8796
vn 0.6038 -0.2400 0.7602
vn 0.5894 -0.0651 0.8052
vn 0.5793 -0.0472 0.8138
vn 0.3702 -0.1229 0.9208
vn 0.3871 -0.2795 0.8787
vn 0.3818 -0.0162 0.9241
vn 0.6012 -0.0148 0.7989
vn 0.5875 0.1676 0.7917
vn 0.5790 0.1849 0.7941
vn 0.3695 0.1455 0.9178
vn 0.3854 -0.0169 0.9226
vn 0.3859 0.2497 0.8881
vn 0.6051 0.2128 0.7672
vn 0.5919 0.3869 0.7071
vn 0.5826 0.4028 0.7060
vn 0.3730 0.4030 0.8357
vn 0.3882 0.2487 0.8874
vn 0.3918 0.5011 0.7717
vn 0.6104 0.4279 0.6666
vn 0.5977 0.5766 0.5570
vn 0.5908 0.5898 0.5505
vn 0.3821 0.6310 0.6752
vn 0.3967 0.4989 0.7705
vn 0.3999 0.7139 0.5748
vn 0.6174 0.6100 0.4967
vn 0.6049 0.7169 0.3465
vn 0.5990 0.7269 0.3359
vn 0.3913 0.8069 0.4425
vn 0.4057 0.7111 0.5742
vn 0.4089 0.8585 0.3096
vn 0.6250 0.7333 0.2676
vn 0.6122 0.7853 0.0923
vn 0.6038 0.7933 0.0781
vn 0.3969 0.9047 0.1546
vn 0.4118 0.8569 0.3099
vn 0.4118 0.9113 0.0051
vn 0.6272 0.7788 0.0052
vn 0.6138 0.7697 -0.1754
vn 0.6039 0.7732 -0.1937
vn 0.3975 0.9042 -0.1563
vn 0.4134 0.9105 0.0058
vn 0.4082 0.8630 -0.2976
vn 0.6237 0.7385 -0.2561
vn 0.6098 0.6709 -0.4220
vn 0.5995 0.6671 -0.4423
vn 0.3930 0.8032 -0.4477
vn 0.4097 0.8625 -0.2971
vn 0.3985 0.7258 -0.5608
vn 0.6151 0.6223 -0.4840
vn 0.6008 0.5056 -0.6192
vn 0.5902 0.4947 -0.6379
vn 0.3828 0.6213 -0.6837
vn 0.4001 0.7254 -0.5601
vn 0.3910 0.5224 -0.7577
vn 0.6087 0.4482 -0.6547
vn 0.5942 0.2955 -0.7481
vn 0.5836 0.2798 -0.7623
vn 0.3754 0.3852 -0.8430
vn 0.3927 0.5223 -0.7570
vn 0.3855 0.2793 -0.8794
vn 0.6040 0.2400 -0.7600
vn 0.5898 0.0651 -0.8050
vn 0.5791 0.0472 -0.8139
vn 0.3700 0.1230 -0.9209
vn 0.3869 0.2795 -0.8787
vn 0.3832 0.0164 -0.9235
vn 0.6024 0.0149 -0.7981
vn 0.5886 -0.1675 -0.7909
vn 0.5795 -0.1848 -0.7938
vn 0.3699 -0.1454 -0.9176
vn 0.3858 0.0170 -0.9224
vn 0.3857 -0.2497 -0.8882
vn 0.6048 -0.2128 -0.7674
vn 0.5917 -0.3868 -0.7073
vn 0.5841 -0.4023 -0.7049
vn 0.3748 -0.4027 -0.8351
vn 0.3899 -0.2483 -0.8868
vn 0.3921 -0.5010 -0.7715
vn 0.6107 -0.4277 -0.6664
vn 0.5980 -0.5766 -0.5568
vn 0.5897 -0.5903 -0.5511
vn 0.3809 -0.6313 -0.6755
vn 0.3955 -0.4994 -0.7709
vn 0.3997 -0.7139 -0.5749
vn 0.6173 -0.6101 -0.4967
vn 0.6048 -0.7170 -0.3466
vn 0.5990 -0.7269 -0.3359
vn 0.3914 -0.8069 -0.4425
vn 0.4057 -0.7111 -0.5742
vn -0.1014 -0.9948 -0.0098
vn -0.1246 -0.9788 -0.1625
vn -0.0040 -0.9804 -0.1970
vn 0.0023 -0.9820 -0.1890
vn 0.0195 -0.9998 -0.0069
vn -0.1137 -0.9935 -0.0072
vn 0.9588 0.2773 0.0617
vn 0.6851 -0.7281 0.0224
vn 0.6853 -0.7131 -0.1480
vn 0.6857 -0.7102 -0.1594
vn 0.9589 0.2836 -0.0015
vn 0.9588 0.2780 0.0581
vn -0.1125 -0.9389 -0.3253
vn 0.0206 -0.9447 -0.3273
vn 0.0031 -0.9887 -0.1501
vn -0.0039 -0.9899 -0.1416
vn -0.1244 -0.9769 -0.1740
vn -0.1009 -0.9409 -0.3232
vn -0.1007 -0.9409 0.3233
vn -0.1243 -0.9769 0.1740
vn -0.0038 -0.9899 0.1416
vn 0.0031 -0.9887 0.1501
vn 0.0206 -0.9447 0.3273
vn -0.1125 -0.9389 0.3253
vn 0.9589 0.2827 -0.0247
vn 0.6841 -0.6832 0.2552
vn 0.6846 -0.7222 0.0986
vn 0.6856 -0.7241 0.0751
vn 0.9593 0.2684 -0.0881
vn 0.9591 0.2807 -0.0376
vn -0.1137 -0.9935 0.0072
vn 0.0195 -0.9998 0.0069
vn 0.0023 -0.9820 0.1890
vn -0.0039 -0.9804 0.1970
vn -0.1245 -0.9788 0.1625
vn -0.1013 -0.9948 0.0098
vn -0.0988 -0.7841 0.6127
vn -0.1227 -0.8667 0.4834
vn -0.0025 -0.8897 0.4565
vn 0.0055 -0.8856 0.4644
vn 0.0233 -0.7862 0.6175
vn -0.1096 -0.7816 0.6141
vn 0.9598 0.2598 -0.1067
vn 0.6812 -0.5691 0.4605
vn 0.6819 -0.6531 0.3293
vn 0.6830 -0.6664 0.2990
vn 0.9605 0.2253 -0.1636
vn 0.9602 0.2502 -0.1241
vn -0.1121 -0.9351 0.3362
vn 0.0213 -0.9411 0.3375
vn 0.0041 -0.8638 0.5039
vn -0.0026 -0.8597 0.5107
vn -0.1231 -0.8698 0.4779
vn -0.1001 -0.9354 0.3392
vn -0.0954 -0.5541 0.8270
vn -0.1196 -0.6729 0.7300
vn 0.0004 -0.7032 0.7110
vn 0.0083 -0.6967 0.7174
vn 0.0262 -0.5544 0.8318
vn -0.1066 -0.5512 0.8275
vn 0.9612 0.2124 -0.1761
vn 0.6772 -0.4001 0.6175
vn 0.6779 -0.5209 0.5187
vn 0.6795 -0.5455 0.4907
vn 0.9619 0.1614 -0.2206
vn 0.9616 0.1965 -0.1914
vn -0.1091 -0.7789 0.6176
vn 0.0243 -0.7839 0.6204
vn 0.0070 -0.6573 0.7536
vn 0.0001 -0.6514 0.7587
vn -0.1202 -0.6717 0.7310
vn -0.0972 -0.7781 0.6206
vn -0.0927 -0.2834 0.9545
vn -0.1169 -0.4256 0.8973
vn 0.0030 -0.4600 0.8879
vn 0.0110 -0.4520 0.8919
vn 0.0290 -0.2818 0.9590
vn -0.1038 -0.2805 0.9542
vn 0.9625 0.1461 -0.2287
vn 0.6740 -0.1942 0.7127
vn 0.6747 -0.3451 0.6525
vn 0.6760 -0.3741 0.6348
vn 0.9631 0.0840 -0.2555
vn 0.9629 0.1298 -0.2367
vn -0.1060 -0.5543 0.8256
vn 0.0272 -0.5580 0.8294
vn 0.0098 -0.3967 0.9179
vn 0.0030 -0.3894 0.9211
vn -0.1171 -0.4177 0.9010
vn -0.0938 -0.5526 0.8282
vn -0.0915 0.0030 0.9958
vn -0.1156 -0.1497 0.9820
vn 0.0043 -0.1851 0.9827
vn 0.0121 -0.1766 0.9842
vn 0.0300 0.0062 0.9995
vn -0.1030 0.0058 0.9947
vn 0.9633 0.0664 -0.2601
vn 0.6725 0.0284 0.7395
vn 0.6729 -0.1433 0.7257
vn 0.6738 -0.1675 0.7196
vn 0.9637 -0.0002 -0.2668
vn 0.9635 0.0563 -0.2617
vn -0.1037 -0.2895 0.9515
vn 0.0294 -0.2916 0.9561
vn 0.0117 -0.1118 0.9937
vn 0.0043 -0.1035 0.9946
vn -0.1156 -0.1369 0.9838
vn -0.0920 -0.2872 0.9535
vn -0.0919 0.2872 0.9535
vn -0.1156 0.1369 0.9838
vn 0.0043 0.1035 0.9946
vn 0.0117 0.1118 0.9937
vn 0.0294 0.2916 0.9561
vn -0.1037 0.2895 0.9515
vn 0.9633 -0.0201 -0.2678
vn 0.6735 0.2476 0.6965
vn 0.6735 0.0700 0.7359
vn 0.6740 0.0566 0.7366
vn 0.9634 -0.0846 -0.2543
vn 0.9633 -0.0211 -0.2677
vn -0.1030 -0.0058 0.9947
vn 0.0300 -0.0062 0.9995
vn 0.0121 0.1766 0.9842
vn 0.0044 0.1851 0.9827
vn -0.1155 0.1497 0.9820
vn -0.0915 -0.0030 0.9958
vn -0.0938 0.5526 0.8281
vn -0.1171 0.4176 0.9010
vn 0.0030 0.3894 0.9211
vn 0.0097 0.3967 0.9179
vn 0.0271 0.5580 0.8294
vn -0.1061 0.5543 0.8255
vn 0.9624 -0.1057 -0.2501
vn 0.6763 0.4440 0.5877
vn 0.6761 0.2812 0.6811
vn 0.6763 0.2776 0.6823
vn 0.9623 -0.1622 -0.2182
vn 0.9623 -0.1006 -0.2527
vn -0.1038 0.2804 0.9542
vn 0.0290 0.2818 0.9590
vn 0.0110 0.4520 0.8919
vn 0.0030 0.4600 0.8879
vn -0.1169 0.4256 0.8973
vn -0.0927 0.2834 0.9545
vn -0.0972 0.7781 0.6205
vn -0.1202 0.6717 0.7310
vn 0.0001 0.6514 0.7587
vn 0.0064 0.6573 0.7536
vn 0.0236 0.7839 0.6204
vn -0.1097 0.7789 0.6175
vn 0.9611 -0.1826 -0.2075
vn 0.6801 0.5997 0.4216
vn 0.6798 0.4734 0.5601
vn 0.6800 0.4736 0.5598
vn 0.9609 -0.2258 -0.1605
vn 0.9609 -0.1771 -0.2129
vn -0.1065 0.5513 0.8275
vn 0.0263 0.5544 0.8318
vn 0.0083 0.6967 0.7174
vn 0.0004 0.7032 0.7110
vn -0.1197 0.6729 0.7300
vn -0.0955 0.5541 0.8270
vn -0.1001 0.9354 0.3392
vn -0.1232 0.8697 0.4779
vn -0.0027 0.8597 0.5108
vn 0.0041 0.8638 0.5039
vn 0.0213 0.9411 0.3375
vn -0.1121 0.9351 0.3362
vn 0.9596 -0.2425 -0.1425
vn 0.6836 0.6985 0.2117
vn 0.6834 0.6251 0.3771
vn 0.6834 0.6237 0.3794
vn 0.9596 -0.2682 -0.0848
vn 0.9596 -0.2403 -0.1463
vn -0.1103 0.7816 0.6140
vn 0.0227 0.7863 0.6174
vn 0.0049 0.8856 0.4644
vn -0.0025 0.8897 0.4565
vn -0.1228 0.8667 0.4834
vn -0.0988 0.7841 0.6127
vn -0.1013 0.9948 0.0099
vn -0.1245 0.9788 0.1625
vn -0.0039 0.9804 0.1970
vn 0.0030 0.9820 0.1890
vn 0.0203 0.9998 0.0069
vn -0.1130 0.9936 0.0072
vn 0.9588 -0.2773 -0.0617
vn 0.6851 0.7281 -0.0224
vn 0.6853 0.7131 0.1480
vn 0.6857 0.7102 0.1594
vn 0.9589 -0.2836 0.0015
vn 0.9588 -0.2780 -0.0581
vn -0.1124 0.9389 0.3253
vn 0.0206 0.9447 0.3273
vn 0.0031 0.9887 0.1501
vn -0.0038 0.9899 0.1415
vn -0.1243 0.9769 0.1740
vn -0.1008 0.9409 0.3232
vn -0.1009 0.9409 -0.3232
vn -0.1244 0.9769 -0.1740
vn -0.0039 0.9899 -0.1415
vn 0.0031 0.9887 -0.1501
vn 0.0206 0.9447 -0.3273
vn -0.1124 0.9389 -0.3253
vn 0.9589 -0.2827 0.0247
vn 0.6841 0.6832 -0.2552
vn 0.6846 0.7222 -0.0986
vn 0.6856 0.7241 -0.0751
vn 0.9593 -0.2684 0.0881
vn 0.9591 -0.2807 0.0376
vn -0.1130 0.9936 -0.0072
vn 0.0203 0.9998 -0.0069
vn 0.0030 0.9820 -0.1890
vn -0.0040 0.9804 -0.1971
vn -0.1246 0.9788 -0.1625
vn -0.1014 0.9948 -0.0099
vn -0.0984 0.7841 -0.6127
vn -0.1224 0.8668 -0.4834
vn -0.0021 0.8897 -0.4565
vn 0.0049 0.8856 -0.4644
vn 0.0227 0.7863 -0.6175
vn -0.1102 0.7816 -0.6140
vn 0.9598 -0.2595 0.1064
vn 0.6810 0.5693 -0.4606
vn 0.6817 0.6533 -0.3296
vn 0.6831 0.6664 -0.2988
vn 0.9604 -0.2255 0.1636
vn 0.9602 -0.2502 0.1243
vn -0.1121 0.9351 -0.3362
vn 0.0212 0.9411 -0.3375
vn 0.0041 0.8638 -0.5039
vn -0.0023 0.8597 -0.5107
vn -0.1228 0.8698 -0.4779
vn -0.0998 0.9354 -0.3392
vn -0.0955 0.5541 -0.8270
vn -0.1197 0.6729 -0.7300
vn 0.0004 0.7031 -0.7110
vn 0.0084 0.6967 -0.7174
vn 0.0264 0.5544 -0.8318
vn -0.1065 0.5513 -0.8275
vn 0.9612 -0.2124 0.1762
vn 0.6772 0.4001 -0.6175
vn 0.6780 0.5209 -0.5187
vn 0.6796 0.5454 -0.4906
vn 0.9619 -0.1615 0.2207
vn 0.9616 -0.1966 0.1916
vn -0.1097 0.7788 -0.6175
vn 0.0236 0.7839 -0.6204
vn 0.0064 0.6573 -0.7536
vn 0.0003 0.6514 -0.7588
vn -0.1201 0.6717 -0.7310
vn -0.0970 0.7781 -0.6205
vn -0.0925 0.2834 -0.9545
vn -0.1167 0.4256 -0.8973
vn 0.0032 0.4600 -0.8879
vn 0.0107 0.4520 -0.8919
vn 0.0287 0.2818 -0.9590
vn -0.1042 0.2804 -0.9542
vn 0.9625 -0.1461 0.2286
vn 0.6739 0.1942 -0.7128
vn 0.6746 0.3451 -0.6526
vn 0.6759 0.3742 -0.6349
vn 0.9632 -0.0840 0.2554
vn 0.9629 -0.1298 0.2366
vn -0.1061 0.5543 -0.8255
vn 0.0271 0.5580 -0.8294
vn 0.0097 0.3967 -0.9179
vn 0.0032 0.3894 -0.9211
vn -0.1169 0.4177 -0.9010
vn -0.0937 0.5526 -0.8282
vn -0.0909 -0.0031 -0.9959
vn -0.1149 0.1497 -0.9820
vn 0.0050 0.1851 -0.9827
vn 0.0116 0.1766 -0.9842
vn 0.0294 -0.0062 -0.9995
vn -0.1035 -0.0058 -0.9946
vn 0.9633 -0.0664 0.2601
vn 0.6725 -0.0285 -0.7395
vn 0.6729 0.1433 -0.7257
vn 0.6739 0.1675 -0.7196
vn 0.9637 0.0002 0.2669
vn 0.9635 -0.0564 0.2618
vn -0.1040 0.2895 -0.9515
vn 0.0291 0.2916 -0.9561
vn 0.0114 0.1118 -0.9937
vn 0.0050 0.1035 -0.9946
vn -0.1150 0.1369 -0.9839
vn -0.0913 0.2872 -0.9535
vn -0.0915 -0.2872 -0.9535
vn -0.1151 -0.1369 -0.9839
vn 0.0048 -0.1036 -0.9946
vn 0.0114 -0.1118 -0.9937
vn 0.0291 -0.2916 -0.9561
vn -0.1040 -0.2895 -0.9515
vn 0.9633 0.0200 0.2677
vn 0.6734 -0.2477 -0.6966
vn 0.6734 -0.0701 -0.7359
vn 0.6740 -0.0566 -0.7366
vn 0.9634 0.0846 0.2543
vn 0.9633 0.0211 0.2677
vn -0.1035 0.0058 -0.9946
vn 0.0295 0.0062 -0.9995
vn 0.0116 -0.1766 -0.9842
vn 0.0048 -0.1851 -0.9827
vn -0.1150 -0.1497 -0.9820
vn -0.0910 0.0031 -0.9958
vn -0.0937 -0.5526 -0.8282
vn -0.1170 -0.4177 -0.9010
vn 0.0031 -0.3894 -0.9211
vn 0.0097 -0.3967 -0.9179
vn 0.0271 -0.5580 -0.8294
vn -0.1061 -0.5543 -0.8255
vn 0.9624 0.1058 0.2501
vn 0.6764 -0.4440 -0.5877
vn 0.6761 -0.2811 -0.6811
vn 0.6763 -0.2776 -0.6823
vn 0.9623 0.1621 0.2182
vn 0.9623 0.1006 0.2527
vn -0.1042 -0.2804 -0.9542
vn 0.0287 -0.2818 -0.9591
vn 0.0107 -0.4521 -0.8919
vn 0.0032 -0.4600 -0.8879
vn -0.1167 -0.4256 -0.8973
vn -0.0925 -0.2834 -0.9545
vn -0.0970 -0.7781 -0.6206
vn -0.1200 -0.6717 -0.7310
vn 0.0003 -0.6514 -0.7587
vn 0.0069 -0.6573 -0.7536
vn 0.0241 -0.7839 -0.6204
vn -0.1092 -0.7789 -0.6176
vn 0.9610 0.1826 0.2075
vn 0.6802 -0.5996 -0.4217
vn 0.6799 -0.4733 -0.5601
vn 0.6800 -0.4735 -0.5598
vn 0.9609 0.2258 0.1605
vn 0.9609 0.1772 0.2129
vn -0.1065 -0.5513 -0.8275
vn 0.0263 -0.5544 -0.8319
vn 0.0083 -0.6966 -0.7174
vn 0.0005 -0.7032 -0.7110
vn -0.1196 -0.6729 -0.7300
vn -0.0954 -0.5541 -0.8270
vn -0.0998 -0.9354 -0.3392
vn -0.1228 -0.8698 -0.4779
vn -0.0023 -0.8598 -0.5107
vn 0.0041 -0.8638 -0.5039
vn 0.0212 -0.9411 -0.3376
vn -0.1121 -0.9351 -0.3362
vn 0.9596 0.2425 0.1425
vn 0.6835 -0.6985 -0.2118
vn 0.6834 -0.6251 -0.3771
vn 0.6835 -0.6236 -0.3793
vn 0.9596 0.2683 0.0848
vn 0.9596 0.2405 0.1462
vn -0.1096 -0.7816 -0.6141
vn 0.0233 -0.7862 -0.6175
vn 0.0056 -0.8856 -0.4644
vn -0.0021 -0.8897 -0.4565
vn -0.1224 -0.8668 -0.4835
vn -0.0984 -0.7841 -0.6127
vn 0.9950 -0.0986 0.0184
vn 0.9940 -0.1082 0.0181
vn 0.9939 -0.1040 -0.0353
vn 0.9939 -0.1043 -0.0349
vn 0.9949 -0.0948 -0.0337
vn 0.9950 -0.0984 0.0187
vn 0.9949 -0.0887 0.0487
vn 0.9939 -0.0971 0.0524
vn 0.9940 -0.1098 0.0004
vn 0.9940 -0.1095 -0.0007
vn 0.9950 -0.1002 -0.0021
vn 0.9949 -0.0882 0.0492
vn 0.9947 -0.0704 0.0749
vn 0.9938 -0.0763 0.0814
vn 0.9939 -0.1047 0.0359
vn 0.9939 -0.1048 0.0334
vn 0.9949 -0.0962 0.0297
vn 0.9947 -0.0697 0.0753
vn 0.9945 -0.0447 0.0943
vn 0.9936 -0.0482 0.1023
vn 0.9937 -0.0894 0.0675
vn 0.9938 -0.0903 0.0648
vn 0.9948 -0.0832 0.0590
vn 0.9945 -0.0445 0.0943
vn 0.9944 -0.0139 0.1044
vn 0.9935 -0.0154 0.1132
vn 0.9936 -0.0656 0.0924
vn 0.9936 -0.0670 0.0907
vn 0.9946 -0.0620 0.0830
vn 0.9944 -0.0146 0.1045
vn 0.9944 0.0186 0.1036
vn 0.9934 0.0188 0.1131
vn 0.9935 -0.0356 0.1086
vn 0.9935 -0.0363 0.1081
vn 0.9945 -0.0342 0.0992
vn 0.9944 0.0173 0.1043
vn 0.9946 0.0490 0.0920
vn 0.9935 0.0512 0.1019
vn 0.9934 -0.0021 0.1143
vn 0.9934 -0.0013 0.1146
vn 0.9944 -0.0024 0.1053
vn 0.9945 0.0477 0.0935
vn 0.9947 0.0738 0.0714
vn 0.9936 0.0786 0.0810
vn 0.9935 0.0318 0.1090
vn 0.9935 0.0340 0.1089
vn 0.9945 0.0295 0.1006
vn 0.9946 0.0731 0.0730
vn 0.9949 0.0909 0.0442
vn 0.9938 0.0984 0.0521
vn 0.9937 0.0628 0.0930
vn 0.9936 0.0653 0.0920
vn 0.9946 0.0581 0.0857
vn 0.9948 0.0908 0.0454
vn 0.9950 0.0993 0.0134
vn 0.9939 0.1087 0.0180
vn 0.9938 0.0878 0.0676
vn 0.9938 0.0893 0.0663
vn 0.9948 0.0805 0.0625
vn 0.9950 0.0994 0.0138
vn 0.9950 0.0986 -0.0184
vn 0.9940 0.1082 -0.0181
vn 0.9939 0.1040 0.0353
vn 0.9939 0.1043 0.0349
vn 0.9949 0.0948 0.0337
vn 0.9950 0.0984 -0.0187
vn 0.9949 0.0887 -0.0487
vn 0.9939 0.0971 -0.0524
vn 0.9940 0.1098 -0.0004
vn 0.9940 0.1095 0.0007
vn 0.9950 0.1002 0.0021
vn 0.9949 0.0882 -0.0493
vn 0.9947 0.0704 -0.0749
vn 0.9938 0.0763 -0.0814
vn 0.9939 0.1047 -0.0359
vn 0.9939 0.1048 -0.0334
vn 0.9949 0.0962 -0.0297
vn 0.9947 0.0697 -0.0753
vn 0.9945 0.0447 -0.0943
vn 0.9936 0.0482 -0.1023
vn 0.9937 0.0894 -0.0675
vn 0.9938 0.0903 -0.0648
vn 0.9948 0.0832 -0.0590
vn 0.9945 0.0445 -0.0943
vn 0.9944 0.0139 -0.1044
vn 0.9935 0.0154 -0.1132
vn 0.9936 0.0656 -0.0924
vn 0.9936 0.0670 -0.0907
vn 0.9946 0.0620 -0.0830
vn 0.9944 0.0145 -0.1045
vn 0.9944 -0.0186 -0.1037
vn 0.9934 -0.0188 -0.1130
vn 0.9935 0.0356 -0.1086
vn 0.9935 0.0363 -0.1081
vn 0.9945 0.0341 -0.0992
vn 0.9944 -0.0173 -0.1043
vn 0.9946 -0.0490 -0.0920
vn 0.9935 -0.0512 -0.1019
vn 0.9934 0.0021 -0.1143
vn 0.9934 0.0013 -0.1146
vn 0.9944 0.0024 -0.1053
vn 0.9945 -0.0477 -0.0934
vn 0.9947 -0.0738 -0.0714
vn 0.9936 -0.0786 -0.0810
vn 0.9935 -0.0318 -0.1090
vn 0.9935 -0.0340 -0.1089
vn 0.9945 -0.0296 -0.1006
vn 0.9947 -0.0731 -0.0730
vn 0.9949 -0.0909 -0.0442
vn 0.9938 -0.0984 -0.0521
vn 0.9937 -0.0628 -0.0930
vn 0.9936 -0.0653 -0.0920
vn 0.9946 -0.0581 -0.0856
vn 0.9948 -0.0908 -0.0454
vn 0.9948 -0.0801 -0.0628
vn 0.9950 -0.0994 -0.0137
vn 0.9940 -0.1085 -0.0163
vn 0.9939 -0.1087 -0.0182
vn 0.9938 -0.0878 -0.0675
vn 0.9948 -0.0807 -0.0623
vn 0.9887 0.1477 0.0239
vn 0.9886 0.1498 -0.0146
vn 0.9347 -0.3446 -0.0867
vn 0.9344 -0.3478 -0.0767
vn 0.9350 -0.3531 0.0335
vn 0.9887 0.1464 0.0330
vn 0.7729 -0.6338 0.0285
vn 0.9946 -0.0988 0.0333
vn 0.9926 -0.1052 0.0608
vn 0.9944 -0.0919 -0.0526
vn 0.7730 -0.6197 -0.1359
vn 0.7657 -0.6413 -0.0490
vn 0.9886 0.1507 0.0041
vn 0.9344 -0.3275 -0.1401
vn 0.9344 -0.3541 -0.0388
vn 0.9350 -0.3541 -0.0220
vn 0.9888 0.1402 0.0507
vn 0.9888 0.1480 0.0201
vn 0.9888 0.1480 -0.0201
vn 0.9888 0.1401 -0.0507
vn 0.9350 -0.3541 0.0220
vn 0.9344 -0.3541 0.0388
vn 0.9344 -0.3275 0.1401
vn 0.9886 0.1507 -0.0041
vn 0.7703 -0.5943 0.2311
vn 0.9934 -0.0815 0.0807
vn 0.9921 -0.0802 0.0966
vn 0.9949 -0.1004 -0.0028
vn 0.7736 -0.6298 0.0702
vn 0.7645 -0.6228 0.1665
vn 0.9887 0.1464 -0.0330
vn 0.9350 -0.3531 -0.0335
vn 0.9344 -0.3478 0.0767
vn 0.9347 -0.3446 0.0867
vn 0.9886 0.1498 0.0147
vn 0.9887 0.1477 -0.0240
vn 0.9892 0.1316 -0.0652
vn 0.9893 0.1198 -0.0838
vn 0.9344 -0.3319 0.1293
vn 0.9335 -0.3242 0.1530
vn 0.9333 -0.2711 0.2355
vn 0.9888 0.1429 -0.0434
vn 0.7642 -0.4965 0.4118
vn 0.9917 -0.0526 0.1173
vn 0.9906 -0.0485 0.1276
vn 0.9945 -0.0949 0.0447
vn 0.7699 -0.5789 0.2685
vn 0.7593 -0.5413 0.3612
vn 0.9890 0.1316 -0.0674
vn 0.9348 -0.3470 0.0756
vn 0.9337 -0.3084 0.1820
vn 0.9338 -0.3040 0.1885
vn 0.9887 0.1482 -0.0239
vn 0.9890 0.1339 -0.0625
vn 0.9897 0.0985 -0.1038
vn 0.9898 0.0881 -0.1123
vn 0.9333 -0.2783 0.2269
vn 0.9321 -0.2596 0.2524
vn 0.9320 -0.1870 0.3105
vn 0.9893 0.1207 -0.0824
vn 0.7572 -0.3492 0.5521
vn 0.9904 -0.0193 0.1370
vn 0.9888 -0.0092 0.1489
vn 0.9934 -0.0797 0.0827
vn 0.7635 -0.4723 0.4403
vn 0.7523 -0.4092 0.5164
vn 0.9895 0.1060 -0.0984
vn 0.9339 -0.3092 0.1793
vn 0.9324 -0.2415 0.2689
vn 0.9326 -0.2337 0.2751
vn 0.9890 0.1335 -0.0634
vn 0.9895 0.1102 -0.0936
vn 0.9902 0.0536 -0.1291
vn 0.9902 0.0447 -0.1324
vn 0.9320 -0.1958 0.3050
vn 0.9308 -0.1678 0.3247
vn 0.9311 -0.0814 0.3557
vn 0.9898 0.0830 -0.1155
vn 0.7517 -0.1671 0.6380
vn 0.9899 0.0117 0.1410
vn 0.9873 0.0349 0.1553
vn 0.9922 -0.0610 0.1092
vn 0.7568 -0.3200 0.5699
vn 0.7462 -0.2415 0.6204
vn 0.9900 0.0686 -0.1234
vn 0.9327 -0.2409 0.2684
vn 0.9311 -0.1531 0.3312
vn 0.9314 -0.1380 0.3368
vn 0.9896 0.1037 -0.1000
vn 0.9900 0.0788 -0.1174
vn 0.9904 0.0053 -0.1382
vn 0.9903 -0.0070 -0.1385
vn 0.9310 -0.0906 0.3535
vn 0.9301 -0.0605 0.3624
vn 0.9309 0.0345 0.3637
vn 0.9903 0.0333 -0.1352
vn 0.7501 0.0316 0.6606
vn 0.9904 0.0367 0.1334
vn 0.9866 0.0781 0.1434
vn 0.9911 -0.0411 0.1266
vn 0.7521 -0.1356 0.6449
vn 0.7430 -0.0531 0.6672
vn 0.9903 0.0203 -0.1375
vn 0.9315 -0.1465 0.3329
vn 0.9302 -0.0499 0.3637
vn 0.9308 -0.0256 0.3646
vn 0.9901 0.0595 -0.1271
vn 0.9903 0.0399 -0.1331
vn 0.9903 -0.0399 -0.1331
vn 0.9901 -0.0595 -0.1272
vn 0.9308 0.0256 0.3646
vn 0.9302 0.0499 0.3637
vn 0.9315 0.1465 0.3329
vn 0.9903 -0.0203 -0.1375
vn 0.7529 0.2264 0.6180
vn 0.9914 0.0573 0.1177
vn 0.9872 0.1123 0.1136
vn 0.9904 -0.0193 0.1366
vn 0.7514 0.0629 0.6568
vn 0.7441 0.1408 0.6531
vn 0.9903 -0.0333 -0.1352
vn 0.9309 -0.0345 0.3637
vn 0.9301 0.0605 0.3624
vn 0.9310 0.0906 0.3535
vn 0.9903 0.0070 -0.1385
vn 0.9904 -0.0053 -0.1382
vn 0.9900 -0.0788 -0.1174
vn 0.9896 -0.1037 -0.1000
vn 0.9314 0.1380 0.3368
vn 0.9311 0.1531 0.3312
vn 0.9327 0.2409 0.2684
vn 0.9900 -0.0686 -0.1234
vn 0.7589 0.3979 0.5154
vn 0.9926 0.0761 0.0942
vn 0.9887 0.1318 0.0713
vn 0.9905 0.0077 0.1374
vn 0.7551 0.2556 0.6038
vn 0.7490 0.3251 0.5774
vn 0.9898 -0.0830 -0.1155
vn 0.9311 0.0814 0.3557
vn 0.9308 0.1678 0.3247
vn 0.9320 0.1958 0.3050
vn 0.9902 -0.0447 -0.1324
vn 0.9902 -0.0536 -0.1291
vn 0.9895 -0.1103 -0.0937
vn 0.9890 -0.1335 -0.0634
vn 0.9326 0.2337 0.2751
vn 0.9324 0.2415 0.2689
vn 0.9339 0.3092 0.1793
vn 0.9895 -0.1060 -0.0984
vn 0.7659 0.5305 0.3633
vn 0.9939 0.0923 0.0606
vn 0.9905 0.1350 0.0242
vn 0.9914 0.0393 0.1248
vn 0.7615 0.4233 0.4909
vn 0.7558 0.4820 0.4432
vn 0.9893 -0.1208 -0.0824
vn 0.9320 0.1870 0.3105
vn 0.9321 0.2596 0.2524
vn 0.9333 0.2783 0.2269
vn 0.9898 -0.0881 -0.1123
vn 0.9897 -0.0985 -0.1038
vn 0.9890 -0.1339 -0.0625
vn 0.9887 -0.1482 -0.0239
vn 0.9338 0.3040 0.1885
vn 0.9337 0.3084 0.1820
vn 0.9348 0.3470 0.0756
vn 0.9890 -0.1316 -0.0675
vn 0.7713 0.6116 0.1761
vn 0.9947 0.1017 0.0163
vn 0.9920 0.1243 -0.0207
vn 0.9929 0.0699 0.0958
vn 0.7684 0.5487 0.3295
vn 0.7623 0.5924 0.2606
vn 0.9888 -0.1430 -0.0434
vn 0.9333 0.2711 0.2355
vn 0.9335 0.3242 0.1530
vn 0.9344 0.3319 0.1294
vn 0.9893 -0.1198 -0.0837
vn 0.9892 -0.1316 -0.0652
vn 0.9887 -0.1477 -0.0239
vn 0.9886 -0.1498 0.0147
vn 0.9347 0.3446 0.0867
vn 0.9344 0.3478 0.0767
vn 0.9350 0.3531 -0.0335
vn 0.9887 -0.1464 -0.0330
vn 0.7729 0.6339 -0.0284
vn 0.9945 0.0988 -0.0333
vn 0.9926 0.1052 -0.0608
vn 0.9944 0.0919 0.0525
vn 0.7730 0.6196 0.1360
vn 0.7657 0.6413 0.0490
vn 0.9886 -0.1507 -0.0041
vn 0.9344 0.3275 0.1401
vn 0.9344 0.3541 0.0388
vn 0.9350 0.3541 0.0220
vn 0.9888 -0.1401 -0.0507
vn 0.9888 -0.1480 -0.0201
vn 0.9888 -0.1480 0.0201
vn 0.9888 -0.1402 0.0507
vn 0.9350 0.3541 -0.0220
vn 0.9344 0.3541 -0.0388
vn 0.9344 0.3275 -0.1401
vn 0.9886 -0.1507 0.0041
vn 0.7703 0.5943 -0.2312
vn 0.9934 0.0815 -0.0808
vn 0.9921 0.0802 -0.0967
vn 0.9949 0.1003 0.0027
vn 0.7736 0.6298 -0.0701
vn 0.7645 0.6227 -0.1664
vn 0.9887 -0.1464 0.0330
vn 0.9350 0.3531 0.0335
vn 0.9344 0.3478 -0.0767
vn 0.9347 0.3446 -0.0867
vn 0.9886 -0.1498 -0.0147
vn 0.9887 -0.1477 0.0239
vn 0.9892 -0.1316 0.0652
vn 0.9893 -0.1198 0.0838
vn 0.9344 0.3319 -0.1293
vn 0.9335 0.3242 -0.1530
vn 0.9333 0.2711 -0.2355
vn 0.9888 -0.1429 0.0434
vn 0.7642 0.4964 -0.4118
vn 0.9917 0.0526 -0.1171
vn 0.9906 0.0484 -0.1276
vn 0.9945 0.0949 -0.0445
vn 0.7699 0.5789 -0.2686
vn 0.7593 0.5413 -0.3611
vn 0.9890 -0.1316 0.0675
vn 0.9348 0.3470 -0.0756
vn 0.9337 0.3084 -0.1820
vn 0.9338 0.3040 -0.1885
vn 0.9887 -0.1482 0.0239
vn 0.9890 -0.1339 0.0625
vn 0.9897 -0.0985 0.1038
vn 0.9898 -0.0881 0.1123
vn 0.9333 0.2783 -0.2269
vn 0.9321 0.2597 -0.2524
vn 0.9320 0.1871 -0.3105
vn 0.9893 -0.1206 0.0824
vn 0.7571 0.3493 -0.5520
vn 0.9904 0.0193 -0.1371
vn 0.9888 0.0092 -0.1488
vn 0.9934 0.0799 -0.0826
vn 0.7635 0.4723 -0.4404
vn 0.7523 0.4092 -0.5164
vn 0.9895 -0.1060 0.0984
vn 0.9340 0.3092 -0.1793
vn 0.9324 0.2415 -0.2689
vn 0.9326 0.2337 -0.2751
vn 0.9890 -0.1335 0.0634
vn 0.9895 -0.1103 0.0937
vn 0.9902 -0.0538 0.1290
vn 0.9902 -0.0447 0.1323
vn 0.9320 0.1957 -0.3051
vn 0.9308 0.1678 -0.3248
vn 0.9310 0.0815 -0.3557
vn 0.9899 -0.0830 0.1154
vn 0.7517 0.1671 -0.6380
vn 0.9899 -0.0117 -0.1411
vn 0.9872 -0.0350 -0.1554
vn 0.9921 0.0609 -0.1093
vn 0.7567 0.3200 -0.5700
vn 0.7461 0.2415 -0.6205
vn 0.9900 -0.0685 0.1234
vn 0.9327 0.2410 -0.2684
vn 0.9310 0.1532 -0.3312
vn 0.9314 0.1381 -0.3368
vn 0.9896 -0.1036 0.1000
vn 0.9900 -0.0787 0.1174
vn 0.9904 -0.0053 0.1382
vn 0.9903 0.0070 0.1385
vn 0.9310 0.0906 -0.3535
vn 0.9301 0.0605 -0.3624
vn 0.9309 -0.0345 -0.3637
vn 0.9903 -0.0333 0.1352
vn 0.7501 -0.0316 -0.6605
vn 0.9904 -0.0367 -0.1333
vn 0.9866 -0.0780 -0.1433
vn 0.9911 0.0410 -0.1266
vn 0.7521 0.1359 -0.6449
vn 0.7430 0.0533 -0.6672
vn 0.9903 -0.0204 0.1374
vn 0.9315 0.1464 -0.3331
vn 0.9301 0.0498 -0.3638
vn 0.9308 0.0256 -0.3646
vn 0.9901 -0.0595 0.1272
vn 0.9903 -0.0399 0.1331
vn 0.9903 0.0399 0.1331
vn 0.9901 0.0595 0.1271
vn 0.9308 -0.0256 -0.3646
vn 0.9302 -0.0498 -0.3638
vn 0.9315 -0.1465 -0.3330
vn 0.9903 0.0204 0.1374
vn 0.7529 -0.2263 -0.6181
vn 0.9914 -0.0572 -0.1179
vn 0.9872 -0.1123 -0.1137
vn 0.9904 0.0191 -0.1365
vn 0.7514 -0.0628 -0.6568
vn 0.7441 -0.1409 -0.6531
vn 0.9903 0.0333 0.1352
vn 0.9309 0.0345 -0.3637
vn 0.9301 -0.0605 -0.3624
vn 0.9310 -0.0906 -0.3535
vn 0.9903 -0.0070 0.1385
vn 0.9904 0.0053 0.1382
vn 0.9900 0.0787 0.1174
vn 0.9896 0.1036 0.1000
vn 0.9314 -0.1381 -0.3368
vn 0.9310 -0.1532 -0.3312
vn 0.9327 -0.2410 -0.2684
vn 0.9900 0.0685 0.1234
vn 0.7589 -0.3980 -0.5155
vn 0.9926 -0.0760 -0.0944
vn 0.9887 -0.1320 -0.0713
vn 0.9905 -0.0078 -0.1375
vn 0.7550 -0.2557 -0.6038
vn 0.7489 -0.3252 -0.5774
vn 0.9899 0.0830 0.1154
vn 0.9310 -0.0815 -0.3557
vn 0.9308 -0.1678 -0.3248
vn 0.9320 -0.1957 -0.3051
vn 0.9902 0.0447 0.1323
vn 0.9902 0.0538 0.1290
vn 0.9895 0.1102 0.0936
vn 0.9890 0.1335 0.0634
vn 0.9326 -0.2337 -0.2751
vn 0.9324 -0.2415 -0.2691
vn 0.9339 -0.3092 -0.1793
vn 0.9895 0.1060 0.0983
vn 0.7659 -0.5304 -0.3635
vn 0.9939 -0.0924 -0.0606
vn 0.9906 -0.1348 -0.0243
vn 0.9914 -0.0393 -0.1247
vn 0.7616 -0.4234 -0.4907
vn 0.7559 -0.4820 -0.4431
vn 0.9893 0.1206 0.0824
vn 0.9320 -0.1871 -0.3105
vn 0.9321 -0.2597 -0.2524
vn 0.9333 -0.2783 -0.2269
vn 0.9898 0.0881 0.1123
vn 0.9897 0.0985 0.1038
vn 0.9890 0.1339 0.0625
vn 0.9887 0.1482 0.0239
vn 0.9338 -0.3039 -0.1886
vn 0.9337 -0.3084 -0.1820
vn 0.9348 -0.3470 -0.0756
vn 0.9890 0.1316 0.0674
vn 0.7713 -0.6116 -0.1762
vn 0.9947 -0.1017 -0.0164
vn 0.9920 -0.1243 0.0207
vn 0.9930 -0.0699 -0.0956
vn 0.7684 -0.5486 -0.3294
vn 0.7623 -0.5924 -0.2605
vn 0.9888 0.1429 0.0434
vn 0.9333 -0.2713 -0.2354
vn 0.9335 -0.3244 -0.1530
vn 0.9344 -0.3319 -0.1293
vn 0.9893 0.1198 0.0838
vn 0.9892 0.1316 0.0652
vn 0.3436 -0.8885 -0.3042
vn 0.2604 -0.9113 -0.3189
vn 0.2296 -0.9578 -0.1729
vn 0.2477 -0.9541 -0.1681
vn 0.3393 -0.9264 -0.1634
vn 0.3644 -0.8953 -0.2563
vn 0.3647 -0.9256 0.1011
vn 0.3396 -0.9406 0.0039
vn 0.2480 -0.9688 0.0043
vn 0.2305 -0.9730 0.0085
vn 0.2621 -0.9517 0.1601
vn 0.3452 -0.9266 0.1490
vn 0.3619 -0.8409 0.4024
vn 0.3373 -0.8865 0.3166
vn 0.2455 -0.9132 0.3253
vn 0.2275 -0.9158 0.3310
vn 0.2588 -0.8456 0.4669
vn 0.3418 -0.8255 0.4490
vn 0.3570 -0.6702 0.6507
vn 0.3328 -0.7398 0.5848
vn 0.2405 -0.7622 0.6010
vn 0.2213 -0.7630 0.6073
vn 0.2527 -0.6532 0.7138
vn 0.3360 -0.6401 0.6909
vn 0.3512 -0.4427 0.8251
vn 0.3265 -0.5280 0.7840
vn 0.2338 -0.5440 0.8058
vn 0.2150 -0.5426 0.8120
vn 0.2474 -0.4059 0.8798
vn 0.3309 -0.4008 0.8543
vn 0.3477 -0.1841 0.9194
vn 0.3223 -0.2775 0.9051
vn 0.2293 -0.2856 0.9305
vn 0.2103 -0.2824 0.9359
vn 0.2436 -0.1320 0.9609
vn 0.3274 -0.1355 0.9351
vn 0.3471 0.0856 0.9339
vn 0.3210 -0.0085 0.9470
vn 0.2280 -0.0080 0.9736
vn 0.2094 -0.0034 0.9778
vn 0.2435 0.1478 0.9586
vn 0.3275 0.1360 0.9350
vn 0.3493 0.3503 0.8691
vn 0.3223 0.2633 0.9093
vn 0.2295 0.2722 0.9345
vn 0.2122 0.2777 0.9369
vn 0.2467 0.4168 0.8749
vn 0.3307 0.3979 0.8558
vn 0.3540 0.5923 0.7237
vn 0.3267 0.5203 0.7890
vn 0.2344 0.5369 0.8104
vn 0.2177 0.5428 0.8111
vn 0.2521 0.6571 0.7104
vn 0.3359 0.6328 0.6976
vn 0.3600 0.7873 0.5005
vn 0.3331 0.7386 0.5860
vn 0.2412 0.7616 0.6015
vn 0.2243 0.7674 0.6007
vn 0.2579 0.8447 0.4690
vn 0.3415 0.8174 0.4640
vn 0.3638 0.9064 0.2147
vn 0.3377 0.8881 0.3118
vn 0.2460 0.9150 0.3198
vn 0.2291 0.9203 0.3173
vn 0.2617 0.9505 0.1674
vn 0.3449 0.9230 0.1706
vn 0.3648 0.9256 -0.1011
vn 0.3395 0.9406 -0.0039
vn 0.2480 0.9688 -0.0042
vn 0.2305 0.9730 -0.0085
vn 0.2621 0.9517 -0.1600
vn 0.3452 0.9266 -0.1489
vn 0.3618 0.8409 -0.4025
vn 0.3373 0.8865 -0.3166
vn 0.2455 0.9132 -0.3254
vn 0.2274 0.9159 -0.3309
vn 0.2586 0.8456 -0.4669
vn 0.3417 0.8256 -0.4491
vn 0.3569 0.6702 -0.6507
vn 0.3325 0.7398 -0.5849
vn 0.2403 0.7623 -0.6010
vn 0.2215 0.7629 -0.6073
vn 0.2530 0.6532 -0.7137
vn 0.3362 0.6400 -0.6909
vn 0.3516 0.4425 -0.8250
vn 0.3268 0.5280 -0.7839
vn 0.2341 0.5440 -0.8058
vn 0.2151 0.5426 -0.8120
vn 0.2473 0.4058 -0.8799
vn 0.3309 0.4008 -0.8543
vn 0.3477 0.1841 -0.9194
vn 0.3222 0.2775 -0.9051
vn 0.2293 0.2856 -0.9305
vn 0.2106 0.2824 -0.9359
vn 0.2439 0.1320 -0.9608
vn 0.3277 0.1356 -0.9350
vn 0.3470 -0.0855 -0.9340
vn 0.3207 0.0084 -0.9472
vn 0.2277 0.0080 -0.9737
vn 0.2096 0.0034 -0.9778
vn 0.2438 -0.1477 -0.9585
vn 0.3277 -0.1360 -0.9349
vn 0.3493 -0.3503 -0.8691
vn 0.3223 -0.2633 -0.9093
vn 0.2295 -0.2722 -0.9345
vn 0.2122 -0.2777 -0.9370
vn 0.2467 -0.4168 -0.8749
vn 0.3306 -0.3979 -0.8558
vn 0.3541 -0.5924 -0.7237
vn 0.3270 -0.5203 -0.7889
vn 0.2346 -0.5369 -0.8103
vn 0.2175 -0.5428 -0.8112
vn 0.2519 -0.6572 -0.7104
vn 0.3357 -0.6329 -0.6977
vn 0.3598 -0.7874 -0.5006
vn 0.3329 -0.7387 -0.5861
vn 0.2409 -0.7616 -0.6016
vn 0.2241 -0.7674 -0.6007
vn 0.2576 -0.8447 -0.4691
vn 0.3413 -0.8175 -0.4640
vn 0.8328 0.5536 0.0004
vn 0.6451 -0.7641 -0.0000
vn 0.6451 -0.7641 -0.0005
vn 0.6451 -0.7641 -0.0003
vn 0.8328 0.5536 -0.0000
vn 0.8328 0.5536 0.0006
vn 0.8423 -0.0014 -0.5390
vn 0.8423 -0.0002 -0.5390
vn 0.6330 0.0033 0.7741
vn 0.6329 0.0013 0.7742
vn 0.6329 -0.0000 0.7742
vn 0.8424 -0.0037 -0.5389
vn 0.6449 0.7643 0.0003
vn 0.8329 -0.5535 -0.0000
vn 0.8329 -0.5534 -0.0006
vn 0.8329 -0.5534 -0.0004
vn 0.6449 0.7643 -0.0000
vn 0.6449 0.7643 0.0005
vn 0.6330 -0.0013 -0.7742
vn 0.6330 -0.0000 -0.7742
vn 0.8382 0.0037 0.5454
vn 0.8382 0.0014 0.5454
vn 0.8382 -0.0000 0.5454
vn 0.6330 -0.0033 -0.7742
vn 0.7867 0.4428 -0.4302
vn 0.5481 0.2506 0.7980
vn 0.5571 -0.8033 -0.2108
vn 0.5569 0.8034 -0.2108
vn 0.5482 -0.2506 0.7979
vn 0.7868 -0.4426 -0.4301
vn 0.5481 0.2506 -0.7980
vn 0.7834 0.4422 0.4366
vn 0.5545 -0.8032 0.2175
vn 0.5544 0.8033 0.2176
vn 0.7835 -0.4422 0.4367
vn 0.5482 -0.2506 -0.7979
vn 0.8328 0.5536 0.0002
vn 0.6451 -0.7641 -0.0006
vn 0.6451 -0.7641 -0.0004
vn 0.6449 0.7643 0.0004
vn 0.8329 -0.5534 -0.0000
vn 0.8329 -0.5535 -0.0006
vn 0.8329 -0.5535 -0.0004
vn 0.6449 0.7643 0.0006
vn 0.8328 0.5536 0.0014
vn 0.6451 -0.7641 -0.0018
vn 0.6451 -0.7641 -0.0013
vn 0.8328 0.5536 0.0020
vn 0.6449 0.7643 0.0009
vn 0.8329 -0.5534 -0.0020
vn 0.8329 -0.5534 -0.0014
vn 0.6449 0.7643 0.0018
vn 0.8328 0.5536 0.0012
vn 0.6447 -0.7644 -0.0100
vn 0.6447 -0.7644 -0.0093
vn 0.8327 0.5536 -0.0088
vn 0.8328 0.5536 0.0019
vn 0.6449 0.7643 0.0012
vn 0.8328 -0.5534 -0.0107
vn 0.8328 -0.5534 -0.0100
vn 0.6445 0.7646 -0.0082
vn 0.6449 0.7643 0.0017
vn 0.8326 0.5535 0.0188
vn 0.6442 -0.7647 0.0152
vn 0.6451 -0.7641 -0.0009
vn 0.6451 -0.7641 -0.0022
vn 0.8326 0.5536 0.0173
vn 0.6441 0.7647 0.0174
vn 0.8327 -0.5534 0.0165
vn 0.8329 -0.5535 -0.0009
vn 0.8329 -0.5535 -0.0024
vn 0.6441 0.7648 0.0160
vn 0.8328 0.5536 0.0022
vn 0.6451 -0.7641 -0.0008
vn 0.6451 -0.7641 -0.0020
vn 0.8328 0.5536 0.0009
vn 0.6449 0.7643 0.0020
vn 0.8329 -0.5535 -0.0022
vn 0.6449 0.7643 0.0008
vn 0.8328 0.5536 0.0010
vn 0.6451 -0.7641 -0.0017
vn 0.6451 -0.7641 -0.0011
vn 0.8328 0.5536 0.0018
vn 0.6449 0.7643 0.0011
vn 0.8329 -0.5534 -0.0018
vn 0.8329 -0.5534 -0.0012
vn 0.8382 -0.0017 0.5454
vn 0.6330 0.0022 -0.7742
vn 0.6330 0.0011 -0.7742
vn 0.8382 -0.0024 0.5454
vn 0.6330 -0.0012 0.7742
vn 0.8424 -0.0000 -0.5389
vn 0.8423 0.0024 -0.5390
vn 0.8423 0.0017 -0.5390
vn 0.6330 -0.0022 0.7742
vn 0.8382 -0.0031 0.5454
vn 0.7597 -0.6339 -0.1448
vn 0.6323 0.0166 -0.7746
vn 0.8380 0.0147 0.5454
vn 0.6971 0.7008 -0.1511
vn 0.6330 -0.0028 0.7742
vn 0.8423 -0.0000 -0.5390
vn 0.7023 -0.6954 0.1521
vn 0.8422 0.0180 -0.5389
vn 0.6322 0.0136 0.7747
vn 0.7603 0.6332 0.1449
vn 0.6323 -0.0166 0.7746
vn 0.8422 -0.0147 -0.5390
vn 0.7024 -0.6953 0.1521
vn 0.8423 0.0032 -0.5389
vn 0.7597 0.6339 0.1448
vn 0.8380 -0.0180 0.5453
vn 0.6322 -0.0136 -0.7747
vn 0.7603 -0.6332 -0.1449
vn 0.6330 0.0028 -0.7742
vn 0.8381 -0.0000 0.5455
vn 0.6970 0.7009 -0.1511
vn 0.6330 -0.0015 0.7742
vn 0.8424 0.0024 -0.5389
vn 0.8424 0.0017 -0.5389
vn 0.6330 -0.0000 0.7742
vn 0.6330 0.0012 -0.7742
vn -0.0993 -0.0069 0.9950
vn 0.0995 -0.0000 0.9950
vn 0.0995 0.0027 0.9950
vn 0.0993 0.0069 0.9950
vn -0.0995 -0.0000 0.9950
vn -0.0995 -0.0027 0.9950
vn -0.0984 -0.0148 0.9950
vn 0.0993 0.0062 0.9950
vn 0.0984 0.0148 0.9950
vn -0.0993 -0.0062 0.9950
vn -0.0961 -0.0261 0.9950
vn 0.0986 -0.0136 0.9950
vn 0.0993 0.0055 0.9950
vn 0.0986 0.0133 0.9950
vn -0.0976 -0.0195 0.9950
vn -0.0396 -0.9978 0.0530
vn 0.0985 -0.9935 0.0570
vn -0.0358 0.0326 0.9988
vn 0.0396 0.0324 0.9987
vn -0.0986 0.0281 0.9947
vn 0.0356 -0.9980 0.0529
vn -0.0985 -0.9950 -0.0144
vn 0.0995 -0.9950 -0.0000
vn 0.0973 -0.9950 0.0218
vn 0.0955 -0.9950 0.0286
vn -0.0985 -0.9950 0.0152
vn -0.0993 -0.9950 -0.0060
vn -0.0992 -0.9950 -0.0077
vn 0.0995 -0.9950 0.0030
vn 0.0992 -0.9950 0.0077
vn -0.0995 -0.9950 -0.0000
vn -0.0995 -0.9950 -0.0030
vn -0.0986 -0.9950 -0.0135
vn 0.0993 -0.9950 0.0056
vn 0.0986 -0.9950 0.0135
vn -0.0993 -0.9950 -0.0056
vn -0.0995 -0.9950 -0.0026
vn -0.0010 -0.9950 -0.0995
vn 0.0995 -0.9950 0.0026
vn 0.0010 -0.9950 0.0995
vn -0.0991 -0.9950 -0.0087
vn 0.0994 -0.9950 0.0035
vn 0.0991 -0.9950 0.0087
vn -0.0994 -0.9950 -0.0035
vn -0.0995 -0.9950 -0.0027
vn 0.0995 -0.9950 0.0027
vn -0.0980 -0.9951 -0.0160
vn 0.0990 -0.9951 -0.0082
vn 0.0994 -0.9950 0.0032
vn 0.0992 -0.9950 0.0081
vn -0.0986 -0.9951 -0.0116
vn -0.0396 0.0324 -0.9987
vn 0.0986 0.0281 -0.9947
vn -0.0362 -0.9983 -0.0458
vn 0.0396 -0.9982 -0.0459
vn -0.0990 -0.9938 -0.0499
vn 0.0358 0.0326 -0.9988
vn -0.0986 0.0133 -0.9950
vn 0.0995 -0.0000 -0.9950
vn 0.0976 -0.0195 -0.9950
vn 0.0961 -0.0261 -0.9950
vn -0.0986 -0.0136 -0.9950
vn -0.0993 0.0055 -0.9950
vn -0.0993 0.0069 -0.9950
vn 0.0995 -0.0027 -0.9950
vn 0.0993 -0.0069 -0.9950
vn -0.0995 -0.0000 -0.9950
vn -0.0995 0.0027 -0.9950
vn -0.0984 0.0148 -0.9950
vn 0.0993 -0.0062 -0.9950
vn 0.0984 -0.0148 -0.9950
vn -0.0993 0.0062 -0.9950
vn -0.0961 0.0261 -0.9950
vn 0.0986 0.0136 -0.9950
vn 0.0993 -0.0055 -0.9950
vn 0.0986 -0.0133 -0.9950
vn -0.0976 0.0195 -0.9950
vn -0.0396 0.9982 -0.0459
vn 0.0990 0.9938 -0.0499
vn -0.0357 -0.0326 -0.9988
vn 0.0396 -0.0324 -0.9987
vn -0.0986 -0.0281 -0.9947
vn 0.0362 0.9983 -0.0458
vn -0.0992 0.9950 0.0081
vn 0.0995 0.9950 -0.0000
vn 0.0986 0.9951 -0.0116
vn 0.0980 0.9951 -0.0160
vn -0.0990 0.9951 -0.0082
vn -0.0994 0.9950 0.0032
vn -0.0995 0.9950 0.0027
vn -0.0010 0.9950 0.0995
vn 0.0995 0.9950 -0.0027
vn -0.0995 0.9950 -0.0000
vn 0.0010 0.9950 -0.0995
vn -0.0991 0.9950 0.0087
vn 0.0994 0.9950 -0.0035
vn 0.0991 0.9950 -0.0087
vn -0.0994 0.9950 0.0035
vn -0.0995 0.9950 0.0026
vn 0.0995 0.9950 -0.0026
vn -0.0986 0.9950 0.0135
vn 0.0993 0.9950 -0.0056
vn 0.0986 0.9950 -0.0135
vn -0.0993 0.9950 0.0056
vn -0.0992 0.9950 0.0077
vn 0.0995 0.9950 -0.0030
vn 0.0992 0.9950 -0.0077
vn -0.0995 0.9950 0.0030
vn -0.0955 0.9950 0.0286
vn 0.0985 0.9950 0.0152
vn 0.0993 0.9950 -0.0060
vn 0.0985 0.9950 -0.0144
vn -0.0973 0.9950 0.0218
vn -0.0396 -0.0324 0.9987
vn 0.0986 -0.0281 0.9947
vn -0.0357 0.9980 0.0528
vn 0.0395 0.9978 0.0530
vn -0.0985 0.9935 0.0569
vn 0.0357 -0.0326 0.9988
vn -0.0986 -0.0133 0.9950
vn 0.0976 0.0195 0.9950
vn 0.0961 0.0261 0.9950
vn -0.0986 0.0136 0.9950
vn -0.0993 -0.0055 0.9950
vn 0.9744 -0.2231 -0.0284
vn 0.9789 0.0029 0.2042
vn 0.9789 0.0011 0.2041
vn 0.9789 -0.0031 0.2041
vn 0.9744 0.2230 -0.0281
vn 0.9744 -0.2231 -0.0290
vn 0.9802 0.1978 -0.0034
vn 0.9731 -0.0301 -0.2284
vn 0.9731 -0.0298 0.2284
vn 0.9731 -0.0299 0.2284
vn 0.9802 0.1979 0.0032
vn 0.9802 0.1978 -0.0014
vn 0.9731 0.0299 -0.2284
vn 0.9803 -0.1977 -0.0034
vn 0.9803 -0.1977 0.0015
vn 0.9803 -0.1977 0.0035
vn 0.9731 0.0301 0.2284
vn 0.9731 0.0298 -0.2284
vn 0.9789 0.0033 -0.2043
vn 0.9744 -0.2230 0.0281
vn 0.9744 0.2231 0.0290
vn 0.9744 0.2231 0.0284
vn 0.9789 -0.0029 -0.2042
vn 0.9789 -0.0009 -0.2043
vn 0.9866 -0.1191 0.1117
vn 0.9816 0.1910 0.0025
vn 0.9816 0.1907 -0.0008
vn 0.9816 0.1907 -0.0027
vn 0.9866 -0.1191 -0.1117
vn 0.9866 -0.1186 0.1120
vn 0.9829 0.0023 -0.1840
vn 0.9498 -0.3056 -0.0670
vn 0.9497 0.3066 -0.0641
vn 0.9498 0.3057 -0.0665
vn 0.9829 -0.0019 -0.1840
vn 0.9829 -0.0013 -0.1840
vn 0.9816 -0.1909 0.0026
vn 0.9866 0.1191 0.1117
vn 0.9866 0.1186 -0.1120
vn 0.9866 0.1191 -0.1117
vn 0.9817 -0.1905 -0.0027
vn 0.9816 -0.1909 0.0007
vn 0.9498 -0.3057 0.0665
vn 0.9829 0.0017 0.1839
vn 0.9830 0.0019 0.1838
vn 0.9830 -0.0017 0.1838
vn 0.9498 0.3056 0.0670
vn 0.9497 -0.3066 0.0641
vn 0.9582 -0.2834 0.0380
vn 0.9862 0.0018 0.1656
vn 0.9862 0.0012 0.1655
vn 0.9862 -0.0018 0.1655
vn 0.9583 0.2833 0.0384
vn 0.9582 -0.2839 0.0363
vn 0.9832 0.1827 -0.0025
vn 0.9869 -0.1044 -0.1228
vn 0.9870 -0.1039 0.1230
vn 0.9869 -0.1044 0.1228
vn 0.9832 0.1827 0.0024
vn 0.9832 0.1827 -0.0006
vn 0.9869 0.1044 -0.1228
vn 0.9832 -0.1825 -0.0025
vn 0.9832 -0.1826 0.0007
vn 0.9832 -0.1826 0.0025
vn 0.9869 0.1044 0.1228
vn 0.9869 0.1040 -0.1230
vn 0.9862 0.0020 -0.1655
vn 0.9583 -0.2833 -0.0383
vn 0.9582 0.2839 -0.0363
vn 0.9582 0.2834 -0.0379
vn 0.9862 -0.0017 -0.1655
vn 0.9862 -0.0011 -0.1655
vn 0.9584 0.2830 -0.0362
vn 0.9863 -0.0018 -0.1649
vn 0.9863 -0.0012 -0.1648
vn 0.9863 0.0019 -0.1648
vn 0.9585 -0.2829 -0.0366
vn 0.9584 0.2834 -0.0345
vn 0.9831 -0.1828 0.0025
vn 0.9868 0.1038 0.1239
vn 0.9869 0.1034 -0.1241
vn 0.9868 0.1038 -0.1239
vn 0.9832 -0.1828 -0.0025
vn 0.9831 -0.1828 0.0006
vn 0.9863 -0.0020 0.1649
vn 0.9585 0.2829 0.0366
vn 0.9584 -0.2834 0.0346
vn 0.9584 -0.2830 0.0362
vn 0.9863 0.0016 0.1649
vn 0.9863 0.0011 0.1649
vn 0.9868 0.1175 -0.1113
vn 0.9821 -0.1883 -0.0026
vn 0.9820 -0.1887 0.0007
vn 0.9820 -0.1887 0.0025
vn 0.9868 0.1175 0.1113
vn 0.9868 0.1170 -0.1116
vn 0.9835 -0.0019 0.1807
vn 0.9512 0.3017 0.0645
vn 0.9511 -0.3027 0.0617
vn 0.9512 -0.3019 0.0641
vn 0.9835 0.0014 0.1807
vn 0.9835 0.0016 0.1808
vn 0.9821 0.1882 -0.0028
vn 0.9868 -0.1174 -0.1113
vn 0.9869 -0.1169 0.1116
vn 0.9868 -0.1174 0.1113
vn 0.9821 0.1886 0.0025
vn 0.9821 0.1882 -0.0009
vn 0.9512 0.3019 -0.0641
vn 0.9835 -0.0020 -0.1809
vn 0.9835 -0.0014 -0.1809
vn 0.9835 0.0021 -0.1809
vn 0.9512 -0.3017 -0.0645
vn 0.9511 0.3027 -0.0617
vn 0.9732 0.0299 -0.2280
vn 0.9803 -0.1974 -0.0032
vn 0.9803 -0.1975 0.0014
vn 0.9803 -0.1975 0.0034
vn 0.9732 0.0301 0.2280
vn 0.9732 0.0297 -0.2280
vn 0.9790 -0.0032 0.2039
vn 0.9745 0.2227 -0.0280
vn 0.9744 -0.2228 -0.0289
vn 0.9745 -0.2227 -0.0284
vn 0.9790 0.0028 0.2038
vn 0.9790 0.0010 0.2039
vn 0.9745 0.2227 0.0283
vn 0.9790 -0.0030 -0.2040
vn 0.9790 -0.0010 -0.2039
vn 0.9790 0.0031 -0.2039
vn 0.9745 -0.2227 0.0280
vn 0.9744 0.2228 0.0288
vn 0.9803 0.1973 -0.0035
vn 0.9732 -0.0301 -0.2280
vn 0.9732 -0.0297 0.2280
vn 0.9732 -0.0299 0.2280
vn 0.9803 0.1974 0.0033
vn 0.9803 0.1974 -0.0016
vn 0.9868 -0.1038 0.1239
vn 0.9832 0.1827 0.0025
vn 0.9832 0.1827 -0.0007
vn 0.9868 -0.1038 -0.1239
vn 0.9869 -0.1034 0.1241
vn 0.9665 0.2027 0.1574
vn 0.9206 -0.2478 -0.3020
vn 0.9206 0.2353 -0.3115
vn 0.9206 0.2477 -0.3020
vn 0.9665 -0.2027 0.1574
vn 0.9664 0.1962 0.1659
vn 0.9232 -0.2745 -0.2690
vn 0.9657 0.1737 0.1929
vn 0.9658 0.1658 -0.1995
vn 0.9657 0.1737 -0.1930
vn 0.9232 -0.2745 0.2691
vn 0.9231 -0.2646 -0.2790
vn 0.9206 -0.2477 0.3020
vn 0.9665 0.2026 -0.1574
vn 0.9664 -0.1962 -0.1658
vn 0.9665 -0.2026 -0.1574
vn 0.9206 0.2477 0.3020
vn 0.9206 -0.2354 0.3115
vn 0.9232 0.2745 0.2690
vn 0.9657 -0.1737 -0.1930
vn 0.9658 -0.1658 0.1995
vn 0.9657 -0.1737 0.1930
vn 0.9232 0.2745 -0.2690
vn 0.9231 0.2646 0.2790
vn 0.9621 0.2601 0.0820
vn 0.9281 -0.3526 -0.1192
vn 0.9279 0.3727 -0.0034
vn 0.9281 0.3527 -0.1191
vn 0.9621 -0.2601 0.0820
vn 0.9622 -0.2722 0.0052
vn 0.9262 -0.3619 -0.1054
vn 0.9634 0.2527 0.0894
vn 0.9634 0.2496 -0.0979
vn 0.9634 0.2527 -0.0894
vn 0.9262 -0.3619 0.1054
vn 0.9262 -0.3577 -0.1189
vn 0.9281 -0.3527 0.1191
vn 0.9621 0.2601 -0.0820
vn 0.9622 0.2722 -0.0052
vn 0.9621 -0.2601 -0.0820
vn 0.9281 0.3526 0.1192
vn 0.9279 -0.3727 0.0034
vn 0.9262 0.3619 0.1054
vn 0.9634 -0.2527 -0.0894
vn 0.9634 -0.2496 0.0979
vn 0.9634 -0.2527 0.0894
vn 0.9262 0.3619 -0.1054
vn 0.9262 0.3577 0.1189
vn 0.9619 0.2633 0.0741
vn 0.9283 -0.3478 -0.1318
vn 0.9275 0.3739 0.0005
vn 0.9282 0.3479 -0.1317
vn 0.9619 -0.2633 0.0740
vn 0.9623 -0.2720 0.0094
vn 0.9207 -0.3766 -0.1024
vn 0.9668 0.2357 0.0982
vn 0.9669 0.2322 -0.1060
vn 0.9668 0.2357 -0.0983
vn 0.9207 -0.3766 0.1024
vn 0.9207 -0.3726 -0.1163
vn 0.9282 -0.3479 0.1317
vn 0.9619 0.2633 -0.0741
vn 0.9623 0.2720 -0.0094
vn 0.9619 -0.2633 -0.0741
vn 0.9282 0.3478 0.1318
vn 0.9275 -0.3739 -0.0005
vn 0.9207 0.3766 0.1023
vn 0.9668 -0.2357 -0.0982
vn 0.9669 -0.2322 0.1060
vn 0.9668 -0.2357 0.0983
vn 0.9207 0.3765 -0.1024
vn 0.9207 0.3726 0.1162
vn 0.9678 0.2323 -0.0966
vn 0.9312 -0.3494 0.1041
vn 0.9312 -0.3454 -0.1167
vn 0.9312 -0.3494 -0.1041
vn 0.9678 0.2323 0.0965
vn 0.9678 0.2290 -0.1042
vn 0.9306 -0.3491 0.1101
vn 0.9682 0.2305 -0.0975
vn 0.9681 0.2504 -0.0030
vn 0.9682 -0.2305 -0.0976
vn 0.9306 0.3491 0.1102
vn 0.9306 -0.3659 0.0054
vn 0.9682 0.2305 0.0976
vn 0.9306 -0.3491 -0.1102
vn 0.9306 0.3659 -0.0054
vn 0.9306 0.3491 -0.1101
vn 0.9682 -0.2305 0.0975
vn 0.9681 -0.2504 0.0030
vn 0.9312 0.3494 0.1041
vn 0.9678 -0.2323 -0.0965
vn 0.9678 -0.2290 0.1042
vn 0.9678 -0.2323 0.0966
vn 0.9312 0.3494 -0.1041
vn 0.9312 0.3454 0.1167
vn 0.9642 0.2495 -0.0899
vn 0.9297 -0.3532 0.1043
vn 0.9297 -0.3491 -0.1174
vn 0.9297 -0.3532 -0.1043
vn 0.9642 0.2495 0.0898
vn 0.9642 0.2463 -0.0982
vn 0.9301 -0.3495 0.1131
vn 0.9639 0.2512 -0.0878
vn 0.9640 0.2660 -0.0039
vn 0.9639 -0.2512 -0.0878
vn 0.9301 0.3495 0.1132
vn 0.9300 -0.3674 0.0046
vn 0.9639 0.2512 0.0878
vn 0.9301 -0.3495 -0.1132
vn 0.9300 0.3674 -0.0046
vn 0.9301 0.3495 -0.1131
vn 0.9639 -0.2512 0.0878
vn 0.9640 -0.2660 0.0039
vn 0.9297 0.3532 0.1043
vn 0.9642 -0.2495 -0.0898
vn 0.9642 -0.2463 0.0982
vn 0.9642 -0.2495 0.0898
vn 0.9297 0.3532 -0.1043
vn 0.9297 0.3490 0.1174
vn 0.9669 0.1740 -0.1868
vn 0.9250 -0.2684 0.2690
vn 0.9249 -0.2587 -0.2786
vn 0.9250 -0.2684 -0.2690
vn 0.9669 0.1740 0.1868
vn 0.9669 0.1663 -0.1934
vn 0.9229 -0.2471 0.2954
vn 0.9675 0.1974 -0.1580
vn 0.9674 -0.1908 -0.1662
vn 0.9675 -0.1974 -0.1580
vn 0.9229 0.2470 0.2954
vn 0.9229 -0.2350 0.3049
vn 0.9675 0.1974 0.1580
vn 0.9229 -0.2470 -0.2954
vn 0.9230 0.2350 -0.3048
vn 0.9229 0.2470 -0.2954
vn 0.9675 -0.1974 0.1580
vn 0.9674 0.1909 0.1662
vn 0.9250 0.2684 0.2690
vn 0.9669 -0.1740 -0.1868
vn 0.9669 -0.1663 0.1934
vn 0.9669 -0.1740 0.1868
vn 0.9250 0.2684 -0.2690
vn 0.9249 0.2587 0.2786
vn 0.9736 0.0002 -0.2280
vn 0.9578 0.2735 0.0887
vn 0.9572 -0.2724 0.0979
vn 0.9578 -0.2735 0.0883
vn 0.9736 0.0001 -0.2281
vn 0.9736 0.0075 -0.2280
vn 0.9450 0.0612 0.3214
vn 0.9750 -0.2221 0.0110
vn 0.9750 -0.2222 -0.0085
vn 0.9750 -0.2221 -0.0108
vn 0.9450 0.0611 -0.3214
vn 0.9452 0.0573 0.3215
vn 0.9578 0.2735 -0.0884
vn 0.9736 -0.0002 0.2280
vn 0.9736 -0.0075 0.2280
vn 0.9736 -0.0001 0.2281
vn 0.9578 -0.2735 -0.0886
vn 0.9572 0.2724 -0.0979
vn 0.9450 -0.0613 -0.3214
vn 0.9750 0.2221 -0.0109
vn 0.9750 0.2222 0.0085
vn 0.9750 0.2221 0.0108
vn 0.9449 -0.0612 0.3215
vn 0.9452 -0.0573 -0.3215
vn 0.9819 0.0015 -0.1893
vn 0.9082 0.4126 -0.0701
vn 0.9075 -0.4163 -0.0561
vn 0.9082 -0.4125 -0.0704
vn 0.9819 -0.0013 -0.1893
vn 0.9819 0.0067 -0.1892
vn 0.9694 0.2159 0.1171
vn 0.9784 -0.2066 0.0044
vn 0.9784 -0.2067 -0.0018
vn 0.9784 -0.2066 -0.0044
vn 0.9694 0.2159 -0.1171
vn 0.9694 0.2147 0.1187
vn 0.9082 0.4125 0.0704
vn 0.9819 0.0013 0.1893
vn 0.9819 -0.0067 0.1892
vn 0.9819 -0.0015 0.1893
vn 0.9082 -0.4126 0.0701
vn 0.9075 0.4163 0.0561
vn 0.9694 -0.2159 -0.1171
vn 0.9784 0.2066 -0.0044
vn 0.9784 0.2066 0.0018
vn 0.9784 0.2066 0.0044
vn 0.9694 -0.2159 0.1171
vn 0.9694 -0.2148 -0.1187
vn 0.9824 0.0015 -0.1870
vn 0.9116 0.4061 -0.0635
vn 0.9109 -0.4095 -0.0499
vn 0.9116 -0.4060 -0.0639
vn 0.9824 -0.0013 -0.1870
vn 0.9823 0.0066 -0.1869
vn 0.9700 0.2102 0.1218
vn 0.9787 -0.2053 0.0045
vn 0.9787 -0.2053 -0.0019
vn 0.9787 -0.2053 -0.0045
vn 0.9700 0.2102 -0.1218
vn 0.9701 0.2090 0.1234
vn 0.9116 0.4060 0.0639
vn 0.9823 0.0013 0.1871
vn 0.9823 -0.0066 0.1870
vn 0.9823 -0.0015 0.1871
vn 0.9116 -0.4061 0.0636
vn 0.9110 0.4095 0.0499
vn 0.9700 -0.2102 -0.1218
vn 0.9787 0.2053 -0.0045
vn 0.9787 0.2053 0.0019
vn 0.9787 0.2053 0.0045
vn 0.9700 -0.2102 0.1218
vn 0.9701 -0.2090 -0.1234
vn 0.9235 0.3800 0.0527
vn 0.9868 0.0016 0.1622
vn 0.9868 -0.0059 0.1621
vn 0.9868 -0.0018 0.1622
vn 0.9235 -0.3801 0.0524
vn 0.9230 0.3828 0.0405
vn 0.9827 -0.1854 -0.0043
vn 0.9733 0.2018 -0.1098
vn 0.9733 0.2006 0.1115
vn 0.9733 0.2018 0.1098
vn 0.9827 -0.1854 0.0043
vn 0.9827 -0.1854 -0.0016
vn 0.9868 0.0018 -0.1622
vn 0.9235 0.3801 -0.0524
vn 0.9230 -0.3828 -0.0405
vn 0.9235 -0.3800 -0.0526
vn 0.9868 -0.0016 -0.1622
vn 0.9868 0.0059 -0.1621
vn 0.9733 -0.2018 -0.1098
vn 0.9827 0.1854 -0.0043
vn 0.9827 0.1854 0.0016
vn 0.9827 0.1854 0.0043
vn 0.9733 -0.2018 0.1098
vn 0.9733 -0.2006 -0.1115
vn 0.9117 0.4056 0.0663
vn 0.9835 0.0014 0.1811
vn 0.9835 -0.0065 0.1810
vn 0.9835 -0.0016 0.1811
vn 0.9116 -0.4057 0.0660
vn 0.9110 0.4090 0.0526
vn 0.9797 -0.2005 -0.0044
vn 0.9702 0.2142 -0.1135
vn 0.9702 0.2131 0.1151
vn 0.9702 0.2143 0.1134
vn 0.9797 -0.2005 0.0044
vn 0.9797 -0.2006 -0.0017
vn 0.9835 0.0016 -0.1811
vn 0.9116 0.4057 -0.0660
vn 0.9110 -0.4090 -0.0526
vn 0.9117 -0.4056 -0.0663
vn 0.9835 -0.0014 -0.1810
vn 0.9835 0.0065 -0.1810
vn 0.9702 -0.2142 -0.1134
vn 0.9797 0.2005 -0.0044
vn 0.9797 0.2006 0.0017
vn 0.9797 0.2005 0.0044
vn 0.9702 -0.2142 0.1134
vn 0.9702 -0.2131 -0.1151
vn 0.9601 0.2661 -0.0854
vn 0.9750 -0.0000 0.2220
vn 0.9750 -0.0074 0.2219
vn 0.9750 -0.0003 0.2220
vn 0.9601 -0.2661 -0.0857
vn 0.9596 0.2651 -0.0945
vn 0.9763 -0.2161 -0.0107
vn 0.9479 0.0589 -0.3129
vn 0.9482 0.0549 0.3130
vn 0.9479 0.0590 0.3129
vn 0.9763 -0.2161 0.0109
vn 0.9763 -0.2162 -0.0083
vn 0.9750 0.0003 -0.2220
vn 0.9601 0.2661 0.0857
vn 0.9596 -0.2651 0.0945
vn 0.9601 -0.2661 0.0854
vn 0.9750 -0.0000 -0.2220
vn 0.9750 0.0074 -0.2219
vn 0.9479 -0.0590 -0.3129
vn 0.9763 0.2161 -0.0109
vn 0.9763 0.2162 0.0083
vn 0.9763 0.2161 0.0107
vn 0.9479 -0.0589 0.3129
vn 0.9482 -0.0549 -0.3130
vn 1.0000 -0.0021 -0.0008
vn 1.0000 -0.0017 0.0007
vn 1.0000 0.0017 0.0007
vn 1.0000 0.0022 -0.0008
vn 1.0000 -0.0015 -0.0006
vn 1.0000 -0.0014 0.0006
vn 1.0000 0.0014 0.0006
vn 1.0000 0.0015 -0.0006
vn 1.0000 -0.0014 -0.0006
vn 1.0000 -0.0018 0.0006
vn 1.0000 -0.0000 -0.0089
vn 1.0000 0.0001 -0.0089
vn 1.0000 0.0002 -0.0089
vn 0.9999 -0.0004 0.0166
vn 1.0000 -0.0014 -0.0015
vn 1.0000 0.0014 -0.0015
vn 0.9999 -0.0000 0.0166
vn 0.9999 -0.0002 0.0166
vn 1.0000 0.0014 0.0014
vn 1.0000 -0.0014 0.0014
vn 1.0000 0.0013 0.0015
vn 1.0000 0.0013 0.0014
vn 1.0000 -0.0013 -0.0014
vn 0.9999 -0.0000 0.0165
vn 0.9999 -0.0001 0.0166
vn 0.9999 -0.0003 0.0166
vn 0.9999 0.0075 -0.0084
vn 0.9999 0.0074 0.0085
vn 0.9999 -0.0075 0.0084
vn 0.9999 -0.0074 -0.0085
vn 1.0000 -0.0019 -0.0008
vn 1.0000 -0.0013 0.0013
vn 1.0000 -0.0019 -0.0007
vn 1.0000 0.0066 -0.0018
vn 1.0000 0.0066 0.0019
vn 1.0000 -0.0066 0.0018
vn 1.0000 -0.0066 -0.0019
vn 1.0000 -0.0013 -0.0006
vn 1.0000 -0.0016 0.0006
vn 1.0000 0.0065 -0.0019
vn 1.0000 0.0065 0.0019
vn 1.0000 -0.0065 0.0019
vn 1.0000 -0.0065 -0.0019
vn 1.0000 0.0002 -0.0088
vn 1.0000 -0.0013 0.0006
vn 0.9999 0.0147 0.0002
vn 0.9998 0.0147 0.0165
vn 0.9999 -0.0002 0.0165
vn 0.9999 -0.0004 0.0165
vn 0.9999 0.0147 0.0004
vn 0.9999 0.0148 0.0001
vn 0.9999 0.0147 -0.0000
vn 1.0000 -0.0012 -0.0014
vn 0.9999 0.0148 0.0003
vn 0.9999 0.0148 0.0002
vn 0.9999 0.0148 -0.0000
vn 0.9999 0.0148 0.0004
vn 1.0000 -0.0017 0.0006
vn 0.9999 0.0147 0.0001
vn 0.9999 0.0148 -0.0086
vn 1.0000 -0.0013 0.0005
vn 1.0000 -0.0000 -0.0088
vn 0.9999 0.0149 -0.0085
vn 1.0000 0.0013 -0.0013
vn 0.9998 -0.0150 0.0162
vn 0.9999 -0.0147 -0.0000
vn 1.0000 0.0013 0.0006
vn 0.9999 -0.0147 -0.0003
vn 0.9999 -0.0147 -0.0002
vn 0.9999 -0.0147 -0.0088
vn 1.0000 0.0001 -0.0088
vn 1.0000 0.0013 -0.0006
vn 0.9999 -0.0148 -0.0001
vn 1.0000 0.0016 0.0006
vn 0.9999 -0.0148 -0.0003
vn 0.9999 -0.0148 -0.0002
vn 0.9999 -0.0148 -0.0000
vn 1.0000 0.0013 -0.0005
vn 1.0000 0.0019 -0.0007
vn 1.0000 0.0013 0.0013
vn 0.9999 -0.0148 -0.0004
vn 1.0000 0.0012 0.0013
vn 1.0000 0.0013 -0.0014
vn 0.9999 -0.0147 -0.0001
vn 1.0000 0.0012 0.0014
vn 0.9999 -0.0001 0.0165
vn 0.9999 -0.0003 0.0165
vn 1.0000 0.0058 -0.0017
vn 1.0000 0.0058 0.0017
vn 1.0000 -0.0058 0.0016
vn 1.0000 -0.0058 0.0017
vn 1.0000 -0.0058 -0.0017
vn 1.0000 0.0058 -0.0016
vn 1.0000 -0.0014 -0.0007
vn 1.0000 0.0015 0.0007
vn 1.0000 0.0064 -0.0017
vn 1.0000 0.0064 0.0018
vn 1.0000 -0.0064 0.0017
vn 1.0000 -0.0064 -0.0018
vn 1.0000 -0.0021 -0.0009
vn 0.9999 0.0074 -0.0083
vn 0.9999 0.0072 0.0084
vn 0.9999 -0.0074 0.0083
vn 0.9999 -0.0072 -0.0084
vn 0.9606 0.1586 0.2283
vn 0.9607 0.1591 -0.2276
vn 0.9498 0.1415 -0.2789
vn 0.9497 0.1399 -0.2803
vn 0.9499 0.1427 0.2779
vn 0.9607 0.1601 0.2266
vn 0.9575 0.2222 -0.1839
vn 0.9580 -0.2171 -0.1875
vn 0.9639 -0.2292 -0.1352
vn 0.9627 -0.2395 -0.1256
vn 0.9644 0.2248 -0.1392
vn 0.9585 0.2115 -0.1914
vn 0.9606 -0.1586 -0.2283
vn 0.9607 -0.1591 0.2276
vn 0.9498 -0.1415 0.2789
vn 0.9497 -0.1399 0.2803
vn 0.9499 -0.1427 -0.2779
vn 0.9607 -0.1601 -0.2266
vn 0.9575 -0.2222 0.1839
vn 0.9580 0.2171 0.1875
vn 0.9639 0.2292 0.1352
vn 0.9627 0.2395 0.1256
vn 0.9644 -0.2248 0.1392
vn 0.9585 -0.2115 0.1914
vn 0.9908 0.0756 0.1119
vn 0.9909 0.0760 -0.1114
vn 0.9925 0.0293 -0.1184
vn 0.9925 0.0286 -0.1192
vn 0.9925 0.0294 0.1183
vn 0.9909 0.0761 0.1112
vn 0.9229 0.3056 -0.2344
vn 0.9232 -0.3017 -0.2380
vn 0.9105 -0.3464 -0.2256
vn 0.9094 -0.3560 -0.2148
vn 0.9112 0.3407 -0.2317
vn 0.9238 0.2957 -0.2434
vn 0.9908 -0.0756 -0.1119
vn 0.9909 -0.0759 0.1114
vn 0.9925 -0.0293 0.1184
vn 0.9925 -0.0285 0.1192
vn 0.9925 -0.0294 -0.1183
vn 0.9909 -0.0761 -0.1112
vn 0.9229 -0.3056 0.2344
vn 0.9232 0.3017 0.2380
vn 0.9105 0.3464 0.2256
vn 0.9094 0.3560 0.2148
vn 0.9112 -0.3407 0.2317
vn 0.9238 -0.2957 0.2434
vn 0.9869 0.1040 0.1230
vn 0.9870 0.1044 -0.1223
vn 0.9925 0.0404 -0.1155
vn 0.9924 0.0395 -0.1165
vn 0.9925 0.0405 0.1154
vn 0.9870 0.1046 0.1220
vn 0.9396 0.2831 -0.1922
vn 0.9399 -0.2805 -0.1949
vn 0.9190 -0.3433 -0.1938
vn 0.9182 -0.3501 -0.1852
vn 0.9196 0.3382 -0.2001
vn 0.9403 0.2753 -0.2000
vn 0.9869 -0.1040 -0.1230
vn 0.9870 -0.1044 0.1223
vn 0.9925 -0.0404 0.1155
vn 0.9924 -0.0395 0.1165
vn 0.9925 -0.0405 -0.1154
vn 0.9870 -0.1046 -0.1220
vn 0.9396 -0.2831 0.1922
vn 0.9399 0.2805 0.1949
vn 0.9190 0.3433 0.1938
vn 0.9182 0.3502 0.1851
vn 0.9196 -0.3382 0.2000
vn 0.9403 -0.2753 0.2000
vn 0.9865 0.1065 0.1241
vn 0.9866 0.1070 -0.1233
vn 0.9924 0.0401 -0.1160
vn 0.9924 0.0392 -0.1170
vn 0.9925 0.0402 0.1158
vn 0.9866 0.1072 0.1231
vn 0.9402 0.2827 -0.1900
vn 0.9404 -0.2801 -0.1927
vn 0.9185 -0.3457 -0.1918
vn 0.9177 -0.3524 -0.1832
vn 0.9191 0.3406 -0.1981
vn 0.9409 0.2750 -0.1978
vn 0.9865 -0.1065 -0.1241
vn 0.9866 -0.1070 0.1233
vn 0.9924 -0.0401 0.1160
vn 0.9924 -0.0392 0.1170
vn 0.9925 -0.0402 -0.1158
vn 0.9866 -0.1071 -0.1231
vn 0.9402 -0.2827 0.1900
vn 0.9405 0.2800 0.1927
vn 0.9185 0.3457 0.1918
vn 0.9177 0.3524 0.1832
vn 0.9191 -0.3406 0.1981
vn 0.9409 -0.2749 0.1977
vn 0.9908 0.0767 0.1115
vn 0.9908 0.0770 -0.1110
vn 0.9927 0.0294 -0.1170
vn 0.9926 0.0287 -0.1177
vn 0.9927 0.0295 0.1168
vn 0.9908 0.0771 0.1109
vn 0.9253 0.3018 -0.2296
vn 0.9257 -0.2981 -0.2330
vn 0.9125 -0.3439 -0.2216
vn 0.9114 -0.3531 -0.2112
vn 0.9131 0.3383 -0.2277
vn 0.9262 0.2921 -0.2384
vn 0.9908 -0.0767 -0.1115
vn 0.9908 -0.0770 0.1110
vn 0.9927 -0.0294 0.1170
vn 0.9926 -0.0287 0.1177
vn 0.9927 -0.0295 -0.1168
vn 0.9908 -0.0771 -0.1109
vn 0.9253 -0.3018 0.2296
vn 0.9257 0.2980 0.2331
vn 0.9125 0.3439 0.2216
vn 0.9114 0.3531 0.2112
vn 0.9131 -0.3383 0.2277
vn 0.9262 -0.2921 0.2384
vn 0.9607 0.1584 0.2278
vn 0.9608 0.1589 -0.2273
vn 0.9500 0.1413 -0.2785
vn 0.9498 0.1396 -0.2799
vn 0.9501 0.1424 0.2775
vn 0.9609 0.1598 0.2262
vn 0.9576 0.2218 -0.1836
vn 0.9581 -0.2168 -0.1873
vn 0.9640 -0.2290 -0.1350
vn 0.9628 -0.2392 -0.1254
vn 0.9645 0.2245 -0.1389
vn 0.9586 0.2111 -0.1912
vn 0.9607 -0.1583 -0.2279
vn 0.9608 -0.1589 0.2273
vn 0.9500 -0.1413 0.2785
vn 0.9498 -0.1396 0.2799
vn 0.9501 -0.1424 -0.2775
vn 0.9609 -0.1598 -0.2263
vn 0.9576 -0.2218 0.1837
vn 0.9581 0.2168 0.1873
vn 0.9640 0.2290 0.1350
vn 0.9628 0.2392 0.1254
vn 0.9645 -0.2245 0.1389
vn 0.9586 -0.2111 0.1912
vn 0.9493 -0.2444 -0.1978
vn 0.9499 -0.2496 0.1881
vn 0.9355 -0.1588 0.3157
vn 0.9345 -0.1511 0.3222
vn 0.9356 -0.1595 -0.3151
vn 0.9499 -0.2499 -0.1876
vn 0.9429 -0.1919 0.2721
vn 0.9454 0.1501 0.2892
vn 0.9554 0.2498 0.1576
vn 0.9521 0.2740 0.1355
vn 0.9556 -0.2482 0.1589
vn 0.9455 -0.1485 0.2897
vn 0.9493 0.2444 0.1978
vn 0.9499 0.2496 -0.1881
vn 0.9355 0.1588 -0.3157
vn 0.9345 0.1511 -0.3222
vn 0.9355 0.1595 0.3151
vn 0.9499 0.2499 0.1876
vn 0.9429 0.1919 -0.2721
vn 0.9454 -0.1501 -0.2892
vn 0.9554 -0.2498 -0.1576
vn 0.9521 -0.2740 -0.1355
vn 0.9556 0.2482 -0.1589
vn 0.9455 0.1485 -0.2897
vn 0.9762 -0.1937 -0.0974
vn 0.9766 -0.1967 0.0872
vn 0.9930 -0.0269 0.1153
vn 0.9926 -0.0240 0.1188
vn 0.9930 -0.0269 -0.1152
vn 0.9766 -0.1967 -0.0871
vn 0.9299 -0.2534 0.2668
vn 0.9315 0.2293 0.2823
vn 0.8839 0.3986 0.2446
vn 0.8813 0.4183 0.2200
vn 0.8841 -0.3969 0.2466
vn 0.9316 -0.2279 0.2832
vn 0.9762 0.1937 0.0974
vn 0.9766 0.1967 -0.0872
vn 0.9930 0.0269 -0.1153
vn 0.9926 0.0240 -0.1189
vn 0.9930 0.0270 0.1152
vn 0.9766 0.1968 0.0871
vn 0.9299 0.2534 -0.2668
vn 0.9315 -0.2293 -0.2823
vn 0.8839 -0.3987 -0.2446
vn 0.8813 -0.4183 -0.2200
vn 0.8841 0.3969 -0.2466
vn 0.9316 0.2278 -0.2831
vn 0.9763 -0.1891 -0.1055
vn 0.9767 -0.1923 0.0955
vn 0.9922 -0.0336 0.1198
vn 0.9919 -0.0306 0.1236
vn 0.9922 -0.0337 -0.1197
vn 0.9767 -0.1923 -0.0954
vn 0.9322 -0.2573 0.2546
vn 0.9338 0.2346 0.2701
vn 0.8887 0.3927 0.2367
vn 0.8862 0.4115 0.2129
vn 0.8889 -0.3910 0.2386
vn 0.9339 -0.2331 0.2710
vn 0.9763 0.1891 0.1055
vn 0.9767 0.1923 -0.0955
vn 0.9922 0.0336 -0.1198
vn 0.9919 0.0306 -0.1236
vn 0.9922 0.0337 0.1197
vn 0.9767 0.1923 0.0954
vn 0.9322 0.2573 -0.2546
vn 0.9338 -0.2346 -0.2701
vn 0.8887 -0.3927 -0.2367
vn 0.8862 -0.4115 -0.2129
vn 0.8889 0.3910 -0.2386
vn 0.9339 0.2331 -0.2710
vn 0.9742 -0.2004 -0.1038
vn 0.9745 -0.2028 0.0963
vn 0.9933 -0.0391 0.1088
vn 0.9931 -0.0371 0.1116
vn 0.9933 -0.0392 -0.1087
vn 0.9745 -0.2029 -0.0961
vn 0.9511 -0.2239 0.2130
vn 0.9520 0.2084 0.2240
vn 0.9061 0.3708 0.2038
vn 0.9044 0.3845 0.1850
vn 0.9062 -0.3693 0.2057
vn 0.9521 -0.2072 0.2248
vn 0.9742 0.2004 0.1038
vn 0.9745 0.2028 -0.0963
vn 0.9933 0.0391 -0.1088
vn 0.9931 0.0371 -0.1116
vn 0.9933 0.0392 0.1088
vn 0.9745 0.2029 0.0961
vn 0.9511 0.2238 -0.2130
vn 0.9520 -0.2084 -0.2240
vn 0.9061 -0.3708 -0.2038
vn 0.9044 -0.3845 -0.1850
vn 0.9062 0.3693 -0.2057
vn 0.9521 0.2072 -0.2248
vn 0.9755 -0.1971 -0.0977
vn 0.9758 -0.1999 0.0881
vn 0.9933 -0.0288 0.1119
vn 0.9930 -0.0262 0.1152
vn 0.9933 -0.0289 -0.1118
vn 0.9758 -0.2000 -0.0880
vn 0.9363 -0.2443 0.2522
vn 0.9377 0.2231 0.2662
vn 0.8893 0.3933 0.2334
vn 0.8870 0.4110 0.2105
vn 0.8895 -0.3916 0.2353
vn 0.9378 -0.2217 0.2670
vn 0.9755 0.1971 0.0977
vn 0.9758 0.1999 -0.0881
vn 0.9933 0.0288 -0.1119
vn 0.9930 0.0262 -0.1152
vn 0.9933 0.0289 0.1118
vn 0.9758 0.2000 0.0880
vn 0.9363 0.2444 -0.2522
vn 0.9377 -0.2231 -0.2662
vn 0.8893 -0.3933 -0.2334
vn 0.8870 -0.4110 -0.2105
vn 0.8895 0.3916 -0.2353
vn 0.9378 0.2218 -0.2670
vn 0.9519 -0.2390 -0.1920
vn 0.9524 -0.2434 0.1837
vn 0.9385 -0.1558 0.3080
vn 0.9378 -0.1491 0.3136
vn 0.9386 -0.1563 -0.3075
vn 0.9524 -0.2437 -0.1832
vn 0.9453 -0.1867 0.2676
vn 0.9476 0.1476 0.2835
vn 0.9573 0.2439 0.1551
vn 0.9544 0.2667 0.1344
vn 0.9575 -0.2423 0.1564
vn 0.9476 -0.1460 0.2841
vn 0.9519 0.2390 0.1920
vn 0.9524 0.2434 -0.1836
vn 0.9386 0.1558 -0.3080
vn 0.9378 0.1491 -0.3136
vn 0.9386 0.1564 0.3075
vn 0.9524 0.2437 0.1832
vn 0.9453 0.1867 -0.2676
vn 0.9475 -0.1476 -0.2835
vn 0.9573 -0.2439 -0.1551
vn 0.9544 -0.2666 -0.1345
vn 0.9575 0.2423 -0.1564
vn 0.9476 0.1460 -0.2841
vn -0.6451 -0.7641 -0.0000
vn -0.8328 0.5536 0.0004
vn -0.8328 0.5536 -0.0000
vn -0.6451 -0.7641 -0.0003
vn -0.6330 0.0033 0.7741
vn -0.8423 -0.0000 -0.5390
vn -0.8423 -0.0014 -0.5390
vn -0.8424 -0.0037 -0.5389
vn -0.6329 -0.0000 0.7742
vn -0.6329 0.0013 0.7742
vn -0.8329 -0.5534 -0.0000
vn -0.8329 -0.5535 -0.0002
vn -0.6449 0.7643 0.0003
vn -0.6449 0.7643 -0.0000
vn -0.8329 -0.5534 -0.0004
vn -0.8382 0.0037 0.5454
vn -0.6330 -0.0000 -0.7742
vn -0.6330 -0.0013 -0.7742
vn -0.6330 -0.0033 -0.7742
vn -0.8382 -0.0000 0.5454
vn -0.8382 0.0014 0.5454
vn -0.7867 0.4428 -0.4302
vn -0.5571 -0.8033 -0.2108
vn -0.5481 0.2506 0.7980
vn -0.5569 0.8034 -0.2108
vn -0.7868 -0.4427 -0.4301
vn -0.5482 -0.2506 0.7979
vn -0.5481 0.2506 -0.7980
vn -0.5545 -0.8032 0.2175
vn -0.7834 0.4422 0.4366
vn -0.5544 0.8033 0.2176
vn -0.5482 -0.2506 -0.7979
vn -0.7835 -0.4421 0.4367
vn -0.6451 -0.7641 -0.0004
vn -0.8329 -0.5535 -0.0000
vn -0.6449 0.7643 0.0004
vn -0.8329 -0.5535 -0.0004
vn -0.8328 0.5536 0.0014
vn -0.6451 -0.7641 -0.0013
vn -0.6449 0.7643 0.0013
vn -0.8329 -0.5534 -0.0014
vn -0.6446 -0.7644 -0.0082
vn -0.8328 0.5536 0.0012
vn -0.8327 0.5536 -0.0088
vn -0.6447 -0.7644 -0.0093
vn -0.8328 -0.5534 -0.0088
vn -0.6449 0.7643 0.0012
vn -0.6445 0.7646 -0.0082
vn -0.8328 -0.5534 -0.0100
vn -0.6451 -0.7641 -0.0009
vn -0.6442 -0.7647 0.0152
vn -0.8326 0.5535 0.0188
vn -0.8326 0.5536 0.0173
vn -0.6451 -0.7641 -0.0022
vn -0.8329 -0.5535 -0.0010
vn -0.8327 -0.5534 0.0165
vn -0.6441 0.7647 0.0174
vn -0.6441 0.7648 0.0160
vn -0.8329 -0.5535 -0.0024
vn -0.6451 -0.7641 -0.0008
vn -0.8328 0.5536 0.0022
vn -0.8328 0.5536 0.0009
vn -0.6451 -0.7641 -0.0020
vn -0.8329 -0.5535 -0.0009
vn -0.8329 -0.5534 -0.0002
vn -0.6449 0.7643 0.0020
vn -0.6449 0.7643 0.0008
vn -0.8329 -0.5535 -0.0022
vn -0.6451 -0.7641 -0.0011
vn -0.6449 0.7643 0.0011
vn -0.8329 -0.5534 -0.0012
vn -0.8382 -0.0017 0.5454
vn -0.6330 0.0015 -0.7742
vn -0.8424 -0.0000 -0.5389
vn -0.6330 -0.0015 0.7742
vn -0.6330 -0.0000 0.7742
vn -0.8423 0.0017 -0.5390
vn -0.7580 -0.6340 -0.1534
vn -0.8382 -0.0033 0.5454
vn -0.6991 0.7009 -0.1415
vn -0.8380 0.0147 0.5454
vn -0.6323 0.0166 -0.7746
vn -0.7042 -0.6955 0.1426
vn -0.6330 -0.0029 0.7742
vn -0.7586 0.6332 0.1536
vn -0.6322 0.0136 0.7747
vn -0.8422 0.0180 -0.5389
vn -0.7043 -0.6954 0.1426
vn -0.8422 -0.0147 -0.5390
vn -0.6323 -0.0166 0.7746
vn -0.7580 0.6340 0.1534
vn -0.8423 0.0032 -0.5389
vn -0.7586 -0.6332 -0.1536
vn -0.6322 -0.0136 -0.7747
vn -0.8380 -0.0180 0.5453
vn -0.6990 0.7010 -0.1415
vn -0.8381 -0.0002 0.5455
vn -0.6330 0.0029 -0.7742
vn -0.8424 0.0017 -0.5389
vn -0.9789 0.0014 0.2041
vn -0.9789 0.0029 0.2042
vn -0.9744 -0.2231 -0.0284
vn -0.9744 -0.2231 -0.0287
vn -0.9744 0.2230 -0.0281
vn -0.9789 -0.0031 0.2041
vn -0.9731 -0.0298 0.2284
vn -0.9731 -0.0301 -0.2284
vn -0.9802 0.1978 -0.0034
vn -0.9802 0.1978 -0.0014
vn -0.9802 0.1979 0.0032
vn -0.9731 -0.0299 0.2284
vn -0.9803 -0.1977 0.0015
vn -0.9803 -0.1977 -0.0034
vn -0.9731 0.0299 -0.2284
vn -0.9731 0.0298 -0.2284
vn -0.9731 0.0301 0.2284
vn -0.9803 -0.1977 0.0035
vn -0.9744 0.2231 0.0287
vn -0.9744 -0.2230 0.0281
vn -0.9789 0.0033 -0.2043
vn -0.9789 -0.0013 -0.2043
vn -0.9789 -0.0029 -0.2042
vn -0.9744 0.2231 0.0284
vn -0.9816 0.1907 -0.0008
vn -0.9816 0.1910 0.0025
vn -0.9866 -0.1191 0.1117
vn -0.9866 -0.1187 0.1120
vn -0.9866 -0.1191 -0.1117
vn -0.9816 0.1907 -0.0027
vn -0.9497 0.3065 -0.0645
vn -0.9498 -0.3056 -0.0670
vn -0.9829 0.0023 -0.1840
vn -0.9829 -0.0016 -0.1840
vn -0.9829 -0.0019 -0.1840
vn -0.9498 0.3057 -0.0665
vn -0.9866 0.1187 -0.1120
vn -0.9866 0.1191 0.1117
vn -0.9816 -0.1909 0.0026
vn -0.9816 -0.1909 0.0007
vn -0.9817 -0.1905 -0.0027
vn -0.9866 0.1191 -0.1117
vn -0.9830 0.0022 0.1838
vn -0.9829 0.0017 0.1839
vn -0.9498 -0.3057 0.0666
vn -0.9497 -0.3065 0.0645
vn -0.9498 0.3056 0.0670
vn -0.9830 -0.0017 0.1838
vn -0.9862 0.0015 0.1655
vn -0.9862 0.0018 0.1656
vn -0.9582 -0.2834 0.0380
vn -0.9582 -0.2838 0.0367
vn -0.9583 0.2833 0.0384
vn -0.9862 -0.0018 0.1655
vn -0.9869 -0.1040 0.1230
vn -0.9869 -0.1044 -0.1228
vn -0.9832 0.1827 -0.0025
vn -0.9832 0.1827 -0.0006
vn -0.9832 0.1827 0.0024
vn -0.9869 -0.1044 0.1228
vn -0.9832 -0.1826 0.0006
vn -0.9832 -0.1825 -0.0025
vn -0.9869 0.1044 -0.1228
vn -0.9869 0.1040 -0.1230
vn -0.9869 0.1044 0.1228
vn -0.9832 -0.1826 0.0025
vn -0.9582 0.2838 -0.0366
vn -0.9583 -0.2833 -0.0383
vn -0.9862 0.0020 -0.1655
vn -0.9862 -0.0013 -0.1655
vn -0.9862 -0.0017 -0.1655
vn -0.9582 0.2834 -0.0379
vn -0.9863 -0.0014 -0.1648
vn -0.9863 -0.0018 -0.1649
vn -0.9584 0.2830 -0.0362
vn -0.9584 0.2833 -0.0349
vn -0.9585 -0.2829 -0.0366
vn -0.9863 0.0019 -0.1648
vn -0.9869 0.1034 -0.1241
vn -0.9868 0.1038 0.1239
vn -0.9831 -0.1828 0.0025
vn -0.9831 -0.1828 0.0006
vn -0.9832 -0.1828 -0.0025
vn -0.9868 0.1038 -0.1239
vn -0.9584 -0.2833 0.0350
vn -0.9585 0.2829 0.0366
vn -0.9863 -0.0020 0.1649
vn -0.9863 0.0013 0.1649
vn -0.9863 0.0016 0.1649
vn -0.9584 -0.2830 0.0362
vn -0.9820 -0.1887 0.0006
vn -0.9821 -0.1883 -0.0026
vn -0.9868 0.1175 -0.1113
vn -0.9868 0.1170 -0.1116
vn -0.9868 0.1175 0.1113
vn -0.9820 -0.1887 0.0025
vn -0.9511 -0.3026 0.0621
vn -0.9512 0.3018 0.0645
vn -0.9835 -0.0019 0.1807
vn -0.9835 0.0019 0.1807
vn -0.9835 0.0014 0.1806
vn -0.9512 -0.3019 0.0640
vn -0.9868 -0.1170 0.1116
vn -0.9868 -0.1175 -0.1113
vn -0.9821 0.1881 -0.0028
vn -0.9821 0.1882 -0.0008
vn -0.9821 0.1885 0.0025
vn -0.9868 -0.1175 0.1113
vn -0.9835 -0.0017 -0.1808
vn -0.9835 -0.0020 -0.1809
vn -0.9512 0.3019 -0.0641
vn -0.9511 0.3026 -0.0621
vn -0.9512 -0.3017 -0.0645
vn -0.9835 0.0021 -0.1808
vn -0.9803 -0.1975 0.0014
vn -0.9803 -0.1974 -0.0032
vn -0.9732 0.0299 -0.2280
vn -0.9732 0.0297 -0.2280
vn -0.9732 0.0301 0.2280
vn -0.9803 -0.1975 0.0034
vn -0.9745 -0.2227 -0.0286
vn -0.9745 0.2227 -0.0280
vn -0.9790 -0.0032 0.2039
vn -0.9790 0.0013 0.2039
vn -0.9790 0.0028 0.2038
vn -0.9745 -0.2227 -0.0284
vn -0.9790 -0.0014 -0.2039
vn -0.9790 -0.0030 -0.2040
vn -0.9745 0.2227 0.0283
vn -0.9745 0.2227 0.0286
vn -0.9745 -0.2227 0.0280
vn -0.9790 0.0031 -0.2039
vn -0.9732 -0.0297 0.2280
vn -0.9732 -0.0301 -0.2280
vn -0.9803 0.1973 -0.0035
vn -0.9803 0.1974 -0.0016
vn -0.9803 0.1974 0.0033
vn -0.9732 -0.0299 0.2280
vn -0.9832 0.1827 0.0025
vn -0.9868 -0.1038 0.1239
vn -0.9869 -0.1034 0.1241
vn -0.9868 -0.1038 -0.1239
vn -0.9206 0.2350 -0.3117
vn -0.9206 -0.2478 -0.3020
vn -0.9665 0.2027 0.1574
vn -0.9664 0.1964 0.1657
vn -0.9665 -0.2027 0.1574
vn -0.9206 0.2477 -0.3020
vn -0.9658 0.1658 -0.1995
vn -0.9657 0.1737 0.1929
vn -0.9232 -0.2745 -0.2690
vn -0.9231 -0.2646 -0.2790
vn -0.9232 -0.2745 0.2691
vn -0.9657 0.1737 -0.1930
vn -0.9665 -0.1963 -0.1656
vn -0.9665 0.2026 -0.1574
vn -0.9206 -0.2477 0.3020
vn -0.9206 -0.2350 0.3117
vn -0.9206 0.2477 0.3020
vn -0.9665 -0.2026 -0.1574
vn -0.9658 -0.1658 0.1995
vn -0.9657 -0.1737 -0.1930
vn -0.9232 0.2745 0.2690
vn -0.9231 0.2646 0.2790
vn -0.9232 0.2745 -0.2690
vn -0.9657 -0.1737 0.1930
vn -0.9279 0.3728 0.0016
vn -0.9281 -0.3526 -0.1192
vn -0.9621 0.2601 0.0820
vn -0.9622 -0.2723 0.0016
vn -0.9621 -0.2601 0.0820
vn -0.9281 0.3527 -0.1191
vn -0.9634 0.2496 -0.0978
vn -0.9634 0.2527 0.0894
vn -0.9262 -0.3619 -0.1054
vn -0.9262 -0.3577 -0.1191
vn -0.9262 -0.3619 0.1054
vn -0.9634 0.2527 -0.0894
vn -0.9622 0.2723 -0.0016
vn -0.9621 0.2601 -0.0820
vn -0.9281 -0.3527 0.1191
vn -0.9279 -0.3728 -0.0016
vn -0.9281 0.3526 0.1192
vn -0.9621 -0.2601 -0.0820
vn -0.9634 -0.2496 0.0978
vn -0.9634 -0.2527 -0.0894
vn -0.9262 0.3619 0.1054
vn -0.9262 0.3577 0.1191
vn -0.9262 0.3619 -0.1054
vn -0.9634 -0.2527 0.0894
vn -0.9274 0.3740 0.0055
vn -0.9283 -0.3478 -0.1318
vn -0.9619 0.2633 0.0741
vn -0.9623 -0.2720 0.0057
vn -0.9619 -0.2633 0.0740
vn -0.9282 0.3479 -0.1317
vn -0.9669 0.2323 -0.1059
vn -0.9668 0.2357 0.0982
vn -0.9207 -0.3766 -0.1024
vn -0.9207 -0.3726 -0.1164
vn -0.9207 -0.3766 0.1024
vn -0.9668 0.2357 -0.0983
vn -0.9623 0.2720 -0.0057
vn -0.9619 0.2633 -0.0741
vn -0.9282 -0.3479 0.1317
vn -0.9274 -0.3740 -0.0055
vn -0.9282 0.3478 0.1318
vn -0.9619 -0.2633 -0.0741
vn -0.9669 -0.2323 0.1059
vn -0.9668 -0.2357 -0.0982
vn -0.9207 0.3766 0.1023
vn -0.9207 0.3725 0.1164
vn -0.9207 0.3765 -0.1024
vn -0.9668 -0.2357 0.0983
vn -0.9312 -0.3454 -0.1168
vn -0.9312 -0.3494 0.1041
vn -0.9678 0.2323 -0.0966
vn -0.9678 0.2290 -0.1042
vn -0.9678 0.2323 0.0965
vn -0.9312 -0.3494 -0.1041
vn -0.9681 0.2505 0.0004
vn -0.9682 0.2305 -0.0975
vn -0.9306 -0.3491 0.1101
vn -0.9306 -0.3660 0.0004
vn -0.9306 0.3491 0.1102
vn -0.9682 -0.2305 -0.0976
vn -0.9306 0.3660 -0.0004
vn -0.9306 -0.3491 -0.1102
vn -0.9682 0.2305 0.0976
vn -0.9681 -0.2505 -0.0004
vn -0.9682 -0.2305 0.0975
vn -0.9306 0.3491 -0.1101
vn -0.9678 -0.2290 0.1042
vn -0.9678 -0.2323 -0.0965
vn -0.9312 0.3494 0.1041
vn -0.9312 0.3454 0.1168
vn -0.9312 0.3494 -0.1041
vn -0.9678 -0.2323 0.0966
vn -0.9297 -0.3490 -0.1176
vn -0.9297 -0.3532 0.1043
vn -0.9642 0.2495 -0.0899
vn -0.9642 0.2464 -0.0981
vn -0.9642 0.2495 0.0898
vn -0.9297 -0.3532 -0.1043
vn -0.9640 0.2660 -0.0003
vn -0.9639 0.2512 -0.0878
vn -0.9301 -0.3495 0.1131
vn -0.9300 -0.3675 -0.0003
vn -0.9301 0.3495 0.1132
vn -0.9639 -0.2512 -0.0878
vn -0.9300 0.3675 0.0003
vn -0.9301 -0.3495 -0.1132
vn -0.9640 0.2512 0.0878
vn -0.9640 -0.2660 0.0003
vn -0.9639 -0.2512 0.0878
vn -0.9301 0.3495 -0.1131
vn -0.9642 -0.2464 0.0981
vn -0.9642 -0.2495 -0.0898
vn -0.9297 0.3532 0.1043
vn -0.9297 0.3490 0.1175
vn -0.9297 0.3532 -0.1043
vn -0.9642 -0.2495 0.0898
vn -0.9249 -0.2587 -0.2786
vn -0.9250 -0.2684 0.2690
vn -0.9669 0.1740 -0.1868
vn -0.9669 0.1663 -0.1934
vn -0.9669 0.1740 0.1868
vn -0.9250 -0.2684 -0.2690
vn -0.9674 -0.1910 -0.1660
vn -0.9675 0.1974 -0.1580
vn -0.9229 -0.2471 0.2954
vn -0.9229 -0.2347 0.3051
vn -0.9229 0.2470 0.2954
vn -0.9675 -0.1974 -0.1580
vn -0.9230 0.2347 -0.3051
vn -0.9229 -0.2470 -0.2954
vn -0.9675 0.1974 0.1580
vn -0.9674 0.1910 0.1661
vn -0.9675 -0.1974 0.1580
vn -0.9229 0.2470 -0.2954
vn -0.9669 -0.1663 0.1934
vn -0.9669 -0.1740 -0.1868
vn -0.9250 0.2684 0.2690
vn -0.9249 0.2587 0.2786
vn -0.9250 0.2684 -0.2690
vn -0.9669 -0.1740 0.1868
vn -0.9572 -0.2724 0.0979
vn -0.9578 0.2735 0.0887
vn -0.9736 0.0002 -0.2281
vn -0.9736 0.0075 -0.2280
vn -0.9736 0.0001 -0.2281
vn -0.9578 -0.2735 0.0883
vn -0.9750 -0.2222 -0.0085
vn -0.9750 -0.2221 0.0110
vn -0.9450 0.0612 0.3214
vn -0.9452 0.0573 0.3215
vn -0.9450 0.0611 -0.3214
vn -0.9750 -0.2221 -0.0108
vn -0.9736 -0.0075 0.2280
vn -0.9736 -0.0002 0.2280
vn -0.9578 0.2735 -0.0884
vn -0.9572 0.2724 -0.0979
vn -0.9578 -0.2735 -0.0886
vn -0.9736 -0.0001 0.2281
vn -0.9750 0.2222 0.0085
vn -0.9750 0.2221 -0.0109
vn -0.9450 -0.0613 -0.3214
vn -0.9452 -0.0573 -0.3215
vn -0.9450 -0.0612 0.3214
vn -0.9750 0.2221 0.0108
vn -0.9075 -0.4163 -0.0561
vn -0.9082 0.4126 -0.0701
vn -0.9819 0.0015 -0.1893
vn -0.9819 0.0067 -0.1892
vn -0.9819 -0.0013 -0.1893
vn -0.9082 -0.4125 -0.0704
vn -0.9784 -0.2067 -0.0019
vn -0.9784 -0.2066 0.0044
vn -0.9694 0.2159 0.1171
vn -0.9694 0.2147 0.1188
vn -0.9694 0.2159 -0.1171
vn -0.9784 -0.2066 -0.0044
vn -0.9819 -0.0067 0.1892
vn -0.9819 0.0013 0.1893
vn -0.9082 0.4125 0.0704
vn -0.9075 0.4163 0.0560
vn -0.9082 -0.4126 0.0700
vn -0.9819 -0.0015 0.1893
vn -0.9784 0.2066 0.0019
vn -0.9784 0.2065 -0.0044
vn -0.9694 -0.2159 -0.1171
vn -0.9694 -0.2148 -0.1188
vn -0.9694 -0.2159 0.1171
vn -0.9784 0.2065 0.0044
vn -0.9109 -0.4095 -0.0499
vn -0.9116 0.4061 -0.0635
vn -0.9824 0.0015 -0.1870
vn -0.9823 0.0066 -0.1869
vn -0.9824 -0.0013 -0.1870
vn -0.9116 -0.4060 -0.0639
vn -0.9787 -0.2053 -0.0020
vn -0.9787 -0.2053 0.0045
vn -0.9700 0.2102 0.1218
vn -0.9701 0.2090 0.1235
vn -0.9700 0.2102 -0.1218
vn -0.9787 -0.2053 -0.0045
vn -0.9823 -0.0066 0.1870
vn -0.9823 0.0013 0.1871
vn -0.9116 0.4060 0.0639
vn -0.9109 0.4095 0.0499
vn -0.9116 -0.4061 0.0636
vn -0.9823 -0.0015 0.1871
vn -0.9787 0.2053 0.0020
vn -0.9787 0.2053 -0.0045
vn -0.9700 -0.2102 -0.1218
vn -0.9701 -0.2090 -0.1235
vn -0.9700 -0.2102 0.1218
vn -0.9787 0.2053 0.0045
vn -0.9868 -0.0059 0.1621
vn -0.9868 0.0016 0.1622
vn -0.9235 0.3800 0.0527
vn -0.9230 0.3828 0.0405
vn -0.9235 -0.3801 0.0524
vn -0.9868 -0.0018 0.1622
vn -0.9733 0.2005 0.1115
vn -0.9733 0.2018 -0.1098
vn -0.9827 -0.1854 -0.0043
vn -0.9827 -0.1854 -0.0017
vn -0.9827 -0.1854 0.0043
vn -0.9733 0.2018 0.1098
vn -0.9230 -0.3828 -0.0405
vn -0.9235 0.3801 -0.0524
vn -0.9868 0.0018 -0.1622
vn -0.9868 0.0059 -0.1621
vn -0.9868 -0.0016 -0.1622
vn -0.9235 -0.3800 -0.0527
vn -0.9827 0.1854 0.0017
vn -0.9827 0.1854 -0.0043
vn -0.9733 -0.2018 -0.1098
vn -0.9733 -0.2005 -0.1115
vn -0.9733 -0.2018 0.1098
vn -0.9827 0.1854 0.0043
vn -0.9835 -0.0065 0.1809
vn -0.9835 0.0014 0.1810
vn -0.9117 0.4056 0.0663
vn -0.9110 0.4090 0.0526
vn -0.9116 -0.4057 0.0660
vn -0.9835 -0.0016 0.1810
vn -0.9702 0.2131 0.1151
vn -0.9702 0.2143 -0.1134
vn -0.9797 -0.2005 -0.0044
vn -0.9797 -0.2005 -0.0018
vn -0.9797 -0.2005 0.0044
vn -0.9702 0.2143 0.1134
vn -0.9110 -0.4090 -0.0526
vn -0.9116 0.4057 -0.0660
vn -0.9835 0.0016 -0.1811
vn -0.9835 0.0065 -0.1810
vn -0.9835 -0.0014 -0.1811
vn -0.9117 -0.4056 -0.0663
vn -0.9797 0.2005 0.0018
vn -0.9797 0.2005 -0.0044
vn -0.9702 -0.2143 -0.1134
vn -0.9702 -0.2131 -0.1151
vn -0.9702 -0.2143 0.1134
vn -0.9797 0.2005 0.0044
vn -0.9750 -0.0074 0.2219
vn -0.9750 -0.0000 0.2220
vn -0.9601 0.2661 -0.0854
vn -0.9596 0.2651 -0.0945
vn -0.9601 -0.2661 -0.0857
vn -0.9750 -0.0003 0.2220
vn -0.9482 0.0549 0.3130
vn -0.9479 0.0589 -0.3129
vn -0.9763 -0.2161 -0.0107
vn -0.9763 -0.2162 -0.0083
vn -0.9763 -0.2161 0.0109
vn -0.9479 0.0590 0.3129
vn -0.9596 -0.2651 0.0945
vn -0.9601 0.2661 0.0857
vn -0.9750 0.0003 -0.2220
vn -0.9750 0.0074 -0.2219
vn -0.9750 -0.0000 -0.2220
vn -0.9601 -0.2661 0.0854
vn -0.9763 0.2162 0.0083
vn -0.9763 0.2161 -0.0109
vn -0.9479 -0.0590 -0.3129
vn -0.9482 -0.0549 -0.3130
vn -0.9479 -0.0589 0.3129
vn -0.9763 0.2161 0.0107
vn -1.0000 0.0017 0.0007
vn -1.0000 -0.0017 0.0007
vn -1.0000 -0.0021 -0.0008
vn -1.0000 0.0022 -0.0008
vn -1.0000 0.0014 0.0006
vn -1.0000 -0.0014 0.0006
vn -1.0000 -0.0015 -0.0006
vn -1.0000 -0.0014 -0.0006
vn -1.0000 0.0015 -0.0006
vn -1.0000 -0.0018 0.0006
vn -1.0000 0.0001 -0.0089
vn -1.0000 -0.0000 -0.0089
vn -1.0000 0.0002 -0.0089
vn -1.0000 0.0014 -0.0015
vn -1.0000 -0.0014 -0.0015
vn -0.9999 -0.0004 0.0166
vn -0.9999 -0.0002 0.0166
vn -0.9999 -0.0000 0.0166
vn -1.0000 0.0014 0.0014
vn -1.0000 -0.0014 0.0014
vn -1.0000 0.0013 0.0015
vn -1.0000 0.0013 0.0014
vn -0.9999 -0.0001 0.0166
vn -0.9999 -0.0000 0.0165
vn -1.0000 -0.0013 -0.0014
vn -0.9999 -0.0003 0.0166
vn -0.9999 -0.0075 0.0084
vn -0.9999 0.0074 0.0085
vn -0.9999 0.0075 -0.0084
vn -0.9999 -0.0074 -0.0085
vn -1.0000 -0.0013 0.0013
vn -1.0000 -0.0019 -0.0008
vn -1.0000 -0.0019 -0.0007
vn -1.0000 -0.0066 0.0018
vn -1.0000 0.0066 0.0019
vn -1.0000 0.0066 -0.0018
vn -1.0000 -0.0066 -0.0019
vn -1.0000 -0.0016 0.0006
vn -1.0000 -0.0013 -0.0006
vn -1.0000 -0.0065 0.0019
vn -1.0000 0.0065 0.0019
vn -1.0000 0.0065 -0.0019
vn -1.0000 -0.0065 -0.0019
vn -1.0000 -0.0013 0.0006
vn -1.0000 0.0002 -0.0088
vn -1.0000 0.0001 -0.0088
vn -1.0000 0.0013 0.0006
vn -0.9999 -0.0002 0.0165
vn -0.9998 0.0147 0.0165
vn -0.9999 0.0147 0.0002
vn -0.9999 0.0147 0.0004
vn -0.9999 -0.0004 0.0165
vn -1.0000 -0.0012 -0.0014
vn -0.9999 0.0147 -0.0000
vn -0.9999 0.0148 0.0001
vn -0.9999 0.0148 0.0003
vn -0.9999 0.0148 -0.0000
vn -0.9999 0.0148 0.0002
vn -0.9999 0.0148 0.0004
vn -1.0000 -0.0017 0.0006
vn -0.9999 0.0147 0.0001
vn -0.9999 0.0148 -0.0086
vn -0.9999 0.0149 -0.0085
vn -1.0000 -0.0000 -0.0088
vn -1.0000 -0.0013 0.0005
vn -0.9998 -0.0150 0.0162
vn -1.0000 0.0013 -0.0013
vn -0.9999 -0.0147 -0.0000
vn -0.9999 -0.0147 -0.0003
vn -0.9999 -0.0147 -0.0088
vn -0.9999 -0.0147 -0.0002
vn -0.9999 -0.0148 -0.0001
vn -1.0000 0.0013 -0.0006
vn -0.9999 -0.0148 -0.0003
vn -1.0000 0.0016 0.0006
vn -1.0000 0.0013 -0.0005
vn -0.9999 -0.0148 -0.0000
vn -0.9999 -0.0148 -0.0002
vn -1.0000 0.0019 -0.0007
vn -0.9999 -0.0148 -0.0004
vn -1.0000 0.0013 0.0013
vn -1.0000 0.0013 -0.0014
vn -1.0000 0.0012 0.0013
vn -1.0000 0.0012 0.0014
vn -0.9999 -0.0147 -0.0001
vn -0.9999 -0.0001 0.0165
vn -0.9999 -0.0003 0.0165
vn -1.0000 -0.0058 0.0016
vn -1.0000 0.0058 0.0017
vn -1.0000 0.0058 -0.0017
vn -1.0000 0.0058 -0.0016
vn -1.0000 -0.0058 -0.0017
vn -1.0000 -0.0058 0.0017
vn -1.0000 -0.0014 -0.0007
vn -1.0000 0.0015 0.0007
vn -1.0000 -0.0064 0.0017
vn -1.0000 0.0064 0.0018
vn -1.0000 0.0064 -0.0017
vn -1.0000 -0.0064 -0.0018
vn -1.0000 -0.0021 -0.0009
vn -0.9999 -0.0074 0.0083
vn -0.9999 0.0072 0.0084
vn -0.9999 0.0074 -0.0083
vn -0.9999 -0.0072 -0.0084
vn -0.9498 0.1415 -0.2789
vn -0.9607 0.1591 -0.2276
vn -0.9606 0.1586 0.2283
vn -0.9607 0.1601 0.2266
vn -0.9499 0.1427 0.2779
vn -0.9497 0.1399 -0.2803
vn -0.9639 -0.2292 -0.1352
vn -0.9580 -0.2171 -0.1875
vn -0.9575 0.2222 -0.1839
vn -0.9585 0.2115 -0.1914
vn -0.9644 0.2248 -0.1392
vn -0.9627 -0.2395 -0.1256
vn -0.9498 -0.1415 0.2789
vn -0.9607 -0.1591 0.2276
vn -0.9606 -0.1586 -0.2283
vn -0.9607 -0.1601 -0.2266
vn -0.9499 -0.1427 -0.2779
vn -0.9497 -0.1399 0.2803
vn -0.9639 0.2292 0.1352
vn -0.9580 0.2171 0.1875
vn -0.9575 -0.2222 0.1839
vn -0.9585 -0.2115 0.1914
vn -0.9644 -0.2248 0.1392
vn -0.9627 0.2395 0.1256
vn -0.9925 0.0293 -0.1184
vn -0.9909 0.0760 -0.1114
vn -0.9908 0.0756 0.1119
vn -0.9909 0.0761 0.1112
vn -0.9925 0.0294 0.1183
vn -0.9925 0.0286 -0.1192
vn -0.9105 -0.3464 -0.2256
vn -0.9232 -0.3017 -0.2380
vn -0.9229 0.3056 -0.2344
vn -0.9238 0.2957 -0.2434
vn -0.9112 0.3407 -0.2317
vn -0.9094 -0.3560 -0.2148
vn -0.9925 -0.0293 0.1184
vn -0.9909 -0.0759 0.1114
vn -0.9908 -0.0756 -0.1119
vn -0.9909 -0.0761 -0.1112
vn -0.9925 -0.0294 -0.1183
vn -0.9925 -0.0285 0.1192
vn -0.9105 0.3464 0.2256
vn -0.9232 0.3017 0.2380
vn -0.9229 -0.3056 0.2344
vn -0.9238 -0.2957 0.2434
vn -0.9112 -0.3407 0.2317
vn -0.9094 0.3560 0.2148
vn -0.9925 0.0404 -0.1155
vn -0.9870 0.1044 -0.1223
vn -0.9869 0.1040 0.1230
vn -0.9870 0.1046 0.1220
vn -0.9925 0.0405 0.1154
vn -0.9924 0.0395 -0.1165
vn -0.9190 -0.3433 -0.1938
vn -0.9399 -0.2805 -0.1949
vn -0.9396 0.2831 -0.1922
vn -0.9403 0.2753 -0.2000
vn -0.9196 0.3382 -0.2001
vn -0.9182 -0.3501 -0.1852
vn -0.9925 -0.0404 0.1155
vn -0.9870 -0.1044 0.1223
vn -0.9869 -0.1040 -0.1230
vn -0.9870 -0.1046 -0.1220
vn -0.9925 -0.0405 -0.1154
vn -0.9924 -0.0395 0.1165
vn -0.9190 0.3433 0.1938
vn -0.9399 0.2805 0.1949
vn -0.9396 -0.2831 0.1922
vn -0.9403 -0.2753 0.2000
vn -0.9196 -0.3382 0.2000
vn -0.9182 0.3502 0.1851
vn -0.9924 0.0401 -0.1160
vn -0.9866 0.1070 -0.1233
vn -0.9865 0.1065 0.1241
vn -0.9866 0.1071 0.1231
vn -0.9925 0.0402 0.1158
vn -0.9924 0.0392 -0.1170
vn -0.9185 -0.3457 -0.1918
vn -0.9404 -0.2801 -0.1927
vn -0.9402 0.2827 -0.1900
vn -0.9409 0.2750 -0.1978
vn -0.9191 0.3406 -0.1981
vn -0.9177 -0.3524 -0.1832
vn -0.9924 -0.0401 0.1160
vn -0.9866 -0.1070 0.1233
vn -0.9865 -0.1065 -0.1241
vn -0.9866 -0.1071 -0.1231
vn -0.9925 -0.0402 -0.1158
vn -0.9924 -0.0392 0.1170
vn -0.9185 0.3457 0.1918
vn -0.9405 0.2800 0.1927
vn -0.9402 -0.2827 0.1900
vn -0.9409 -0.2749 0.1977
vn -0.9191 -0.3406 0.1981
vn -0.9177 0.3524 0.1832
vn -0.9927 0.0294 -0.1170
vn -0.9908 0.0770 -0.1110
vn -0.9908 0.0767 0.1115
vn -0.9908 0.0771 0.1109
vn -0.9927 0.0295 0.1168
vn -0.9926 0.0287 -0.1177
vn -0.9125 -0.3439 -0.2216
vn -0.9257 -0.2980 -0.2331
vn -0.9253 0.3018 -0.2296
vn -0.9262 0.2921 -0.2384
vn -0.9131 0.3383 -0.2277
vn -0.9114 -0.3531 -0.2112
vn -0.9927 -0.0294 0.1170
vn -0.9908 -0.0770 0.1110
vn -0.9908 -0.0767 -0.1115
vn -0.9908 -0.0771 -0.1109
vn -0.9927 -0.0295 -0.1168
vn -0.9926 -0.0287 0.1177
vn -0.9125 0.3439 0.2216
vn -0.9257 0.2980 0.2331
vn -0.9253 -0.3018 0.2296
vn -0.9262 -0.2921 0.2384
vn -0.9131 -0.3383 0.2277
vn -0.9114 0.3531 0.2111
vn -0.9500 0.1413 -0.2785
vn -0.9608 0.1589 -0.2273
vn -0.9607 0.1584 0.2278
vn -0.9609 0.1598 0.2262
vn -0.9501 0.1424 0.2775
vn -0.9498 0.1396 -0.2799
vn -0.9640 -0.2290 -0.1350
vn -0.9581 -0.2168 -0.1873
vn -0.9576 0.2218 -0.1836
vn -0.9586 0.2111 -0.1912
vn -0.9645 0.2245 -0.1389
vn -0.9628 -0.2392 -0.1254
vn -0.9500 -0.1413 0.2785
vn -0.9608 -0.1589 0.2273
vn -0.9607 -0.1583 -0.2279
vn -0.9609 -0.1598 -0.2263
vn -0.9501 -0.1424 -0.2775
vn -0.9498 -0.1396 0.2799
vn -0.9640 0.2290 0.1350
vn -0.9581 0.2168 0.1873
vn -0.9576 -0.2218 0.1837
vn -0.9586 -0.2111 0.1912
vn -0.9645 -0.2245 0.1389
vn -0.9628 0.2392 0.1254
vn -0.9355 -0.1588 0.3157
vn -0.9499 -0.2496 0.1881
vn -0.9493 -0.2444 -0.1978
vn -0.9499 -0.2499 -0.1876
vn -0.9356 -0.1595 -0.3151
vn -0.9345 -0.1511 0.3222
vn -0.9554 0.2498 0.1576
vn -0.9454 0.1501 0.2892
vn -0.9429 -0.1919 0.2721
vn -0.9455 -0.1485 0.2897
vn -0.9556 -0.2482 0.1589
vn -0.9521 0.2740 0.1355
vn -0.9355 0.1588 -0.3157
vn -0.9499 0.2496 -0.1881
vn -0.9493 0.2444 0.1978
vn -0.9499 0.2499 0.1876
vn -0.9355 0.1595 0.3151
vn -0.9345 0.1511 -0.3222
vn -0.9554 -0.2498 -0.1576
vn -0.9454 -0.1501 -0.2892
vn -0.9429 0.1919 -0.2721
vn -0.9455 0.1485 -0.2897
vn -0.9556 0.2482 -0.1589
vn -0.9521 -0.2740 -0.1355
vn -0.9930 -0.0269 0.1153
vn -0.9766 -0.1967 0.0872
vn -0.9762 -0.1937 -0.0974
vn -0.9766 -0.1967 -0.0871
vn -0.9930 -0.0269 -0.1152
vn -0.9926 -0.0240 0.1188
vn -0.8839 0.3986 0.2446
vn -0.9315 0.2293 0.2823
vn -0.9299 -0.2534 0.2668
vn -0.9316 -0.2279 0.2832
vn -0.8841 -0.3969 0.2465
vn -0.8813 0.4183 0.2200
vn -0.9930 0.0269 -0.1153
vn -0.9766 0.1967 -0.0872
vn -0.9762 0.1937 0.0974
vn -0.9766 0.1968 0.0871
vn -0.9930 0.0270 0.1152
vn -0.9926 0.0240 -0.1189
vn -0.8839 -0.3987 -0.2446
vn -0.9315 -0.2293 -0.2823
vn -0.9299 0.2534 -0.2668
vn -0.9316 0.2279 -0.2832
vn -0.8841 0.3969 -0.2466
vn -0.8813 -0.4183 -0.2200
vn -0.9922 -0.0336 0.1198
vn -0.9767 -0.1923 0.0955
vn -0.9763 -0.1891 -0.1055
vn -0.9767 -0.1923 -0.0954
vn -0.9922 -0.0337 -0.1197
vn -0.9919 -0.0306 0.1236
vn -0.8887 0.3927 0.2367
vn -0.9338 0.2346 0.2701
vn -0.9322 -0.2573 0.2546
vn -0.9339 -0.2331 0.2710
vn -0.8889 -0.3910 0.2386
vn -0.8862 0.4115 0.2129
vn -0.9922 0.0336 -0.1199
vn -0.9767 0.1923 -0.0955
vn -0.9763 0.1891 0.1055
vn -0.9767 0.1923 0.0954
vn -0.9922 0.0337 0.1197
vn -0.9919 0.0306 -0.1236
vn -0.8887 -0.3927 -0.2367
vn -0.9338 -0.2346 -0.2701
vn -0.9322 0.2573 -0.2546
vn -0.9339 0.2331 -0.2710
vn -0.8889 0.3910 -0.2386
vn -0.8862 -0.4115 -0.2129
vn -0.9933 -0.0391 0.1088
vn -0.9745 -0.2028 0.0963
vn -0.9742 -0.2004 -0.1038
vn -0.9745 -0.2029 -0.0961
vn -0.9933 -0.0392 -0.1087
vn -0.9931 -0.0371 0.1116
vn -0.9061 0.3708 0.2038
vn -0.9520 0.2084 0.2240
vn -0.9511 -0.2238 0.2130
vn -0.9521 -0.2072 0.2248
vn -0.9062 -0.3693 0.2057
vn -0.9044 0.3845 0.1850
vn -0.9933 0.0391 -0.1088
vn -0.9745 0.2028 -0.0963
vn -0.9742 0.2004 0.1038
vn -0.9745 0.2029 0.0961
vn -0.9933 0.0392 0.1088
vn -0.9931 0.0371 -0.1116
vn -0.9061 -0.3708 -0.2038
vn -0.9520 -0.2084 -0.2240
vn -0.9511 0.2238 -0.2130
vn -0.9521 0.2072 -0.2248
vn -0.9062 0.3693 -0.2057
vn -0.9044 -0.3845 -0.1850
vn -0.9933 -0.0288 0.1119
vn -0.9758 -0.1999 0.0881
vn -0.9755 -0.1971 -0.0977
vn -0.9758 -0.2000 -0.0880
vn -0.9933 -0.0289 -0.1118
vn -0.9930 -0.0262 0.1152
vn -0.8893 0.3933 0.2334
vn -0.9377 0.2231 0.2662
vn -0.9363 -0.2443 0.2522
vn -0.9378 -0.2217 0.2670
vn -0.8895 -0.3916 0.2353
vn -0.8870 0.4110 0.2105
vn -0.9933 0.0288 -0.1119
vn -0.9758 0.1999 -0.0881
vn -0.9755 0.1971 0.0977
vn -0.9758 0.2000 0.0880
vn -0.9933 0.0289 0.1118
vn -0.9930 0.0262 -0.1152
vn -0.8893 -0.3933 -0.2334
vn -0.9377 -0.2231 -0.2662
vn -0.9363 0.2443 -0.2522
vn -0.9378 0.2218 -0.2670
vn -0.8895 0.3916 -0.2353
vn -0.8870 -0.4110 -0.2105
vn -0.9385 -0.1558 0.3080
vn -0.9524 -0.2434 0.1837
vn -0.9519 -0.2390 -0.1920
vn -0.9524 -0.2437 -0.1832
vn -0.9386 -0.1563 -0.3075
vn -0.9378 -0.1491 0.3136
vn -0.9573 0.2439 0.1551
vn -0.9476 0.1476 0.2835
vn -0.9453 -0.1867 0.2676
vn -0.9476 -0.1460 0.2841
vn -0.9575 -0.2423 0.1564
vn -0.9544 0.2666 0.1344
vn -0.9386 0.1558 -0.3080
vn -0.9524 0.2434 -0.1836
vn -0.9519 0.2390 0.1920
vn -0.9524 0.2437 0.1832
vn -0.9386 0.1564 0.3075
vn -0.9378 0.1491 -0.3136
vn -0.9573 -0.2439 -0.1551
vn -0.9475 -0.1476 -0.2835
vn -0.9453 0.1867 -0.2676
vn -0.9476 0.1460 -0.2841
vn -0.9575 0.2423 -0.1564
vn -0.9544 -0.2666 -0.1345
vn -0.7270 -0.2462 0.6410
vn -0.4417 0.8928 0.0879
vn -0.3847 0.9027 0.1925
vn -0.4532 0.8887 0.0691
vn -0.8331 -0.2863 0.4732
vn -0.8053 -0.2801 0.5226
vn -0.7833 -0.3664 0.5021
vn -0.5707 0.8207 0.0291
vn -0.5383 0.8317 0.1359
vn -0.5831 0.8124 -0.0061
vn -0.8622 -0.4213 0.2812
vn -0.8394 -0.4120 0.3546
vn -0.8055 -0.4317 0.4059
vn -0.6236 0.7817 -0.0063
vn -0.6071 0.7901 0.0842
vn -0.6308 0.7749 -0.0406
vn -0.8607 -0.4860 0.1515
vn -0.8394 -0.4739 0.2663
vn -0.8219 -0.4743 0.3156
vn -0.6454 0.7636 -0.0185
vn -0.6393 0.7678 0.0416
vn -0.6485 0.7600 -0.0431
vn -0.8557 -0.5163 0.0347
vn -0.8383 -0.5043 0.2075
vn -0.8365 -0.5043 0.2143
vn -0.6529 0.7573 -0.0111
vn -0.6524 0.7579 0.0048
vn -0.6534 0.7566 -0.0245
vn -0.8486 -0.5225 -0.0828
vn -0.8409 -0.5170 0.1601
vn -0.8485 -0.5201 0.0977
vn -0.6528 0.7575 0.0086
vn -0.6517 0.7579 -0.0295
vn -0.6525 0.7578 -0.0009
vn -0.8381 -0.5092 -0.1956
vn -0.8482 -0.5171 0.1146
vn -0.8562 -0.5159 -0.0274
vn -0.6464 0.7625 0.0260
vn -0.6375 0.7678 -0.0642
vn -0.6450 0.7641 0.0128
vn -0.8250 -0.4810 -0.2968
vn -0.8610 -0.5047 0.0634
vn -0.8597 -0.4862 -0.1565
vn -0.6281 0.7777 0.0262
vn -0.6046 0.7900 -0.1014
vn -0.6244 0.7811 0.0101
vn -0.8096 -0.4378 -0.3911
vn -0.8802 -0.4746 -0.0043
vn -0.8545 -0.4191 -0.3070
vn -0.5812 0.8138 0.0004
vn -0.5369 0.8316 -0.1419
vn -0.5780 0.8160 -0.0081
vn -0.7854 -0.3684 -0.4974
vn -0.9036 -0.4133 -0.1127
vn -0.7936 -0.2765 -0.5420
vn -0.4627 0.8848 -0.0545
vn -0.3944 0.9026 -0.1725
vn -0.4776 0.8780 -0.0322
vn -0.7141 -0.2383 -0.6582
vn -0.9002 -0.2825 -0.3315
vn -0.3656 -0.0016 -0.9308
vn -0.1849 0.9782 -0.0944
vn -0.1501 0.9823 -0.1123
vn -0.3077 0.9504 -0.0462
vn -0.3571 0.0003 -0.9341
vn -0.5748 -0.0221 -0.8180
vn 0.4624 -0.0182 -0.8865
vn 0.1450 0.9827 -0.1154
vn 0.0654 0.9840 -0.1657
vn 0.0985 0.9848 -0.1428
vn 0.5505 -0.0225 -0.8346
vn 0.4808 -0.0196 -0.8766
vn 0.7271 -0.2461 -0.6410
vn 0.4416 0.8929 -0.0878
vn 0.3845 0.9028 -0.1924
vn 0.4530 0.8888 -0.0691
vn 0.8332 -0.2861 -0.4732
vn 0.8054 -0.2798 -0.5225
vn 0.7832 -0.3667 -0.5022
vn 0.5708 0.8206 -0.0293
vn 0.5385 0.8315 -0.1361
vn 0.5831 0.8124 0.0061
vn 0.8622 -0.4213 -0.2811
vn 0.8394 -0.4120 -0.3546
vn 0.8054 -0.4317 -0.4061
vn 0.6236 0.7817 0.0063
vn 0.6072 0.7901 -0.0843
vn 0.6311 0.7746 0.0406
vn 0.8605 -0.4864 -0.1518
vn 0.8392 -0.4742 -0.2662
vn 0.8216 -0.4745 -0.3158
vn 0.6457 0.7634 0.0186
vn 0.6396 0.7676 -0.0417
vn 0.6484 0.7600 0.0431
vn 0.8557 -0.5163 -0.0348
vn 0.8383 -0.5042 -0.2076
vn 0.8365 -0.5043 -0.2143
vn 0.6529 0.7573 0.0112
vn 0.6524 0.7578 -0.0048
vn 0.6535 0.7566 0.0246
vn 0.8486 -0.5225 0.0829
vn 0.8409 -0.5170 -0.1600
vn 0.8485 -0.5201 -0.0977
vn 0.6528 0.7575 -0.0085
vn 0.6517 0.7579 0.0295
vn 0.6525 0.7578 0.0010
vn 0.8381 -0.5092 0.1956
vn 0.8482 -0.5171 -0.1145
vn 0.8562 -0.5159 0.0274
vn 0.6464 0.7625 -0.0260
vn 0.6376 0.7677 0.0641
vn 0.6448 0.7643 -0.0126
vn 0.8251 -0.4808 0.2968
vn 0.8611 -0.5045 -0.0634
vn 0.8599 -0.4859 0.1562
vn 0.6277 0.7780 -0.0264
vn 0.6044 0.7902 0.1013
vn 0.6244 0.7810 -0.0101
vn 0.8095 -0.4378 0.3913
vn 0.8802 -0.4746 0.0043
vn 0.8545 -0.4191 0.3070
vn 0.5812 0.8138 -0.0004
vn 0.5368 0.8317 0.1418
vn 0.5780 0.8160 0.0082
vn 0.7853 -0.3685 0.4975
vn 0.9036 -0.4133 0.1127
vn 0.7937 -0.2765 0.5419
vn 0.4628 0.8848 0.0544
vn 0.3945 0.9026 0.1725
vn 0.4777 0.8779 0.0323
vn 0.7141 -0.2384 0.6582
vn 0.9001 -0.2827 0.3314
vn 0.3650 -0.0015 0.9310
vn 0.1847 0.9783 0.0944
vn 0.1501 0.9823 0.1123
vn 0.3076 0.9504 0.0463
vn 0.3569 0.0004 0.9341
vn 0.5746 -0.0221 0.8181
vn -0.4620 -0.0179 0.8867
vn -0.1446 0.9827 0.1153
vn -0.0651 0.9841 0.1655
vn -0.0987 0.9848 0.1428
vn -0.5505 -0.0226 0.8345
vn -0.4809 -0.0197 0.8766
vn -0.0000 1.0000 -0.0000
vn -0.0375 0.9988 0.0329
vn -0.0309 0.9988 0.0392
vn 0.0027 0.9988 -0.0497
vn -0.0422 0.9988 0.0267
vn -0.0363 0.9988 0.0342
vn 0.0058 0.9988 -0.0494
vn -0.0450 0.9988 0.0216
vn -0.0394 0.9988 0.0305
vn 0.0099 0.9988 -0.0489
vn -0.0477 0.9988 0.0145
vn -0.0421 0.9988 0.0268
vn -0.0167 0.9988 0.0470
vn -0.0498 0.9988 -0.0034
vn -0.0453 0.9988 0.0209
vn -0.0297 0.9988 0.0402
vn -0.0454 0.9988 -0.0206
vn -0.0496 0.9988 0.0051
vn -0.0498 0.9988 0.0027
vn -0.0000 1.0000 0.0002
vn -0.0419 0.9988 -0.0270
vn -0.0479 0.9988 -0.0139
vn -0.0306 0.9988 -0.0394
vn -0.0392 0.9988 -0.0309
vn -0.0449 0.9988 -0.0216
vn -0.0164 0.9988 -0.0469
vn -0.0361 0.9988 -0.0345
vn -0.0421 0.9988 -0.0268
vn 0.0099 0.9987 0.0491
vn -0.0305 0.9988 -0.0395
vn -0.0373 0.9988 -0.0331
vn 0.0058 0.9988 0.0495
vn -0.0000 1.0000 -0.0001
vn -0.0142 0.9988 -0.0478
vn -0.0227 0.9988 -0.0444
vn 0.0027 0.9988 0.0498
vn 0.0230 0.9988 -0.0443
vn 0.0146 0.9988 -0.0477
vn -0.0000 0.9988 0.0499
vn 0.0375 0.9988 -0.0329
vn 0.0309 0.9988 -0.0392
vn -0.0027 0.9988 0.0498
vn 0.0422 0.9988 -0.0267
vn 0.0363 0.9988 -0.0342
vn -0.0058 0.9988 0.0495
vn 0.0449 0.9988 -0.0216
vn 0.0394 0.9988 -0.0305
vn -0.0099 0.9988 0.0489
vn 0.0477 0.9988 -0.0145
vn 0.0421 0.9988 -0.0268
vn 0.0166 0.9988 -0.0471
vn 0.0498 0.9988 0.0034
vn 0.0453 0.9988 -0.0209
vn 0.0296 0.9988 -0.0402
vn -0.0001 1.0000 -0.0003
vn -0.0000 1.0000 -0.0004
vn 0.0454 0.9988 0.0206
vn 0.0496 0.9988 -0.0051
vn 0.0498 0.9988 -0.0026
vn -0.0000 1.0000 -0.0003
vn 0.0419 0.9988 0.0270
vn 0.0479 0.9988 0.0139
vn 0.0307 0.9988 0.0395
vn 0.0392 0.9988 0.0309
vn 0.0449 0.9988 0.0216
vn 0.0164 0.9988 0.0470
vn 0.0360 0.9988 0.0345
vn 0.0421 0.9988 0.0268
vn -0.0099 0.9988 -0.0489
vn 0.0305 0.9988 0.0395
vn 0.0373 0.9988 0.0331
vn -0.0058 0.9988 -0.0494
vn 0.0142 0.9988 0.0478
vn 0.0227 0.9988 0.0444
vn -0.0027 0.9988 -0.0498
vn -0.0229 0.9988 0.0443
vn -0.0146 0.9988 0.0477
vn -0.0000 0.9988 -0.0499
vn 0.9946 -0.0017 -0.1040
vn 0.9886 0.1097 -0.1034
vn 0.9817 0.1122 0.1538
vn 0.9876 -0.0000 0.1569
vn 0.9946 -0.0033 -0.1040
vn 0.9876 -0.0017 -0.1569
vn 0.9817 0.1097 -0.1559
vn 0.9885 0.1123 0.1013
vn 0.9885 0.1122 0.1013
vn 0.9946 -0.0000 0.1041
vn 0.9876 -0.0033 -0.1568
vn 0.9771 -0.0030 -0.2129
vn 0.9712 0.1097 -0.2117
vn 0.9925 0.1141 0.0431
vn 0.9925 0.1139 0.0432
vn 0.9989 -0.0000 0.0472
vn 0.9771 -0.0058 -0.2128
vn 0.9597 -0.0057 -0.2810
vn 0.9539 0.1097 -0.2794
vn 0.9926 0.1180 -0.0304
vn 0.9926 0.1177 -0.0302
vn 0.9997 -0.0000 -0.0232
vn 0.9597 -0.0110 -0.2807
vn 0.9255 -0.0103 -0.3787
vn 0.9198 0.1097 -0.3768
vn 0.9825 0.1241 -0.1392
vn 0.9826 0.1237 -0.1388
vn 0.9920 -0.0000 -0.1266
vn 0.9257 -0.0196 -0.3777
vn 0.8340 -0.0168 -0.5516
vn 0.8285 0.1097 -0.5492
vn 0.9321 0.1325 -0.3370
vn 0.9324 0.1319 -0.3365
vn 0.9481 -0.0000 -0.3180
vn 0.8352 -0.0319 -0.5490
vn 0.4328 -0.0239 -0.9012
vn 0.4284 0.1097 -0.8969
vn 0.6169 0.1408 -0.7743
vn 0.6177 0.1400 -0.7738
vn 0.6497 -0.0000 -0.7602
vn 0.4376 -0.0451 -0.8980
vn -0.6479 -0.0239 -0.7614
vn -0.6458 0.1097 -0.7556
vn -0.4572 0.1407 -0.8782
vn -0.4564 0.1400 -0.8787
vn -0.4310 -0.0000 -0.9024
vn -0.6431 -0.0452 -0.7645
vn -0.9476 -0.0168 -0.3190
vn -0.9423 0.1097 -0.3161
vn -0.8387 0.1324 -0.5283
vn -0.8384 0.1319 -0.5288
vn -0.8335 -0.0000 -0.5525
vn -0.9464 -0.0320 -0.3215
vn -0.9918 -0.0103 -0.1271
vn -0.9860 0.1097 -0.1259
vn -0.9233 0.1241 -0.3635
vn -0.9232 0.1237 -0.3639
vn -0.9254 0.0001 -0.3791
vn -0.9916 -0.0196 -0.1281
vn -0.9997 -0.0057 -0.0233
vn -0.9937 0.1097 -0.0230
vn -0.9550 0.1179 -0.2721
vn -0.9550 0.1177 -0.2723
vn -0.9597 -0.0000 -0.2811
vn -0.9997 -0.0110 -0.0236
vn -0.9989 -0.0030 0.0471
vn -0.9929 0.1097 0.0469
vn -0.9715 0.1141 -0.2079
vn -0.9715 0.1140 -0.2079
vn -0.9771 -0.0000 -0.2130
vn -0.9989 -0.0058 0.0471
vn -0.9946 -0.0017 0.1041
vn -0.9886 0.1097 0.1035
vn -0.9817 0.1122 -0.1537
vn -0.9817 0.1122 -0.1538
vn -0.9876 -0.0001 -0.1569
vn -0.9946 -0.0033 0.1040
vn -0.9876 -0.0017 0.1569
vn -0.9817 0.1097 0.1560
vn -0.9885 0.1122 -0.1012
vn -0.9885 0.1122 -0.1013
vn -0.9946 -0.0000 -0.1040
vn -0.9876 -0.0033 0.1569
vn -0.9771 -0.0030 0.2128
vn -0.9712 0.1097 0.2116
vn -0.9925 0.1141 -0.0432
vn -0.9925 0.1139 -0.0433
vn -0.9989 -0.0000 -0.0473
vn -0.9771 -0.0057 0.2127
vn -0.9597 -0.0057 0.2810
vn -0.9539 0.1097 0.2794
vn -0.9926 0.1180 0.0304
vn -0.9926 0.1177 0.0302
vn -0.9997 -0.0000 0.0232
vn -0.9597 -0.0110 0.2807
vn -0.9255 -0.0103 0.3787
vn -0.9198 0.1097 0.3768
vn -0.9825 0.1241 0.1392
vn -0.9826 0.1237 0.1388
vn -0.9920 -0.0000 0.1266
vn -0.9257 -0.0196 0.3777
vn -0.8339 -0.0168 0.5516
vn -0.8284 0.1097 0.5492
vn -0.9321 0.1324 0.3371
vn -0.9324 0.1319 0.3364
vn -0.9481 -0.0000 0.3180
vn -0.8352 -0.0320 0.5490
vn -0.4328 -0.0239 0.9012
vn -0.4284 0.1097 0.8969
vn -0.6169 0.1408 0.7743
vn -0.6178 0.1400 0.7737
vn -0.6498 -0.0000 0.7601
vn -0.4377 -0.0451 0.8980
vn 0.6480 -0.0239 0.7613
vn 0.6459 0.1097 0.7555
vn 0.4573 0.1407 0.8781
vn 0.4564 0.1400 0.8787
vn 0.4310 -0.0000 0.9024
vn 0.6431 -0.0452 0.7645
vn 0.9476 -0.0168 0.3190
vn 0.9424 0.1097 0.3161
vn 0.8387 0.1325 0.5282
vn 0.8384 0.1319 0.5289
vn 0.8335 -0.0000 0.5526
vn 0.9463 -0.0319 0.3216
vn 0.9918 -0.0103 0.1271
vn 0.9860 0.1097 0.1259
vn 0.9233 0.1241 0.3635
vn 0.9232 0.1237 0.3639
vn 0.9254 -0.0000 0.3791
vn 0.9916 -0.0196 0.1281
vn 0.9997 -0.0057 0.0233
vn 0.9937 0.1097 0.0230
vn 0.9550 0.1179 0.2721
vn 0.9550 0.1177 0.2723
vn 0.9597 -0.0000 0.2811
vn 0.9997 -0.0110 0.0236
vn 0.9989 -0.0030 -0.0472
vn 0.9929 0.1097 -0.0470
vn 0.9715 0.1141 0.2078
vn 0.9715 0.1140 0.2079
vn 0.9771 -0.0000 0.2129
vn 0.9989 -0.0057 -0.0471
vn -0.2271 0.8547 -0.4668
vn -0.2597 0.9097 -0.3241
vn -0.3433 0.8818 -0.3232
vn -0.3627 0.8580 -0.3638
vn -0.3358 0.8239 -0.4565
vn -0.2442 0.8491 -0.4684
vn -0.2403 0.7622 -0.6010
vn -0.3325 0.7398 -0.5849
vn -0.3569 0.6702 -0.6507
vn -0.3362 0.6400 -0.6909
vn -0.2530 0.6532 -0.7137
vn -0.2215 0.7629 -0.6073
vn -0.2341 0.5440 -0.8058
vn -0.3268 0.5280 -0.7839
vn -0.3515 0.4425 -0.8250
vn -0.3309 0.4008 -0.8543
vn -0.2473 0.4058 -0.8799
vn -0.2152 0.5426 -0.8120
vn -0.2293 0.2856 -0.9305
vn -0.3222 0.2775 -0.9051
vn -0.3477 0.1841 -0.9194
vn -0.3277 0.1356 -0.9350
vn -0.2439 0.1320 -0.9608
vn -0.2106 0.2824 -0.9359
vn -0.2277 0.0080 -0.9737
vn -0.3207 0.0084 -0.9472
vn -0.3470 -0.0855 -0.9340
vn -0.3277 -0.1360 -0.9349
vn -0.2438 -0.1477 -0.9585
vn -0.2096 0.0034 -0.9778
vn -0.2295 -0.2722 -0.9345
vn -0.3223 -0.2633 -0.9093
vn -0.3493 -0.3503 -0.8691
vn -0.3307 -0.3979 -0.8558
vn -0.2467 -0.4168 -0.8749
vn -0.2121 -0.2777 -0.9370
vn -0.2346 -0.5369 -0.8104
vn -0.3270 -0.5203 -0.7889
vn -0.3541 -0.5924 -0.7237
vn -0.3357 -0.6329 -0.6977
vn -0.2519 -0.6572 -0.7104
vn -0.2175 -0.5428 -0.8112
vn -0.2409 -0.7616 -0.6016
vn -0.3329 -0.7387 -0.5861
vn -0.3598 -0.7874 -0.5006
vn -0.3413 -0.8174 -0.4640
vn -0.2576 -0.8447 -0.4691
vn -0.2241 -0.7674 -0.6007
vn -0.2461 -0.9150 -0.3198
vn -0.3377 -0.8881 -0.3118
vn -0.3639 -0.9064 -0.2148
vn -0.3450 -0.9230 -0.1705
vn -0.2617 -0.9505 -0.1674
vn -0.2292 -0.9203 -0.3172
vn -0.2480 -0.9688 0.0043
vn -0.3396 -0.9406 0.0039
vn -0.3647 -0.9256 0.1011
vn -0.3452 -0.9266 0.1490
vn -0.2621 -0.9517 0.1601
vn -0.2305 -0.9730 0.0085
vn -0.2455 -0.9132 0.3253
vn -0.3373 -0.8866 0.3166
vn -0.3619 -0.8409 0.4024
vn -0.3418 -0.8255 0.4491
vn -0.2588 -0.8456 0.4669
vn -0.2275 -0.9158 0.3310
vn -0.2405 -0.7622 0.6010
vn -0.3328 -0.7398 0.5848
vn -0.3570 -0.6702 0.6507
vn -0.3360 -0.6401 0.6909
vn -0.2527 -0.6532 0.7137
vn -0.2213 -0.7630 0.6073
vn -0.2338 -0.5440 0.8058
vn -0.3264 -0.5280 0.7840
vn -0.3512 -0.4427 0.8250
vn -0.3309 -0.4008 0.8543
vn -0.2474 -0.4058 0.8798
vn -0.2151 -0.5426 0.8120
vn -0.2293 -0.2856 0.9305
vn -0.3223 -0.2775 0.9051
vn -0.3477 -0.1841 0.9194
vn -0.3274 -0.1355 0.9351
vn -0.2435 -0.1320 0.9609
vn -0.2103 -0.2824 0.9360
vn -0.2280 -0.0080 0.9736
vn -0.3210 -0.0085 0.9470
vn -0.3471 0.0856 0.9339
vn -0.3275 0.1360 0.9350
vn -0.2435 0.1478 0.9586
vn -0.2095 -0.0034 0.9778
vn -0.2295 0.2722 0.9345
vn -0.3223 0.2633 0.9093
vn -0.3493 0.3503 0.8691
vn -0.3307 0.3979 0.8557
vn -0.2467 0.4168 0.8749
vn -0.2122 0.2777 0.9369
vn -0.2344 0.5369 0.8104
vn -0.3267 0.5203 0.7890
vn -0.3540 0.5923 0.7237
vn -0.3359 0.6328 0.6976
vn -0.2521 0.6571 0.7104
vn -0.2177 0.5428 0.8111
vn -0.2412 0.7616 0.6015
vn -0.3331 0.7386 0.5860
vn -0.3600 0.7873 0.5005
vn -0.3415 0.8174 0.4639
vn -0.2579 0.8447 0.4690
vn -0.2244 0.7674 0.6007
vn -0.2461 0.9150 0.3198
vn -0.3377 0.8881 0.3118
vn -0.3638 0.9064 0.2147
vn -0.3449 0.9230 0.1706
vn -0.2617 0.9505 0.1674
vn -0.2291 0.9203 0.3173
vn -0.2480 0.9688 -0.0042
vn -0.3395 0.9406 -0.0039
vn -0.3648 0.9256 -0.1011
vn -0.3452 0.9266 -0.1489
vn -0.2621 0.9517 -0.1600
vn -0.2305 0.9730 -0.0085
vn -0.9921 0.0548 -0.1124
vn -0.7651 0.4919 -0.4154
vn -0.7595 0.5437 -0.3570
vn -0.7689 0.5778 -0.2737
vn -0.9944 0.0982 -0.0401
vn -0.9915 0.1301 -0.0016
vn -0.9908 0.0229 -0.1332
vn -0.7580 0.3437 -0.5543
vn -0.7524 0.4079 -0.5172
vn -0.7624 0.4697 -0.4451
vn -0.9933 0.0846 -0.0791
vn -0.9897 0.1347 -0.0479
vn -0.9904 -0.0067 -0.1384
vn -0.7528 0.1610 -0.6383
vn -0.7462 0.2351 -0.6228
vn -0.7556 0.3158 -0.5739
vn -0.9920 0.0665 -0.1076
vn -0.9879 0.1237 -0.0934
vn -0.9907 -0.0309 -0.1324
vn -0.7512 -0.0374 -0.6590
vn -0.7432 0.0437 -0.6677
vn -0.7510 0.1305 -0.6473
vn -0.9908 0.0469 -0.1266
vn -0.9868 0.0962 -0.1301
vn -0.9916 -0.0512 -0.1188
vn -0.7540 -0.2312 -0.6148
vn -0.7442 -0.1492 -0.6511
vn -0.7504 -0.0688 -0.6574
vn -0.9901 0.0245 -0.1384
vn -0.9869 0.0567 -0.1513
vn -0.9928 -0.0705 -0.0971
vn -0.7601 -0.4012 -0.5111
vn -0.7491 -0.3289 -0.5751
vn -0.7540 -0.2618 -0.6024
vn -0.9900 -0.0036 -0.1408
vn -0.9880 0.0124 -0.1538
vn -0.9940 -0.0882 -0.0647
vn -0.7670 -0.5322 -0.3584
vn -0.7561 -0.4807 -0.4441
vn -0.7607 -0.4284 -0.4876
vn -0.9910 -0.0365 -0.1289
vn -0.9899 -0.0298 -0.1388
vn -0.9948 -0.0991 -0.0215
vn -0.7723 -0.6118 -0.1712
vn -0.7625 -0.5892 -0.2674
vn -0.7676 -0.5524 -0.3251
vn -0.9926 -0.0686 -0.1003
vn -0.9916 -0.0651 -0.1122
vn -0.9948 -0.0979 0.0281
vn -0.7739 -0.6325 0.0335
vn -0.7658 -0.6403 -0.0597
vn -0.7721 -0.6218 -0.1310
vn -0.9941 -0.0921 -0.0576
vn -0.9925 -0.0931 -0.0787
vn -0.9937 -0.0821 0.0756
vn -0.7712 -0.5914 0.2357
vn -0.7647 -0.6249 0.1571
vn -0.7726 -0.6304 0.0754
vn -0.9947 -0.1021 -0.0078
vn -0.9925 -0.1149 -0.0408
vn -0.9921 -0.0549 0.1125
vn -0.7650 -0.4920 0.4155
vn -0.7594 -0.5439 0.3570
vn -0.7689 -0.5779 0.2736
vn -0.9944 -0.0982 0.0402
vn -0.9915 -0.1304 0.0015
vn -0.9908 -0.0229 0.1331
vn -0.7581 -0.3436 0.5543
vn -0.7525 -0.4078 0.5171
vn -0.7625 -0.4697 0.4450
vn -0.9933 -0.0844 0.0793
vn -0.9897 -0.1346 0.0479
vn -0.9904 0.0066 0.1383
vn -0.7528 -0.1610 0.6383
vn -0.7462 -0.2350 0.6228
vn -0.7556 -0.3158 0.5739
vn -0.9920 -0.0665 0.1074
vn -0.9879 -0.1235 0.0934
vn -0.9907 0.0310 0.1324
vn -0.7512 0.0375 0.6590
vn -0.7432 -0.0437 0.6677
vn -0.7510 -0.1303 0.6473
vn -0.9908 -0.0470 0.1266
vn -0.9868 -0.0962 0.1301
vn -0.9916 0.0512 0.1187
vn -0.7541 0.2311 0.6147
vn -0.7443 0.1492 0.6510
vn -0.7504 0.0690 0.6574
vn -0.9901 -0.0245 0.1384
vn -0.9869 -0.0566 0.1512
vn -0.9928 0.0706 0.0970
vn -0.7601 0.4012 0.5111
vn -0.7491 0.3289 0.5750
vn -0.7541 0.2617 0.6023
vn -0.9901 0.0036 0.1406
vn -0.9881 -0.0124 0.1536
vn -0.9940 0.0881 0.0649
vn -0.7670 0.5322 0.3585
vn -0.7560 0.4807 0.4443
vn -0.7606 0.4285 0.4877
vn -0.9910 0.0365 0.1290
vn -0.9898 0.0298 0.1391
vn -0.9948 0.0991 0.0215
vn -0.7723 0.6118 0.1712
vn -0.7624 0.5892 0.2675
vn -0.7676 0.5525 0.3250
vn -0.9926 0.0686 0.1003
vn -0.9916 0.0652 0.1121
vn -0.9948 0.0979 -0.0281
vn -0.7739 0.6324 -0.0335
vn -0.7658 0.6403 0.0596
vn -0.7721 0.6218 0.1311
vn -0.9941 0.0921 0.0575
vn -0.9925 0.0931 0.0787
vn -0.9937 0.0821 -0.0757
vn -0.7712 0.5914 -0.2358
vn -0.7647 0.6249 -0.1571
vn -0.7726 0.6304 -0.0752
vn -0.9947 0.1021 0.0076
vn -0.9925 0.1149 0.0408
vn -0.9939 0.1047 -0.0359
vn -0.9938 0.0763 -0.0814
vn -0.9947 0.0704 -0.0749
vn -0.9947 0.0697 -0.0753
vn -0.9949 0.0962 -0.0297
vn -0.9939 0.1048 -0.0334
vn -0.9937 0.0894 -0.0675
vn -0.9936 0.0482 -0.1023
vn -0.9945 0.0447 -0.0943
vn -0.9945 0.0445 -0.0943
vn -0.9948 0.0832 -0.0590
vn -0.9938 0.0903 -0.0648
vn -0.9936 0.0656 -0.0924
vn -0.9935 0.0154 -0.1132
vn -0.9944 0.0139 -0.1044
vn -0.9944 0.0145 -0.1045
vn -0.9946 0.0620 -0.0830
vn -0.9936 0.0670 -0.0907
vn -0.9935 0.0356 -0.1086
vn -0.9934 -0.0188 -0.1130
vn -0.9944 -0.0186 -0.1037
vn -0.9944 -0.0173 -0.1043
vn -0.9945 0.0341 -0.0992
vn -0.9935 0.0363 -0.1081
vn -0.9934 0.0021 -0.1143
vn -0.9935 -0.0512 -0.1019
vn -0.9946 -0.0490 -0.0920
vn -0.9945 -0.0477 -0.0934
vn -0.9944 0.0024 -0.1053
vn -0.9934 0.0013 -0.1146
vn -0.9935 -0.0318 -0.1090
vn -0.9936 -0.0786 -0.0810
vn -0.9947 -0.0738 -0.0714
vn -0.9947 -0.0731 -0.0730
vn -0.9945 -0.0296 -0.1006
vn -0.9935 -0.0340 -0.1089
vn -0.9937 -0.0628 -0.0930
vn -0.9938 -0.0984 -0.0521
vn -0.9949 -0.0909 -0.0442
vn -0.9948 -0.0908 -0.0454
vn -0.9946 -0.0581 -0.0856
vn -0.9936 -0.0653 -0.0920
vn -0.9938 -0.0878 -0.0676
vn -0.9939 -0.1087 -0.0180
vn -0.9950 -0.0993 -0.0134
vn -0.9950 -0.0994 -0.0138
vn -0.9948 -0.0805 -0.0625
vn -0.9938 -0.0893 -0.0663
vn -0.9939 -0.1040 -0.0353
vn -0.9940 -0.1083 0.0181
vn -0.9950 -0.0986 0.0184
vn -0.9950 -0.0984 0.0187
vn -0.9949 -0.0948 -0.0337
vn -0.9939 -0.1043 -0.0349
vn -0.9940 -0.1098 0.0004
vn -0.9939 -0.0971 0.0524
vn -0.9949 -0.0887 0.0487
vn -0.9949 -0.0882 0.0493
vn -0.9950 -0.1002 -0.0021
vn -0.9940 -0.1095 -0.0007
vn -0.9939 -0.1047 0.0359
vn -0.9938 -0.0763 0.0814
vn -0.9947 -0.0704 0.0750
vn -0.9947 -0.0697 0.0752
vn -0.9949 -0.0962 0.0297
vn -0.9939 -0.1048 0.0334
vn -0.9937 -0.0894 0.0675
vn -0.9936 -0.0482 0.1023
vn -0.9945 -0.0447 0.0943
vn -0.9945 -0.0445 0.0943
vn -0.9948 -0.0832 0.0590
vn -0.9938 -0.0903 0.0648
vn -0.9936 -0.0656 0.0924
vn -0.9935 -0.0154 0.1132
vn -0.9944 -0.0139 0.1044
vn -0.9944 -0.0146 0.1045
vn -0.9946 -0.0620 0.0830
vn -0.9936 -0.0670 0.0907
vn -0.9935 -0.0356 0.1086
vn -0.9934 0.0188 0.1131
vn -0.9944 0.0186 0.1036
vn -0.9944 0.0173 0.1043
vn -0.9945 -0.0341 0.0992
vn -0.9935 -0.0363 0.1081
vn -0.9934 -0.0021 0.1143
vn -0.9935 0.0512 0.1019
vn -0.9946 0.0490 0.0920
vn -0.9945 0.0477 0.0935
vn -0.9944 -0.0024 0.1053
vn -0.9934 -0.0013 0.1146
vn -0.9935 0.0318 0.1090
vn -0.9936 0.0786 0.0810
vn -0.9947 0.0738 0.0714
vn -0.9946 0.0731 0.0730
vn -0.9945 0.0295 0.1006
vn -0.9935 0.0340 0.1089
vn -0.9937 0.0628 0.0930
vn -0.9938 0.0984 0.0521
vn -0.9949 0.0909 0.0442
vn -0.9948 0.0908 0.0454
vn -0.9946 0.0581 0.0857
vn -0.9936 0.0653 0.0920
vn -0.9938 0.0878 0.0676
vn -0.9939 0.1087 0.0180
vn -0.9950 0.0993 0.0134
vn -0.9950 0.0994 0.0138
vn -0.9948 0.0805 0.0625
vn -0.9938 0.0893 0.0663
vn -0.9939 0.1040 0.0353
vn -0.9940 0.1082 -0.0181
vn -0.9950 0.0986 -0.0184
vn -0.9950 0.0984 -0.0187
vn -0.9949 0.0948 0.0337
vn -0.9939 0.1043 0.0349
vn -0.9939 0.0980 -0.0514
vn -0.9949 0.0886 -0.0488
vn -0.9950 0.1001 0.0023
vn -0.9940 0.1098 -0.0002
vn -0.9939 0.0971 -0.0523
vn -0.6816 0.5556 -0.4762
vn -0.9602 -0.2502 0.1239
vn -0.9603 -0.2114 0.1822
vn -0.9603 -0.2156 0.1770
vn -0.6821 0.6568 -0.3213
vn -0.6818 0.5556 -0.4759
vn -0.6779 0.3800 -0.6293
vn -0.9616 -0.1965 0.1914
vn -0.9617 -0.1402 0.2358
vn -0.9617 -0.1463 0.2317
vn -0.6784 0.5276 -0.5113
vn -0.6780 0.3806 -0.6289
vn -0.6747 0.1686 -0.7185
vn -0.9630 -0.1251 0.2388
vn -0.9629 -0.0614 0.2627
vn -0.9629 -0.0640 0.2620
vn -0.6748 0.3495 -0.6500
vn -0.6745 0.1765 -0.7168
vn -0.6736 -0.0568 -0.7369
vn -0.9637 -0.0434 0.2635
vn -0.9635 0.0174 0.2671
vn -0.9634 0.0230 0.2671
vn -0.6728 0.1394 -0.7266
vn -0.6729 -0.0377 -0.7388
vn -0.6745 -0.2745 -0.6853
vn -0.9636 0.0418 0.2641
vn -0.9633 0.0931 0.2516
vn -0.9630 0.1070 0.2474
vn -0.6731 -0.0841 -0.7348
vn -0.6734 -0.2469 -0.6968
vn -0.6776 -0.4656 -0.5693
vn -0.9626 0.1236 0.2411
vn -0.9623 0.1639 0.2170
vn -0.9619 0.1808 0.2052
vn -0.6755 -0.3007 -0.6732
vn -0.6761 -0.4375 -0.5928
vn -0.6813 -0.6133 -0.3997
vn -0.9612 0.1952 0.1951
vn -0.9609 0.2252 0.1610
vn -0.9604 0.2385 0.1438
vn -0.6794 -0.4906 -0.5457
vn -0.6800 -0.5938 -0.4301
vn -0.6844 -0.7040 -0.1896
vn -0.9598 0.2497 0.1282
vn -0.9596 0.2687 0.0835
vn -0.9593 0.2744 0.0674
vn -0.6829 -0.6342 -0.3624
vn -0.6834 -0.6969 -0.2177
vn -0.6858 -0.7265 0.0426
vn -0.9590 0.2796 0.0461
vn -0.9589 0.2837 -0.0095
vn -0.9587 0.2838 -0.0179
vn -0.6851 -0.7148 -0.1403
vn -0.6852 -0.7279 0.0250
vn -0.6847 -0.6757 0.2732
vn -0.9592 0.2797 -0.0418
vn -0.9591 0.2633 -0.1036
vn -0.9591 0.2637 -0.1030
vn -0.6848 -0.7223 0.0965
vn -0.6846 -0.6782 0.2671
vn -0.6818 -0.5554 0.4761
vn -0.9602 0.2504 -0.1240
vn -0.9602 0.2117 -0.1823
vn -0.9603 0.2155 -0.1771
vn -0.6821 -0.6569 0.3214
vn -0.6817 -0.5557 0.4759
vn -0.6778 -0.3800 0.6294
vn -0.9617 0.1964 -0.1914
vn -0.9617 0.1401 -0.2357
vn -0.9617 0.1463 -0.2316
vn -0.6784 -0.5276 0.5113
vn -0.6779 -0.3806 0.6289
vn -0.6749 -0.1685 0.7184
vn -0.9629 0.1251 -0.2389
vn -0.9629 0.0614 -0.2629
vn -0.9629 0.0640 -0.2621
vn -0.6749 -0.3494 0.6500
vn -0.6746 -0.1765 0.7168
vn -0.6736 0.0567 0.7370
vn -0.9637 0.0433 -0.2635
vn -0.9635 -0.0175 -0.2671
vn -0.9634 -0.0230 -0.2670
vn -0.6728 -0.1393 0.7266
vn -0.6728 0.0376 0.7388
vn -0.6747 0.2746 0.6852
vn -0.9635 -0.0418 -0.2643
vn -0.9633 -0.0932 -0.2517
vn -0.9630 -0.1070 -0.2474
vn -0.6730 0.0841 0.7348
vn -0.6734 0.2468 0.6968
vn -0.6775 0.4656 0.5694
vn -0.9626 -0.1235 -0.2411
vn -0.9623 -0.1638 -0.2170
vn -0.9619 -0.1809 -0.2052
vn -0.6756 0.3007 0.6732
vn -0.6762 0.4375 0.5928
vn -0.6812 0.6134 0.3997
vn -0.9612 -0.1951 -0.1950
vn -0.9609 -0.2251 -0.1609
vn -0.9604 -0.2384 -0.1438
vn -0.6794 0.4906 0.5457
vn -0.6799 0.5939 0.4301
vn -0.6844 0.7040 0.1895
vn -0.9598 -0.2497 -0.1282
vn -0.9596 -0.2687 -0.0835
vn -0.9593 -0.2743 -0.0674
vn -0.6829 0.6343 0.3625
vn -0.6833 0.6969 0.2177
vn -0.6858 0.7265 -0.0426
vn -0.9590 -0.2796 -0.0461
vn -0.9589 -0.2837 0.0095
vn -0.9587 -0.2838 0.0179
vn -0.6851 0.7148 0.1403
vn -0.6852 0.7279 -0.0250
vn -0.6847 0.6757 -0.2732
vn -0.9592 -0.2797 0.0418
vn -0.9591 -0.2633 0.1036
vn -0.9591 -0.2637 0.1030
vn -0.6848 0.7223 -0.0965
vn -0.6846 0.6783 -0.2670
vn -0.6022 0.7700 -0.2108
vn -0.3953 0.8669 -0.3037
vn -0.4096 0.7940 -0.4492
vn -0.4054 0.7962 -0.4492
vn -0.6223 0.6799 -0.3879
vn -0.6094 0.7609 -0.2229
vn -0.5936 0.6668 -0.4505
vn -0.3855 0.7276 -0.5675
vn -0.3996 0.6122 -0.6823
vn -0.3952 0.6143 -0.6830
vn -0.6136 0.5248 -0.5901
vn -0.6007 0.6549 -0.4586
vn -0.5867 0.5012 -0.6361
vn -0.3778 0.5220 -0.7647
vn -0.3923 0.3770 -0.8390
vn -0.3884 0.3787 -0.8401
vn -0.6075 0.3231 -0.7256
vn -0.5943 0.4868 -0.6401
vn -0.5814 0.2964 -0.7577
vn -0.3722 0.2767 -0.8859
vn -0.3874 0.1165 -0.9145
vn -0.3828 0.1176 -0.9163
vn -0.6024 0.0998 -0.7919
vn -0.5887 0.2803 -0.7582
vn -0.5791 0.0698 -0.8122
vn -0.3701 0.0119 -0.9289
vn -0.3862 -0.1495 -0.9102
vn -0.3828 -0.1490 -0.9117
vn -0.6021 -0.1283 -0.7881
vn -0.5877 0.0521 -0.8074
vn -0.5813 -0.1644 -0.7969
vn -0.3729 -0.2557 -0.8919
vn -0.3898 -0.4044 -0.8274
vn -0.3873 -0.4044 -0.8285
vn -0.6057 -0.3471 -0.7160
vn -0.5910 -0.1814 -0.7860
vn -0.5869 -0.3907 -0.7092
vn -0.3793 -0.5078 -0.7735
vn -0.3965 -0.6302 -0.6676
vn -0.3939 -0.6307 -0.6687
vn -0.6113 -0.5409 -0.5776
vn -0.5966 -0.4046 -0.6931
vn -0.5939 -0.5885 -0.5485
vn -0.3871 -0.7211 -0.5746
vn -0.4040 -0.8042 -0.4359
vn -0.4042 -0.8040 -0.4360
vn -0.6204 -0.6883 -0.3759
vn -0.6059 -0.5949 -0.5282
vn -0.6026 -0.7298 -0.3229
vn -0.3965 -0.8652 -0.3070
vn -0.4126 -0.8987 -0.1485
vn -0.4094 -0.9001 -0.1493
vn -0.6251 -0.7699 -0.1281
vn -0.6112 -0.7308 -0.3038
vn -0.6053 -0.7939 -0.0583
vn -0.3992 -0.9169 -0.0007
vn -0.4142 -0.8959 0.1604
vn -0.4113 -0.8974 0.1599
vn -0.6271 -0.7665 0.1385
vn -0.6138 -0.7883 -0.0420
vn -0.6023 -0.7699 0.2108
vn -0.3954 -0.8669 0.3036
vn -0.4097 -0.7940 0.4492
vn -0.4053 -0.7962 0.4492
vn -0.6222 -0.6800 0.3880
vn -0.6092 -0.7610 0.2230
vn -0.5950 -0.6660 0.4500
vn -0.3870 -0.7271 0.5671
vn -0.4011 -0.6116 0.6819
vn -0.3960 -0.6140 0.6828
vn -0.6143 -0.5245 0.5896
vn -0.6014 -0.6544 0.4583
vn -0.5867 -0.5012 0.6361
vn -0.3779 -0.5220 0.7647
vn -0.3923 -0.3770 0.8390
vn -0.3871 -0.3790 0.8405
vn -0.6065 -0.3235 0.7264
vn -0.5932 -0.4873 0.6408
vn -0.5814 -0.2964 0.7577
vn -0.3722 -0.2767 0.8860
vn -0.3874 -0.1164 0.9145
vn -0.3828 -0.1176 0.9163
vn -0.6024 -0.0997 0.7919
vn -0.5887 -0.2802 0.7582
vn -0.5781 -0.0699 0.8130
vn -0.3689 -0.0117 0.9294
vn -0.3851 0.1494 0.9107
vn -0.3824 0.1491 0.9119
vn -0.6017 0.1283 0.7884
vn -0.5873 -0.0522 0.8077
vn -0.5811 0.1644 0.7971
vn -0.3727 0.2558 0.8920
vn -0.3895 0.4044 0.8275
vn -0.3865 0.4045 0.8289
vn -0.6050 0.3473 0.7165
vn -0.5903 0.1817 0.7865
vn -0.5868 0.3907 0.7092
vn -0.3793 0.5079 0.7734
vn -0.3965 0.6302 0.6676
vn -0.3948 0.6305 0.6683
vn -0.6121 0.5406 0.5771
vn -0.5973 0.4042 0.6927
vn -0.5939 0.5886 0.5485
vn -0.3871 0.7211 0.5746
vn -0.4039 0.8042 0.4359
vn -0.4044 0.8040 0.4360
vn -0.6205 0.6883 0.3758
vn -0.6059 0.5948 0.5282
vn -0.6026 0.7298 0.3230
vn -0.3965 0.8652 0.3071
vn -0.4126 0.8987 0.1485
vn -0.4094 0.9001 0.1494
vn -0.6251 0.7700 0.1282
vn -0.6112 0.7309 0.3038
vn -0.6054 0.7938 0.0583
vn -0.3992 0.9169 0.0007
vn -0.4143 0.8959 -0.1604
vn -0.4099 0.8980 -0.1598
vn -0.6259 0.7675 -0.1386
vn -0.6127 0.7892 0.0420
vn -0.8443 0.4409 -0.3047
vn -0.9872 -0.1581 0.0230
vn -0.9868 -0.1147 0.1146
vn -0.9867 -0.1123 0.1179
vn -0.8431 0.5188 -0.1413
vn -0.8436 0.4461 -0.2988
vn -0.8410 0.3247 -0.4327
vn -0.9880 -0.1395 0.0663
vn -0.9876 -0.0663 0.1424
vn -0.9876 -0.0656 0.1429
vn -0.8403 0.4515 -0.3002
vn -0.8406 0.3297 -0.4297
vn -0.8381 0.1756 -0.5165
vn -0.9889 -0.1084 0.1012
vn -0.9884 -0.0150 0.1512
vn -0.9882 -0.0119 0.1526
vn -0.8370 0.3408 -0.4280
vn -0.8375 0.1841 -0.5144
vn -0.8366 0.0101 -0.5478
vn -0.9897 -0.0684 0.1261
vn -0.9889 0.0319 0.1451
vn -0.9884 0.0427 0.1455
vn -0.8343 0.1986 -0.5143
vn -0.8352 0.0256 -0.5493
vn -0.8368 -0.1543 -0.5252
vn -0.9899 -0.0227 0.1396
vn -0.9890 0.0727 0.1289
vn -0.9881 0.0916 0.1238
vn -0.8334 0.0376 -0.5514
vn -0.8348 -0.1331 -0.5343
vn -0.8387 -0.3022 -0.4530
vn -0.9897 0.0252 0.1408
vn -0.9887 0.1075 0.1049
vn -0.9873 0.1305 0.0907
vn -0.8346 -0.1272 -0.5360
vn -0.8362 -0.2801 -0.4714
vn -0.8417 -0.4207 -0.3384
vn -0.9890 0.0715 0.1297
vn -0.9879 0.1365 0.0733
vn -0.9864 0.1562 0.0507
vn -0.8375 -0.2808 -0.4687
vn -0.8392 -0.4041 -0.3639
vn -0.8447 -0.4997 -0.1915
vn -0.9880 0.1127 0.1058
vn -0.9871 0.1570 0.0324
vn -0.9858 0.1678 0.0067
vn -0.8408 -0.4083 -0.3554
vn -0.8424 -0.4926 -0.2186
vn -0.8463 -0.5321 -0.0250
vn -0.9872 0.1436 0.0694
vn -0.9865 0.1630 -0.0176
vn -0.9856 0.1647 -0.0379
vn -0.8435 -0.4964 -0.2050
vn -0.8447 -0.5333 -0.0462
vn -0.8462 -0.5124 0.1461
vn -0.9869 0.1597 0.0241
vn -0.9863 0.1491 -0.0704
vn -0.9859 0.1465 -0.0812
vn -0.8445 -0.5345 -0.0334
vn -0.8453 -0.5173 0.1336
vn -0.8443 -0.4409 0.3047
vn -0.9872 0.1580 -0.0230
vn -0.9868 0.1147 -0.1146
vn -0.9867 0.1123 -0.1179
vn -0.8431 -0.5188 0.1413
vn -0.8436 -0.4461 0.2989
vn -0.8410 -0.3247 0.4327
vn -0.9880 0.1395 -0.0662
vn -0.9876 0.0663 -0.1423
vn -0.9875 0.0658 -0.1430
vn -0.8404 -0.4513 0.3002
vn -0.8407 -0.3295 0.4297
vn -0.8381 -0.1755 0.5165
vn -0.9889 0.1086 -0.1012
vn -0.9884 0.0152 -0.1511
vn -0.9883 0.0118 -0.1523
vn -0.8369 -0.3409 0.4283
vn -0.8374 -0.1842 0.5146
vn -0.8365 -0.0101 0.5479
vn -0.9897 0.0683 -0.1259
vn -0.9889 -0.0320 -0.1449
vn -0.9885 -0.0425 -0.1454
vn -0.8343 -0.1985 0.5143
vn -0.8352 -0.0254 0.5493
vn -0.8367 0.1542 0.5255
vn -0.9900 0.0225 -0.1394
vn -0.9890 -0.0729 -0.1286
vn -0.9881 -0.0917 -0.1237
vn -0.8334 -0.0377 0.5513
vn -0.8348 0.1331 0.5343
vn -0.8388 0.3023 0.4529
vn -0.9897 -0.0250 -0.1409
vn -0.9887 -0.1074 -0.1050
vn -0.9873 -0.1303 -0.0908
vn -0.8346 0.1274 0.5359
vn -0.8362 0.2802 0.4714
vn -0.8417 0.4207 0.3384
vn -0.9890 -0.0715 -0.1296
vn -0.9879 -0.1365 -0.0732
vn -0.9864 -0.1562 -0.0505
vn -0.8374 0.2808 0.4690
vn -0.8391 0.4041 0.3641
vn -0.8447 0.4998 0.1916
vn -0.9880 -0.1127 -0.1058
vn -0.9871 -0.1570 -0.0324
vn -0.9858 -0.1678 -0.0067
vn -0.8408 0.4083 0.3554
vn -0.8424 0.4926 0.2185
vn -0.8462 0.5322 0.0251
vn -0.9872 -0.1435 -0.0694
vn -0.9865 -0.1629 0.0176
vn -0.9856 -0.1647 0.0379
vn -0.8435 0.4965 0.2050
vn -0.8447 0.5333 0.0462
vn -0.8461 0.5126 -0.1461
vn -0.9869 -0.1595 -0.0242
vn -0.9864 -0.1489 0.0703
vn -0.9859 -0.1466 0.0810
vn -0.8445 0.5345 0.0332
vn -0.8453 0.5173 -0.1337
vn -0.5593 -0.7269 0.3985
vn -0.5595 -0.7842 0.2682
vn -0.8855 0.4409 -0.1463
vn -0.8855 0.4380 -0.1551
vn -0.8856 0.4104 -0.2174
vn -0.5593 -0.7358 0.3819
vn -0.5597 -0.6730 0.4835
vn -0.8854 0.3740 -0.2760
vn -0.8855 0.3150 -0.3416
vn -0.8855 0.3291 -0.3280
vn -0.5596 -0.5790 0.5931
vn -0.5598 -0.6520 0.5114
vn -0.5600 -0.4820 0.6738
vn -0.8853 0.2719 -0.3773
vn -0.8854 0.1931 -0.4228
vn -0.8854 0.2054 -0.4171
vn -0.5597 -0.3681 0.7424
vn -0.5601 -0.4605 0.6886
vn -0.5602 -0.2417 0.7923
vn -0.8852 0.1452 -0.4420
vn -0.8853 0.0581 -0.4614
vn -0.8853 0.0608 -0.4611
vn -0.5599 -0.1251 0.8191
vn -0.5602 -0.2344 0.7945
vn -0.5602 0.0193 0.8281
vn -0.8852 0.0050 -0.4652
vn -0.8853 -0.0782 -0.4584
vn -0.8853 -0.0872 -0.4568
vn -0.5599 0.1278 0.8186
vn -0.5603 0.0056 0.8283
vn -0.5601 0.2726 0.7823
vn -0.8852 -0.1361 -0.4448
vn -0.8853 -0.2068 -0.4164
vn -0.8853 -0.2226 -0.4082
vn -0.5598 0.3684 0.7422
vn -0.5602 0.2440 0.7916
vn -0.5599 0.4950 0.6644
vn -0.8853 -0.2656 -0.3816
vn -0.8855 -0.3200 -0.3370
vn -0.8855 -0.3339 -0.3232
vn -0.5596 0.5762 0.5957
vn -0.5599 0.4661 0.6850
vn -0.5597 0.6699 0.4878
vn -0.8855 -0.3708 -0.2801
vn -0.8856 -0.4074 -0.2230
vn -0.8856 -0.4141 -0.2105
vn -0.5594 0.7319 0.3890
vn -0.5597 0.6535 0.5096
vn -0.5595 0.7849 0.2664
vn -0.8856 -0.4401 -0.1488
vn -0.8857 -0.4571 -0.0814
vn -0.8857 -0.4577 -0.0783
vn -0.5592 0.8172 0.1393
vn -0.5595 0.7822 0.2742
vn -0.5594 0.8287 0.0154
vn -0.8856 -0.4645 -0.0010
vn -0.8857 -0.4585 0.0735
vn -0.8857 -0.4598 0.0644
vn -0.5592 0.8191 -0.1282
vn -0.5595 0.8289 0.0013
vn -0.5595 0.7921 -0.2439
vn -0.8855 -0.4411 0.1459
vn -0.8856 -0.4084 0.2211
vn -0.8856 -0.4167 0.2051
vn -0.5593 0.7358 -0.3818
vn -0.5596 0.7825 -0.2731
vn -0.5597 0.6730 -0.4835
vn -0.8854 -0.3740 0.2760
vn -0.8855 -0.3150 0.3416
vn -0.8855 -0.3291 0.3280
vn -0.5596 0.5790 -0.5930
vn -0.5598 0.6520 -0.5114
vn -0.5600 0.4820 -0.6739
vn -0.8853 -0.2719 0.3773
vn -0.8854 -0.1931 0.4229
vn -0.8854 -0.2055 0.4170
vn -0.5597 0.3680 -0.7425
vn -0.5601 0.4606 -0.6886
vn -0.5601 0.2417 -0.7924
vn -0.8852 -0.1451 0.4420
vn -0.8853 -0.0581 0.4613
vn -0.8853 -0.0608 0.4611
vn -0.5599 0.1251 -0.8191
vn -0.5602 0.2344 -0.7945
vn -0.5602 -0.0193 -0.8281
vn -0.8852 -0.0051 0.4653
vn -0.8853 0.0781 0.4584
vn -0.8853 0.0872 0.4568
vn -0.5599 -0.1278 -0.8186
vn -0.5603 -0.0056 -0.8283
vn -0.5601 -0.2727 -0.7823
vn -0.8852 0.1362 0.4448
vn -0.8853 0.2069 0.4164
vn -0.8853 0.2226 0.4082
vn -0.5598 -0.3684 -0.7422
vn -0.5602 -0.2440 -0.7916
vn -0.5599 -0.4950 -0.6644
vn -0.8853 0.2656 0.3816
vn -0.8855 0.3200 0.3370
vn -0.8854 0.3340 0.3232
vn -0.5596 -0.5763 -0.5956
vn -0.5599 -0.4662 -0.6849
vn -0.5597 -0.6699 -0.4879
vn -0.8855 0.3708 0.2801
vn -0.8856 0.4074 0.2230
vn -0.8856 0.4141 0.2105
vn -0.5594 -0.7319 -0.3891
vn -0.5597 -0.6535 -0.5096
vn -0.5595 -0.7848 -0.2664
vn -0.8856 0.4401 0.1488
vn -0.8857 0.4571 0.0814
vn -0.8857 0.4577 0.0782
vn -0.5592 -0.8172 -0.1393
vn -0.5595 -0.7822 -0.2740
vn -0.5594 -0.8287 -0.0154
vn -0.8856 0.4645 0.0010
vn -0.8857 0.4585 -0.0735
vn -0.8857 0.4598 -0.0644
vn -0.5592 -0.8191 0.1282
vn -0.5595 -0.8289 -0.0012
vn -0.2183 -0.8547 0.4710
vn -0.2185 -0.9190 0.3281
vn -0.7147 -0.5651 0.4122
vn -0.7325 -0.6082 0.3060
vn -0.7295 -0.5951 0.3372
vn -0.1814 -0.8665 0.4651
vn -0.1753 -0.7660 0.6185
vn -0.7264 -0.5410 0.4239
vn -0.7281 -0.5221 0.4442
vn -0.7114 -0.5990 0.3676
vn -0.2120 -0.6604 0.7204
vn -0.2122 -0.7670 0.6055
vn -0.1694 -0.5419 0.8232
vn -0.7224 -0.3887 0.5719
vn -0.7242 -0.3649 0.5851
vn -0.7076 -0.4623 0.5343
vn -0.2077 -0.4104 0.8880
vn -0.2078 -0.5470 0.8110
vn -0.1664 -0.2783 0.9460
vn -0.7203 -0.2065 0.6622
vn -0.7222 -0.1794 0.6680
vn -0.7053 -0.2899 0.6469
vn -0.2058 -0.1338 0.9694
vn -0.2058 -0.2869 0.9356
vn -0.1654 0.0034 0.9862
vn -0.7195 -0.0109 0.6944
vn -0.7216 0.0186 0.6921
vn -0.7039 -0.0960 0.7037
vn -0.2050 0.1485 0.9674
vn -0.2050 -0.0078 0.9787
vn -0.1672 0.2867 0.9433
vn -0.7206 0.1869 0.6676
vn -0.7230 0.2165 0.6561
vn -0.7043 0.1086 0.7016
vn -0.2057 0.4204 0.8837
vn -0.2058 0.2739 0.9395
vn -0.1720 0.5536 0.8148
vn -0.7239 0.3742 0.5797
vn -0.7262 0.4001 0.5590
vn -0.7070 0.3109 0.6352
vn -0.2093 0.6636 0.7182
vn -0.2094 0.5403 0.8150
vn -0.1775 0.7792 0.6011
vn -0.7275 0.5332 0.4318
vn -0.7299 0.5518 0.4035
vn -0.7118 0.4912 0.5020
vn -0.2154 0.8534 0.4746
vn -0.2155 0.7665 0.6050
vn -0.1820 0.9318 0.3139
vn -0.7304 0.6425 0.2318
vn -0.7327 0.6505 0.1997
vn -0.7164 0.6250 0.3100
vn -0.2210 0.9604 0.1697
vn -0.2210 0.9208 0.3214
vn -0.1835 0.9829 -0.0156
vn -0.7315 0.6819 0.0021
vn -0.7337 0.6789 -0.0293
vn -0.7177 0.6917 0.0804
vn -0.2218 0.9617 -0.1610
vn -0.2218 0.9751 -0.0048
vn -0.1799 0.9228 -0.3407
vn -0.7293 0.6456 -0.2267
vn -0.7312 0.6334 -0.2534
vn -0.7153 0.6812 -0.1558
vn -0.2177 0.8548 -0.4711
vn -0.2178 0.9192 -0.3282
vn -0.1752 0.7660 -0.6185
vn -0.7264 0.5410 -0.4239
vn -0.7281 0.5221 -0.4442
vn -0.7113 0.5991 -0.3677
vn -0.2119 0.6604 -0.7204
vn -0.2120 0.7671 -0.6055
vn -0.1701 0.5418 -0.8231
vn -0.7229 0.3884 -0.5715
vn -0.7246 0.3646 -0.5848
vn -0.7084 0.4619 -0.5337
vn -0.2092 0.4102 -0.8877
vn -0.2092 0.5468 -0.8107
vn -0.1674 0.2781 -0.9459
vn -0.7211 0.2064 -0.6614
vn -0.7229 0.1793 -0.6673
vn -0.7053 0.2899 -0.6469
vn -0.2058 0.1338 -0.9694
vn -0.2058 0.2869 -0.9356
vn -0.1654 -0.0034 -0.9862
vn -0.7195 0.0109 -0.6944
vn -0.7216 -0.0186 -0.6920
vn -0.7040 0.0960 -0.7037
vn -0.2050 -0.1486 -0.9674
vn -0.2050 0.0078 -0.9787
vn -0.1687 -0.2868 -0.9430
vn -0.7217 -0.1866 -0.6666
vn -0.7240 -0.2162 -0.6551
vn -0.7054 -0.1084 -0.7005
vn -0.2074 -0.4203 -0.8834
vn -0.2074 -0.2737 -0.9392
vn -0.1718 -0.5536 -0.8149
vn -0.7237 -0.3742 -0.5798
vn -0.7261 -0.4002 -0.5591
vn -0.7071 -0.3109 -0.6351
vn -0.2094 -0.6636 -0.7182
vn -0.2095 -0.5403 -0.8150
vn -0.1777 -0.7792 -0.6011
vn -0.7274 -0.5333 -0.4318
vn -0.7299 -0.5518 -0.4034
vn -0.7127 -0.4905 -0.5016
vn -0.2169 -0.8532 -0.4744
vn -0.2169 -0.7662 -0.6049
vn -0.1816 -0.9319 -0.3139
vn -0.7301 -0.6427 -0.2321
vn -0.7325 -0.6508 -0.1997
vn -0.7163 -0.6251 -0.3100
vn -0.2209 -0.9604 -0.1698
vn -0.2209 -0.9208 -0.3215
vn -0.1835 -0.9829 0.0156
vn -0.7314 -0.6819 -0.0021
vn -0.7336 -0.6789 0.0294
vn -0.7177 -0.6917 -0.0803
vn -0.2218 -0.9617 0.1610
vn -0.2218 -0.9751 0.0048
vn -0.7171 -0.6959 0.0385
vn -0.2197 -0.9211 0.3215
vn -0.2198 -0.9607 0.1698
vn -0.1835 -0.9661 0.1816
vn -0.7311 -0.6726 0.1143
vn -0.7337 -0.6641 0.1437
vn -0.7336 -0.6789 -0.0294
vn -0.7315 -0.6819 0.0021
vn -0.1835 -0.9829 -0.0156
vn -0.2218 -0.9751 -0.0048
vn -0.2218 -0.9617 -0.1610
vn -0.7177 -0.6917 0.0804
vn -0.7312 -0.6333 -0.2535
vn -0.7293 -0.6456 -0.2267
vn -0.1800 -0.9228 -0.3407
vn -0.2192 -0.9189 -0.3280
vn -0.2193 -0.8545 -0.4710
vn -0.7163 -0.6802 -0.1557
vn -0.7281 -0.5221 -0.4442
vn -0.7263 -0.5411 -0.4239
vn -0.1752 -0.7660 -0.6185
vn -0.2120 -0.7670 -0.6056
vn -0.2125 -0.6603 -0.7203
vn -0.7114 -0.5990 -0.3676
vn -0.7246 -0.3647 -0.5848
vn -0.7228 -0.3884 -0.5716
vn -0.1700 -0.5418 -0.8231
vn -0.2091 -0.5468 -0.8107
vn -0.2091 -0.4102 -0.8877
vn -0.7083 -0.4620 -0.5337
vn -0.7228 -0.1793 -0.6673
vn -0.7210 -0.2065 -0.6615
vn -0.1673 -0.2781 -0.9459
vn -0.2059 -0.2869 -0.9356
vn -0.2059 -0.1338 -0.9694
vn -0.7054 -0.2899 -0.6468
vn -0.7216 0.0186 -0.6921
vn -0.7194 -0.0109 -0.6945
vn -0.1653 0.0035 -0.9862
vn -0.2051 -0.0078 -0.9787
vn -0.2052 0.1485 -0.9674
vn -0.7041 -0.0960 -0.7036
vn -0.7240 0.2162 -0.6550
vn -0.7217 0.1865 -0.6666
vn -0.1688 0.2868 -0.9430
vn -0.2075 0.2737 -0.9392
vn -0.2075 0.4203 -0.8834
vn -0.7054 0.1083 -0.7005
vn -0.7261 0.4002 -0.5591
vn -0.7237 0.3743 -0.5798
vn -0.1718 0.5536 -0.8149
vn -0.2093 0.5403 -0.8150
vn -0.2099 0.6635 -0.7181
vn -0.7071 0.3109 -0.6351
vn -0.7299 0.5518 -0.4035
vn -0.7275 0.5332 -0.4317
vn -0.1776 0.7792 -0.6011
vn -0.2154 0.7665 -0.6051
vn -0.2157 0.8534 -0.4745
vn -0.7118 0.4912 -0.5021
vn -0.7325 0.6507 -0.1998
vn -0.7302 0.6426 -0.2321
vn -0.1817 0.9319 -0.3139
vn -0.2209 0.9208 -0.3214
vn -0.2210 0.9604 -0.1697
vn -0.7164 0.6251 -0.3100
vn -0.7337 0.6789 0.0294
vn -0.7315 0.6819 -0.0021
vn -0.1835 0.9829 0.0156
vn -0.2218 0.9751 0.0048
vn -0.2219 0.9617 0.1610
vn -0.7178 0.6916 -0.0803
vn -0.7316 0.6329 0.2533
vn -0.7297 0.6453 0.2263
vn -0.1805 0.9227 0.3408
vn -0.2177 0.9192 0.3282
vn -0.2180 0.8547 0.4711
vn -0.7154 0.6811 0.1557
vn -0.7281 0.5221 0.4442
vn -0.7263 0.5410 0.4239
vn -0.1752 0.7660 0.6185
vn -0.2118 0.7671 0.6055
vn -0.2123 0.6603 0.7203
vn -0.7112 0.5991 0.3677
vn -0.7243 0.3649 0.5850
vn -0.7225 0.3886 0.5718
vn -0.1695 0.5419 0.8232
vn -0.2076 0.5470 0.8110
vn -0.2079 0.4103 0.8879
vn -0.7075 0.4624 0.5344
vn -0.7221 0.1795 0.6681
vn -0.7202 0.2065 0.6623
vn -0.1663 0.2783 0.9460
vn -0.2058 0.2868 0.9356
vn -0.2058 0.1337 0.9694
vn -0.7053 0.2899 0.6470
vn -0.7216 -0.0185 0.6920
vn -0.7195 0.0110 0.6944
vn -0.1654 -0.0034 0.9862
vn -0.2050 0.0078 0.9787
vn -0.2051 -0.1486 0.9674
vn -0.7040 0.0960 0.7037
vn -0.7230 -0.2165 0.6560
vn -0.7208 -0.1868 0.6675
vn -0.1673 -0.2867 0.9433
vn -0.2057 -0.2739 0.9395
vn -0.2060 -0.4204 0.8837
vn -0.7043 -0.1086 0.7016
vn -0.7262 -0.4002 0.5589
vn -0.7239 -0.3741 0.5797
vn -0.1720 -0.5536 0.8148
vn -0.2092 -0.5403 0.8151
vn -0.2097 -0.6635 0.7182
vn -0.7069 -0.3110 0.6352
vn -0.7299 -0.5518 0.4034
vn -0.7275 -0.5333 0.4317
vn -0.1777 -0.7792 0.6011
vn -0.2169 -0.7662 0.6049
vn -0.2169 -0.8532 0.4744
vn -0.7126 -0.4905 0.5016
vn -0.8856 0.4442 -0.1360
vn -0.5595 -0.7875 0.2586
vn -0.5592 -0.8175 0.1381
vn -0.5592 -0.8211 0.1148
vn -0.8857 0.4585 -0.0736
vn -0.8855 0.4398 -0.1496
vn -0.8857 0.4585 0.0735
vn -0.8856 0.4645 -0.0010
vn -0.5594 -0.8287 0.0154
vn -0.5595 -0.8289 0.0013
vn -0.5592 -0.8191 -0.1282
vn -0.8857 0.4598 0.0644
vn -0.8856 0.4084 0.2211
vn -0.8855 0.4411 0.1459
vn -0.5595 -0.7921 -0.2439
vn -0.5596 -0.7825 -0.2730
vn -0.5593 -0.7358 -0.3819
vn -0.8856 0.4167 0.2052
vn -0.8855 0.3150 0.3416
vn -0.8854 0.3740 0.2760
vn -0.5597 -0.6730 -0.4835
vn -0.5598 -0.6519 -0.5115
vn -0.5595 -0.5789 -0.5931
vn -0.8855 0.3292 0.3280
vn -0.8854 0.1931 0.4229
vn -0.8853 0.2719 0.3773
vn -0.5600 -0.4820 -0.6739
vn -0.5601 -0.4606 -0.6886
vn -0.5597 -0.3680 -0.7425
vn -0.8854 0.2054 0.4171
vn -0.8853 0.0581 0.4613
vn -0.8852 0.1451 0.4420
vn -0.5601 -0.2417 -0.7924
vn -0.5602 -0.2344 -0.7945
vn -0.5599 -0.1251 -0.8191
vn -0.8853 0.0608 0.4611
vn -0.8853 -0.0781 0.4584
vn -0.8852 0.0051 0.4652
vn -0.5602 0.0193 -0.8281
vn -0.5603 0.0056 -0.8283
vn -0.5599 0.1278 -0.8186
vn -0.8853 -0.0872 0.4568
vn -0.8854 -0.2069 0.4163
vn -0.8852 -0.1361 0.4448
vn -0.5601 0.2727 -0.7823
vn -0.5602 0.2440 -0.7916
vn -0.5598 0.3683 -0.7423
vn -0.8853 -0.2226 0.4082
vn -0.8855 -0.3200 0.3370
vn -0.8853 -0.2656 0.3816
vn -0.5599 0.4950 -0.6644
vn -0.5599 0.4661 -0.6850
vn -0.5596 0.5763 -0.5956
vn -0.8855 -0.3339 0.3232
vn -0.8856 -0.4074 0.2230
vn -0.8855 -0.3708 0.2801
vn -0.5597 0.6699 -0.4879
vn -0.5597 0.6535 -0.5096
vn -0.5594 0.7319 -0.3890
vn -0.8856 -0.4141 0.2105
vn -0.8856 -0.4572 0.0814
vn -0.8856 -0.4401 0.1487
vn -0.5595 0.7848 -0.2664
vn -0.5595 0.7822 -0.2742
vn -0.5592 0.8172 -0.1393
vn -0.8857 -0.4577 0.0783
vn -0.8857 -0.4585 -0.0735
vn -0.8856 -0.4645 0.0010
vn -0.5594 0.8287 -0.0154
vn -0.5595 0.8289 -0.0012
vn -0.5592 0.8191 0.1282
vn -0.8857 -0.4598 -0.0644
vn -0.8856 -0.4084 -0.2211
vn -0.8855 -0.4411 -0.1459
vn -0.5595 0.7921 0.2439
vn -0.5596 0.7825 0.2731
vn -0.5593 0.7357 0.3819
vn -0.8856 -0.4167 -0.2051
vn -0.8855 -0.3150 -0.3416
vn -0.8854 -0.3740 -0.2760
vn -0.5597 0.6730 0.4835
vn -0.5598 0.6520 0.5114
vn -0.5596 0.5789 0.5931
vn -0.8855 -0.3291 -0.3280
vn -0.8854 -0.1931 -0.4228
vn -0.8853 -0.2719 -0.3773
vn -0.5600 0.4819 0.6739
vn -0.5601 0.4606 0.6886
vn -0.5597 0.3681 0.7424
vn -0.8854 -0.2054 -0.4171
vn -0.8853 -0.0581 -0.4614
vn -0.8852 -0.1452 -0.4420
vn -0.5601 0.2417 0.7923
vn -0.5602 0.2344 0.7945
vn -0.5599 0.1251 0.8191
vn -0.8853 -0.0608 -0.4611
vn -0.8853 0.0782 -0.4584
vn -0.8852 -0.0050 -0.4652
vn -0.5602 -0.0193 0.8281
vn -0.5603 -0.0056 0.8283
vn -0.5599 -0.1278 0.8186
vn -0.8853 0.0872 -0.4568
vn -0.8853 0.2068 -0.4164
vn -0.8852 0.1361 -0.4448
vn -0.5601 -0.2726 0.7823
vn -0.5602 -0.2440 0.7916
vn -0.5598 -0.3684 0.7422
vn -0.8853 0.2226 -0.4082
vn -0.8855 0.3200 -0.3370
vn -0.8853 0.2656 -0.3816
vn -0.5599 -0.4950 0.6644
vn -0.5599 -0.4661 0.6850
vn -0.5596 -0.5763 0.5956
vn -0.8855 0.3339 -0.3232
vn -0.8856 0.4074 -0.2230
vn -0.8855 0.3708 -0.2801
vn -0.5597 -0.6699 0.4878
vn -0.5597 -0.6535 0.5096
vn -0.5594 -0.7319 0.3891
vn -0.8856 0.4141 -0.2105
vn -0.8453 0.4830 -0.2285
vn -0.9870 -0.1608 -0.0010
vn -0.9865 -0.1344 0.0936
vn -0.9862 -0.1315 0.1001
vn -0.8441 0.5334 -0.0552
vn -0.8445 0.4883 -0.2198
vn -0.8465 0.5288 -0.0614
vn -0.9869 -0.1537 -0.0482
vn -0.9863 -0.1591 0.0434
vn -0.9857 -0.1577 0.0595
vn -0.8443 0.5222 0.1205
vn -0.8451 0.5328 -0.0444
vn -0.8456 0.5224 0.1097
vn -0.9876 -0.1293 -0.0892
vn -0.9867 -0.1622 -0.0087
vn -0.9856 -0.1683 0.0148
vn -0.8425 0.4580 0.2834
vn -0.8438 0.5197 0.1342
vn -0.8432 0.4662 0.2679
vn -0.9885 -0.0923 -0.1197
vn -0.9875 -0.1476 -0.0548
vn -0.9861 -0.1634 -0.0296
vn -0.8392 0.3491 0.4170
vn -0.8407 0.4541 0.2951
vn -0.8401 0.3662 0.4001
vn -0.9894 -0.0481 -0.1370
vn -0.9883 -0.1224 -0.0908
vn -0.9869 -0.1447 -0.0718
vn -0.8359 0.2068 0.5084
vn -0.8375 0.3462 0.4228
vn -0.8375 0.2316 0.4950
vn -0.9899 -0.0007 -0.1415
vn -0.9889 -0.0903 -0.1180
vn -0.9877 -0.1121 -0.1088
vn -0.8338 0.0457 0.5502
vn -0.8352 0.2092 0.5086
vn -0.8363 0.0737 0.5433
vn -0.9899 0.0466 -0.1339
vn -0.9890 -0.0525 -0.1380
vn -0.9883 -0.0675 -0.1365
vn -0.8337 -0.1190 0.5393
vn -0.8346 0.0551 0.5480
vn -0.8370 -0.0935 0.5391
vn -0.9894 0.0897 -0.1145
vn -0.9887 -0.0086 -0.1496
vn -0.9884 -0.0152 -0.1510
vn -0.8355 -0.2725 0.4771
vn -0.8361 -0.1053 0.5384
vn -0.8394 -0.2527 0.4811
vn -0.9885 0.1259 -0.0843
vn -0.9880 0.0415 -0.1487
vn -0.9880 0.0399 -0.1494
vn -0.8387 -0.4004 0.3692
vn -0.8389 -0.2591 0.4787
vn -0.8427 -0.3875 0.3738
vn -0.9875 0.1508 -0.0449
vn -0.9871 0.0922 -0.1306
vn -0.9871 0.0910 -0.1320
vn -0.8420 -0.4906 0.2241
vn -0.8423 -0.3922 0.3698
vn -0.8453 -0.4830 0.2285
vn -0.9870 0.1608 0.0010
vn -0.9865 0.1344 -0.0936
vn -0.9862 0.1317 -0.1002
vn -0.8442 -0.5332 0.0553
vn -0.8446 -0.4881 0.2199
vn -0.8465 -0.5288 0.0614
vn -0.9869 0.1537 0.0482
vn -0.9863 0.1592 -0.0434
vn -0.9857 0.1577 -0.0595
vn -0.8443 -0.5222 -0.1204
vn -0.8451 -0.5328 0.0444
vn -0.8456 -0.5224 -0.1097
vn -0.9876 0.1293 0.0892
vn -0.9867 0.1622 0.0087
vn -0.9856 0.1684 -0.0149
vn -0.8425 -0.4581 -0.2835
vn -0.8438 -0.5197 -0.1342
vn -0.8432 -0.4661 -0.2679
vn -0.9885 0.0923 0.1197
vn -0.9875 0.1476 0.0548
vn -0.9861 0.1635 0.0297
vn -0.8392 -0.3491 -0.4170
vn -0.8406 -0.4541 -0.2951
vn -0.8402 -0.3663 -0.3999
vn -0.9894 0.0481 0.1372
vn -0.9883 0.1223 0.0910
vn -0.9869 0.1447 0.0719
vn -0.8359 -0.2068 -0.5084
vn -0.8375 -0.3462 -0.4228
vn -0.8375 -0.2316 -0.4949
vn -0.9899 0.0007 0.1416
vn -0.9889 0.0903 0.1181
vn -0.9877 0.1121 0.1090
vn -0.8339 -0.0458 -0.5500
vn -0.8353 -0.2093 -0.5084
vn -0.8363 -0.0736 -0.5433
vn -0.9899 -0.0464 0.1339
vn -0.9890 0.0527 0.1381
vn -0.9883 0.0676 0.1367
vn -0.8338 0.1189 -0.5391
vn -0.8348 -0.0551 -0.5479
vn -0.8370 0.0933 -0.5391
vn -0.9893 -0.0899 0.1145
vn -0.9887 0.0084 0.1496
vn -0.9884 0.0150 0.1510
vn -0.8355 0.2724 -0.4772
vn -0.8361 0.1051 -0.5385
vn -0.8395 0.2527 -0.4810
vn -0.9884 -0.1260 0.0843
vn -0.9880 -0.0416 0.1488
vn -0.9879 -0.0398 0.1496
vn -0.8387 0.4005 -0.3691
vn -0.8389 0.2592 -0.4786
vn -0.8426 0.3876 -0.3738
vn -0.9876 -0.1507 0.0448
vn -0.9872 -0.0921 0.1305
vn -0.9871 -0.0911 0.1319
vn -0.8421 0.4906 -0.2242
vn -0.8423 0.3921 -0.3699
vn -0.4091 0.8584 -0.3095
vn -0.6252 0.7332 -0.2675
vn -0.6124 0.7852 -0.0923
vn -0.6037 0.7934 -0.0781
vn -0.3969 0.9048 -0.1546
vn -0.4118 0.8570 -0.3099
vn -0.4118 0.9113 -0.0051
vn -0.6272 0.7788 -0.0052
vn -0.6138 0.7697 0.1754
vn -0.6039 0.7732 0.1937
vn -0.3975 0.9042 0.1563
vn -0.4133 0.9106 -0.0058
vn -0.4082 0.8630 0.2977
vn -0.6237 0.7385 0.2561
vn -0.6098 0.6709 0.4220
vn -0.5995 0.6671 0.4423
vn -0.3930 0.8032 0.4477
vn -0.4097 0.8625 0.2971
vn -0.3985 0.7258 0.5608
vn -0.6151 0.6223 0.4840
vn -0.6008 0.5056 0.6192
vn -0.5911 0.4944 0.6373
vn -0.3838 0.6209 0.6835
vn -0.4011 0.7251 0.5598
vn -0.3911 0.5224 0.7577
vn -0.6087 0.4482 0.6546
vn -0.5942 0.2955 0.7481
vn -0.5828 0.2799 0.7629
vn -0.3744 0.3854 0.8434
vn -0.3919 0.5224 0.7573
vn -0.3851 0.2793 0.8796
vn -0.6038 0.2400 0.7602
vn -0.5894 0.0651 0.8052
vn -0.5793 0.0472 0.8138
vn -0.3702 0.1229 0.9208
vn -0.3871 0.2795 0.8787
vn -0.3817 0.0162 0.9241
vn -0.6011 0.0148 0.7990
vn -0.5874 -0.1676 0.7918
vn -0.5792 -0.1848 0.7940
vn -0.3696 -0.1455 0.9177
vn -0.3855 0.0170 0.9225
vn -0.3859 -0.2498 0.8881
vn -0.6051 -0.2128 0.7672
vn -0.5919 -0.3869 0.7071
vn -0.5826 -0.4028 0.7060
vn -0.3730 -0.4030 0.8357
vn -0.3882 -0.2487 0.8874
vn -0.3918 -0.5011 0.7717
vn -0.6104 -0.4279 0.6666
vn -0.5977 -0.5766 0.5570
vn -0.5909 -0.5898 0.5505
vn -0.3821 -0.6310 0.6752
vn -0.3967 -0.4989 0.7705
vn -0.4009 -0.7135 0.5746
vn -0.6183 -0.6094 0.4964
vn -0.6058 -0.7164 0.3462
vn -0.5990 -0.7269 0.3359
vn -0.3914 -0.8069 0.4425
vn -0.4057 -0.7111 0.5742
vn -0.4090 -0.8585 0.3095
vn -0.6250 -0.7333 0.2676
vn -0.6123 -0.7852 0.0924
vn -0.6050 -0.7924 0.0780
vn -0.3984 -0.9041 0.1544
vn -0.4132 -0.8563 0.3099
vn -0.4117 -0.9113 0.0052
vn -0.6271 -0.7789 0.0052
vn -0.6138 -0.7698 -0.1753
vn -0.6039 -0.7732 -0.1938
vn -0.3975 -0.9042 -0.1563
vn -0.4133 -0.9106 0.0057
vn -0.4082 -0.8630 -0.2977
vn -0.6237 -0.7385 -0.2561
vn -0.6098 -0.6709 -0.4220
vn -0.5994 -0.6672 -0.4423
vn -0.3928 -0.8032 -0.4477
vn -0.4096 -0.8625 -0.2971
vn -0.3986 -0.7257 -0.5608
vn -0.6153 -0.6223 -0.4840
vn -0.6009 -0.5055 -0.6191
vn -0.5902 -0.4948 -0.6378
vn -0.3828 -0.6213 -0.6837
vn -0.4002 -0.7254 -0.5601
vn -0.3910 -0.5224 -0.7578
vn -0.6087 -0.4482 -0.6547
vn -0.5942 -0.2954 -0.7481
vn -0.5836 -0.2798 -0.7623
vn -0.3754 -0.3852 -0.8430
vn -0.3927 -0.5223 -0.7570
vn -0.3855 -0.2793 -0.8795
vn -0.6040 -0.2400 -0.7600
vn -0.5897 -0.0651 -0.8050
vn -0.5791 -0.0472 -0.8139
vn -0.3700 -0.1230 -0.9209
vn -0.3869 -0.2796 -0.8787
vn -0.3830 -0.0163 -0.9236
vn -0.6022 -0.0149 -0.7982
vn -0.5885 0.1675 -0.7910
vn -0.5796 0.1848 -0.7937
vn -0.3700 0.1454 -0.9176
vn -0.3860 -0.0170 -0.9224
vn -0.3857 0.2497 -0.8882
vn -0.6048 0.2128 -0.7674
vn -0.5917 0.3868 -0.7073
vn -0.5841 0.4023 -0.7050
vn -0.3747 0.4027 -0.8351
vn -0.3899 0.2483 -0.8868
vn -0.3921 0.5010 -0.7715
vn -0.6107 0.4277 -0.6665
vn -0.5980 0.5766 -0.5568
vn -0.5897 0.5903 -0.5511
vn -0.3809 0.6313 -0.6756
vn -0.3955 0.4993 -0.7709
vn -0.3999 0.7139 -0.5748
vn -0.6174 0.6100 -0.4967
vn -0.6049 0.7169 -0.3465
vn -0.5990 0.7269 -0.3359
vn -0.3913 0.8069 -0.4425
vn -0.4057 0.7111 -0.5742
vn 0.1014 0.9948 -0.0099
vn 0.1246 0.9788 -0.1625
vn 0.0040 0.9804 -0.1971
vn -0.0030 0.9820 -0.1890
vn -0.0203 0.9998 -0.0069
vn 0.1130 0.9936 -0.0072
vn -0.9588 -0.2773 0.0617
vn -0.6851 0.7281 0.0224
vn -0.6853 0.7131 -0.1480
vn -0.6857 0.7102 -0.1594
vn -0.9589 -0.2836 -0.0015
vn -0.9588 -0.2780 0.0581
vn 0.1124 0.9389 -0.3253
vn -0.0206 0.9447 -0.3273
vn -0.0031 0.9887 -0.1501
vn 0.0040 0.9899 -0.1416
vn 0.1244 0.9769 -0.1740
vn 0.1009 0.9409 -0.3232
vn 0.1008 0.9409 0.3232
vn 0.1243 0.9769 0.1740
vn 0.0038 0.9899 0.1415
vn -0.0031 0.9887 0.1501
vn -0.0206 0.9447 0.3273
vn 0.1124 0.9389 0.3253
vn -0.9589 -0.2827 -0.0247
vn -0.6842 0.6832 0.2552
vn -0.6846 0.7222 0.0986
vn -0.6855 0.7241 0.0751
vn -0.9593 -0.2684 -0.0881
vn -0.9591 -0.2807 -0.0376
vn 0.1130 0.9936 0.0072
vn -0.0203 0.9998 0.0069
vn -0.0030 0.9820 0.1890
vn 0.0039 0.9804 0.1970
vn 0.1245 0.9788 0.1625
vn 0.1013 0.9948 0.0099
vn 0.0988 0.7841 0.6127
vn 0.1228 0.8667 0.4834
vn 0.0025 0.8897 0.4565
vn -0.0049 0.8856 0.4644
vn -0.0227 0.7863 0.6175
vn 0.1103 0.7816 0.6140
vn -0.9598 -0.2596 -0.1065
vn -0.6810 0.5693 0.4605
vn -0.6817 0.6532 0.3295
vn -0.6830 0.6664 0.2990
vn -0.9605 -0.2253 -0.1636
vn -0.9602 -0.2502 -0.1241
vn 0.1121 0.9351 0.3361
vn -0.0212 0.9411 0.3375
vn -0.0041 0.8638 0.5038
vn 0.0027 0.8597 0.5108
vn 0.1232 0.8697 0.4779
vn 0.1001 0.9354 0.3392
vn 0.0955 0.5541 0.8270
vn 0.1197 0.6729 0.7300
vn -0.0004 0.7032 0.7110
vn -0.0083 0.6967 0.7174
vn -0.0263 0.5544 0.8318
vn 0.1065 0.5513 0.8275
vn -0.9612 -0.2124 -0.1761
vn -0.6772 0.4001 0.6175
vn -0.6779 0.5209 0.5187
vn -0.6795 0.5455 0.4906
vn -0.9619 -0.1615 -0.2206
vn -0.9616 -0.1965 -0.1915
vn 0.1097 0.7789 0.6175
vn -0.0236 0.7839 0.6204
vn -0.0065 0.6573 0.7536
vn -0.0001 0.6514 0.7587
vn 0.1202 0.6717 0.7310
vn 0.0972 0.7781 0.6205
vn 0.0927 0.2834 0.9545
vn 0.1169 0.4256 0.8973
vn -0.0030 0.4600 0.8879
vn -0.0110 0.4520 0.8919
vn -0.0290 0.2818 0.9590
vn 0.1038 0.2804 0.9542
vn -0.9625 -0.1461 -0.2287
vn -0.6740 0.1942 0.7127
vn -0.6747 0.3451 0.6525
vn -0.6760 0.3741 0.6348
vn -0.9631 -0.0840 -0.2555
vn -0.9629 -0.1298 -0.2367
vn 0.1061 0.5543 0.8255
vn -0.0271 0.5580 0.8294
vn -0.0097 0.3967 0.9179
vn -0.0030 0.3894 0.9211
vn 0.1171 0.4177 0.9010
vn 0.0938 0.5526 0.8282
vn 0.0914 -0.0030 0.9958
vn 0.1154 0.1497 0.9820
vn -0.0044 0.1851 0.9827
vn -0.0121 0.1766 0.9842
vn -0.0300 -0.0062 0.9995
vn 0.1030 -0.0058 0.9947
vn -0.9633 -0.0664 -0.2601
vn -0.6725 -0.0284 0.7395
vn -0.6729 0.1433 0.7257
vn -0.6739 0.1675 0.7196
vn -0.9637 0.0002 -0.2668
vn -0.9635 -0.0563 -0.2617
vn 0.1037 0.2895 0.9515
vn -0.0294 0.2916 0.9561
vn -0.0117 0.1118 0.9937
vn -0.0044 0.1035 0.9946
vn 0.1155 0.1369 0.9838
vn 0.0918 0.2872 0.9535
vn 0.0920 -0.2872 0.9535
vn 0.1157 -0.1369 0.9838
vn -0.0043 -0.1035 0.9946
vn -0.0117 -0.1118 0.9937
vn -0.0294 -0.2916 0.9561
vn 0.1037 -0.2895 0.9515
vn -0.9633 0.0201 -0.2678
vn -0.6735 -0.2476 0.6965
vn -0.6735 -0.0700 0.7359
vn -0.6740 -0.0566 0.7366
vn -0.9634 0.0846 -0.2543
vn -0.9633 0.0211 -0.2677
vn 0.1030 0.0058 0.9947
vn -0.0300 0.0062 0.9995
vn -0.0121 -0.1766 0.9842
vn -0.0043 -0.1851 0.9827
vn 0.1156 -0.1497 0.9820
vn 0.0915 0.0030 0.9958
vn 0.0938 -0.5526 0.8281
vn 0.1171 -0.4176 0.9010
vn -0.0030 -0.3894 0.9211
vn -0.0098 -0.3967 0.9179
vn -0.0271 -0.5580 0.8294
vn 0.1061 -0.5543 0.8256
vn -0.9624 0.1057 -0.2501
vn -0.6763 -0.4440 0.5877
vn -0.6761 -0.2812 0.6811
vn -0.6763 -0.2776 0.6823
vn -0.9623 0.1621 -0.2183
vn -0.9623 0.1006 -0.2527
vn 0.1038 -0.2804 0.9542
vn -0.0290 -0.2818 0.9590
vn -0.0110 -0.4520 0.8919
vn -0.0030 -0.4600 0.8879
vn 0.1169 -0.4256 0.8973
vn 0.0927 -0.2834 0.9545
vn 0.0972 -0.7781 0.6206
vn 0.1202 -0.6717 0.7310
vn -0.0001 -0.6514 0.7587
vn -0.0070 -0.6573 0.7536
vn -0.0242 -0.7839 0.6204
vn 0.1091 -0.7789 0.6176
vn -0.9610 0.1828 -0.2076
vn -0.6803 -0.5995 0.4216
vn -0.6800 -0.4733 0.5600
vn -0.6800 -0.4736 0.5598
vn -0.9609 0.2258 -0.1605
vn -0.9609 0.1771 -0.2129
vn 0.1066 -0.5512 0.8275
vn -0.0262 -0.5544 0.8318
vn -0.0082 -0.6967 0.7174
vn -0.0004 -0.7032 0.7110
vn 0.1196 -0.6729 0.7300
vn 0.0954 -0.5541 0.8270
vn 0.1001 -0.9354 0.3392
vn 0.1231 -0.8698 0.4779
vn 0.0026 -0.8597 0.5107
vn -0.0041 -0.8638 0.5039
vn -0.0213 -0.9411 0.3375
vn 0.1121 -0.9351 0.3362
vn -0.9597 0.2424 -0.1425
vn -0.6835 -0.6985 0.2117
vn -0.6834 -0.6251 0.3772
vn -0.6834 -0.6237 0.3794
vn -0.9596 0.2682 -0.0848
vn -0.9596 0.2403 -0.1463
vn 0.1096 -0.7816 0.6141
vn -0.0233 -0.7862 0.6175
vn -0.0055 -0.8856 0.4644
vn 0.0025 -0.8897 0.4565
vn 0.1228 -0.8667 0.4834
vn 0.0988 -0.7841 0.6127
vn 0.1013 -0.9948 0.0098
vn 0.1245 -0.9788 0.1625
vn 0.0039 -0.9804 0.1970
vn -0.0023 -0.9820 0.1890
vn -0.0195 -0.9998 0.0069
vn 0.1137 -0.9935 0.0072
vn -0.9588 0.2773 -0.0617
vn -0.6851 -0.7281 -0.0224
vn -0.6853 -0.7131 0.1480
vn -0.6857 -0.7102 0.1594
vn -0.9589 0.2836 0.0015
vn -0.9588 0.2780 -0.0581
vn 0.1125 -0.9389 0.3252
vn -0.0206 -0.9447 0.3273
vn -0.0031 -0.9887 0.1501
vn 0.0038 -0.9899 0.1416
vn 0.1243 -0.9769 0.1740
vn 0.1007 -0.9409 0.3233
vn 0.1008 -0.9409 -0.3232
vn 0.1244 -0.9769 -0.1740
vn 0.0039 -0.9899 -0.1416
vn -0.0031 -0.9887 -0.1501
vn -0.0206 -0.9447 -0.3273
vn 0.1125 -0.9389 -0.3252
vn -0.9589 0.2827 0.0247
vn -0.6841 -0.6832 -0.2552
vn -0.6846 -0.7222 -0.0986
vn -0.6856 -0.7241 -0.0751
vn -0.9593 0.2684 0.0881
vn -0.9591 0.2807 0.0376
vn 0.1137 -0.9935 -0.0072
vn -0.0195 -0.9998 -0.0069
vn -0.0023 -0.9820 -0.1890
vn 0.0040 -0.9804 -0.1971
vn 0.1246 -0.9788 -0.1625
vn 0.1014 -0.9948 -0.0098
vn 0.0984 -0.7841 -0.6127
vn 0.1224 -0.8668 -0.4834
vn 0.0021 -0.8897 -0.4565
vn -0.0055 -0.8856 -0.4644
vn -0.0233 -0.7862 -0.6175
vn 0.1096 -0.7816 -0.6141
vn -0.9598 0.2597 0.1067
vn -0.6812 -0.5691 -0.4605
vn -0.6818 -0.6532 -0.3294
vn -0.6831 -0.6664 -0.2988
vn -0.9604 0.2254 0.1636
vn -0.9602 0.2502 0.1243
vn 0.1122 -0.9351 -0.3362
vn -0.0212 -0.9411 -0.3376
vn -0.0041 -0.8638 -0.5039
vn 0.0023 -0.8598 -0.5107
vn 0.1228 -0.8698 -0.4779
vn 0.0998 -0.9354 -0.3392
vn 0.0954 -0.5541 -0.8270
vn 0.1196 -0.6729 -0.7300
vn -0.0005 -0.7032 -0.7110
vn -0.0083 -0.6967 -0.7174
vn -0.0263 -0.5544 -0.8318
vn 0.1066 -0.5513 -0.8275
vn -0.9612 0.2124 0.1762
vn -0.6772 -0.4001 -0.6175
vn -0.6780 -0.5209 -0.5187
vn -0.6796 -0.5454 -0.4906
vn -0.9619 0.1615 0.2207
vn -0.9616 0.1966 0.1916
vn 0.1092 -0.7789 -0.6176
vn -0.0241 -0.7839 -0.6204
vn -0.0069 -0.6573 -0.7536
vn -0.0003 -0.6514 -0.7587
vn 0.1201 -0.6717 -0.7310
vn 0.0970 -0.7781 -0.6206
vn 0.0925 -0.2834 -0.9545
vn 0.1167 -0.4256 -0.8973
vn -0.0032 -0.4600 -0.8879
vn -0.0107 -0.4521 -0.8919
vn -0.0287 -0.2818 -0.9590
vn 0.1042 -0.2804 -0.9542
vn -0.9625 0.1461 0.2286
vn -0.6739 -0.1942 -0.7128
vn -0.6746 -0.3451 -0.6526
vn -0.6759 -0.3742 -0.6349
vn -0.9632 0.0839 0.2554
vn -0.9629 0.1298 0.2366
vn 0.1061 -0.5543 -0.8255
vn -0.0271 -0.5580 -0.8294
vn -0.0097 -0.3967 -0.9179
vn -0.0032 -0.3894 -0.9211
vn 0.1169 -0.4177 -0.9010
vn 0.0937 -0.5526 -0.8282
vn 0.0910 0.0031 -0.9958
vn 0.1150 -0.1497 -0.9820
vn -0.0048 -0.1851 -0.9827
vn -0.0116 -0.1766 -0.9842
vn -0.0295 0.0062 -0.9995
vn 0.1035 0.0058 -0.9946
vn -0.9633 0.0664 0.2601
vn -0.6725 0.0285 -0.7395
vn -0.6729 -0.1433 -0.7257
vn -0.6740 -0.1675 -0.7195
vn -0.9637 -0.0002 0.2670
vn -0.9635 0.0564 0.2618
vn 0.1040 -0.2895 -0.9515
vn -0.0291 -0.2916 -0.9561
vn -0.0114 -0.1118 -0.9937
vn -0.0047 -0.1036 -0.9946
vn 0.1152 -0.1369 -0.9839
vn 0.0915 -0.2872 -0.9535
vn 0.0913 0.2872 -0.9535
vn 0.1150 0.1369 -0.9839
vn -0.0050 0.1035 -0.9946
vn -0.0114 0.1118 -0.9937
vn -0.0291 0.2916 -0.9561
vn 0.1040 0.2895 -0.9515
vn -0.9633 -0.0200 0.2677
vn -0.6734 0.2477 -0.6966
vn -0.6734 0.0701 -0.7359
vn -0.6740 0.0566 -0.7365
vn -0.9634 -0.0846 0.2543
vn -0.9633 -0.0211 0.2677
vn 0.1035 -0.0058 -0.9946
vn -0.0294 -0.0062 -0.9995
vn -0.0116 0.1766 -0.9842
vn -0.0050 0.1851 -0.9827
vn 0.1149 0.1497 -0.9820
vn 0.0909 -0.0031 -0.9959
vn 0.0937 0.5526 -0.8282
vn 0.1170 0.4177 -0.9010
vn -0.0031 0.3894 -0.9211
vn -0.0097 0.3967 -0.9179
vn -0.0271 0.5580 -0.8294
vn 0.1061 0.5543 -0.8255
vn -0.9624 -0.1058 0.2502
vn -0.6764 0.4440 -0.5877
vn -0.6761 0.2811 -0.6810
vn -0.6763 0.2776 -0.6823
vn -0.9623 -0.1621 0.2182
vn -0.9623 -0.1006 0.2527
vn 0.1042 0.2804 -0.9542
vn -0.0287 0.2818 -0.9590
vn -0.0107 0.4520 -0.8919
vn -0.0032 0.4600 -0.8879
vn 0.1167 0.4256 -0.8973
vn 0.0925 0.2834 -0.9545
vn 0.0970 0.7781 -0.6206
vn 0.1200 0.6717 -0.7310
vn -0.0003 0.6514 -0.7588
vn -0.0063 0.6573 -0.7536
vn -0.0235 0.7839 -0.6204
vn 0.1098 0.7788 -0.6175
vn -0.9611 -0.1825 0.2074
vn -0.6801 0.5997 -0.4217
vn -0.6798 0.4734 -0.5602
vn -0.6800 0.4735 -0.5598
vn -0.9609 -0.2258 0.1605
vn -0.9609 -0.1772 0.2129
vn 0.1064 0.5513 -0.8275
vn -0.0264 0.5544 -0.8318
vn -0.0084 0.6967 -0.7174
vn -0.0004 0.7031 -0.7110
vn 0.1197 0.6729 -0.7300
vn 0.0955 0.5541 -0.8270
vn 0.0998 0.9354 -0.3392
vn 0.1228 0.8698 -0.4779
vn 0.0023 0.8597 -0.5107
vn -0.0041 0.8638 -0.5039
vn -0.0212 0.9411 -0.3375
vn 0.1121 0.9351 -0.3362
vn -0.9596 -0.2425 0.1425
vn -0.6835 0.6986 -0.2117
vn -0.6834 0.6251 -0.3771
vn -0.6835 0.6236 -0.3793
vn -0.9596 -0.2683 0.0848
vn -0.9596 -0.2405 0.1462
vn 0.1102 0.7816 -0.6140
vn -0.0227 0.7863 -0.6175
vn -0.0049 0.8856 -0.4644
vn 0.0021 0.8897 -0.4565
vn 0.1224 0.8668 -0.4835
vn 0.0985 0.7841 -0.6127
vn -0.9950 0.0986 0.0184
vn -0.9940 0.1082 0.0181
vn -0.9939 0.1040 -0.0353
vn -0.9939 0.1043 -0.0349
vn -0.9949 0.0948 -0.0337
vn -0.9950 0.0984 0.0187
vn -0.9949 0.0887 0.0487
vn -0.9939 0.0971 0.0524
vn -0.9940 0.1098 0.0004
vn -0.9940 0.1095 -0.0007
vn -0.9950 0.1002 -0.0021
vn -0.9949 0.0882 0.0492
vn -0.9947 0.0704 0.0749
vn -0.9938 0.0763 0.0814
vn -0.9939 0.1047 0.0359
vn -0.9939 0.1048 0.0334
vn -0.9949 0.0962 0.0297
vn -0.9947 0.0697 0.0753
vn -0.9945 0.0447 0.0943
vn -0.9936 0.0482 0.1023
vn -0.9937 0.0894 0.0675
vn -0.9938 0.0903 0.0648
vn -0.9948 0.0832 0.0590
vn -0.9945 0.0445 0.0943
vn -0.9944 0.0139 0.1044
vn -0.9935 0.0154 0.1132
vn -0.9936 0.0656 0.0924
vn -0.9936 0.0670 0.0907
vn -0.9946 0.0620 0.0830
vn -0.9944 0.0146 0.1045
vn -0.9944 -0.0186 0.1036
vn -0.9934 -0.0188 0.1131
vn -0.9935 0.0356 0.1086
vn -0.9935 0.0363 0.1081
vn -0.9945 0.0341 0.0992
vn -0.9944 -0.0173 0.1043
vn -0.9946 -0.0490 0.0920
vn -0.9935 -0.0512 0.1019
vn -0.9934 0.0021 0.1143
vn -0.9934 0.0013 0.1146
vn -0.9944 0.0024 0.1053
vn -0.9945 -0.0477 0.0935
vn -0.9947 -0.0738 0.0714
vn -0.9936 -0.0786 0.0810
vn -0.9935 -0.0318 0.1090
vn -0.9935 -0.0340 0.1089
vn -0.9945 -0.0295 0.1006
vn -0.9946 -0.0731 0.0730
vn -0.9949 -0.0909 0.0442
vn -0.9938 -0.0984 0.0521
vn -0.9937 -0.0628 0.0930
vn -0.9936 -0.0653 0.0920
vn -0.9946 -0.0581 0.0856
vn -0.9948 -0.0908 0.0454
vn -0.9950 -0.0993 0.0134
vn -0.9939 -0.1087 0.0180
vn -0.9938 -0.0878 0.0676
vn -0.9938 -0.0893 0.0663
vn -0.9948 -0.0805 0.0625
vn -0.9950 -0.0994 0.0138
vn -0.9950 -0.0986 -0.0184
vn -0.9940 -0.1082 -0.0181
vn -0.9939 -0.1040 0.0353
vn -0.9939 -0.1043 0.0349
vn -0.9949 -0.0948 0.0337
vn -0.9950 -0.0984 -0.0187
vn -0.9949 -0.0887 -0.0487
vn -0.9939 -0.0971 -0.0524
vn -0.9940 -0.1098 -0.0004
vn -0.9940 -0.1095 0.0007
vn -0.9950 -0.1002 0.0021
vn -0.9949 -0.0882 -0.0493
vn -0.9947 -0.0704 -0.0749
vn -0.9938 -0.0763 -0.0814
vn -0.9939 -0.1047 -0.0359
vn -0.9939 -0.1048 -0.0334
vn -0.9949 -0.0962 -0.0297
vn -0.9947 -0.0697 -0.0752
vn -0.9945 -0.0447 -0.0943
vn -0.9936 -0.0482 -0.1023
vn -0.9937 -0.0894 -0.0675
vn -0.9938 -0.0903 -0.0648
vn -0.9948 -0.0832 -0.0590
vn -0.9945 -0.0445 -0.0944
vn -0.9944 -0.0139 -0.1044
vn -0.9935 -0.0154 -0.1132
vn -0.9936 -0.0656 -0.0925
vn -0.9936 -0.0670 -0.0907
vn -0.9946 -0.0620 -0.0830
vn -0.9944 -0.0145 -0.1045
vn -0.9944 0.0186 -0.1037
vn -0.9934 0.0188 -0.1130
vn -0.9935 -0.0356 -0.1086
vn -0.9935 -0.0363 -0.1081
vn -0.9945 -0.0341 -0.0991
vn -0.9944 0.0173 -0.1043
vn -0.9946 0.0490 -0.0920
vn -0.9935 0.0512 -0.1019
vn -0.9934 -0.0021 -0.1143
vn -0.9934 -0.0013 -0.1146
vn -0.9944 -0.0024 -0.1053
vn -0.9945 0.0477 -0.0935
vn -0.9947 0.0738 -0.0713
vn -0.9936 0.0786 -0.0810
vn -0.9935 0.0318 -0.1090
vn -0.9935 0.0340 -0.1089
vn -0.9945 0.0296 -0.1006
vn -0.9946 0.0731 -0.0730
vn -0.9949 0.0909 -0.0442
vn -0.9938 0.0984 -0.0521
vn -0.9937 0.0628 -0.0930
vn -0.9936 0.0653 -0.0920
vn -0.9946 0.0581 -0.0857
vn -0.9948 0.0908 -0.0454
vn -0.9948 0.0801 -0.0628
vn -0.9950 0.0994 -0.0137
vn -0.9940 0.1085 -0.0163
vn -0.9939 0.1087 -0.0182
vn -0.9938 0.0878 -0.0675
vn -0.9948 0.0807 -0.0623
vn -0.9887 -0.1477 0.0239
vn -0.9886 -0.1498 -0.0147
vn -0.9347 0.3446 -0.0867
vn -0.9344 0.3478 -0.0767
vn -0.9350 0.3531 0.0335
vn -0.9887 -0.1464 0.0330
vn -0.7729 0.6338 0.0285
vn -0.9946 0.0988 0.0333
vn -0.9926 0.1051 0.0608
vn -0.9944 0.0919 -0.0526
vn -0.7730 0.6197 -0.1359
vn -0.7657 0.6413 -0.0490
vn -0.9886 -0.1507 0.0041
vn -0.9344 0.3275 -0.1401
vn -0.9344 0.3541 -0.0388
vn -0.9350 0.3541 -0.0220
vn -0.9888 -0.1402 0.0507
vn -0.9888 -0.1480 0.0201
vn -0.9888 -0.1480 -0.0201
vn -0.9888 -0.1401 -0.0507
vn -0.9350 0.3541 0.0220
vn -0.9344 0.3541 0.0388
vn -0.9344 0.3275 0.1401
vn -0.9886 -0.1507 -0.0041
vn -0.7703 0.5943 0.2312
vn -0.9934 0.0815 0.0808
vn -0.9921 0.0802 0.0967
vn -0.9949 0.1004 -0.0028
vn -0.7736 0.6298 0.0702
vn -0.7645 0.6227 0.1664
vn -0.9887 -0.1464 -0.0330
vn -0.9350 0.3531 -0.0335
vn -0.9344 0.3478 0.0767
vn -0.9347 0.3446 0.0867
vn -0.9886 -0.1498 0.0147
vn -0.9887 -0.1477 -0.0239
vn -0.9892 -0.1316 -0.0652
vn -0.9893 -0.1198 -0.0838
vn -0.9344 0.3319 0.1293
vn -0.9335 0.3242 0.1530
vn -0.9333 0.2711 0.2355
vn -0.9888 -0.1429 -0.0434
vn -0.7642 0.4964 0.4117
vn -0.9917 0.0526 0.1172
vn -0.9906 0.0485 0.1276
vn -0.9945 0.0949 0.0447
vn -0.7699 0.5789 0.2685
vn -0.7593 0.5413 0.3612
vn -0.9890 -0.1316 -0.0675
vn -0.9348 0.3470 0.0756
vn -0.9337 0.3084 0.1820
vn -0.9338 0.3039 0.1886
vn -0.9887 -0.1482 -0.0239
vn -0.9890 -0.1339 -0.0625
vn -0.9897 -0.0985 -0.1038
vn -0.9898 -0.0881 -0.1123
vn -0.9333 0.2783 0.2269
vn -0.9321 0.2596 0.2524
vn -0.9320 0.1870 0.3105
vn -0.9893 -0.1208 -0.0824
vn -0.7572 0.3491 0.5521
vn -0.9904 0.0193 0.1370
vn -0.9888 0.0092 0.1489
vn -0.9934 0.0799 0.0826
vn -0.7635 0.4724 0.4403
vn -0.7523 0.4092 0.5163
vn -0.9895 -0.1060 -0.0984
vn -0.9339 0.3092 0.1793
vn -0.9324 0.2415 0.2689
vn -0.9326 0.2337 0.2751
vn -0.9890 -0.1335 -0.0634
vn -0.9895 -0.1103 -0.0937
vn -0.9902 -0.0536 -0.1291
vn -0.9902 -0.0447 -0.1324
vn -0.9320 0.1958 0.3050
vn -0.9308 0.1678 0.3247
vn -0.9311 0.0814 0.3557
vn -0.9898 -0.0830 -0.1155
vn -0.7518 0.1670 0.6379
vn -0.9899 -0.0117 0.1410
vn -0.9873 -0.0349 0.1552
vn -0.9921 0.0610 0.1092
vn -0.7568 0.3200 0.5700
vn -0.7462 0.2415 0.6204
vn -0.9900 -0.0686 -0.1234
vn -0.9327 0.2409 0.2683
vn -0.9311 0.1531 0.3312
vn -0.9314 0.1380 0.3368
vn -0.9896 -0.1037 -0.1000
vn -0.9900 -0.0788 -0.1174
vn -0.9904 -0.0053 -0.1382
vn -0.9903 0.0070 -0.1385
vn -0.9310 0.0906 0.3535
vn -0.9301 0.0605 0.3624
vn -0.9309 -0.0345 0.3637
vn -0.9903 -0.0333 -0.1352
vn -0.7501 -0.0316 0.6606
vn -0.9904 -0.0367 0.1334
vn -0.9866 -0.0781 0.1434
vn -0.9911 0.0409 0.1266
vn -0.7521 0.1357 0.6449
vn -0.7429 0.0531 0.6672
vn -0.9903 -0.0203 -0.1375
vn -0.9315 0.1465 0.3329
vn -0.9302 0.0499 0.3637
vn -0.9308 0.0256 0.3646
vn -0.9901 -0.0595 -0.1272
vn -0.9903 -0.0399 -0.1331
vn -0.9903 0.0399 -0.1331
vn -0.9901 0.0595 -0.1271
vn -0.9308 -0.0256 0.3646
vn -0.9302 -0.0499 0.3637
vn -0.9315 -0.1465 0.3329
vn -0.9903 0.0203 -0.1375
vn -0.7529 -0.2264 0.6179
vn -0.9914 -0.0574 0.1177
vn -0.9872 -0.1123 0.1136
vn -0.9905 0.0191 0.1365
vn -0.7515 -0.0628 0.6568
vn -0.7441 -0.1408 0.6531
vn -0.9903 0.0333 -0.1352
vn -0.9309 0.0345 0.3637
vn -0.9301 -0.0605 0.3624
vn -0.9310 -0.0906 0.3535
vn -0.9903 -0.0070 -0.1385
vn -0.9904 0.0053 -0.1382
vn -0.9900 0.0788 -0.1174
vn -0.9896 0.1037 -0.1000
vn -0.9314 -0.1380 0.3368
vn -0.9311 -0.1531 0.3312
vn -0.9327 -0.2409 0.2684
vn -0.9900 0.0686 -0.1234
vn -0.7590 -0.3979 0.5154
vn -0.9927 -0.0760 0.0942
vn -0.9887 -0.1318 0.0713
vn -0.9905 -0.0078 0.1374
vn -0.7550 -0.2556 0.6038
vn -0.7489 -0.3251 0.5774
vn -0.9898 0.0830 -0.1155
vn -0.9311 -0.0814 0.3557
vn -0.9308 -0.1678 0.3247
vn -0.9320 -0.1958 0.3050
vn -0.9902 0.0447 -0.1324
vn -0.9902 0.0536 -0.1291
vn -0.9895 0.1103 -0.0936
vn -0.9890 0.1335 -0.0634
vn -0.9326 -0.2337 0.2751
vn -0.9324 -0.2415 0.2691
vn -0.9339 -0.3092 0.1794
vn -0.9895 0.1060 -0.0983
vn -0.7659 -0.5304 0.3635
vn -0.9939 -0.0923 0.0607
vn -0.9906 -0.1349 0.0243
vn -0.9914 -0.0393 0.1248
vn -0.7615 -0.4234 0.4907
vn -0.7558 -0.4820 0.4432
vn -0.9893 0.1207 -0.0824
vn -0.9320 -0.1870 0.3105
vn -0.9321 -0.2596 0.2524
vn -0.9333 -0.2783 0.2269
vn -0.9898 0.0881 -0.1123
vn -0.9897 0.0985 -0.1038
vn -0.9890 0.1339 -0.0625
vn -0.9887 0.1482 -0.0239
vn -0.9338 -0.3040 0.1885
vn -0.9337 -0.3084 0.1820
vn -0.9348 -0.3470 0.0756
vn -0.9890 0.1316 -0.0674
vn -0.7713 -0.6116 0.1762
vn -0.9947 -0.1017 0.0164
vn -0.9920 -0.1243 -0.0207
vn -0.9929 -0.0699 0.0958
vn -0.7684 -0.5487 0.3294
vn -0.7623 -0.5924 0.2606
vn -0.9888 0.1429 -0.0434
vn -0.9333 -0.2712 0.2355
vn -0.9335 -0.3243 0.1530
vn -0.9344 -0.3319 0.1293
vn -0.9893 0.1198 -0.0838
vn -0.9892 0.1316 -0.0652
vn -0.9887 0.1477 -0.0240
vn -0.9886 0.1498 0.0147
vn -0.9347 -0.3446 0.0867
vn -0.9344 -0.3478 0.0767
vn -0.9350 -0.3531 -0.0335
vn -0.9887 0.1464 -0.0330
vn -0.7729 -0.6339 -0.0285
vn -0.9946 -0.0988 -0.0333
vn -0.9926 -0.1052 -0.0608
vn -0.9944 -0.0919 0.0525
vn -0.7730 -0.6196 0.1360
vn -0.7657 -0.6413 0.0490
vn -0.9886 0.1507 -0.0041
vn -0.9344 -0.3275 0.1401
vn -0.9344 -0.3541 0.0388
vn -0.9350 -0.3541 0.0220
vn -0.9888 0.1401 -0.0507
vn -0.9888 0.1480 -0.0201
vn -0.9888 0.1480 0.0201
vn -0.9888 0.1402 0.0507
vn -0.9350 -0.3541 -0.0220
vn -0.9344 -0.3541 -0.0388
vn -0.9344 -0.3275 -0.1401
vn -0.9886 0.1507 0.0041
vn -0.7703 -0.5943 -0.2312
vn -0.9934 -0.0815 -0.0808
vn -0.9921 -0.0802 -0.0966
vn -0.9949 -0.1004 0.0026
vn -0.7736 -0.6298 -0.0701
vn -0.7645 -0.6228 -0.1665
vn -0.9887 0.1464 0.0330
vn -0.9350 -0.3531 0.0335
vn -0.9344 -0.3478 -0.0767
vn -0.9347 -0.3446 -0.0867
vn -0.9886 0.1498 -0.0146
vn -0.9887 0.1477 0.0239
vn -0.9892 0.1316 0.0652
vn -0.9893 0.1198 0.0838
vn -0.9344 -0.3319 -0.1293
vn -0.9335 -0.3242 -0.1530
vn -0.9333 -0.2711 -0.2355
vn -0.9888 0.1429 0.0434
vn -0.7643 -0.4964 -0.4118
vn -0.9917 -0.0526 -0.1171
vn -0.9907 -0.0484 -0.1275
vn -0.9945 -0.0950 -0.0446
vn -0.7699 -0.5789 -0.2685
vn -0.7593 -0.5413 -0.3611
vn -0.9890 0.1316 0.0674
vn -0.9348 -0.3470 -0.0756
vn -0.9337 -0.3084 -0.1820
vn -0.9338 -0.3040 -0.1885
vn -0.9887 0.1482 0.0239
vn -0.9890 0.1339 0.0625
vn -0.9897 0.0985 0.1038
vn -0.9898 0.0881 0.1123
vn -0.9333 -0.2783 -0.2269
vn -0.9321 -0.2597 -0.2524
vn -0.9320 -0.1871 -0.3105
vn -0.9893 0.1206 0.0824
vn -0.7572 -0.3493 -0.5520
vn -0.9904 -0.0193 -0.1371
vn -0.9888 -0.0092 -0.1488
vn -0.9934 -0.0798 -0.0827
vn -0.7636 -0.4722 -0.4404
vn -0.7523 -0.4092 -0.5164
vn -0.9895 0.1060 0.0984
vn -0.9340 -0.3092 -0.1793
vn -0.9324 -0.2415 -0.2689
vn -0.9326 -0.2337 -0.2751
vn -0.9890 0.1335 0.0634
vn -0.9895 0.1102 0.0936
vn -0.9902 0.0538 0.1290
vn -0.9902 0.0447 0.1323
vn -0.9320 -0.1957 -0.3051
vn -0.9308 -0.1678 -0.3248
vn -0.9310 -0.0815 -0.3557
vn -0.9899 0.0830 0.1154
vn -0.7517 -0.1671 -0.6380
vn -0.9899 0.0117 -0.1411
vn -0.9872 0.0350 -0.1554
vn -0.9921 -0.0609 -0.1093
vn -0.7567 -0.3200 -0.5700
vn -0.7461 -0.2415 -0.6205
vn -0.9900 0.0685 0.1234
vn -0.9327 -0.2410 -0.2684
vn -0.9310 -0.1532 -0.3312
vn -0.9314 -0.1381 -0.3368
vn -0.9896 0.1036 0.1000
vn -0.9900 0.0787 0.1174
vn -0.9904 0.0053 0.1382
vn -0.9903 -0.0070 0.1385
vn -0.9310 -0.0906 -0.3535
vn -0.9301 -0.0605 -0.3624
vn -0.9309 0.0345 -0.3637
vn -0.9903 0.0333 0.1352
vn -0.7501 0.0316 -0.6605
vn -0.9904 0.0367 -0.1333
vn -0.9866 0.0779 -0.1433
vn -0.9911 -0.0412 -0.1266
vn -0.7521 -0.1358 -0.6449
vn -0.7430 -0.0532 -0.6671
vn -0.9903 0.0204 0.1374
vn -0.9315 -0.1465 -0.3330
vn -0.9302 -0.0498 -0.3638
vn -0.9308 -0.0256 -0.3646
vn -0.9901 0.0595 0.1271
vn -0.9903 0.0399 0.1331
vn -0.9903 -0.0399 0.1331
vn -0.9901 -0.0595 0.1272
vn -0.9308 0.0256 -0.3646
vn -0.9301 0.0498 -0.3638
vn -0.9315 0.1464 -0.3331
vn -0.9903 -0.0204 0.1374
vn -0.7529 0.2263 -0.6181
vn -0.9914 0.0571 -0.1179
vn -0.9872 0.1122 -0.1136
vn -0.9904 -0.0193 -0.1365
vn -0.7515 0.0629 -0.6568
vn -0.7441 0.1408 -0.6531
vn -0.9903 -0.0333 0.1352
vn -0.9309 -0.0345 -0.3637
vn -0.9301 0.0605 -0.3624
vn -0.9310 0.0906 -0.3535
vn -0.9903 0.0070 0.1385
vn -0.9904 -0.0053 0.1382
vn -0.9900 -0.0787 0.1174
vn -0.9896 -0.1036 0.1000
vn -0.9314 0.1381 -0.3368
vn -0.9310 0.1532 -0.3312
vn -0.9327 0.2410 -0.2684
vn -0.9900 -0.0685 0.1234
vn -0.7589 0.3980 -0.5155
vn -0.9926 0.0760 -0.0944
vn -0.9887 0.1320 -0.0713
vn -0.9905 0.0078 -0.1375
vn -0.7550 0.2557 -0.6038
vn -0.7489 0.3252 -0.5774
vn -0.9898 -0.0830 0.1154
vn -0.9310 0.0815 -0.3557
vn -0.9308 0.1678 -0.3248
vn -0.9320 0.1957 -0.3051
vn -0.9902 -0.0447 0.1323
vn -0.9902 -0.0538 0.1290
vn -0.9895 -0.1102 0.0936
vn -0.9890 -0.1335 0.0634
vn -0.9326 0.2337 -0.2751
vn -0.9324 0.2415 -0.2689
vn -0.9340 0.3092 -0.1793
vn -0.9895 -0.1060 0.0984
vn -0.7659 0.5304 -0.3633
vn -0.9939 0.0923 -0.0605
vn -0.9906 0.1348 -0.0242
vn -0.9914 0.0393 -0.1247
vn -0.7615 0.4233 -0.4909
vn -0.7559 0.4820 -0.4431
vn -0.9893 -0.1206 0.0824
vn -0.9320 0.1871 -0.3105
vn -0.9321 0.2597 -0.2524
vn -0.9333 0.2783 -0.2269
vn -0.9898 -0.0881 0.1123
vn -0.9897 -0.0985 0.1038
vn -0.9890 -0.1339 0.0625
vn -0.9887 -0.1482 0.0239
vn -0.9338 0.3040 -0.1885
vn -0.9337 0.3084 -0.1820
vn -0.9348 0.3470 -0.0756
vn -0.9890 -0.1316 0.0675
vn -0.7713 0.6117 -0.1762
vn -0.9947 0.1017 -0.0164
vn -0.9920 0.1244 0.0207
vn -0.9930 0.0699 -0.0955
vn -0.7684 0.5486 -0.3295
vn -0.7623 0.5924 -0.2606
vn -0.9888 -0.1430 0.0434
vn -0.9333 0.2711 -0.2355
vn -0.9335 0.3242 -0.1530
vn -0.9344 0.3319 -0.1294
vn -0.9893 -0.1198 0.0838
vn -0.9892 -0.1316 0.0652
vn -0.3436 0.8885 -0.3041
vn -0.2604 0.9113 -0.3189
vn -0.2295 0.9578 -0.1729
vn -0.2477 0.9541 -0.1681
vn -0.3393 0.9264 -0.1635
vn -0.3644 0.8953 -0.2563
vn -0.3648 0.9256 0.1011
vn -0.3395 0.9406 0.0039
vn -0.2480 0.9688 0.0043
vn -0.2305 0.9730 0.0085
vn -0.2621 0.9517 0.1600
vn -0.3452 0.9266 0.1490
vn -0.3619 0.8409 0.4024
vn -0.3373 0.8865 0.3166
vn -0.2455 0.9132 0.3254
vn -0.2275 0.9158 0.3309
vn -0.2588 0.8456 0.4669
vn -0.3418 0.8255 0.4491
vn -0.3571 0.6701 0.6507
vn -0.3328 0.7398 0.5848
vn -0.2405 0.7622 0.6010
vn -0.2216 0.7630 0.6073
vn -0.2530 0.6531 0.7137
vn -0.3363 0.6400 0.6909
vn -0.3512 0.4427 0.8251
vn -0.3264 0.5280 0.7840
vn -0.2338 0.5440 0.8058
vn -0.2150 0.5426 0.8120
vn -0.2473 0.4058 0.8799
vn -0.3308 0.4008 0.8543
vn -0.3477 0.1841 0.9194
vn -0.3222 0.2775 0.9051
vn -0.2293 0.2856 0.9305
vn -0.2103 0.2824 0.9359
vn -0.2436 0.1320 0.9609
vn -0.3274 0.1356 0.9351
vn -0.3472 -0.0856 0.9339
vn -0.3210 0.0085 0.9470
vn -0.2280 0.0081 0.9736
vn -0.2094 0.0034 0.9778
vn -0.2434 -0.1477 0.9586
vn -0.3275 -0.1360 0.9350
vn -0.3493 -0.3503 0.8691
vn -0.3223 -0.2633 0.9093
vn -0.2296 -0.2722 0.9345
vn -0.2122 -0.2777 0.9370
vn -0.2467 -0.4168 0.8749
vn -0.3306 -0.3979 0.8558
vn -0.3539 -0.5924 0.7238
vn -0.3267 -0.5203 0.7890
vn -0.2343 -0.5370 0.8104
vn -0.2175 -0.5428 0.8112
vn -0.2518 -0.6572 0.7104
vn -0.3357 -0.6329 0.6977
vn -0.3600 -0.7873 0.5005
vn -0.3331 -0.7386 0.5860
vn -0.2412 -0.7615 0.6016
vn -0.2244 -0.7674 0.6007
vn -0.2579 -0.8447 0.4690
vn -0.3415 -0.8174 0.4639
vn -0.3638 -0.9064 0.2148
vn -0.3377 -0.8881 0.3118
vn -0.2460 -0.9150 0.3198
vn -0.2291 -0.9203 0.3172
vn -0.2616 -0.9505 0.1674
vn -0.3450 -0.9230 0.1705
vn -0.3648 -0.9256 -0.1011
vn -0.3395 -0.9406 -0.0039
vn -0.2480 -0.9688 -0.0043
vn -0.2305 -0.9730 -0.0085
vn -0.2621 -0.9517 -0.1600
vn -0.3452 -0.9266 -0.1490
vn -0.3618 -0.8409 -0.4024
vn -0.3373 -0.8865 -0.3166
vn -0.2455 -0.9132 -0.3253
vn -0.2274 -0.9158 -0.3310
vn -0.2586 -0.8456 -0.4669
vn -0.3417 -0.8256 -0.4491
vn -0.3567 -0.6703 -0.6508
vn -0.3325 -0.7398 -0.5849
vn -0.2402 -0.7623 -0.6010
vn -0.2212 -0.7630 -0.6074
vn -0.2527 -0.6532 -0.7137
vn -0.3360 -0.6401 -0.6909
vn -0.3515 -0.4426 -0.8250
vn -0.3268 -0.5280 -0.7839
vn -0.2341 -0.5440 -0.8058
vn -0.2151 -0.5426 -0.8120
vn -0.2473 -0.4059 -0.8798
vn -0.3309 -0.4008 -0.8543
vn -0.3477 -0.1841 -0.9194
vn -0.3222 -0.2775 -0.9051
vn -0.2293 -0.2856 -0.9305
vn -0.2106 -0.2823 -0.9359
vn -0.2439 -0.1320 -0.9608
vn -0.3277 -0.1356 -0.9350
vn -0.3470 0.0855 -0.9340
vn -0.3208 -0.0084 -0.9471
vn -0.2278 -0.0080 -0.9737
vn -0.2096 -0.0034 -0.9778
vn -0.2438 0.1477 -0.9585
vn -0.3277 0.1360 -0.9350
vn -0.3493 0.3503 -0.8691
vn -0.3223 0.2633 -0.9093
vn -0.2295 0.2722 -0.9345
vn -0.2122 0.2777 -0.9370
vn -0.2467 0.4168 -0.8749
vn -0.3306 0.3979 -0.8558
vn -0.3542 0.5923 -0.7237
vn -0.3270 0.5203 -0.7889
vn -0.2346 0.5369 -0.8103
vn -0.2178 0.5428 -0.8111
vn -0.2521 0.6571 -0.7104
vn -0.3360 0.6328 -0.6976
vn -0.3598 0.7874 -0.5006
vn -0.3329 0.7387 -0.5861
vn -0.2409 0.7616 -0.6016
vn -0.2241 0.7674 -0.6007
vn -0.2577 0.8447 -0.4691
vn -0.3412 0.8174 -0.4641
vn -0.6863 -0.4575 0.5654
vn -0.7788 0.6273 -0.0000
vn -0.9953 -0.0965 -0.0000
vn -0.9182 -0.3962 -0.0055
vn 0.7788 -0.6273 -0.0000
vn 0.9343 -0.3562 -0.0099
vn 0.9578 -0.2876 -0.0000
vn 0.0001 -0.0000 -1.0000
vn 0.9953 -0.0966 -0.0003
vn 0.9345 -0.3560 -0.0000
vn 0.9927 0.1202 -0.0001
vn 0.9579 0.2872 -0.0001
vn 0.7799 0.6259 -0.0001
vn -0.0062 0.0364 -0.9993
vn -0.0062 0.0369 -0.9993
vn 0.0064 0.0378 -0.9993
vn 0.0066 0.0376 -0.9993
vn 0.0066 0.0369 -0.9993
vn -0.0057 0.0352 -0.9994
vn -0.0682 0.0340 -0.9971
vn -0.0677 0.0327 -0.9972
vn -0.0563 0.0385 -0.9977
vn -0.0557 0.0361 -0.9978
vn -0.0560 0.0376 -0.9977
vn -0.0662 0.0308 -0.9973
vn -0.1234 0.0281 -0.9920
vn -0.1226 0.0264 -0.9921
vn -0.1122 0.0338 -0.9931
vn -0.1111 0.0310 -0.9933
vn -0.1117 0.0329 -0.9932
vn -0.1208 0.0247 -0.9924
vn -0.1664 0.0189 -0.9859
vn -0.1653 0.0173 -0.9861
vn -0.1559 0.0259 -0.9874
vn -0.1546 0.0233 -0.9877
vn -0.1554 0.0251 -0.9875
vn -0.1636 0.0161 -0.9864
vn -0.1921 0.0066 -0.9814
vn -0.1907 0.0056 -0.9816
vn -0.1836 0.0159 -0.9829
vn -0.1823 0.0137 -0.9832
vn -0.1832 0.0155 -0.9829
vn -0.1904 0.0055 -0.9817
vn -0.1953 -0.0060 -0.9807
vn -0.1942 -0.0054 -0.9809
vn -0.1936 0.0051 -0.9811
vn -0.1932 0.0046 -0.9812
vn -0.1944 0.0055 -0.9809
vn -0.1991 -0.0061 -0.9800
vn -0.1833 -0.0154 -0.9829
vn -0.1832 -0.0153 -0.9829
vn -0.1866 -0.0052 -0.9824
vn -0.1907 -0.0056 -0.9816
vn -0.1906 -0.0055 -0.9816
vn -0.1875 -0.0177 -0.9821
vn -0.1547 -0.0229 -0.9877
vn -0.1555 -0.0249 -0.9875
vn -0.1648 -0.0167 -0.9862
vn -0.1667 -0.0192 -0.9858
vn -0.1653 -0.0172 -0.9861
vn -0.1559 -0.0255 -0.9874
vn -0.1114 -0.0300 -0.9933
vn -0.1119 -0.0327 -0.9932
vn -0.1230 -0.0266 -0.9920
vn -0.1239 -0.0290 -0.9919
vn -0.1227 -0.0262 -0.9921
vn -0.1116 -0.0321 -0.9932
vn -0.0559 -0.0349 -0.9978
vn -0.0682 -0.0332 -0.9971
vn -0.0685 -0.0352 -0.9970
vn -0.0678 -0.0325 -0.9972
vn 0.0062 -0.0364 -0.9993
vn 0.0063 -0.0369 -0.9993
vn -0.0064 -0.0378 -0.9993
vn -0.0064 -0.0376 -0.9993
vn -0.0064 -0.0369 -0.9993
vn 0.0059 -0.0351 -0.9994
vn 0.0682 -0.0340 -0.9971
vn 0.0677 -0.0327 -0.9972
vn 0.0555 -0.0361 -0.9978
vn 0.0558 -0.0376 -0.9977
vn 0.0661 -0.0307 -0.9973
vn 0.1234 -0.0281 -0.9920
vn 0.1226 -0.0264 -0.9921
vn 0.1122 -0.0338 -0.9931
vn 0.1111 -0.0310 -0.9933
vn 0.1117 -0.0329 -0.9932
vn 0.1208 -0.0247 -0.9924
vn 0.1692 -0.0182 -0.9854
vn 0.1674 -0.0159 -0.9858
vn 0.1559 -0.0259 -0.9874
vn 0.1546 -0.0232 -0.9877
vn 0.1554 -0.0251 -0.9875
vn 0.1656 -0.0139 -0.9861
vn 0.2035 -0.0066 -0.9791
vn -0.5884 -0.4489 -0.6725
vn 0.1978 -0.0133 -0.9802
vn 0.1848 -0.0134 -0.9827
vn 0.1857 -0.0140 -0.9825
vn 0.1919 -0.0070 -0.9814
vn 0.1943 0.0070 -0.9809
vn -0.6486 -0.4281 -0.6293
vn -0.6230 0.3881 -0.6791
vn -0.7161 0.0087 -0.6979
vn 0.2005 -0.0066 -0.9797
vn 0.1986 0.0076 -0.9801
vn 0.1833 0.0154 -0.9829
vn 0.1833 0.0153 -0.9829
vn -0.6722 0.3989 -0.6237
vn -0.7635 0.0143 -0.6456
vn 0.1901 0.0068 -0.9817
vn 0.1875 0.0177 -0.9821
vn 0.1547 0.0229 -0.9877
vn 0.1555 0.0249 -0.9875
vn 0.1648 0.0167 -0.9862
vn 0.1666 0.0192 -0.9858
vn 0.1653 0.0172 -0.9861
vn 0.1558 0.0255 -0.9875
vn 0.1113 0.0300 -0.9933
vn 0.1119 0.0327 -0.9932
vn 0.1230 0.0266 -0.9921
vn 0.1238 0.0290 -0.9919
vn 0.1226 0.0262 -0.9921
vn 0.1116 0.0321 -0.9932
vn 0.0559 0.0349 -0.9978
vn 0.0681 0.0332 -0.9971
vn 0.0686 0.0352 -0.9970
vn 0.0678 0.0325 -0.9972
vn 0.0560 0.0363 -0.9978
vn -0.9277 0.3392 -0.1560
vn -0.8741 0.4857 -0.0000
vn -0.9814 0.1918 -0.0008
vn -0.9276 0.3392 0.1569
vn -0.9814 0.1918 -0.0001
vn -0.8741 0.4857 0.0008
vn -0.9710 0.1806 -0.1568
vn -0.9423 0.3347 0.0001
vn -0.9996 0.0271 -0.0003
vn -0.9711 0.1806 0.1561
vn -0.9996 0.0271 -0.0000
vn -0.9423 0.3347 0.0003
vn -0.9685 0.2490 -0.0000
vn -0.9980 -0.0625 -0.0000
vn -0.9827 0.1854 -0.0000
vn -0.9919 -0.1273 0.0001
vn -0.9919 -0.1273 -0.0000
vn -0.9919 -0.1273 -0.0001
vn -0.9827 0.1854 -0.0001
vn -0.9919 0.1274 -0.0000
vn -0.9827 -0.1854 0.0001
vn -0.9827 -0.1854 -0.0000
vn -0.9827 -0.1854 -0.0001
vn -0.9919 0.1274 -0.0001
vn -0.9980 0.0625 -0.0000
vn -0.9685 -0.2490 -0.0000
vn -0.9711 -0.1806 -0.1561
vn -0.9996 -0.0271 -0.0000
vn -0.9423 -0.3347 -0.0003
vn -0.9710 -0.1806 0.1568
vn -0.9423 -0.3347 -0.0000
vn -0.9996 -0.0271 0.0003
vn -0.9276 -0.3391 -0.1569
vn -0.9814 -0.1918 -0.0000
vn -0.8741 -0.4857 -0.0008
vn -0.9277 -0.3392 0.1560
vn -0.8741 -0.4857 -0.0000
vn -0.9814 -0.1918 0.0008
vn -0.6407 -0.7517 -0.1562
vn -0.7596 -0.6504 -0.0000
vn -0.5214 -0.8533 -0.0012
vn -0.6407 -0.7516 0.1567
vn -0.5214 -0.8533 -0.0000
vn -0.7596 -0.6504 0.0012
vn 0.6407 -0.7516 -0.1567
vn 0.5215 -0.8533 -0.0000
vn 0.7596 -0.6503 -0.0012
vn 0.6408 -0.7517 0.1562
vn 0.7596 -0.6503 -0.0000
vn 0.5215 -0.8533 0.0012
vn 0.9277 -0.3392 -0.1560
vn 0.8741 -0.4857 -0.0000
vn 0.9814 -0.1918 -0.0008
vn 0.9276 -0.3392 0.1569
vn 0.9814 -0.1918 -0.0001
vn 0.8741 -0.4857 0.0008
vn 0.9710 -0.1806 -0.1568
vn 0.9423 -0.3347 -0.0000
vn 0.9996 -0.0271 -0.0003
vn 0.9711 -0.1806 0.1561
vn 0.9996 -0.0271 -0.0000
vn 0.9423 -0.3347 0.0003
vn 0.9685 -0.2490 -0.0000
vn 0.9980 0.0625 -0.0000
vn 0.9827 -0.1854 -0.0000
vn 0.9919 0.1274 0.0001
vn 0.9919 0.1274 -0.0000
vn 0.9827 -0.1854 -0.0001
vn 0.9919 -0.1273 -0.0000
vn 0.9827 0.1854 0.0001
vn 0.9827 0.1854 -0.0000
vn 0.9919 -0.1273 -0.0001
vn 0.9980 -0.0625 -0.0000
vn 0.9685 0.2490 -0.0000
vn 0.9711 0.1806 -0.1561
vn 0.9996 0.0271 0.0001
vn 0.9423 0.3347 -0.0003
vn 0.9710 0.1806 0.1568
vn 0.9423 0.3347 -0.0000
vn 0.9996 0.0271 0.0003
vn 0.9275 0.3392 -0.1569
vn 0.9814 0.1918 0.0001
vn 0.8741 0.4857 -0.0008
vn 0.9277 0.3392 0.1559
vn 0.8741 0.4857 -0.0000
vn 0.9814 0.1918 0.0008
vn 0.6409 0.7516 -0.1562
vn 0.7597 0.6503 -0.0000
vn 0.5216 0.8532 -0.0012
vn 0.6408 0.7515 0.1567
vn 0.5216 0.8532 -0.0000
vn 0.7597 0.6503 0.0012
vn -0.6408 0.7516 -0.1567
vn -0.5215 0.8532 -0.0000
vn -0.7597 0.6503 -0.0012
vn -0.6408 0.7516 0.1562
vn -0.7597 0.6503 -0.0000
vn -0.5215 0.8532 0.0012
vn -0.0003 0.0001 1.0000
vn -0.9423 0.3347 -0.0000
vn -0.9996 0.0272 -0.0000
vn -0.9423 -0.3347 -0.0001
vn 0.5215 -0.8533 0.0001
vn 0.9814 -0.1918 -0.0000
vn 0.9996 0.0271 -0.0000
vn 0.9996 0.0272 0.0003
vn 0.9814 0.1918 -0.0000
vn 0.0007 -0.0000 -1.0000
vn -0.0007 -0.0000 -1.0000
vn 0.0013 -0.0000 -1.0000
vn -0.0013 -0.0000 -1.0000
vn 0.0013 -0.0000 1.0000
vn -0.0013 -0.0000 1.0000
vn 0.0007 -0.0000 1.0000
vn 0.1501 -0.9886 -0.0076
vn 0.1526 -0.9883 -0.0000
vn -0.1603 -0.9871 -0.0000
vn -0.1601 -0.9871 0.0077
vn -0.1619 -0.9867 -0.0151
vn 0.1496 -0.9886 0.0143
vn 0.9336 -0.3582 -0.0059
vn 0.9344 -0.3561 -0.0000
vn 0.7786 -0.6275 -0.0000
vn 0.7787 -0.6274 0.0059
vn 0.7772 -0.6292 -0.0058
vn 0.9336 -0.3582 0.0054
vn 0.9954 -0.0959 -0.0032
vn 0.9956 -0.0941 -0.0000
vn 0.9177 -0.3972 -0.0000
vn 0.9177 -0.3972 0.0033
vn 0.9169 -0.3992 -0.0016
vn 0.9954 -0.0959 0.0014
vn 0.9998 0.0216 -0.0011
vn 0.9997 0.0227 -0.0000
vn 0.9578 -0.2875 0.0011
vn 0.9573 -0.2892 -0.0003
vn 0.9998 0.0214 0.0002
vn 0.9954 0.0960 0.0003
vn 0.9953 0.0963 -0.0000
vn 0.9764 -0.2160 -0.0004
vn 0.9762 -0.2170 -0.0011
vn 0.9954 0.0959 -0.0001
vn 0.9876 0.1567 0.0008
vn 0.9877 -0.1566 -0.0009
vn 0.9876 -0.1569 -0.0000
vn 0.9876 0.1567 -0.0000
vn 0.9763 0.2166 0.0003
vn 0.9765 0.2155 -0.0000
vn 0.9953 -0.0968 -0.0000
vn 0.9953 -0.0967 -0.0004
vn 0.9953 -0.0963 0.0010
vn 0.9762 0.2167 -0.0000
vn 0.9573 0.2891 -0.0011
vn 0.9578 0.2874 -0.0000
vn 0.9997 -0.0227 -0.0000
vn 0.9997 -0.0226 0.0010
vn 0.9998 -0.0215 0.0003
vn 0.9573 0.2891 -0.0003
vn 0.9173 0.3982 -0.0033
vn 0.9181 0.3962 -0.0000
vn 0.9957 0.0931 -0.0000
vn 0.9956 0.0932 0.0033
vn 0.9955 0.0948 0.0015
vn 0.9173 0.3983 -0.0016
vn 0.7784 0.6278 -0.0060
vn 0.7798 0.6260 -0.0000
vn 0.9351 0.3544 -0.0000
vn 0.9343 0.3564 0.0055
vn 0.7784 0.6278 -0.0058
vn -0.1551 0.9879 -0.0078
vn -0.1530 0.9882 -0.0000
vn 0.1599 0.9871 -0.0000
vn 0.1597 0.9871 0.0077
vn 0.1569 0.9875 0.0145
vn -0.1546 0.9879 -0.0151
vn -0.9352 0.3540 -0.0060
vn -0.7789 0.6271 0.0059
vn -0.7804 0.6253 0.0055
vn -0.9352 0.3540 -0.0058
vn -0.9958 0.0919 -0.0033
vn -0.9956 0.0936 -0.0000
vn -0.9180 0.3967 -0.0000
vn -0.9180 0.3967 0.0032
vn -0.9188 0.3948 0.0015
vn -0.9958 0.0920 -0.0016
vn -0.9997 -0.0236 -0.0011
vn -0.9578 0.2875 -0.0000
vn -0.9577 0.2876 0.0011
vn -0.9582 0.2860 0.0003
vn -0.9997 -0.0234 -0.0003
vn -0.9953 -0.0970 0.0003
vn -0.9953 -0.0966 -0.0000
vn -0.9765 0.2156 -0.0000
vn -0.9764 0.2158 -0.0004
vn -0.9767 0.2147 0.0010
vn -0.9953 -0.0969 -0.0000
vn -0.9878 -0.1559 0.0008
vn -0.9877 0.1565 -0.0000
vn -0.9877 0.1565 -0.0009
vn -0.9877 0.1561 -0.0000
vn -0.9878 -0.1559 -0.0000
vn -0.9768 -0.2144 0.0003
vn -0.9765 -0.2154 -0.0000
vn -0.9953 0.0968 -0.0000
vn -0.9953 0.0967 -0.0004
vn -0.9953 0.0971 -0.0011
vn -0.9767 -0.2145 -0.0000
vn -0.9584 -0.2853 -0.0011
vn -0.9580 -0.2869 -0.0000
vn -0.9997 0.0231 -0.0000
vn -0.9997 0.0230 0.0010
vn -0.9997 0.0241 -0.0003
vn -0.9584 -0.2854 0.0003
vn -0.9190 -0.3942 -0.0032
vn -0.9181 -0.3962 -0.0000
vn -0.9957 -0.0931 -0.0000
vn -0.9956 -0.0932 0.0032
vn -0.9958 -0.0915 -0.0016
vn -0.9190 -0.3943 0.0015
vn -0.7816 -0.6238 -0.0058
vn -0.7800 -0.6258 -0.0000
vn -0.9352 -0.3541 -0.0000
vn -0.9352 -0.3541 0.0059
vn -0.9359 -0.3521 -0.0057
vn -0.7816 -0.6238 0.0054
vn -0.1196 -0.0001 0.9928
vn -0.1179 0.0001 0.9930
vn -0.1186 0.0002 0.9929
vn -0.1186 -0.0002 0.9929
vn -0.1197 -0.0000 0.9928
vn -0.1198 0.0001 0.9928
vn -0.1199 0.0002 0.9928
vn -0.1186 0.0001 0.9929
vn -0.1192 -0.0001 0.9929
vn -0.1195 -0.0000 0.9928
vn -0.1192 0.0001 0.9929
vn -0.1191 -0.0000 0.9929
vn -0.1188 -0.0001 0.9929
vn -0.1185 -0.0001 0.9930
vn -0.1184 0.0001 0.9930
vn -0.1190 -0.0000 0.9929
vn -0.1181 -0.0002 0.9930
vn -0.1178 0.0001 0.9930
vn -0.1179 -0.0001 0.9930
vn -0.1189 -0.0001 0.9929
vn -0.1198 0.0002 0.9928
vn -0.1199 -0.0000 0.9928
vn -0.1201 -0.0003 0.9928
vn -0.1187 -0.0000 0.9929
vn -0.1184 0.0002 0.9930
vn -0.1185 0.0002 0.9930
vn -0.1187 -0.0001 0.9929
vn -0.1182 0.0001 0.9930
vn -0.1200 -0.0002 0.9928
vn -0.1199 -0.0002 0.9928
vn -0.1194 -0.0000 0.9928
vn -0.1194 0.0001 0.9928
vn -0.1181 -0.0000 0.9930
vn -0.1183 -0.0000 0.9930
vn -0.1183 -0.0001 0.9930
vn -0.1195 -0.0002 0.9928
vn -0.1196 -0.0003 0.9928
vn -0.1196 -0.0000 0.9928
vn -0.1193 -0.0000 0.9929
vn -0.0955 -0.0009 0.9954
vn -0.1183 0.0001 0.9930
vn -0.0966 0.0075 0.9953
vn -0.0967 -0.0010 0.9953
vn -0.0962 -0.0041 0.9954
vn -0.0969 0.0036 0.9953
vn -0.1179 -0.0002 0.9930
vn -0.1176 -0.0000 0.9931
vn -0.1191 -0.0001 0.9929
vn -0.0978 -0.0069 0.9952
vn -0.1206 0.0002 0.9927
vn -0.1188 0.0001 0.9929
vn -0.1189 0.0002 0.9929
vn -0.1188 0.0002 0.9929
vn -0.1186 0.0004 0.9929
vn -0.1181 0.0001 0.9930
vn -0.1196 0.0001 0.9928
vn -0.1198 -0.0003 0.9928
vn -0.1512 0.9884 -0.0158
vn -0.1489 0.9887 -0.0156
vn 0.1629 0.9866 0.0075
vn 0.1613 0.9869 -0.0055
vn 0.1590 0.9872 -0.0107
vn -0.1533 0.9879 -0.0236
vn -0.9343 0.3563 -0.0083
vn -0.9336 0.3583 -0.0067
vn -0.7772 0.6292 0.0055
vn -0.7769 0.6296 -0.0030
vn -0.7784 0.6277 -0.0066
vn -0.9341 0.3566 -0.0148
vn -0.9956 0.0940 -0.0044
vn -0.9954 0.0957 -0.0031
vn -0.9169 0.3990 0.0018
vn -0.9169 0.3992 -0.0025
vn -0.9177 0.3972 -0.0043
vn -0.9955 0.0941 -0.0082
vn -0.9997 -0.0223 -0.0024
vn -0.9998 -0.0212 -0.0021
vn -0.9572 0.2894 -0.0014
vn -0.9572 0.2893 -0.0029
vn -0.9577 0.2877 -0.0033
vn -0.9997 -0.0224 -0.0039
vn -0.9953 -0.0964 -0.0016
vn -0.9954 -0.0960 -0.0020
vn -0.9762 0.2170 -0.0032
vn -0.9761 0.2171 -0.0031
vn -0.9764 0.2161 -0.0027
vn -0.9954 -0.0963 -0.0014
vn -0.9877 -0.1563 -0.0017
vn -0.9876 -0.1567 -0.0022
vn -0.9876 0.1570 -0.0036
vn -0.9876 0.1569 -0.0028
vn -0.9877 0.1566 -0.0022
vn -0.9877 -0.1564 -0.0008
vn -0.9764 -0.2158 -0.0026
vn -0.9762 -0.2169 -0.0027
vn -0.9954 0.0962 -0.0026
vn -0.9954 0.0962 -0.0021
vn -0.9953 0.0966 -0.0020
vn -0.9765 -0.2157 -0.0021
vn -0.9578 -0.2873 -0.0043
vn -0.9573 -0.2889 -0.0032
vn -0.9998 0.0217 -0.0004
vn -0.9998 0.0216 -0.0010
vn -0.9997 0.0228 -0.0020
vn -0.9578 -0.2873 -0.0051
vn -0.9179 -0.3967 -0.0069
vn -0.9171 -0.3987 -0.0038
vn -0.9954 -0.0954 0.0022
vn -0.9955 -0.0952 -0.0000
vn -0.9956 -0.0935 -0.0026
vn -0.9180 -0.3965 -0.0098
vn -0.7796 -0.6262 -0.0110
vn -0.7781 -0.6281 -0.0047
vn -0.9341 -0.3569 0.0028
vn -0.9342 -0.3567 -0.0005
vn -0.9350 -0.3546 -0.0048
vn -0.7798 -0.6258 -0.0166
vn 0.1557 -0.9877 -0.0158
vn 0.1581 -0.9874 -0.0057
vn -0.1546 -0.9880 -0.0033
vn -0.1573 -0.9875 -0.0057
vn -0.1597 -0.9871 -0.0107
vn 0.1526 -0.9880 -0.0238
vn 0.9346 -0.3555 -0.0082
vn 0.9354 -0.3535 -0.0028
vn 0.7806 -0.6250 0.0010
vn 0.7806 -0.6251 -0.0031
vn 0.7790 -0.6269 -0.0066
vn 0.9345 -0.3557 -0.0148
vn 0.9956 -0.0937 -0.0043
vn 0.9958 -0.0920 -0.0020
vn 0.9188 -0.3947 0.0005
vn 0.9189 -0.3945 -0.0025
vn 0.9180 -0.3965 -0.0042
vn 0.9956 -0.0935 -0.0080
vn 0.9997 0.0227 -0.0024
vn 0.9997 0.0238 -0.0019
vn 0.9583 -0.2856 -0.0016
vn 0.9584 -0.2855 -0.0028
vn 0.9579 -0.2871 -0.0032
vn 0.9997 0.0228 -0.0038
vn 0.9982 -0.0604 -0.0020
vn 0.9767 -0.2147 -0.0032
vn 0.9767 -0.2145 -0.0030
vn 0.9765 -0.2156 -0.0026
vn 0.9982 -0.0605 -0.0020
vn 0.9789 0.2046 -0.0021
vn 0.9791 0.2034 -0.0026
vn 0.9992 0.0387 -0.0019
vn 0.9992 0.0388 -0.0019
vn 0.9789 0.2045 -0.0010
vn 0.9579 0.2870 -0.0042
vn 0.9584 0.2854 -0.0033
vn 0.9926 -0.1213 0.0013
vn 0.9926 -0.1216 -0.0000
vn 0.9927 -0.1205 -0.0017
vn 0.9580 0.2867 -0.0050
vn 0.9182 0.3960 -0.0068
vn 0.9191 0.3940 -0.0048
vn 0.9958 0.0914 0.0034
vn 0.9958 0.0912 -0.0000
vn 0.9957 0.0929 -0.0025
vn 0.9183 0.3958 -0.0097
vn 0.7803 0.6253 -0.0109
vn 0.7817 0.6236 -0.0085
vn 0.9359 0.3522 0.0072
vn 0.9360 0.3519 -0.0003
vn 0.9353 0.3539 -0.0048
vn 0.7803 0.6252 -0.0164
vn -0.0034 0.0200 -0.9998
vn -0.0034 0.0203 -0.9998
vn 0.0035 0.0208 -0.9998
vn 0.0035 0.0207 -0.9998
vn 0.0035 0.0203 -0.9998
vn -0.0032 0.0193 -0.9998
vn -0.0376 0.0188 -0.9991
vn -0.0373 0.0181 -0.9991
vn -0.0311 0.0212 -0.9993
vn -0.0306 0.0199 -0.9993
vn -0.0307 0.0207 -0.9993
vn -0.0363 0.0170 -0.9992
vn -0.0683 0.0156 -0.9975
vn -0.0679 0.0147 -0.9976
vn -0.0622 0.0187 -0.9979
vn -0.0616 0.0172 -0.9980
vn -0.0619 0.0182 -0.9979
vn -0.0669 0.0137 -0.9977
vn -0.0924 0.0105 -0.9957
vn -0.0918 0.0097 -0.9957
vn -0.0866 0.0143 -0.9961
vn -0.0859 0.0129 -0.9962
vn -0.0863 0.0139 -0.9962
vn -0.0909 0.0090 -0.9958
vn -0.1072 0.0037 -0.9942
vn -0.1064 0.0032 -0.9943
vn -0.1025 0.0088 -0.9947
vn -0.1016 0.0076 -0.9948
vn -0.1022 0.0086 -0.9947
vn -0.1062 0.0031 -0.9943
vn -0.1091 -0.0033 -0.9940
vn -0.1085 -0.0030 -0.9941
vn -0.1082 0.0028 -0.9941
vn -0.1079 0.0025 -0.9942
vn -0.1086 0.0030 -0.9941
vn -0.1112 -0.0034 -0.9938
vn -0.1023 -0.0085 -0.9947
vn -0.1022 -0.0084 -0.9947
vn -0.1040 -0.0030 -0.9946
vn -0.1063 -0.0031 -0.9943
vn -0.1046 -0.0098 -0.9945
vn -0.0859 -0.0127 -0.9962
vn -0.0863 -0.0138 -0.9962
vn -0.0915 -0.0093 -0.9958
vn -0.0926 -0.0107 -0.9956
vn -0.0918 -0.0096 -0.9957
vn -0.0866 -0.0142 -0.9961
vn -0.0616 -0.0166 -0.9980
vn -0.0619 -0.0181 -0.9979
vn -0.0680 -0.0148 -0.9976
vn -0.0686 -0.0161 -0.9975
vn -0.0679 -0.0145 -0.9976
vn -0.0619 -0.0178 -0.9979
vn -0.0309 -0.0192 -0.9993
vn -0.0310 -0.0206 -0.9993
vn -0.0376 -0.0183 -0.9991
vn -0.0379 -0.0194 -0.9991
vn -0.0375 -0.0179 -0.9991
vn -0.0309 -0.0200 -0.9993
vn 0.0034 -0.0200 -0.9998
vn 0.0035 -0.0204 -0.9998
vn -0.0035 -0.0208 -0.9998
vn -0.0036 -0.0207 -0.9998
vn -0.0036 -0.0203 -0.9998
vn 0.0032 -0.0193 -0.9998
vn 0.0377 -0.0188 -0.9991
vn 0.0374 -0.0180 -0.9991
vn 0.0312 -0.0212 -0.9993
vn 0.0306 -0.0199 -0.9993
vn 0.0308 -0.0207 -0.9993
vn 0.0363 -0.0170 -0.9992
vn 0.0683 -0.0156 -0.9975
vn 0.0679 -0.0147 -0.9976
vn 0.0622 -0.0187 -0.9979
vn 0.0614 -0.0172 -0.9980
vn 0.0617 -0.0182 -0.9979
vn 0.0667 -0.0137 -0.9977
vn 0.0924 -0.0105 -0.9957
vn 0.0918 -0.0097 -0.9957
vn 0.0866 -0.0143 -0.9961
vn 0.0859 -0.0129 -0.9962
vn 0.0864 -0.0139 -0.9962
vn 0.0909 -0.0090 -0.9958
vn 0.1067 -0.0043 -0.9943
vn 0.1061 -0.0039 -0.9944
vn 0.1025 -0.0088 -0.9947
vn 0.1016 -0.0076 -0.9948
vn 0.1022 -0.0086 -0.9947
vn 0.1058 -0.0038 -0.9944
vn 0.1129 0.0031 -0.9936
vn 0.1116 0.0028 -0.9937
vn 0.1077 -0.0034 -0.9942
vn 0.1074 -0.0031 -0.9942
vn 0.1082 -0.0037 -0.9941
vn 0.1123 0.0035 -0.9937
vn 0.1075 0.0076 -0.9942
vn 0.1070 0.0073 -0.9942
vn 0.1098 0.0029 -0.9940
vn 0.1133 0.0041 -0.9935
vn 0.1144 0.0043 -0.9934
vn 0.1148 0.0094 -0.9933
vn 0.0860 0.0127 -0.9962
vn 0.0864 0.0138 -0.9962
vn 0.0925 0.0084 -0.9957
vn 0.0940 0.0105 -0.9955
vn 0.0932 0.0088 -0.9956
vn 0.0867 0.0142 -0.9961
vn 0.0617 0.0166 -0.9980
vn 0.0620 0.0181 -0.9979
vn 0.0681 0.0148 -0.9976
vn 0.0686 0.0161 -0.9975
vn 0.0680 0.0145 -0.9976
vn 0.0619 0.0178 -0.9979
vn 0.0309 0.0192 -0.9993
vn 0.0310 0.0206 -0.9993
vn 0.0376 0.0183 -0.9991
vn 0.0376 0.0194 -0.9991
vn 0.0372 0.0180 -0.9991
vn 0.0307 0.0200 -0.9993
vn 0.0373 -0.0000 0.9993
vn 0.0279 -0.0000 0.9996
vn 0.0288 -0.0006 0.9996
vn 0.0288 -0.0009 0.9996
vn -0.0039 -1.0000 -0.0010
vn -0.0038 -1.0000 -0.0009
vn -0.0077 -1.0000 -0.0007
vn -0.0078 -1.0000 -0.0008
vn -0.0078 -1.0000 -0.0007
vn 0.0037 1.0000 0.0001
vn 0.1526 -0.9883 -0.0077
vn -0.1601 -0.9871 -0.0000
vn -0.1599 -0.9871 0.0077
vn 0.9344 -0.3562 -0.0059
vn 0.9345 -0.3561 -0.0000
vn 0.7787 -0.6274 -0.0000
vn 0.7788 -0.6273 0.0059
vn 0.9956 -0.0941 -0.0033
vn 0.9178 -0.3971 0.0033
vn 0.9997 0.0227 -0.0011
vn 0.9953 0.0963 0.0003
vn 0.9765 0.2155 0.0003
vn 0.9953 -0.0968 -0.0003
vn 0.9578 0.2874 -0.0011
vn 0.9997 -0.0227 0.0011
vn 0.9182 0.3961 -0.0033
vn 0.9182 0.3962 -0.0000
vn 0.9957 0.0930 -0.0000
vn 0.9957 0.0931 0.0033
vn -0.1526 0.9883 -0.0077
vn -0.1528 0.9883 -0.0000
vn 0.1600 0.9871 -0.0000
vn 0.1598 0.9871 0.0077
vn -0.9344 0.3561 -0.0000
vn -0.9998 -0.0223 -0.0011
vn -0.9998 -0.0223 -0.0000
vn -0.9577 0.2877 -0.0000
vn -0.9577 0.2877 0.0011
vn -0.9953 -0.0966 0.0003
vn -0.9765 0.2157 -0.0000
vn -0.9765 0.2157 -0.0003
vn -0.9765 -0.2155 0.0003
vn -0.9765 -0.2155 -0.0000
vn -0.9997 0.0229 -0.0000
vn -0.9997 0.0229 0.0011
vn -0.1522 0.9883 -0.0130
vn -0.7789 0.6270 0.0100
vn -0.7788 0.6273 0.0040
vn -0.9343 0.3562 -0.0100
vn -0.9997 -0.0224 -0.0001
vn -0.9764 0.2159 -0.0006
vn -0.9764 0.2159 -0.0002
vn -0.9953 -0.0964 0.0006
vn -0.9579 -0.2871 -0.0007
vn -0.9997 0.0230 0.0018
vn -0.9997 0.0230 0.0007
vn -0.9579 -0.2871 -0.0018
vn -0.9181 -0.3964 -0.0022
vn -0.9181 -0.3965 -0.0001
vn -0.9956 -0.0934 0.0055
vn -0.9956 -0.0933 0.0022
vn -0.9181 -0.3964 -0.0055
vn -0.9350 -0.3546 0.0100
vn -0.7800 -0.6257 -0.0100
vn 0.1542 -0.9880 -0.0052
vn 0.1543 -0.9880 -0.0001
vn -0.1580 -0.9874 0.0131
vn -0.1585 -0.9873 0.0052
vn -0.1586 -0.9873 -0.0000
vn 0.1538 -0.9880 -0.0130
vn 0.9344 -0.3561 -0.0040
vn 0.7789 -0.6271 0.0100
vn 0.7787 -0.6274 0.0040
vn 0.9343 -0.3564 -0.0100
vn 0.9956 -0.0939 -0.0022
vn 0.9956 -0.0939 -0.0000
vn 0.9178 -0.3969 0.0055
vn 0.9178 -0.3970 0.0022
vn 0.9178 -0.3970 0.0001
vn 0.9956 -0.0940 -0.0055
vn 0.9997 0.0226 -0.0007
vn 0.9578 -0.2874 0.0018
vn 0.9578 -0.2874 0.0007
vn 0.9997 0.0226 -0.0018
vn 0.9982 -0.0605 -0.0000
vn 0.9764 -0.2159 -0.0006
vn 0.9764 -0.2159 -0.0002
vn 0.9788 0.2048 0.0007
vn 0.9788 0.2048 -0.0000
vn 0.9992 0.0388 -0.0000
vn 0.9788 0.2048 0.0016
vn 0.9928 -0.1201 0.0029
vn 0.9928 -0.1202 0.0011
vn 0.9928 -0.1202 -0.0000
vn -0.0050 0.0298 -0.9995
vn -0.0051 0.0303 -0.9995
vn 0.0053 0.0311 -0.9995
vn 0.0053 0.0308 -0.9995
vn 0.0053 0.0303 -0.9995
vn -0.0047 0.0289 -0.9996
vn -0.0561 0.0280 -0.9980
vn -0.0557 0.0269 -0.9981
vn -0.0463 0.0316 -0.9984
vn -0.0456 0.0296 -0.9985
vn -0.0459 0.0309 -0.9985
vn -0.0543 0.0253 -0.9982
vn -0.1016 0.0231 -0.9946
vn -0.1009 0.0218 -0.9947
vn -0.0924 0.0278 -0.9953
vn -0.0916 0.0255 -0.9955
vn -0.0921 0.0271 -0.9954
vn -0.0996 0.0204 -0.9948
vn -0.1373 0.0156 -0.9904
vn -0.1364 0.0143 -0.9906
vn -0.1286 0.0213 -0.9915
vn -0.1275 0.0191 -0.9917
vn -0.1281 0.0207 -0.9915
vn -0.1349 0.0133 -0.9908
vn -0.1588 0.0054 -0.9873
vn -0.1576 0.0046 -0.9875
vn -0.1517 0.0131 -0.9883
vn -0.1506 0.0113 -0.9885
vn -0.1514 0.0127 -0.9884
vn -0.1574 0.0046 -0.9875
vn -0.1615 -0.0049 -0.9869
vn -0.1607 -0.0045 -0.9870
vn -0.1602 0.0042 -0.9871
vn -0.1596 0.0037 -0.9872
vn -0.1606 0.0045 -0.9870
vn -0.1645 -0.0050 -0.9864
vn -0.1515 -0.0127 -0.9884
vn -0.1514 -0.0126 -0.9884
vn -0.1542 -0.0043 -0.9880
vn -0.1576 -0.0046 -0.9875
vn -0.1575 -0.0046 -0.9875
vn -0.1549 -0.0146 -0.9878
vn -0.1276 -0.0188 -0.9916
vn -0.1282 -0.0205 -0.9915
vn -0.1359 -0.0138 -0.9906
vn -0.1375 -0.0158 -0.9904
vn -0.1364 -0.0141 -0.9906
vn -0.1286 -0.0210 -0.9915
vn -0.0917 -0.0247 -0.9955
vn -0.0921 -0.0269 -0.9954
vn -0.1012 -0.0219 -0.9946
vn -0.1020 -0.0239 -0.9945
vn -0.1010 -0.0216 -0.9947
vn -0.0919 -0.0264 -0.9954
vn -0.0460 -0.0286 -0.9985
vn -0.0462 -0.0307 -0.9985
vn -0.0560 -0.0273 -0.9981
vn -0.0564 -0.0289 -0.9980
vn -0.0558 -0.0267 -0.9981
vn -0.0460 -0.0299 -0.9985
vn 0.0050 -0.0298 -0.9995
vn 0.0051 -0.0303 -0.9995
vn -0.0054 -0.0311 -0.9995
vn -0.0052 -0.0309 -0.9995
vn -0.0052 -0.0303 -0.9995
vn 0.0049 -0.0289 -0.9996
vn 0.0560 -0.0280 -0.9980
vn 0.0556 -0.0269 -0.9981
vn 0.0463 -0.0316 -0.9984
vn 0.0458 -0.0296 -0.9985
vn 0.0460 -0.0309 -0.9985
vn 0.0544 -0.0253 -0.9982
vn 0.1017 -0.0231 -0.9945
vn 0.1011 -0.0218 -0.9946
vn 0.0925 -0.0278 -0.9953
vn 0.0915 -0.0255 -0.9955
vn 0.0919 -0.0271 -0.9954
vn 0.0994 -0.0204 -0.9948
vn 0.1373 -0.0156 -0.9904
vn 0.1364 -0.0143 -0.9906
vn 0.1286 -0.0213 -0.9915
vn 0.1276 -0.0191 -0.9916
vn 0.1282 -0.0207 -0.9915
vn 0.1350 -0.0133 -0.9908
vn 0.1580 -0.0062 -0.9874
vn 0.1571 -0.0057 -0.9876
vn 0.1517 -0.0131 -0.9883
vn 0.1507 -0.0113 -0.9885
vn 0.1515 -0.0127 -0.9884
vn 0.1570 -0.0056 -0.9876
vn 0.1669 0.0046 -0.9860
vn 0.1652 0.0042 -0.9863
vn 0.1594 -0.0051 -0.9872
vn 0.1589 -0.0046 -0.9873
vn 0.1601 -0.0055 -0.9871
vn 0.1661 0.0052 -0.9861
vn 0.1591 0.0113 -0.9872
vn 0.1584 0.0108 -0.9873
vn 0.1625 0.0043 -0.9867
vn 0.1674 0.0059 -0.9859
vn 0.1690 0.0062 -0.9856
vn 0.1695 0.0139 -0.9854
vn 0.1276 0.0188 -0.9916
vn 0.1282 0.0205 -0.9915
vn 0.1375 0.0124 -0.9904
vn 0.1396 0.0155 -0.9901
vn 0.1384 0.0129 -0.9903
vn 0.1286 0.0210 -0.9915
vn 0.0916 0.0247 -0.9955
vn 0.0921 0.0269 -0.9954
vn 0.1012 0.0219 -0.9946
vn 0.1020 0.0239 -0.9945
vn 0.1011 0.0216 -0.9946
vn 0.0919 0.0264 -0.9954
vn 0.0461 0.0287 -0.9985
vn 0.0462 0.0307 -0.9985
vn 0.0561 0.0273 -0.9981
vn 0.0564 0.0289 -0.9980
vn 0.0557 0.0267 -0.9981
vn 0.0460 0.0299 -0.9985
vn 0.1526 -0.9883 -0.0078
vn -0.1599 -0.9871 0.0078
vn 0.9344 -0.3562 -0.0060
vn 0.7788 -0.6273 0.0060
vn 0.9956 -0.0942 -0.0033
vn 0.7799 0.6258 -0.0060
vn 0.9351 0.3544 0.0060
vn -0.1526 0.9883 -0.0078
vn 0.1598 0.9871 0.0078
vn -0.9344 0.3562 -0.0060
vn -0.7787 0.6273 0.0060
vn -0.9953 -0.0966 0.0004
vn -0.9765 0.2157 -0.0004
vn -0.7800 -0.6258 -0.0060
vn -0.9351 -0.3543 0.0060
vn -0.9764 0.2159 0.0001
vn -0.9181 -0.3965 -0.0000
vn -0.9351 -0.3543 0.0001
vn -0.7801 -0.6256 -0.0100
vn 0.1543 -0.9880 -0.0000
vn -0.1580 -0.9873 0.0131
vn 0.9178 -0.3970 -0.0000
vn 0.9578 -0.2874 0.0001
vn -0.0038 -1.0000 0.0010
vn -0.0038 -1.0000 0.0009
vn -0.0039 -1.0000 0.0010
vn -0.0078 -1.0000 0.0006
vn -0.0079 -1.0000 0.0007
vn 0.0037 1.0000 -0.0001
vn -1.0000 0.0003 -0.0020
vn -1.0000 0.0002 -0.0020
vn 0.1502 -0.9886 -0.0076
vn 0.1527 -0.9883 -0.0000
vn -0.1602 -0.9871 -0.0000
vn -0.1600 -0.9871 0.0077
vn -0.1618 -0.9867 -0.0150
vn 0.1497 -0.9886 0.0143
vn 0.9337 -0.3580 -0.0058
vn 0.7789 -0.6272 0.0060
vn 0.7774 -0.6290 -0.0058
vn 0.9337 -0.3579 0.0054
vn 0.9954 -0.0956 -0.0033
vn 0.9178 -0.3969 0.0033
vn 0.9170 -0.3990 -0.0016
vn 0.9954 -0.0956 0.0014
vn 0.9998 0.0215 -0.0011
vn 0.9578 -0.2876 0.0011
vn 0.9998 0.0214 0.0003
vn 0.9762 -0.2171 -0.0012
vn 0.9762 0.2168 0.0003
vn 0.9953 -0.0965 -0.0004
vn 0.9954 -0.0961 0.0011
vn 0.9762 0.2169 -0.0000
vn 0.9574 0.2888 -0.0011
vn 0.9998 -0.0217 0.0024
vn 0.9574 0.2889 -0.0003
vn 0.9172 0.3985 -0.0033
vn 0.9180 0.3965 -0.0000
vn 0.9956 0.0935 0.0033
vn 0.9955 0.0951 0.0016
vn 0.9172 0.3985 -0.0017
vn -0.1582 0.9874 -0.0078
vn -0.1560 0.9878 -0.0000
vn 0.1569 0.9876 -0.0000
vn 0.1567 0.9876 0.0077
vn 0.1539 0.9880 0.0140
vn -0.1577 0.9874 -0.0146
vn -0.7789 0.6272 0.0059
vn -0.7804 0.6253 0.0057
vn -0.9179 0.3967 0.0032
vn -0.9997 -0.0238 -0.0011
vn -0.9997 -0.0228 -0.0000
vn -0.9579 0.2873 -0.0000
vn -0.9578 0.2873 0.0011
vn -0.9583 0.2857 0.0024
vn -0.9997 -0.0238 -0.0003
vn -0.9953 -0.0968 0.0003
vn -0.9953 -0.0964 -0.0000
vn -0.9764 0.2159 -0.0004
vn -0.9767 0.2148 0.0011
vn -0.9953 -0.0967 -0.0000
vn -0.9767 -0.2144 0.0003
vn -0.9953 0.0971 -0.0012
vn -0.9767 -0.2144 -0.0000
vn -0.9997 0.0241 -0.0025
vn -0.9190 -0.3943 -0.0032
vn -0.9190 -0.3943 0.0014
vn -0.1178 -0.0002 0.9930
vn -0.1178 -0.0001 0.9930
vn -0.1180 0.0001 0.9930
vn -0.1199 0.0001 0.9928
vn -0.1191 0.0001 0.9929
vn -0.1194 -0.0002 0.9928
vn -0.1191 -0.0003 0.9929
vn -0.1190 -0.0002 0.9929
vn -0.1186 -0.0000 0.9929
vn -0.1183 -0.0002 0.9930
vn -0.1198 -0.0000 0.9928
vn -0.1195 0.0001 0.9928
vn -0.1192 -0.0000 0.9929
vn -0.1190 0.0002 0.9929
vn -0.1191 0.0002 0.9929
vn -0.1193 0.0004 0.9929
vn -0.1189 -0.0000 0.9929
vn -0.1175 -0.0002 0.9931
vn -0.1175 0.0001 0.9931
vn -0.1175 -0.0001 0.9931
vn -0.1189 0.0001 0.9929
vn -0.1213 0.0002 0.9926
vn -0.1213 -0.0000 0.9926
vn -0.1215 -0.0002 0.9926
vn -0.1176 -0.0002 0.9931
vn -0.1177 -0.0000 0.9931
vn -0.1177 0.0001 0.9931
vn -0.1193 -0.0001 0.9929
vn -0.1171 0.0002 0.9931
vn -0.1170 -0.0000 0.9931
vn -0.1171 0.0001 0.9931
vn -0.1208 -0.0002 0.9927
vn -0.1209 -0.0000 0.9927
vn -0.1212 0.0002 0.9926
vn -0.1172 0.0001 0.9931
vn -0.1180 -0.0000 0.9930
vn -0.1184 -0.0003 0.9930
vn -0.1185 -0.0000 0.9930
vn -0.1187 0.0002 0.9929
vn -0.1186 -0.0001 0.9929
vn -0.0960 -0.0009 0.9954
vn -0.1192 -0.0002 0.9929
vn -0.0974 0.0076 0.9952
vn -0.0969 -0.0010 0.9953
vn -0.0964 -0.0041 0.9953
vn -0.0971 0.0036 0.9953
vn -0.1183 0.0002 0.9930
vn -0.1182 -0.0001 0.9930
vn -0.0979 -0.0069 0.9952
vn -0.1177 -0.0002 0.9930
vn -0.1177 -0.0000 0.9930
vn -0.1177 0.0002 0.9930
vn -0.1162 -0.0002 0.9932
vn -0.1163 -0.0000 0.9932
vn -0.1163 0.0001 0.9932
vn -0.1188 -0.0002 0.9929
vn -0.1190 -0.0001 0.9929
vn -0.1176 0.0001 0.9931
vn -0.1512 0.9884 -0.0159
vn -0.1488 0.9887 -0.0157
vn 0.1629 0.9866 0.0076
vn -0.9342 0.3566 -0.0148
vn -0.9572 0.2894 -0.0013
vn -0.9572 0.2895 -0.0029
vn -0.9577 0.2878 -0.0033
vn -0.9997 -0.0223 -0.0039
vn -0.9762 0.2171 -0.0031
vn -0.9764 0.2160 -0.0027
vn -0.9953 -0.0964 -0.0014
vn -0.9876 0.1569 -0.0036
vn -0.9876 0.1570 -0.0028
vn -0.9877 -0.1563 -0.0008
vn -0.9764 -0.2158 -0.0021
vn -0.9578 -0.2874 -0.0043
vn -0.9573 -0.2891 -0.0032
vn -0.9998 0.0216 -0.0004
vn -0.9998 0.0217 -0.0010
vn -0.9180 -0.3965 -0.0069
vn -0.9171 -0.3985 -0.0038
vn -0.9955 -0.0952 0.0022
vn -0.7798 -0.6259 -0.0166
vn 0.1542 -0.9879 -0.0158
vn 0.1566 -0.9876 -0.0057
vn -0.1561 -0.9877 -0.0034
vn 0.9347 -0.3554 -0.0082
vn 0.9355 -0.3534 -0.0028
vn 0.7807 -0.6248 0.0011
vn 0.7805 -0.6251 -0.0031
vn 0.7790 -0.6270 -0.0066
vn 0.9345 -0.3557 -0.0147
vn 0.9956 -0.0936 -0.0043
vn 0.9958 -0.0919 -0.0020
vn 0.9189 -0.3946 0.0005
vn 0.9997 0.0225 -0.0024
vn 0.9997 0.0236 -0.0019
vn 0.9583 -0.2857 -0.0016
vn 0.9997 0.0228 -0.0037
vn 0.9981 -0.0609 -0.0021
vn 0.9789 0.2046 -0.0020
vn 0.9789 0.2044 -0.0010
vn 0.9926 -0.1214 0.0013
vn 0.9926 -0.1215 -0.0000
vn 0.9927 -0.1204 -0.0017
vn 0.9579 0.2869 -0.0050
vn 0.9957 0.0928 -0.0026
vn 0.7817 0.6236 -0.0084
vn 0.9359 0.3522 0.0071
vn 0.9353 0.3539 -0.0047
vn -0.0038 0.0200 -0.9998
vn -0.0038 0.0204 -0.9998
vn 0.0031 0.0209 -0.9998
vn 0.0044 0.0207 -0.9998
vn 0.0044 0.0203 -0.9998
vn -0.0024 0.0194 -0.9998
vn -0.0377 0.0188 -0.9991
vn -0.0374 0.0181 -0.9991
vn -0.0312 0.0212 -0.9993
vn -0.0303 0.0199 -0.9993
vn -0.0305 0.0207 -0.9993
vn -0.0360 0.0170 -0.9992
vn -0.0686 0.0156 -0.9975
vn -0.0681 0.0147 -0.9976
vn -0.0625 0.0187 -0.9979
vn -0.0607 0.0172 -0.9980
vn -0.0610 0.0182 -0.9980
vn -0.0660 0.0138 -0.9977
vn -0.0920 0.0105 -0.9957
vn -0.0914 0.0097 -0.9958
vn -0.0862 0.0144 -0.9962
vn -0.0863 0.0129 -0.9962
vn -0.0868 0.0139 -0.9961
vn -0.0913 0.0090 -0.9958
vn -0.1071 0.0037 -0.9942
vn -0.1063 0.0032 -0.9943
vn -0.1023 0.0088 -0.9947
vn -0.1021 0.0076 -0.9947
vn -0.1027 0.0086 -0.9947
vn -0.1067 0.0032 -0.9943
vn -0.1092 -0.0032 -0.9940
vn -0.1086 -0.0030 -0.9941
vn -0.1083 0.0028 -0.9941
vn -0.1081 0.0025 -0.9941
vn -0.1088 0.0030 -0.9941
vn -0.1114 -0.0034 -0.9938
vn -0.1021 -0.0085 -0.9947
vn -0.1039 -0.0030 -0.9946
vn -0.1067 -0.0032 -0.9943
vn -0.1051 -0.0098 -0.9944
vn -0.0861 -0.0127 -0.9962
vn -0.0865 -0.0138 -0.9962
vn -0.0916 -0.0093 -0.9958
vn -0.0930 -0.0107 -0.9956
vn -0.0922 -0.0096 -0.9957
vn -0.0870 -0.0142 -0.9961
vn -0.0615 -0.0166 -0.9980
vn -0.0618 -0.0181 -0.9979
vn -0.0679 -0.0148 -0.9976
vn -0.0618 -0.0178 -0.9979
vn -0.0310 -0.0192 -0.9993
vn -0.0311 -0.0206 -0.9993
vn -0.0377 -0.0184 -0.9991
vn -0.0382 -0.0194 -0.9991
vn -0.0378 -0.0179 -0.9991
vn -0.0312 -0.0200 -0.9993
vn 0.0038 -0.0200 -0.9998
vn 0.0038 -0.0204 -0.9998
vn -0.0032 -0.0208 -0.9998
vn -0.0035 -0.0207 -0.9998
vn -0.0035 -0.0203 -0.9998
vn 0.0032 -0.0194 -0.9998
vn 0.0374 -0.0188 -0.9991
vn 0.0371 -0.0181 -0.9991
vn 0.0309 -0.0212 -0.9993
vn 0.0302 -0.0199 -0.9993
vn 0.0304 -0.0207 -0.9993
vn 0.0360 -0.0170 -0.9992
vn 0.0686 -0.0156 -0.9975
vn 0.0682 -0.0147 -0.9976
vn 0.0624 -0.0187 -0.9979
vn 0.0615 -0.0172 -0.9980
vn 0.0619 -0.0182 -0.9979
vn 0.0668 -0.0137 -0.9977
vn 0.0923 -0.0105 -0.9957
vn 0.0917 -0.0097 -0.9957
vn 0.0857 -0.0129 -0.9962
vn 0.0861 -0.0139 -0.9962
vn 0.0907 -0.0090 -0.9958
vn 0.1066 -0.0043 -0.9943
vn 0.1059 -0.0039 -0.9944
vn 0.1023 -0.0088 -0.9947
vn 0.1021 -0.0076 -0.9947
vn 0.1027 -0.0086 -0.9947
vn 0.1064 -0.0038 -0.9943
vn 0.1124 0.0031 -0.9937
vn 0.1112 0.0028 -0.9938
vn 0.1073 -0.0034 -0.9942
vn 0.1079 -0.0031 -0.9942
vn 0.1087 -0.0037 -0.9941
vn 0.1128 0.0035 -0.9936
vn 0.1074 0.0076 -0.9942
vn 0.1068 0.0073 -0.9943
vn 0.1096 0.0029 -0.9940
vn 0.1132 0.0040 -0.9936
vn 0.1143 0.0042 -0.9934
vn 0.1146 0.0094 -0.9934
vn 0.0861 0.0127 -0.9962
vn 0.0865 0.0138 -0.9962
vn 0.0927 0.0084 -0.9957
vn 0.0937 0.0105 -0.9955
vn 0.0930 0.0088 -0.9956
vn 0.0864 0.0142 -0.9962
vn 0.0615 0.0166 -0.9980
vn 0.0618 0.0181 -0.9979
vn 0.0679 0.0148 -0.9976
vn 0.0687 0.0161 -0.9975
vn 0.0681 0.0145 -0.9976
vn 0.0620 0.0178 -0.9979
vn 0.0305 0.0192 -0.9993
vn 0.0307 0.0206 -0.9993
vn 0.0373 0.0184 -0.9991
vn 0.0380 0.0194 -0.9991
vn 0.0376 0.0180 -0.9991
vn 0.0310 0.0200 -0.9993
vn -0.0078 -1.0000 -0.0006
vn -0.0079 -1.0000 -0.0007
vn -0.9956 -0.0934 -0.0000
vn -0.9351 -0.3544 0.0059
vn 0.0008 -0.0000 1.0000
vn -0.7799 -0.6258 -0.0040
vn 0.1523 -0.9883 -0.0130
vn 0.9997 0.0224 -0.0007
vn 0.9997 0.0224 -0.0000
vn 0.9997 0.0224 -0.0018
vn 0.9928 -0.1201 0.0011
vn 0.9928 -0.1201 0.0001
vn -0.0048 0.0299 -0.9995
vn -0.0048 0.0304 -0.9995
vn 0.0056 0.0311 -0.9995
vn 0.0056 0.0309 -0.9995
vn 0.0056 0.0303 -0.9995
vn -0.0045 0.0289 -0.9996
vn -0.0553 0.0280 -0.9981
vn -0.0549 0.0269 -0.9981
vn -0.0456 0.0316 -0.9985
vn -0.0461 0.0297 -0.9985
vn -0.0464 0.0308 -0.9984
vn -0.0548 0.0253 -0.9982
vn -0.1014 0.0232 -0.9946
vn -0.1008 0.0218 -0.9947
vn -0.0909 0.0256 -0.9955
vn -0.0914 0.0271 -0.9954
vn -0.0990 0.0204 -0.9949
vn -0.1363 0.0157 -0.9905
vn -0.1354 0.0144 -0.9907
vn -0.1278 0.0214 -0.9916
vn -0.1269 0.0192 -0.9917
vn -0.1276 0.0207 -0.9916
vn -0.1345 0.0133 -0.9908
vn -0.1582 0.0056 -0.9874
vn -0.1570 0.0047 -0.9876
vn -0.1512 0.0132 -0.9884
vn -0.1501 0.0114 -0.9886
vn -0.1510 0.0128 -0.9885
vn -0.1605 -0.0049 -0.9870
vn -0.1597 -0.0046 -0.9872
vn -0.1592 0.0043 -0.9872
vn -0.1588 0.0039 -0.9873
vn -0.1598 0.0046 -0.9871
vn -0.1637 -0.0049 -0.9865
vn -0.1507 -0.0127 -0.9885
vn -0.1506 -0.0127 -0.9885
vn -0.1535 -0.0042 -0.9881
vn -0.1568 -0.0046 -0.9876
vn -0.1542 -0.0145 -0.9879
vn -0.1268 -0.0189 -0.9917
vn -0.1275 -0.0206 -0.9916
vn -0.1352 -0.0138 -0.9907
vn -0.1365 -0.0159 -0.9905
vn -0.1355 -0.0143 -0.9907
vn -0.1276 -0.0211 -0.9916
vn -0.0911 -0.0247 -0.9955
vn -0.0917 -0.0270 -0.9954
vn -0.1007 -0.0219 -0.9947
vn -0.1012 -0.0240 -0.9946
vn -0.1004 -0.0217 -0.9947
vn -0.0912 -0.0264 -0.9955
vn -0.0459 -0.0287 -0.9985
vn -0.0462 -0.0308 -0.9985
vn -0.0562 -0.0290 -0.9980
vn -0.0557 -0.0268 -0.9981
vn -0.0459 -0.0298 -0.9985
vn 0.0053 -0.0299 -0.9995
vn 0.0053 -0.0304 -0.9995
vn -0.0050 -0.0311 -0.9995
vn 0.0559 -0.0280 -0.9980
vn 0.0555 -0.0269 -0.9981
vn 0.0450 -0.0297 -0.9985
vn 0.0453 -0.0308 -0.9985
vn 0.0538 -0.0253 -0.9982
vn 0.1008 -0.0232 -0.9946
vn 0.1002 -0.0218 -0.9947
vn 0.0917 -0.0278 -0.9954
vn 0.0913 -0.0256 -0.9955
vn 0.0995 -0.0204 -0.9948
vn 0.1369 -0.0157 -0.9905
vn 0.1361 -0.0143 -0.9906
vn 0.1284 -0.0214 -0.9915
vn 0.1264 -0.0192 -0.9918
vn 0.1270 -0.0207 -0.9917
vn 0.1339 -0.0133 -0.9909
vn 0.1570 -0.0064 -0.9876
vn 0.1561 -0.0057 -0.9877
vn 0.1508 -0.0132 -0.9885
vn 0.1495 -0.0115 -0.9887
vn 0.1504 -0.0128 -0.9885
vn 0.1560 -0.0057 -0.9877
vn 0.1665 0.0045 -0.9860
vn 0.1648 0.0041 -0.9863
vn 0.1591 -0.0052 -0.9873
vn 0.1578 -0.0047 -0.9875
vn 0.1590 -0.0056 -0.9873
vn 0.1652 0.0051 -0.9863
vn 0.1582 0.0113 -0.9873
vn 0.1575 0.0110 -0.9875
vn 0.1617 0.0041 -0.9868
vn 0.1660 0.0057 -0.9861
vn 0.1676 0.0061 -0.9858
vn 0.1681 0.0138 -0.9857
vn 0.1269 0.0189 -0.9917
vn 0.1276 0.0206 -0.9916
vn 0.1368 0.0124 -0.9905
vn 0.1388 0.0156 -0.9902
vn 0.1378 0.0131 -0.9904
vn 0.1279 0.0210 -0.9916
vn 0.0907 0.0247 -0.9956
vn 0.0913 0.0270 -0.9955
vn 0.1003 0.0219 -0.9947
vn 0.1019 0.0240 -0.9945
vn 0.1010 0.0217 -0.9947
vn 0.0454 0.0287 -0.9986
vn 0.0456 0.0308 -0.9985
vn 0.0554 0.0273 -0.9981
vn 0.0558 0.0268 -0.9981
vn 0.0460 0.0298 -0.9985
vn 0.1527 -0.9882 -0.0078
vn -0.1598 -0.9871 0.0078
vn 0.7789 -0.6271 0.0060
vn 0.9765 0.2157 0.0003
vn 0.1569 0.9876 0.0078
vn -0.9351 -0.3544 0.0060
vn -0.9179 0.3969 0.0022
vn 0.9179 -0.3969 0.0022
vn 0.9997 0.0225 -0.0000
vn 0.0008 -0.0000 -1.0000
vn -0.0006 -0.0000 -1.0000
vn -0.0009 -0.0000 -1.0000
vn 0.0009 -0.0000 -1.0000
vn -0.0039 -1.0000 0.0009
vn -0.0078 -1.0000 0.0007
vn -0.0077 -1.0000 0.0007
vt 0.819071 0.226680
vt 0.820316 0.226656
vt 0.822142 0.229570
vt 0.821076 0.229533
vt 0.824256 0.035729
vt 0.823229 0.035413
vt 0.823230 0.033310
vt 0.824250 0.033337
vt 0.823229 0.030568
vt 0.824253 0.030585
vt 0.823227 0.027375
vt 0.824246 0.027384
vt 0.823224 0.023949
vt 0.824236 0.023947
vt 0.823218 0.020522
vt 0.824232 0.020510
vt 0.823212 0.017329
vt 0.824228 0.017308
vt 0.823205 0.014588
vt 0.824226 0.014558
vt 0.823198 0.012484
vt 0.824225 0.012166
vt 0.821076 0.175307
vt 0.822142 0.175271
vt 0.820316 0.178185
vt 0.819071 0.178161
vt 0.817979 0.181877
vt 0.816948 0.181593
vt 0.815785 0.185287
vt 0.814846 0.185029
vt 0.813876 0.188699
vt 0.812899 0.188477
vt 0.812246 0.192118
vt 0.811233 0.191941
vt 0.810999 0.195545
vt 0.809958 0.195422
vt 0.810216 0.198980
vt 0.809158 0.198917
vt 0.809950 0.202420
vt 0.808883 0.202420
vt 0.810216 0.205860
vt 0.809158 0.205924
vt 0.810999 0.209295
vt 0.809958 0.209419
vt 0.812246 0.212723
vt 0.811233 0.212899
vt 0.813876 0.216141
vt 0.812899 0.216363
vt 0.815786 0.219553
vt 0.814845 0.219811
vt 0.817979 0.222964
vt 0.816948 0.223247
vt 0.801945 0.202420
vt 0.801955 0.205974
vt 0.801955 0.198866
vt 0.801997 0.195310
vt 0.802069 0.191753
vt 0.802169 0.188195
vt 0.802295 0.184639
vt 0.802444 0.181087
vt 0.802610 0.177541
vt 0.802768 0.174400
vt 0.842615 0.014305
vt 0.842612 0.012144
vt 0.842618 0.017123
vt 0.842622 0.020403
vt 0.842626 0.023923
vt 0.842631 0.027443
vt 0.842636 0.030724
vt 0.842640 0.033541
vt 0.842643 0.035703
vt 0.802610 0.227300
vt 0.802768 0.230440
vt 0.802444 0.223753
vt 0.802295 0.220201
vt 0.802169 0.216645
vt 0.802069 0.213088
vt 0.801997 0.209530
vt 0.820632 0.033957
vt 0.820086 0.036738
vt 0.818301 0.034223
vt 0.820375 0.032258
vt 0.820152 0.029835
vt 0.820003 0.027024
vt 0.819943 0.024051
vt 0.819971 0.021083
vt 0.820090 0.018290
vt 0.820301 0.015846
vt 0.820557 0.014114
vt 0.818221 0.013889
vt 0.820053 0.011168
vt 0.814951 0.013787
vt 0.815734 0.010724
vt 0.811721 0.013874
vt 0.811722 0.011180
vt 0.809224 0.014155
vt 0.808047 0.012508
vt 0.807908 0.016053
vt 0.804893 0.014616
vt 0.806549 0.018518
vt 0.802474 0.017360
vt 0.805581 0.021197
vt 0.800955 0.020553
vt 0.805248 0.024092
vt 0.800440 0.023979
vt 0.805593 0.027012
vt 0.800964 0.027403
vt 0.806559 0.029788
vt 0.802491 0.030592
vt 0.807948 0.032229
vt 0.804917 0.033330
vt 0.809265 0.033945
vt 0.808077 0.035429
vt 0.811774 0.034222
vt 0.811755 0.036748
vt 0.815030 0.034346
vt 0.815769 0.037193
vt 0.816681 0.021404
vt 0.816610 0.024146
vt 0.816723 0.026885
vt 0.817016 0.029523
vt 0.816938 0.018763
vt 0.817398 0.016284
vt 0.817498 0.031967
vt 0.811059 0.031927
vt 0.814313 0.031887
vt 0.810227 0.029476
vt 0.813699 0.029412
vt 0.809614 0.026870
vt 0.813278 0.026839
vt 0.809382 0.024187
vt 0.813110 0.024208
vt 0.809578 0.021510
vt 0.813221 0.021591
vt 0.810157 0.018951
vt 0.813605 0.019016
vt 0.810998 0.016334
vt 0.814209 0.016445
vt 0.849471 0.388405
vt 0.849132 0.384572
vt 0.852325 0.382738
vt 0.854844 0.387953
vt 0.890771 0.566120
vt 0.887818 0.564562
vt 0.887444 0.560696
vt 0.891820 0.561294
vt 0.910942 0.577054
vt 0.915078 0.578312
vt 0.916159 0.582497
vt 0.910616 0.582585
vt 0.932677 0.458173
vt 0.936993 0.459370
vt 0.938261 0.463613
vt 0.932561 0.463916
vt 0.847697 0.484641
vt 0.847021 0.488805
vt 0.844185 0.490026
vt 0.843382 0.484817
vt 0.803734 0.384214
vt 0.805187 0.380030
vt 0.809559 0.379015
vt 0.809408 0.384745
vt 0.835172 0.431032
vt 0.828442 0.431955
vt 0.828025 0.425300
vt 0.834359 0.424680
vt 0.849438 0.399545
vt 0.849398 0.405500
vt 0.844523 0.405425
vt 0.844569 0.399307
vt 0.800420 0.411605
vt 0.800290 0.404334
vt 0.807063 0.404508
vt 0.807163 0.411433
vt 0.821454 0.438428
vt 0.828732 0.438914
vt 0.827915 0.445592
vt 0.821056 0.445223
vt 0.798841 0.472531
vt 0.798787 0.465227
vt 0.805575 0.465478
vt 0.805620 0.472439
vt 0.848918 0.460534
vt 0.848933 0.466719
vt 0.843736 0.466622
vt 0.843824 0.460366
vt 0.891497 0.489053
vt 0.891530 0.482907
vt 0.896517 0.483032
vt 0.896440 0.489232
vt 0.918808 0.510973
vt 0.911549 0.510700
vt 0.912198 0.503919
vt 0.919035 0.504156
vt 0.905822 0.457444
vt 0.912449 0.456523
vt 0.912919 0.463143
vt 0.906618 0.463775
vt 0.863358 0.608080
vt 0.863224 0.601029
vt 0.870037 0.601174
vt 0.870107 0.607960
vt 0.897260 0.628994
vt 0.890211 0.629141
vt 0.890345 0.622335
vt 0.897127 0.622253
vt 0.884319 0.574240
vt 0.891361 0.574117
vt 0.891209 0.580911
vt 0.884432 0.580971
vt 0.936529 0.537646
vt 0.936608 0.544890
vt 0.929840 0.544666
vt 0.929779 0.537766
vt 0.901729 0.517805
vt 0.908668 0.516957
vt 0.908996 0.523676
vt 0.902499 0.524276
vt 0.914143 0.571405
vt 0.907050 0.570857
vt 0.907844 0.564242
vt 0.914524 0.564664
vt 0.887634 0.537457
vt 0.887427 0.543534
vt 0.882807 0.543472
vt 0.882848 0.537667
vt 0.848629 0.472968
vt 0.853672 0.466813
vt 0.853495 0.472857
vt 0.849259 0.411471
vt 0.853927 0.405582
vt 0.853855 0.411315
vt 0.887427 0.549526
vt 0.887449 0.555329
vt 0.882614 0.554924
vt 0.882737 0.549238
vt 0.848703 0.422840
vt 0.849024 0.417310
vt 0.853880 0.417063
vt 0.854281 0.423191
vt 0.891667 0.495035
vt 0.886734 0.494694
vt 0.886690 0.488758
vt 0.848087 0.479047
vt 0.853185 0.478842
vt 0.853410 0.484957
vt 0.848880 0.454576
vt 0.853922 0.454983
vt 0.853783 0.460847
vt 0.888297 0.526064
vt 0.888050 0.531527
vt 0.882927 0.531919
vt 0.882646 0.525846
vt 0.936065 0.552114
vt 0.934794 0.558957
vt 0.928446 0.558192
vt 0.929345 0.551552
vt 0.915978 0.544221
vt 0.922979 0.544443
vt 0.922515 0.551286
vt 0.915584 0.551107
vt 0.927322 0.570062
vt 0.921075 0.571080
vt 0.921183 0.564594
vt 0.927464 0.564358
vt 0.892800 0.531405
vt 0.892664 0.537424
vt 0.902831 0.543857
vt 0.897424 0.543718
vt 0.897563 0.537399
vt 0.902954 0.537290
vt 0.892046 0.520642
vt 0.896185 0.519186
vt 0.897156 0.525060
vt 0.892755 0.525708
vt 0.915878 0.516921
vt 0.922787 0.517731
vt 0.922457 0.524207
vt 0.915797 0.523698
vt 0.909192 0.537224
vt 0.909156 0.530441
vt 0.915898 0.530481
vt 0.915990 0.537321
vt 0.934397 0.524683
vt 0.935700 0.530734
vt 0.929300 0.531082
vt 0.928718 0.524859
vt 0.863665 0.593990
vt 0.864734 0.587295
vt 0.871071 0.587851
vt 0.870399 0.594399
vt 0.883803 0.601465
vt 0.876888 0.601320
vt 0.877164 0.594522
vt 0.884010 0.594563
vt 0.871659 0.576175
vt 0.877593 0.575002
vt 0.877867 0.581349
vt 0.871740 0.581744
vt 0.917830 0.609204
vt 0.916783 0.615893
vt 0.910464 0.615346
vt 0.911115 0.608806
vt 0.897727 0.601756
vt 0.904630 0.601899
vt 0.904365 0.608689
vt 0.897526 0.608655
vt 0.909924 0.627004
vt 0.903995 0.628199
vt 0.903695 0.621855
vt 0.909822 0.621448
vt 0.883174 0.628722
vt 0.876477 0.627670
vt 0.877022 0.621328
vt 0.883570 0.621987
vt 0.890623 0.608575
vt 0.890482 0.615489
vt 0.883685 0.615222
vt 0.883719 0.608372
vt 0.865332 0.620761
vt 0.864139 0.614817
vt 0.870500 0.614532
vt 0.870913 0.620665
vt 0.891817 0.476832
vt 0.892114 0.470986
vt 0.896838 0.470858
vt 0.896709 0.476854
vt 0.906904 0.483296
vt 0.901465 0.483163
vt 0.901590 0.476830
vt 0.907029 0.476710
vt 0.896024 0.460301
vt 0.900293 0.458811
vt 0.901234 0.464560
vt 0.896707 0.465244
vt 0.940448 0.491078
vt 0.939296 0.497957
vt 0.932894 0.497320
vt 0.933685 0.490646
vt 0.920152 0.483541
vt 0.927175 0.483645
vt 0.926825 0.490519
vt 0.919899 0.490463
vt 0.931983 0.509269
vt 0.925784 0.510411
vt 0.925736 0.503915
vt 0.932012 0.503523
vt 0.904308 0.509472
vt 0.898676 0.507729
vt 0.900104 0.501850
vt 0.905499 0.502975
vt 0.913082 0.490290
vt 0.912710 0.497123
vt 0.906219 0.496458
vt 0.906652 0.489889
vt 0.891744 0.500531
vt 0.896296 0.495281
vt 0.895879 0.500960
vt 0.835708 0.440157
vt 0.841254 0.441893
vt 0.839969 0.447721
vt 0.834616 0.446605
vt 0.826819 0.459230
vt 0.827288 0.452364
vt 0.834048 0.453142
vt 0.833744 0.459751
vt 0.848652 0.449059
vt 0.843906 0.454264
vt 0.844266 0.448596
vt 0.819582 0.493655
vt 0.812587 0.492708
vt 0.812946 0.486205
vt 0.819688 0.486817
vt 0.826380 0.473189
vt 0.826425 0.480112
vt 0.819544 0.479937
vt 0.819414 0.472981
vt 0.800949 0.485612
vt 0.799654 0.479504
vt 0.806091 0.479190
vt 0.806699 0.485449
vt 0.799356 0.457946
vt 0.800657 0.451047
vt 0.807029 0.451831
vt 0.806098 0.458532
vt 0.819469 0.465971
vt 0.812461 0.465727
vt 0.812936 0.458800
vt 0.819868 0.458976
vt 0.808208 0.439866
vt 0.814462 0.438828
vt 0.814335 0.445340
vt 0.808057 0.445625
vt 0.821298 0.432146
vt 0.814373 0.431440
vt 0.814612 0.424959
vt 0.821273 0.425395
vt 0.827707 0.411853
vt 0.827792 0.418629
vt 0.821081 0.418630
vt 0.820917 0.411782
vt 0.802674 0.424592
vt 0.801310 0.418535
vt 0.807693 0.418137
vt 0.808332 0.424372
vt 0.836554 0.379481
vt 0.842000 0.381277
vt 0.840710 0.386855
vt 0.835386 0.385807
vt 0.828072 0.398237
vt 0.828506 0.391484
vt 0.834725 0.392174
vt 0.834300 0.398651
vt 0.849427 0.393762
vt 0.844784 0.393380
vt 0.845196 0.387840
vt 0.844214 0.417538
vt 0.844349 0.411551
vt 0.834104 0.405199
vt 0.839502 0.405329
vt 0.839381 0.411625
vt 0.834007 0.411753
vt 0.844988 0.428111
vt 0.840699 0.429615
vt 0.839755 0.423873
vt 0.844293 0.423170
vt 0.820931 0.404874
vt 0.813923 0.404688
vt 0.814360 0.397828
vt 0.821289 0.397976
vt 0.829110 0.384840
vt 0.821814 0.391146
vt 0.822376 0.384393
vt 0.800795 0.397079
vt 0.802045 0.390203
vt 0.808417 0.390933
vt 0.807528 0.397597
vt 0.833541 0.466396
vt 0.838974 0.466537
vt 0.838855 0.472892
vt 0.833445 0.473063
vt 0.826616 0.486953
vt 0.833408 0.479719
vt 0.833644 0.486338
vt 0.843258 0.479030
vt 0.843456 0.472899
vt 0.913334 0.476596
vt 0.913212 0.469845
vt 0.919885 0.469769
vt 0.920102 0.476617
vt 0.934067 0.483740
vt 0.927031 0.476769
vt 0.933883 0.476824
vt 0.919550 0.456220
vt 0.926490 0.456876
vt 0.926309 0.463371
vt 0.919637 0.462988
vt 0.890913 0.594651
vt 0.891061 0.587746
vt 0.897851 0.588021
vt 0.897810 0.594857
vt 0.911460 0.602039
vt 0.904642 0.595105
vt 0.911388 0.595264
vt 0.898390 0.574560
vt 0.905076 0.575625
vt 0.904517 0.581935
vt 0.897978 0.581272
vt 0.908835 0.550831
vt 0.908415 0.557579
vt 0.902251 0.556902
vt 0.902654 0.550414
vt 0.892440 0.543610
vt 0.897231 0.550025
vt 0.892289 0.549760
vt 0.900408 0.569604
vt 0.894971 0.567901
vt 0.896263 0.562225
vt 0.901555 0.563297
vt 0.854203 0.394139
vt 0.854059 0.399837
vt 0.886996 0.476920
vt 0.887208 0.471217
vt 0.886784 0.482790
vt 0.896925 0.556216
vt 0.892207 0.555725
vt 0.909082 0.544029
vt 0.904523 0.588423
vt 0.917332 0.588414
vt 0.918108 0.595137
vt 0.911005 0.588704
vt 0.918249 0.602176
vt 0.890767 0.601611
vt 0.926654 0.469989
vt 0.939688 0.469663
vt 0.940649 0.476573
vt 0.933282 0.470133
vt 0.940862 0.483830
vt 0.913297 0.483427
vt 0.838875 0.479220
vt 0.840138 0.491499
vt 0.834338 0.492940
vt 0.839183 0.485452
vt 0.826935 0.493752
vt 0.826505 0.466198
vt 0.815041 0.391070
vt 0.815819 0.377991
vt 0.822799 0.377641
vt 0.815702 0.384477
vt 0.829921 0.378255
vt 0.827810 0.405036
vt 0.839415 0.417841
vt 0.847981 0.426857
vt 0.834037 0.418265
vt 0.846197 0.383034
vt 0.840029 0.392849
vt 0.839683 0.399032
vt 0.808175 0.430071
vt 0.814310 0.418343
vt 0.803890 0.428829
vt 0.813994 0.411562
vt 0.802378 0.445051
vt 0.813652 0.451983
vt 0.803837 0.440871
vt 0.820454 0.452056
vt 0.806423 0.491228
vt 0.812731 0.479529
vt 0.802111 0.489901
vt 0.812477 0.472674
vt 0.845386 0.443654
vt 0.839368 0.453873
vt 0.848275 0.445160
vt 0.839086 0.460153
vt 0.894752 0.506003
vt 0.900845 0.495750
vt 0.891978 0.504478
vt 0.901226 0.489493
vt 0.937710 0.503964
vt 0.926256 0.497296
vt 0.936340 0.508173
vt 0.919480 0.497335
vt 0.892331 0.465553
vt 0.901581 0.470597
vt 0.893054 0.461542
vt 0.906971 0.470191
vt 0.870590 0.626240
vt 0.877002 0.614819
vt 0.866426 0.624975
vt 0.876874 0.608124
vt 0.915367 0.621764
vt 0.903970 0.615364
vt 0.914117 0.625910
vt 0.897282 0.615494
vt 0.866179 0.581412
vt 0.877574 0.587842
vt 0.867452 0.577256
vt 0.884263 0.587726
vt 0.928946 0.519148
vt 0.922675 0.530816
vt 0.933231 0.520436
vt 0.922937 0.537582
vt 0.897523 0.531150
vt 0.889184 0.521875
vt 0.902860 0.530764
vt 0.933105 0.564909
vt 0.921827 0.558017
vt 0.931664 0.569067
vt 0.915071 0.557918
vt 0.854417 0.448719
vt 0.851703 0.443413
vt 0.886328 0.500984
vt 0.888733 0.506395
vt 0.882059 0.561108
vt 0.884640 0.566400
vt 0.886827 0.465163
vt 0.857663 0.400334
vt 0.858220 0.395320
vt 0.857389 0.405674
vt 0.883164 0.472249
vt 0.883419 0.477256
vt 0.883377 0.482652
vt 0.878018 0.528585
vt 0.879107 0.533122
vt 0.857823 0.456231
vt 0.859025 0.451660
vt 0.857283 0.461361
vt 0.857070 0.466819
vt 0.858422 0.481973
vt 0.857442 0.477516
vt 0.882599 0.493219
vt 0.881464 0.497652
vt 0.883088 0.488105
vt 0.858879 0.420638
vt 0.857812 0.416056
vt 0.878800 0.553681
vt 0.877587 0.558204
vt 0.879403 0.548691
vt 0.879625 0.543413
vt 0.857432 0.411009
vt 0.857136 0.472333
vt 0.879494 0.538116
vt 0.859414 0.390854
vt 0.882178 0.467789
vt 0.879583 0.492115
vt 0.878564 0.496031
vt 0.880209 0.487521
vt 0.880534 0.482546
vt 0.880514 0.477595
vt 0.880148 0.473040
vt 0.879332 0.469077
vt 0.861195 0.396232
vt 0.862217 0.392279
vt 0.860548 0.400803
vt 0.860257 0.405752
vt 0.860323 0.410710
vt 0.860786 0.415345
vt 0.861672 0.419419
vt 0.875919 0.552812
vt 0.874865 0.556832
vt 0.876578 0.548249
vt 0.876833 0.543377
vt 0.876702 0.538498
vt 0.876191 0.533940
vt 0.875237 0.529863
vt 0.860748 0.457125
vt 0.861783 0.453021
vt 0.860147 0.461790
vt 0.859919 0.466814
vt 0.860035 0.471859
vt 0.860515 0.476529
vt 0.861403 0.480499
vt 0.865014 0.401282
vt 0.865568 0.397046
vt 0.864690 0.405853
vt 0.875747 0.473617
vt 0.876078 0.477825
vt 0.876058 0.482414
vt 0.871033 0.530710
vt 0.871796 0.534635
vt 0.865110 0.457906
vt 0.865962 0.453962
vt 0.864558 0.462205
vt 0.864353 0.466840
vt 0.865627 0.479667
vt 0.864922 0.475846
vt 0.875221 0.491287
vt 0.874387 0.495052
vt 0.875797 0.487035
vt 0.865946 0.418657
vt 0.865146 0.414677
vt 0.871596 0.551973
vt 0.870633 0.555892
vt 0.872176 0.547797
vt 0.872397 0.543335
vt 0.864739 0.410418
vt 0.864515 0.471511
vt 0.872221 0.538847
vt 0.866403 0.393237
vt 0.875116 0.469808
vt 0.848400 0.513134
vt 0.848062 0.509301
vt 0.851255 0.507467
vt 0.853773 0.512682
vt 0.909636 0.276153
vt 0.912589 0.277711
vt 0.912963 0.281577
vt 0.908588 0.280979
vt 0.845680 0.568967
vt 0.849818 0.570220
vt 0.850904 0.574404
vt 0.845361 0.574499
vt 0.932680 0.397690
vt 0.936974 0.398958
vt 0.938171 0.403219
vt 0.932468 0.403429
vt 0.924631 0.127814
vt 0.923955 0.131978
vt 0.921119 0.133198
vt 0.920317 0.127989
vt 0.802663 0.508943
vt 0.804117 0.504758
vt 0.808488 0.503744
vt 0.808338 0.509474
vt 0.834101 0.555761
vt 0.827371 0.556684
vt 0.826954 0.550029
vt 0.833288 0.549409
vt 0.848367 0.524273
vt 0.848327 0.530229
vt 0.843453 0.530154
vt 0.843498 0.524036
vt 0.799350 0.536334
vt 0.799220 0.529063
vt 0.805992 0.529237
vt 0.806093 0.536162
vt 0.898388 0.081601
vt 0.905666 0.082086
vt 0.904849 0.088764
vt 0.897990 0.088395
vt 0.875775 0.115703
vt 0.875721 0.108400
vt 0.882510 0.108650
vt 0.882554 0.115612
vt 0.925852 0.103706
vt 0.925867 0.109892
vt 0.920671 0.109795
vt 0.920758 0.103538
vt 0.890971 0.427863
vt 0.891125 0.421705
vt 0.896106 0.421936
vt 0.895912 0.428148
vt 0.917966 0.450255
vt 0.910717 0.449877
vt 0.911454 0.443103
vt 0.918290 0.443441
vt 0.905862 0.396508
vt 0.912498 0.395703
vt 0.912852 0.402330
vt 0.906547 0.402853
vt 0.798133 0.600048
vt 0.797991 0.592997
vt 0.804803 0.593135
vt 0.804881 0.599921
vt 0.832059 0.620922
vt 0.825010 0.621079
vt 0.825136 0.614272
vt 0.831918 0.614183
vt 0.819055 0.566184
vt 0.826096 0.566053
vt 0.825953 0.572847
vt 0.819175 0.572915
vt 0.863879 0.304626
vt 0.863800 0.297382
vt 0.870568 0.297607
vt 0.870629 0.304507
vt 0.898679 0.324468
vt 0.891740 0.325316
vt 0.891412 0.318597
vt 0.897908 0.317997
vt 0.886264 0.270868
vt 0.893357 0.271416
vt 0.892563 0.278030
vt 0.885884 0.277608
vt 0.912773 0.304815
vt 0.912981 0.298739
vt 0.917600 0.298800
vt 0.917560 0.304605
vt 0.925563 0.116141
vt 0.930606 0.109985
vt 0.930429 0.116030
vt 0.848188 0.536200
vt 0.852856 0.530311
vt 0.852784 0.536044
vt 0.912980 0.292747
vt 0.912958 0.286943
vt 0.917793 0.287349
vt 0.917671 0.293035
vt 0.847632 0.547569
vt 0.847953 0.542039
vt 0.852810 0.541792
vt 0.853211 0.547920
vt 0.891017 0.433879
vt 0.886078 0.433349
vt 0.886166 0.427436
vt 0.925021 0.122220
vt 0.930119 0.122014
vt 0.930344 0.128130
vt 0.925814 0.097748
vt 0.930856 0.098155
vt 0.930718 0.104020
vt 0.912111 0.316209
vt 0.912357 0.310746
vt 0.917481 0.310354
vt 0.917761 0.316427
vt 0.864343 0.290158
vt 0.865613 0.283315
vt 0.871962 0.284081
vt 0.871062 0.290721
vt 0.884430 0.298052
vt 0.877429 0.297830
vt 0.877892 0.290987
vt 0.884824 0.291166
vt 0.873086 0.272211
vt 0.879333 0.271192
vt 0.879224 0.277679
vt 0.872943 0.277915
vt 0.907608 0.310868
vt 0.907744 0.304848
vt 0.897577 0.298415
vt 0.902984 0.298555
vt 0.902845 0.304874
vt 0.897453 0.304983
vt 0.908361 0.321631
vt 0.904222 0.323086
vt 0.903252 0.317213
vt 0.907653 0.316565
vt 0.884529 0.325352
vt 0.877620 0.324542
vt 0.877951 0.318066
vt 0.884610 0.318574
vt 0.891216 0.305049
vt 0.891252 0.311831
vt 0.884509 0.311792
vt 0.884418 0.304952
vt 0.866010 0.317590
vt 0.864708 0.311538
vt 0.871107 0.311190
vt 0.871689 0.317413
vt 0.798423 0.585958
vt 0.799484 0.579262
vt 0.805822 0.579811
vt 0.805157 0.586359
vt 0.818570 0.593410
vt 0.811654 0.593272
vt 0.811923 0.586475
vt 0.818770 0.586508
vt 0.806396 0.568133
vt 0.812329 0.566954
vt 0.812611 0.573300
vt 0.806484 0.573703
vt 0.852606 0.601109
vt 0.851567 0.607799
vt 0.845247 0.607260
vt 0.845890 0.600718
vt 0.832495 0.593684
vt 0.839398 0.593819
vt 0.839140 0.600610
vt 0.832301 0.600583
vt 0.844721 0.618919
vt 0.838793 0.620120
vt 0.838485 0.613776
vt 0.844612 0.613363
vt 0.817973 0.620668
vt 0.811275 0.619623
vt 0.811812 0.613280
vt 0.818361 0.613932
vt 0.825398 0.600512
vt 0.825265 0.607425
vt 0.818468 0.607166
vt 0.818494 0.600317
vt 0.800121 0.612727
vt 0.798921 0.606784
vt 0.805282 0.606492
vt 0.805702 0.612625
vt 0.891526 0.415632
vt 0.891932 0.409792
vt 0.896652 0.409757
vt 0.896413 0.415754
vt 0.906485 0.422389
vt 0.901050 0.422159
vt 0.901290 0.415823
vt 0.906728 0.415800
vt 0.896028 0.399186
vt 0.900316 0.397776
vt 0.901156 0.403541
vt 0.896623 0.404141
vt 0.939904 0.430702
vt 0.938645 0.437559
vt 0.932253 0.436823
vt 0.933149 0.430165
vt 0.919730 0.422849
vt 0.926752 0.423065
vt 0.926290 0.429930
vt 0.919363 0.429767
vt 0.931161 0.448751
vt 0.924947 0.449798
vt 0.924994 0.443303
vt 0.931277 0.443008
vt 0.903500 0.448551
vt 0.897902 0.446747
vt 0.899377 0.440870
vt 0.904765 0.442064
vt 0.912545 0.429486
vt 0.912064 0.436314
vt 0.905577 0.435552
vt 0.906118 0.428983
vt 0.890991 0.439479
vt 0.895655 0.434220
vt 0.895152 0.439936
vt 0.912642 0.083330
vt 0.918188 0.085065
vt 0.916903 0.090894
vt 0.911550 0.089778
vt 0.903753 0.102403
vt 0.904222 0.095536
vt 0.910982 0.096314
vt 0.910678 0.102924
vt 0.925586 0.092231
vt 0.920841 0.097436
vt 0.921200 0.091768
vt 0.896516 0.136827
vt 0.889521 0.135880
vt 0.889880 0.129378
vt 0.896622 0.129989
vt 0.903315 0.116362
vt 0.903359 0.123285
vt 0.896478 0.123110
vt 0.896348 0.116154
vt 0.877883 0.128785
vt 0.876588 0.122676
vt 0.883025 0.122362
vt 0.883632 0.128621
vt 0.876290 0.101118
vt 0.877591 0.094220
vt 0.883963 0.095004
vt 0.883032 0.101705
vt 0.896403 0.109143
vt 0.889395 0.108899
vt 0.889870 0.101972
vt 0.896802 0.102149
vt 0.885142 0.083038
vt 0.891396 0.082001
vt 0.891269 0.088513
vt 0.884991 0.088797
vt 0.820227 0.556874
vt 0.813302 0.556169
vt 0.813541 0.549688
vt 0.820202 0.550124
vt 0.826637 0.536582
vt 0.826721 0.543358
vt 0.820010 0.543360
vt 0.819846 0.536511
vt 0.801603 0.549321
vt 0.800239 0.543264
vt 0.806622 0.542866
vt 0.807261 0.549101
vt 0.835484 0.504210
vt 0.840929 0.506006
vt 0.839639 0.511584
vt 0.834315 0.510536
vt 0.827001 0.522965
vt 0.827436 0.516213
vt 0.833655 0.516903
vt 0.833229 0.523380
vt 0.848356 0.518490
vt 0.843713 0.518109
vt 0.844125 0.512569
vt 0.843143 0.542267
vt 0.843278 0.536280
vt 0.833033 0.529928
vt 0.838431 0.530058
vt 0.838310 0.536354
vt 0.832936 0.536482
vt 0.843917 0.552840
vt 0.839629 0.554344
vt 0.838684 0.548602
vt 0.843222 0.547899
vt 0.819861 0.529603
vt 0.812852 0.529417
vt 0.813289 0.522556
vt 0.820218 0.522705
vt 0.828039 0.509569
vt 0.820743 0.515875
vt 0.821306 0.509122
vt 0.799724 0.521807
vt 0.800974 0.514932
vt 0.807346 0.515662
vt 0.806457 0.522326
vt 0.910475 0.109569
vt 0.915908 0.109709
vt 0.915789 0.116065
vt 0.910379 0.116236
vt 0.903550 0.130126
vt 0.910342 0.122891
vt 0.910578 0.129510
vt 0.920192 0.122202
vt 0.920390 0.116071
vt 0.913032 0.415792
vt 0.913028 0.409037
vt 0.919698 0.409074
vt 0.919798 0.415926
vt 0.933643 0.423269
vt 0.926722 0.416189
vt 0.933573 0.416354
vt 0.919596 0.395520
vt 0.926519 0.396292
vt 0.926228 0.402782
vt 0.919567 0.402289
vt 0.825672 0.586587
vt 0.825812 0.579682
vt 0.832603 0.579949
vt 0.832570 0.586786
vt 0.846227 0.593951
vt 0.839402 0.587025
vt 0.846148 0.587177
vt 0.833126 0.566488
vt 0.839813 0.567544
vt 0.839261 0.573856
vt 0.832721 0.573200
vt 0.891572 0.291442
vt 0.891992 0.284694
vt 0.898156 0.285370
vt 0.897754 0.291858
vt 0.907967 0.298663
vt 0.903177 0.292248
vt 0.908118 0.292512
vt 0.899999 0.272668
vt 0.905437 0.274371
vt 0.904144 0.280047
vt 0.898853 0.278975
vt 0.853132 0.518867
vt 0.852989 0.524566
vt 0.886708 0.415616
vt 0.887028 0.409920
vt 0.886382 0.421477
vt 0.903482 0.286057
vt 0.908200 0.286548
vt 0.891325 0.298244
vt 0.839275 0.580344
vt 0.852084 0.580320
vt 0.852868 0.587042
vt 0.845757 0.580617
vt 0.853017 0.594081
vt 0.825534 0.593547
vt 0.926461 0.409405
vt 0.939496 0.409290
vt 0.940341 0.416212
vt 0.933084 0.409656
vt 0.940435 0.423467
vt 0.912876 0.422625
vt 0.915809 0.122393
vt 0.917072 0.134671
vt 0.911273 0.136113
vt 0.916117 0.128625
vt 0.903869 0.136925
vt 0.903439 0.109371
vt 0.813970 0.515799
vt 0.814749 0.502720
vt 0.821728 0.502370
vt 0.814631 0.509206
vt 0.828851 0.502984
vt 0.826739 0.529765
vt 0.838344 0.542570
vt 0.846910 0.551586
vt 0.832966 0.542994
vt 0.845126 0.507763
vt 0.838959 0.517578
vt 0.838612 0.523761
vt 0.807104 0.554799
vt 0.813239 0.543072
vt 0.802819 0.553558
vt 0.812923 0.536291
vt 0.879312 0.088223
vt 0.890586 0.095155
vt 0.880771 0.084044
vt 0.897388 0.095229
vt 0.883357 0.134400
vt 0.889665 0.122701
vt 0.879045 0.133073
vt 0.889411 0.115847
vt 0.922321 0.086827
vt 0.916302 0.097045
vt 0.925209 0.088332
vt 0.916020 0.103326
vt 0.894018 0.445002
vt 0.900206 0.434763
vt 0.891290 0.443503
vt 0.900696 0.428497
vt 0.936967 0.443537
vt 0.925614 0.436695
vt 0.935533 0.447722
vt 0.918836 0.436630
vt 0.892248 0.404364
vt 0.901394 0.409586
vt 0.893039 0.400371
vt 0.906787 0.409277
vt 0.805386 0.618200
vt 0.811784 0.606772
vt 0.801220 0.616940
vt 0.811649 0.600076
vt 0.850157 0.613672
vt 0.838753 0.607285
vt 0.848912 0.617819
vt 0.832065 0.607423
vt 0.800922 0.573377
vt 0.812325 0.579794
vt 0.802191 0.569219
vt 0.819014 0.579670
vt 0.871461 0.323125
vt 0.877733 0.311456
vt 0.867176 0.321837
vt 0.877471 0.304691
vt 0.902884 0.311123
vt 0.911223 0.320398
vt 0.897547 0.311509
vt 0.867302 0.277364
vt 0.878580 0.284256
vt 0.868743 0.273205
vt 0.885336 0.284355
vt 0.931351 0.091891
vt 0.928637 0.086585
vt 0.885444 0.439460
vt 0.888154 0.445627
vt 0.885699 0.440556
vt 0.918349 0.281164
vt 0.915767 0.275872
vt 0.886763 0.403861
vt 0.856592 0.525063
vt 0.857149 0.520049
vt 0.856318 0.530402
vt 0.882968 0.410866
vt 0.883126 0.415872
vt 0.882978 0.421259
vt 0.922390 0.313688
vt 0.921300 0.309151
vt 0.934758 0.099404
vt 0.935959 0.094832
vt 0.934217 0.104534
vt 0.934004 0.109992
vt 0.935356 0.125146
vt 0.934376 0.120689
vt 0.881968 0.431766
vt 0.880710 0.436130
vt 0.882576 0.426691
vt 0.857808 0.545367
vt 0.856741 0.540785
vt 0.921607 0.288591
vt 0.922821 0.284069
vt 0.921005 0.293582
vt 0.920782 0.298859
vt 0.856361 0.535738
vt 0.934070 0.115506
vt 0.920914 0.304157
vt 0.858343 0.515583
vt 0.882070 0.406389
vt 0.878976 0.430595
vt 0.877859 0.434471
vt 0.879707 0.426038
vt 0.880137 0.421087
vt 0.880217 0.416147
vt 0.879939 0.411592
vt 0.879202 0.407614
vt 0.860124 0.520960
vt 0.861146 0.517008
vt 0.859478 0.525532
vt 0.859186 0.530480
vt 0.859252 0.535439
vt 0.859715 0.540074
vt 0.860602 0.544149
vt 0.924488 0.289460
vt 0.925542 0.285440
vt 0.923829 0.294023
vt 0.923574 0.298896
vt 0.923705 0.303775
vt 0.924217 0.308332
vt 0.925171 0.312409
vt 0.937682 0.100297
vt 0.938717 0.096193
vt 0.937081 0.104963
vt 0.936853 0.109986
vt 0.936969 0.115032
vt 0.937449 0.119702
vt 0.938337 0.123671
vt 0.863943 0.526011
vt 0.864497 0.521774
vt 0.863619 0.530581
vt 0.875530 0.412076
vt 0.875777 0.416282
vt 0.875664 0.420857
vt 0.929375 0.311563
vt 0.928612 0.307638
vt 0.942045 0.101079
vt 0.942897 0.097134
vt 0.941493 0.105378
vt 0.941288 0.110013
vt 0.942561 0.122840
vt 0.941856 0.119019
vt 0.874635 0.429669
vt 0.873710 0.433403
vt 0.875306 0.425452
vt 0.864875 0.543386
vt 0.864076 0.539406
vt 0.928811 0.290300
vt 0.929774 0.286380
vt 0.928231 0.294475
vt 0.928011 0.298937
vt 0.863669 0.535147
vt 0.941450 0.114684
vt 0.928186 0.303426
vt 0.865332 0.517966
vt 0.874974 0.408257
vt 0.056383 0.975671
vt 0.056383 0.966266
vt 0.057148 0.966266
vt 0.057148 0.975671
vt 0.055618 0.975671
vt 0.055618 0.966266
vt 0.054853 0.975671
vt 0.054853 0.966266
vt 0.054088 0.975671
vt 0.054088 0.966266
vt 0.053324 0.975671
vt 0.053324 0.966266
vt 0.052558 0.975671
vt 0.052558 0.966266
vt 0.051794 0.975671
vt 0.051794 0.966266
vt 0.051029 0.975671
vt 0.051029 0.966266
vt 0.050264 0.975671
vt 0.050264 0.966266
vt 0.049499 0.975671
vt 0.049499 0.966266
vt 0.048734 0.975671
vt 0.048734 0.966266
vt 0.047969 0.975671
vt 0.047969 0.966266
vt 0.047204 0.975671
vt 0.047204 0.966266
vt 0.046439 0.975671
vt 0.046439 0.966266
vt 0.045674 0.975671
vt 0.045674 0.966266
vt 0.060208 0.975671
vt 0.060208 0.966266
vt 0.060973 0.966266
vt 0.060973 0.975671
vt 0.059443 0.975671
vt 0.059443 0.966266
vt 0.058678 0.975671
vt 0.058678 0.966266
vt 0.057913 0.975671
vt 0.057913 0.966266
vt 0.061726 0.976022
vt 0.061201 0.978410
vt 0.060438 0.978365
vt 0.060199 0.975932
vt 0.063151 0.976580
vt 0.061914 0.978689
vt 0.064333 0.977551
vt 0.062505 0.979175
vt 0.065158 0.978840
vt 0.062917 0.979819
vt 0.065543 0.980321
vt 0.063110 0.980560
vt 0.065453 0.981848
vt 0.063065 0.981323
vt 0.064895 0.983273
vt 0.062786 0.982036
vt 0.063924 0.984455
vt 0.062300 0.982627
vt 0.062635 0.985279
vt 0.061656 0.983039
vt 0.061155 0.985665
vt 0.060916 0.983232
vt 0.059627 0.985575
vt 0.060152 0.983187
vt 0.058203 0.985017
vt 0.059440 0.982908
vt 0.057020 0.984046
vt 0.058849 0.982422
vt 0.056196 0.982757
vt 0.058436 0.981778
vt 0.055858 0.980468
vt 0.058243 0.981037
vt 0.055900 0.979749
vt 0.058289 0.980274
vt 0.056459 0.978325
vt 0.058568 0.979562
vt 0.057429 0.977142
vt 0.059053 0.978970
vt 0.058718 0.976318
vt 0.059697 0.978558
vt 0.053324 0.947031
vt 0.053324 0.956437
vt 0.051794 0.956437
vt 0.051794 0.947031
vt 0.054853 0.947031
vt 0.054853 0.956437
vt 0.056383 0.947031
vt 0.056383 0.956437
vt 0.057913 0.947031
vt 0.057913 0.956437
vt 0.059443 0.947031
vt 0.059443 0.956437
vt 0.060973 0.947031
vt 0.060973 0.956437
vt 0.062503 0.947031
vt 0.062503 0.956437
vt 0.064033 0.947031
vt 0.064033 0.956437
vt 0.065563 0.947031
vt 0.065563 0.956437
vt 0.067093 0.947031
vt 0.067093 0.956437
vt 0.068623 0.947031
vt 0.068623 0.956437
vt 0.070153 0.947031
vt 0.070153 0.956437
vt 0.071683 0.947031
vt 0.071683 0.956437
vt 0.073213 0.947031
vt 0.073213 0.956437
vt 0.075527 0.947031
vt 0.075527 0.956437
vt 0.013097 0.957139
vt 0.013097 0.966544
vt 0.012378 0.966544
vt 0.012378 0.957139
vt 0.047204 0.947031
vt 0.047204 0.956437
vt 0.045674 0.956437
vt 0.045674 0.947031
vt 0.048734 0.947031
vt 0.048734 0.956437
vt 0.050264 0.947031
vt 0.050264 0.956437
vt 0.068465 0.980103
vt 0.066127 0.979386
vt 0.066800 0.978011
vt 0.068801 0.979416
vt 0.068357 0.980861
vt 0.065913 0.980900
vt 0.068489 0.981614
vt 0.066176 0.982407
vt 0.068847 0.982290
vt 0.066893 0.983759
vt 0.069397 0.982822
vt 0.067992 0.984823
vt 0.070084 0.983159
vt 0.069366 0.985496
vt 0.070842 0.983266
vt 0.070881 0.985711
vt 0.071595 0.983134
vt 0.072388 0.985447
vt 0.072271 0.982776
vt 0.073740 0.984730
vt 0.072803 0.982226
vt 0.074804 0.983631
vt 0.073139 0.981539
vt 0.075477 0.982257
vt 0.073247 0.980782
vt 0.075691 0.980742
vt 0.073115 0.980028
vt 0.075428 0.979235
vt 0.072757 0.979352
vt 0.074711 0.977883
vt 0.072207 0.978820
vt 0.072884 0.976463
vt 0.071520 0.978484
vt 0.072238 0.976147
vt 0.070762 0.978377
vt 0.070723 0.975932
vt 0.070009 0.978508
vt 0.069216 0.976196
vt 0.069333 0.978867
vt 0.067864 0.976912
vt 0.045249 0.965824
vt 0.029744 0.965824
vt 0.029744 0.956419
vt 0.045249 0.956419
vt 0.013098 0.947031
vt 0.028603 0.947031
vt 0.028603 0.947751
vt 0.013097 0.947751
vt 0.028603 0.957139
vt 0.028603 0.966544
vt 0.072183 0.975671
vt 0.072183 0.966266
vt 0.072948 0.966266
vt 0.072948 0.975671
vt 0.071418 0.975671
vt 0.071418 0.966266
vt 0.070653 0.975671
vt 0.070653 0.966266
vt 0.069888 0.975671
vt 0.069888 0.966266
vt 0.069123 0.975671
vt 0.069123 0.966266
vt 0.068358 0.975671
vt 0.068358 0.966266
vt 0.067593 0.975671
vt 0.067593 0.966266
vt 0.066828 0.975671
vt 0.066828 0.966266
vt 0.066063 0.975671
vt 0.066063 0.966266
vt 0.065298 0.975671
vt 0.065298 0.966266
vt 0.064533 0.975671
vt 0.064533 0.966266
vt 0.063768 0.975671
vt 0.063768 0.966266
vt 0.063003 0.975671
vt 0.063003 0.966266
vt 0.062238 0.975671
vt 0.062238 0.966266
vt 0.061473 0.975671
vt 0.061473 0.966266
vt 0.076008 0.975671
vt 0.076008 0.966266
vt 0.076773 0.966266
vt 0.076773 0.975671
vt 0.075243 0.975671
vt 0.075243 0.966266
vt 0.074478 0.975671
vt 0.074478 0.966266
vt 0.073713 0.975671
vt 0.073713 0.966266
vt 0.066573 0.984632
vt 0.066109 0.987032
vt 0.065345 0.987006
vt 0.065044 0.984580
vt 0.068011 0.985153
vt 0.066828 0.987293
vt 0.069218 0.986094
vt 0.067432 0.987763
vt 0.070075 0.987361
vt 0.067860 0.988397
vt 0.070498 0.988831
vt 0.068072 0.989132
vt 0.070447 0.990360
vt 0.068046 0.989897
vt 0.069925 0.991799
vt 0.067785 0.990616
vt 0.068984 0.993006
vt 0.067315 0.991219
vt 0.067717 0.993863
vt 0.066681 0.991648
vt 0.066247 0.994286
vt 0.065946 0.991859
vt 0.064718 0.994234
vt 0.065182 0.991834
vt 0.063279 0.993713
vt 0.064462 0.991573
vt 0.062073 0.992772
vt 0.063859 0.991102
vt 0.061216 0.991505
vt 0.063430 0.990469
vt 0.060820 0.989225
vt 0.063219 0.989734
vt 0.060844 0.988505
vt 0.063245 0.988969
vt 0.061366 0.987067
vt 0.063505 0.988250
vt 0.062306 0.985860
vt 0.063976 0.987647
vt 0.063573 0.985003
vt 0.064609 0.987218
vt 0.053324 0.956698
vt 0.053324 0.966004
vt 0.051794 0.966004
vt 0.051794 0.956698
vt 0.054853 0.956698
vt 0.054853 0.966004
vt 0.056383 0.956698
vt 0.056383 0.966004
vt 0.057913 0.956698
vt 0.057913 0.966004
vt 0.059443 0.956698
vt 0.059443 0.966004
vt 0.060973 0.956698
vt 0.060973 0.966004
vt 0.062503 0.956698
vt 0.062503 0.966004
vt 0.064033 0.956698
vt 0.064033 0.966004
vt 0.065563 0.956698
vt 0.065563 0.966004
vt 0.067093 0.956698
vt 0.067093 0.966004
vt 0.068623 0.956698
vt 0.068623 0.966004
vt 0.070153 0.956698
vt 0.070153 0.966004
vt 0.071683 0.956698
vt 0.071683 0.966004
vt 0.073213 0.956698
vt 0.073213 0.966004
vt 0.075527 0.956698
vt 0.075527 0.966004
vt 0.013097 0.976048
vt 0.013097 0.985354
vt 0.012378 0.985354
vt 0.012378 0.976048
vt 0.047204 0.956698
vt 0.047204 0.966004
vt 0.045674 0.966004
vt 0.045674 0.956698
vt 0.048734 0.956698
vt 0.048734 0.966004
vt 0.050264 0.956698
vt 0.050264 0.966004
vt 0.052507 0.982301
vt 0.054453 0.983783
vt 0.053347 0.984841
vt 0.051954 0.982830
vt 0.052869 0.981628
vt 0.055178 0.982436
vt 0.053006 0.980876
vt 0.055451 0.980931
vt 0.052903 0.980118
vt 0.055246 0.979415
vt 0.052572 0.979429
vt 0.054582 0.978036
vt 0.052043 0.978876
vt 0.053525 0.976930
vt 0.051370 0.978514
vt 0.052178 0.976205
vt 0.050618 0.978377
vt 0.050673 0.975932
vt 0.049860 0.978480
vt 0.049156 0.976137
vt 0.049171 0.978812
vt 0.047778 0.976801
vt 0.048618 0.979340
vt 0.046672 0.977858
vt 0.048256 0.980013
vt 0.045947 0.979205
vt 0.048119 0.980766
vt 0.045674 0.980711
vt 0.048222 0.981524
vt 0.045879 0.982227
vt 0.048553 0.982212
vt 0.047103 0.984191
vt 0.049082 0.982765
vt 0.047600 0.984711
vt 0.049755 0.983128
vt 0.048947 0.985436
vt 0.050508 0.983264
vt 0.050453 0.985710
vt 0.051265 0.983162
vt 0.051969 0.985504
vt 0.013097 0.994769
vt 0.028603 0.994769
vt 0.028603 0.995489
vt 0.013098 0.995489
vt 0.045249 0.984635
vt 0.029744 0.984635
vt 0.029744 0.975328
vt 0.045249 0.975328
vt 0.028603 0.976048
vt 0.028603 0.985354
vt 0.029322 0.976048
vt 0.029322 0.966544
vt 0.029322 0.985354
vt 0.029322 0.994769
vt 0.029744 0.994050
vt 0.045249 0.994050
vt 0.012378 0.994769
vt 0.029322 0.947751
vt 0.029322 0.957139
vt 0.012378 0.947751
vt 0.045249 0.947031
vt 0.029744 0.947031
vt 0.847467 0.842729
vt 0.848659 0.849759
vt 0.825137 0.854908
vt 0.823615 0.847303
vt 0.846239 0.835649
vt 0.822230 0.839691
vt 0.820990 0.832032
vt 0.845169 0.828533
vt 0.844127 0.821423
vt 0.819918 0.824361
vt 0.818997 0.816644
vt 0.843315 0.814281
vt 0.842563 0.807151
vt 0.818259 0.808913
vt 0.817685 0.801139
vt 0.842069 0.799999
vt 0.841648 0.792863
vt 0.817316 0.793355
vt 0.817123 0.785533
vt 0.841504 0.785720
vt 0.841444 0.778598
vt 0.817160 0.777706
vt 0.817392 0.769849
vt 0.841685 0.771487
vt 0.842019 0.764403
vt 0.817883 0.761998
vt 0.818589 0.754126
vt 0.842681 0.757353
vt 0.843450 0.750339
vt 0.819592 0.746277
vt 0.820836 0.738424
vt 0.844578 0.743387
vt 0.845833 0.736483
vt 0.822419 0.730622
vt 0.824273 0.722842
vt 0.847481 0.729680
vt 0.849278 0.722946
vt 0.826511 0.715161
vt 0.829051 0.707547
vt 0.851498 0.716370
vt 0.853876 0.709897
vt 0.832011 0.700104
vt 0.835296 0.692804
vt 0.856676 0.703645
vt 0.859610 0.697523
vt 0.839034 0.685771
vt 0.843119 0.678989
vt 0.862952 0.691652
vt 0.866469 0.685923
vt 0.847684 0.672581
vt 0.852601 0.666551
vt 0.870487 0.680457
vt 0.874899 0.675208
vt 0.857934 0.660976
vt 0.863484 0.655800
vt 0.879820 0.670212
vt 0.875829 0.931073
vt 0.856182 0.940578
vt 0.852553 0.934119
vt 0.872877 0.924530
vt 0.870075 0.917944
vt 0.849097 0.927521
vt 0.845848 0.920698
vt 0.867549 0.911352
vt 0.865076 0.904739
vt 0.842867 0.913759
vt 0.840077 0.906659
vt 0.862797 0.898059
vt 0.860513 0.891340
vt 0.837510 0.899472
vt 0.835099 0.892171
vt 0.858406 0.884517
vt 0.856317 0.877653
vt 0.832860 0.884813
vt 0.830754 0.877379
vt 0.854428 0.870687
vt 0.852581 0.863690
vt 0.828785 0.869921
vt 0.826931 0.862413
vt 0.850963 0.856605
vt 0.812944 0.841263
vt 0.814459 0.849073
vt 0.810569 0.825518
vt 0.811762 0.833404
vt 0.808874 0.809625
vt 0.809720 0.817590
vt 0.807918 0.793586
vt 0.808385 0.801627
vt 0.807779 0.777414
vt 0.807826 0.785524
vt 0.808555 0.761129
vt 0.808129 0.769297
vt 0.810364 0.744774
vt 0.809403 0.752977
vt 0.813353 0.728418
vt 0.811780 0.736616
vt 0.817689 0.712178
vt 0.815417 0.720305
vt 0.823540 0.696246
vt 0.820483 0.704195
vt 0.831065 0.680937
vt 0.827139 0.688527
vt 0.840421 0.666764
vt 0.835546 0.673710
vt 0.851591 0.654355
vt 0.845816 0.660346
vt 0.864318 0.644377
vt 0.869157 0.650828
vt 0.857737 0.649022
vt 0.840896 0.932003
vt 0.844801 0.938905
vt 0.834216 0.917612
vt 0.837466 0.924850
vt 0.828610 0.902755
vt 0.831370 0.910210
vt 0.823816 0.887606
vt 0.826210 0.895191
vt 0.819632 0.872295
vt 0.821743 0.879951
vt 0.815957 0.856869
vt 0.817822 0.864586
vt 0.854269 0.170929
vt 0.846497 0.164187
vt 0.868598 0.141806
vt 0.873214 0.145861
vt 0.839657 0.156502
vt 0.833913 0.147965
vt 0.861087 0.132123
vt 0.864485 0.137242
vt 0.829314 0.138761
vt 0.825996 0.129022
vt 0.856362 0.120816
vt 0.858307 0.126645
vt 0.823958 0.118937
vt 0.823294 0.108670
vt 0.854749 0.108670
vt 0.855107 0.114803
vt 0.823958 0.098401
vt 0.825995 0.088316
vt 0.856362 0.096521
vt 0.855107 0.102536
vt 0.829314 0.078577
vt 0.833913 0.069373
vt 0.861087 0.085214
vt 0.858307 0.090694
vt 0.839657 0.060837
vt 0.846497 0.053151
vt 0.868598 0.075532
vt 0.864486 0.080097
vt 0.854269 0.046409
vt 0.862877 0.040774
vt 0.878376 0.068143
vt 0.873214 0.071477
vt 0.872138 0.036294
vt 0.881918 0.033100
vt 0.889743 0.063559
vt 0.883890 0.065432
vt 0.892026 0.031193
vt 0.902299 0.030663
vt 0.901914 0.062094
vt 0.895775 0.062379
vt 0.912554 0.031461
vt 0.922609 0.033633
vt 0.914050 0.063846
vt 0.908046 0.062525
vt 0.932303 0.037085
vt 0.941450 0.041810
vt 0.925315 0.068682
vt 0.919860 0.065853
vt 0.949936 0.047675
vt 0.957609 0.054619
vt 0.934922 0.076249
vt 0.930397 0.072118
vt 0.964465 0.062496
vt 0.970429 0.071200
vt 0.942076 0.086006
vt 0.938872 0.080864
vt 0.964465 0.154843
vt 0.957609 0.162720
vt 0.934923 0.141089
vt 0.938873 0.136475
vt 0.949936 0.169664
vt 0.941450 0.175528
vt 0.925315 0.148656
vt 0.930398 0.145220
vt 0.932302 0.180253
vt 0.922609 0.183705
vt 0.914050 0.153491
vt 0.919860 0.151485
vt 0.912554 0.185877
vt 0.902299 0.186675
vt 0.901914 0.155244
vt 0.908046 0.154814
vt 0.892026 0.186146
vt 0.881918 0.184237
vt 0.889743 0.153779
vt 0.895774 0.154959
vt 0.862877 0.176564
vt 0.878376 0.149195
vt 0.883890 0.151906
vt 0.872138 0.181044
vt 0.844822 0.165883
vt 0.852801 0.172872
vt 0.831853 0.149166
vt 0.837733 0.157994
vt 0.823694 0.129643
vt 0.827067 0.139700
vt 0.820910 0.108669
vt 0.821543 0.119257
vt 0.823694 0.087695
vt 0.821543 0.098081
vt 0.831853 0.068172
vt 0.827067 0.077638
vt 0.844822 0.051454
vt 0.837733 0.059345
vt 0.861702 0.038699
vt 0.852801 0.044466
vt 0.881325 0.030792
vt 0.871228 0.034035
vt 0.902329 0.028280
vt 0.891736 0.028775
vt 0.923257 0.031341
vt 0.912904 0.029052
vt 0.942664 0.039763
vt 0.933263 0.034851
vt 0.959276 0.052930
vt 0.951423 0.045762
vt 0.972539 0.069800
vt 0.966327 0.060973
vt 0.959276 0.164409
vt 0.966328 0.156367
vt 0.942664 0.177576
vt 0.951423 0.171576
vt 0.923257 0.185997
vt 0.933263 0.182488
vt 0.902329 0.189058
vt 0.912904 0.188286
vt 0.881325 0.186547
vt 0.891736 0.188563
vt 0.861702 0.178638
vt 0.871228 0.183303
vt 0.854013 0.848658
vt 0.852673 0.841754
vt 0.851407 0.834779
vt 0.850371 0.827774
vt 0.849321 0.820780
vt 0.848543 0.813755
vt 0.847787 0.806748
vt 0.847323 0.799727
vt 0.846894 0.792726
vt 0.846773 0.785726
vt 0.846703 0.778753
vt 0.846954 0.771800
vt 0.847272 0.764881
vt 0.847930 0.758005
vt 0.848674 0.751174
vt 0.849777 0.744413
vt 0.850994 0.737711
vt 0.852593 0.731113
vt 0.854338 0.724597
vt 0.856486 0.718234
vt 0.858800 0.711991
vt 0.861507 0.705967
vt 0.864340 0.700092
vt 0.867518 0.694457
vt 0.870840 0.688942
vt 0.874591 0.683647
vt 0.878787 0.678532
vt 0.883558 0.673664
vt 0.880386 0.929008
vt 0.877457 0.922419
vt 0.874799 0.915912
vt 0.872418 0.909395
vt 0.870010 0.902902
vt 0.867794 0.896304
vt 0.865510 0.889688
vt 0.863438 0.882950
vt 0.861340 0.876185
vt 0.859489 0.869315
vt 0.857633 0.862434
vt 0.855944 0.855439
vt 0.856724 0.840945
vt 0.858142 0.847811
vt 0.854468 0.827181
vt 0.855455 0.834085
vt 0.852664 0.813342
vt 0.853386 0.820268
vt 0.851469 0.799512
vt 0.851881 0.806425
vt 0.850938 0.785728
vt 0.851015 0.792608
vt 0.851128 0.772041
vt 0.850841 0.778862
vt 0.852099 0.758514
vt 0.851417 0.765241
vt 0.853920 0.745219
vt 0.852809 0.751816
vt 0.856678 0.732247
vt 0.855093 0.738665
vt 0.860484 0.719717
vt 0.858368 0.725892
vt 0.865396 0.707819
vt 0.862734 0.713649
vt 0.871231 0.696700
vt 0.868149 0.702134
vt 0.877931 0.686252
vt 0.874398 0.691363
vt 0.886406 0.676626
vt 0.881891 0.681278
vt 0.881096 0.920636
vt 0.883851 0.926990
vt 0.876310 0.907900
vt 0.878577 0.914312
vt 0.871743 0.894958
vt 0.873893 0.901487
vt 0.867398 0.881733
vt 0.869412 0.888404
vt 0.863469 0.868242
vt 0.865258 0.875037
vt 0.859930 0.854581
vt 0.861570 0.861437
vt 0.860594 0.840204
vt 0.861885 0.847010
vt 0.859460 0.833437
vt 0.858234 0.826625
vt 0.857400 0.819768
vt 0.856463 0.812948
vt 0.855927 0.806105
vt 0.855301 0.799297
vt 0.855088 0.792488
vt 0.854799 0.785713
vt 0.854934 0.778962
vt 0.855010 0.772247
vt 0.855522 0.765587
vt 0.855991 0.758967
vt 0.856908 0.752436
vt 0.857805 0.745951
vt 0.859162 0.739595
vt 0.860528 0.733292
vt 0.862375 0.727164
vt 0.864265 0.721106
vt 0.866650 0.715283
vt 0.869090 0.709563
vt 0.871962 0.704136
vt 0.874809 0.698800
vt 0.877997 0.693744
vt 0.881219 0.688737
vt 0.884994 0.684079
vt 0.889139 0.679634
vt 0.887200 0.924870
vt 0.884629 0.918945
vt 0.882353 0.912768
vt 0.879928 0.906535
vt 0.877742 0.900127
vt 0.875363 0.893719
vt 0.873268 0.887157
vt 0.871023 0.880605
vt 0.869127 0.873915
vt 0.867112 0.867234
vt 0.865465 0.860435
vt 0.863727 0.853718
vt 0.866910 0.839022
vt 0.868238 0.845641
vt 0.865758 0.832320
vt 0.864631 0.825645
vt 0.863732 0.818947
vt 0.862913 0.812262
vt 0.862312 0.805572
vt 0.861805 0.798913
vt 0.861517 0.792264
vt 0.861351 0.785659
vt 0.861399 0.779080
vt 0.861600 0.772561
vt 0.862006 0.766085
vt 0.862602 0.759693
vt 0.863390 0.753362
vt 0.864410 0.747144
vt 0.865604 0.741005
vt 0.867083 0.735016
vt 0.868719 0.729120
vt 0.870701 0.723420
vt 0.872839 0.717828
vt 0.875346 0.712480
vt 0.877989 0.707246
vt 0.880882 0.702288
vt 0.883753 0.697427
vt 0.886922 0.692928
vt 0.890032 0.688506
vt 0.893976 0.684652
vt 0.893131 0.922463
vt 0.890757 0.916572
vt 0.888445 0.910514
vt 0.886056 0.904339
vt 0.883821 0.898029
vt 0.881476 0.891661
vt 0.879339 0.885196
vt 0.877166 0.878710
vt 0.875225 0.872149
vt 0.873312 0.865566
vt 0.871634 0.858907
vt 0.869917 0.852217
vt 0.893775 0.675627
vt 0.898147 0.680703
vt 0.891338 0.672233
vt 0.888697 0.668942
vt 0.884901 0.665241
vt 0.879023 0.195511
vt 0.867877 0.191615
vt 0.857142 0.186693
vt 0.902444 0.198312
vt 0.890669 0.197461
vt 0.925774 0.194900
vt 0.914191 0.197154
vt 0.947376 0.185528
vt 0.936803 0.190718
vt 0.965718 0.170999
vt 0.956911 0.178660
vt 0.979950 0.153319
vt 0.973197 0.162244
vt 0.972540 0.147540
vt 0.970431 0.146140
vt 0.965718 0.046339
vt 0.973197 0.055096
vt 0.979949 0.064021
vt 0.947377 0.031810
vt 0.956911 0.038678
vt 0.925775 0.022437
vt 0.936803 0.026620
vt 0.902444 0.019026
vt 0.914191 0.020184
vt 0.879023 0.021827
vt 0.890669 0.019877
vt 0.857142 0.030645
vt 0.867877 0.025723
vt 0.838319 0.044869
vt 0.847398 0.037316
vt 0.823857 0.063511
vt 0.830652 0.053851
vt 0.814759 0.085280
vt 0.818798 0.074182
vt 0.811655 0.108669
vt 0.812659 0.096902
vt 0.814759 0.132058
vt 0.812659 0.120436
vt 0.823857 0.153827
vt 0.818798 0.143156
vt 0.838319 0.172470
vt 0.830652 0.163487
vt 0.847398 0.180022
vt 0.942077 0.131332
vt 0.807716 0.875356
vt 0.805533 0.867482
vt 0.803953 0.859456
vt 0.812021 0.891158
vt 0.809565 0.883326
vt 0.816981 0.906953
vt 0.814187 0.899122
vt 0.822916 0.922675
vt 0.819620 0.914906
vt 0.830242 0.938183
vt 0.826233 0.930528
vt 0.840258 0.953261
vt 0.834692 0.945928
vt 0.849317 0.945575
vt 0.843586 0.644963
vt 0.850944 0.638921
vt 0.859046 0.634038
vt 0.830795 0.658855
vt 0.836829 0.651544
vt 0.820365 0.674591
vt 0.825153 0.666459
vt 0.812172 0.691295
vt 0.815825 0.682778
vt 0.805898 0.708413
vt 0.808597 0.699744
vt 0.801296 0.725691
vt 0.803173 0.716984
vt 0.798149 0.742969
vt 0.799317 0.734297
vt 0.796257 0.760145
vt 0.796817 0.751550
vt 0.795455 0.777166
vt 0.795488 0.768667
vt 0.795607 0.794003
vt 0.795178 0.785612
vt 0.796607 0.810648
vt 0.795767 0.802366
vt 0.798368 0.827099
vt 0.797159 0.818924
vt 0.800830 0.843364
vt 0.799279 0.835291
vt 0.802076 0.851478
vt 0.378824 0.733090
vt 0.377737 0.733091
vt 0.377597 0.450557
vt 0.378684 0.450557
vt 0.536979 0.922470
vt 0.583056 0.922451
vt 0.583059 0.923538
vt 0.536976 0.923557
vt 0.742319 0.733045
vt 0.741232 0.733044
vt 0.741292 0.450555
vt 0.742379 0.450555
vt 0.536961 0.010864
vt 0.583136 0.010943
vt 0.583132 0.012030
vt 0.536963 0.011951
vt 0.379959 0.921642
vt 0.379869 0.922721
vt 0.378879 0.921732
vt 0.741195 0.921755
vt 0.740204 0.922744
vt 0.740115 0.921665
vt 0.379805 0.011318
vt 0.379909 0.012395
vt 0.378826 0.012322
vt 0.741256 0.012419
vt 0.740174 0.012492
vt 0.740279 0.011415
vt 0.378729 0.370029
vt 0.377642 0.370029
vt 0.378225 0.098351
vt 0.379311 0.098360
vt 0.742370 0.370066
vt 0.741284 0.370066
vt 0.740745 0.098390
vt 0.741832 0.098381
vt 0.378618 0.875706
vt 0.379705 0.875690
vt 0.740371 0.875702
vt 0.741458 0.875718
vt 0.379308 0.782845
vt 0.378221 0.782848
vt 0.741832 0.782829
vt 0.740746 0.782826
vt 0.688564 0.010878
vt 0.688540 0.011965
vt 0.688543 0.922133
vt 0.688561 0.923220
vt 0.431519 0.922110
vt 0.431502 0.923197
vt 0.431542 0.010809
vt 0.431565 0.011896
vt 0.578305 0.941207
vt 0.578225 0.927263
vt 0.682756 0.927220
vt 0.682835 0.941196
vt 0.532413 0.941212
vt 0.532334 0.927282
vt 0.427883 0.941223
vt 0.427804 0.927325
vt 0.375815 0.941228
vt 0.375736 0.927346
vt 0.748046 0.918442
vt 0.765876 0.918264
vt 0.765876 0.919305
vt 0.748046 0.919498
vt 0.748012 0.872018
vt 0.765867 0.872018
vt 0.748003 0.779322
vt 0.765866 0.779239
vt 0.748007 0.729389
vt 0.765868 0.729448
vt 0.748041 0.447027
vt 0.765883 0.447109
vt 0.748050 0.366335
vt 0.765887 0.366397
vt 0.748043 0.095019
vt 0.765890 0.094803
vt 0.747987 0.011024
vt 0.765873 0.010809
vt 0.008745 0.927335
vt 0.008824 0.941175
vt 0.007287 0.941175
vt 0.007208 0.927335
vt 0.060654 0.927314
vt 0.060733 0.941169
vt 0.164864 0.927271
vt 0.164943 0.941158
vt 0.210615 0.927252
vt 0.210694 0.941153
vt 0.314826 0.927210
vt 0.314905 0.941142
vt 0.366734 0.927188
vt 0.366813 0.941137
vt 0.368528 0.927188
vt 0.368607 0.941137
vt 0.790086 0.094803
vt 0.772239 0.095019
vt 0.772183 0.011024
vt 0.790069 0.010809
vt 0.790084 0.366397
vt 0.772246 0.366335
vt 0.790080 0.447109
vt 0.772238 0.447027
vt 0.790064 0.729448
vt 0.772204 0.729389
vt 0.790062 0.779239
vt 0.772200 0.779322
vt 0.790063 0.872018
vt 0.772208 0.872018
vt 0.790072 0.918264
vt 0.772242 0.918442
vt 0.790073 0.919305
vt 0.772243 0.919498
vt 0.734824 0.927199
vt 0.734903 0.941190
vt 0.687930 0.875432
vt 0.689225 0.876657
vt 0.582154 0.877033
vt 0.583454 0.875794
vt 0.688437 0.782879
vt 0.689749 0.781653
vt 0.582122 0.781477
vt 0.583426 0.782711
vt 0.689004 0.451162
vt 0.690284 0.449857
vt 0.690253 0.733611
vt 0.688973 0.732306
vt 0.583388 0.451116
vt 0.582108 0.449811
vt 0.583314 0.732232
vt 0.582034 0.733536
vt 0.689052 0.369505
vt 0.690266 0.370819
vt 0.582082 0.370884
vt 0.583293 0.369568
vt 0.688527 0.099157
vt 0.689732 0.097844
vt 0.582036 0.097681
vt 0.583244 0.098999
vt 0.431524 0.099109
vt 0.430325 0.097794
vt 0.537959 0.097693
vt 0.536757 0.099011
vt 0.430952 0.369485
vt 0.429743 0.370800
vt 0.536696 0.369569
vt 0.537901 0.370886
vt 0.431080 0.732344
vt 0.429805 0.733652
vt 0.429690 0.449853
vt 0.430966 0.451160
vt 0.536665 0.732225
vt 0.537941 0.733531
vt 0.536625 0.451127
vt 0.537901 0.449820
vt 0.432149 0.875405
vt 0.430853 0.876630
vt 0.430303 0.781646
vt 0.431616 0.782873
vt 0.536594 0.875780
vt 0.537895 0.877018
vt 0.537911 0.781503
vt 0.536607 0.782737
vt 0.677146 0.865677
vt 0.678303 0.866692
vt 0.593110 0.866913
vt 0.594271 0.865889
vt 0.677459 0.792639
vt 0.678628 0.791622
vt 0.594345 0.792589
vt 0.593182 0.791568
vt 0.677781 0.720921
vt 0.678833 0.722127
vt 0.593459 0.722020
vt 0.594512 0.720815
vt 0.677831 0.462535
vt 0.678883 0.461330
vt 0.594556 0.462543
vt 0.593503 0.461338
vt 0.677939 0.356790
vt 0.678926 0.358011
vt 0.593390 0.358004
vt 0.594374 0.356782
vt 0.677482 0.111865
vt 0.678460 0.110645
vt 0.594314 0.111803
vt 0.593333 0.110580
vt 0.525794 0.111879
vt 0.526739 0.110638
vt 0.526625 0.357948
vt 0.525677 0.356706
vt 0.442462 0.111898
vt 0.441520 0.110658
vt 0.441051 0.357942
vt 0.442001 0.356702
vt 0.525346 0.462773
vt 0.526383 0.461559
vt 0.526442 0.721859
vt 0.525405 0.720645
vt 0.442251 0.462751
vt 0.441213 0.461536
vt 0.441294 0.721905
vt 0.442331 0.720692
vt 0.525665 0.792632
vt 0.526834 0.791606
vt 0.526915 0.866883
vt 0.525747 0.865854
vt 0.442621 0.792660
vt 0.441446 0.791638
vt 0.441794 0.866647
vt 0.442957 0.865627
vt 0.670837 0.859831
vt 0.672106 0.861029
vt 0.599331 0.861229
vt 0.600604 0.860020
vt 0.671052 0.798497
vt 0.672331 0.797296
vt 0.600715 0.798444
vt 0.599443 0.797237
vt 0.671173 0.713503
vt 0.672362 0.714796
vt 0.599934 0.714739
vt 0.601123 0.713448
vt 0.671227 0.469944
vt 0.672417 0.468652
vt 0.601159 0.469920
vt 0.599969 0.468628
vt 0.671313 0.349317
vt 0.672498 0.350610
vt 0.599803 0.350570
vt 0.600986 0.349276
vt 0.670917 0.119335
vt 0.672093 0.118042
vt 0.600895 0.119316
vt 0.599715 0.118021
vt 0.519941 0.119263
vt 0.518800 0.120573
vt 0.449444 0.120617
vt 0.448305 0.119309
vt 0.519803 0.349293
vt 0.518658 0.347984
vt 0.447884 0.349325
vt 0.449032 0.348016
vt 0.519804 0.469240
vt 0.518629 0.470536
vt 0.448970 0.470489
vt 0.447794 0.469191
vt 0.519869 0.714181
vt 0.518692 0.712887
vt 0.447863 0.714252
vt 0.449039 0.712954
vt 0.520390 0.797458
vt 0.519114 0.798666
vt 0.449174 0.798649
vt 0.447889 0.797443
vt 0.520508 0.861042
vt 0.519231 0.859830
vt 0.448210 0.860826
vt 0.449480 0.859624
vt 0.371982 0.450518
vt 0.371833 0.733087
vt 0.370746 0.733086
vt 0.370896 0.450518
vt 0.166438 0.923475
vt 0.166441 0.922388
vt 0.212505 0.922442
vt 0.212506 0.923529
vt 0.008294 0.450512
vt 0.008307 0.732994
vt 0.007220 0.732994
vt 0.007208 0.450512
vt 0.166410 0.011933
vt 0.166409 0.010846
vt 0.212576 0.010911
vt 0.212573 0.011998
vt 0.369536 0.921715
vt 0.370616 0.921806
vt 0.369625 0.922794
vt 0.008404 0.921729
vt 0.009482 0.921637
vt 0.009393 0.922716
vt 0.369682 0.011323
vt 0.370659 0.012327
vt 0.369577 0.012401
vt 0.008241 0.012345
vt 0.009219 0.011340
vt 0.009323 0.012418
vt 0.371263 0.098284
vt 0.371939 0.369978
vt 0.370852 0.369980
vt 0.370176 0.098294
vt 0.008736 0.098403
vt 0.008312 0.370047
vt 0.007225 0.370047
vt 0.007649 0.098394
vt 0.370907 0.875769
vt 0.369821 0.875752
vt 0.009169 0.875693
vt 0.008082 0.875711
vt 0.371329 0.782881
vt 0.370242 0.782878
vt 0.008755 0.782767
vt 0.007668 0.782770
vt 0.060964 0.010819
vt 0.060987 0.011906
vt 0.061000 0.922054
vt 0.060983 0.923141
vt 0.317970 0.922153
vt 0.317986 0.923240
vt 0.317972 0.010809
vt 0.317947 0.011896
vt 0.167373 0.876972
vt 0.060309 0.876573
vt 0.061604 0.875348
vt 0.166073 0.875733
vt 0.061089 0.782789
vt 0.059776 0.781563
vt 0.167422 0.781475
vt 0.166117 0.782708
vt 0.059288 0.733588
vt 0.059303 0.449826
vt 0.060583 0.451131
vt 0.060568 0.732282
vt 0.166209 0.451105
vt 0.167489 0.449799
vt 0.166231 0.732190
vt 0.167511 0.733493
vt 0.167485 0.370872
vt 0.059324 0.370792
vt 0.060538 0.369477
vt 0.166273 0.369556
vt 0.060954 0.099123
vt 0.059748 0.097809
vt 0.167452 0.097662
vt 0.166246 0.098980
vt 0.211529 0.097653
vt 0.319162 0.097777
vt 0.317963 0.099091
vt 0.212731 0.098971
vt 0.318623 0.369444
vt 0.319833 0.370758
vt 0.212870 0.369552
vt 0.211665 0.370869
vt 0.319888 0.449817
vt 0.319765 0.733634
vt 0.318490 0.732326
vt 0.318612 0.451123
vt 0.212884 0.732214
vt 0.211608 0.733519
vt 0.212972 0.451113
vt 0.211696 0.449807
vt 0.319244 0.781686
vt 0.318675 0.876674
vt 0.317380 0.875447
vt 0.317930 0.782911
vt 0.212926 0.875752
vt 0.211625 0.876990
vt 0.211647 0.781452
vt 0.212951 0.782687
vt 0.156421 0.866852
vt 0.071227 0.866612
vt 0.072384 0.865598
vt 0.155259 0.865827
vt 0.072071 0.792554
vt 0.070902 0.791536
vt 0.155192 0.792574
vt 0.156355 0.791554
vt 0.156088 0.721980
vt 0.070709 0.722104
vt 0.071762 0.720897
vt 0.155035 0.720776
vt 0.071755 0.462505
vt 0.070702 0.461300
vt 0.155038 0.462530
vt 0.156091 0.461325
vt 0.156173 0.357993
vt 0.070658 0.357981
vt 0.071644 0.356760
vt 0.155189 0.356772
vt 0.072003 0.111837
vt 0.071024 0.110616
vt 0.155179 0.111779
vt 0.156160 0.110556
vt 0.222938 0.357928
vt 0.222752 0.110600
vt 0.223698 0.111842
vt 0.223886 0.356686
vt 0.307029 0.111875
vt 0.307971 0.110636
vt 0.308520 0.357901
vt 0.307569 0.356661
vt 0.223109 0.721848
vt 0.223213 0.461541
vt 0.224250 0.462756
vt 0.224147 0.720635
vt 0.307327 0.462717
vt 0.308365 0.461502
vt 0.308276 0.721888
vt 0.307239 0.720673
vt 0.222605 0.866859
vt 0.222721 0.791567
vt 0.223888 0.792594
vt 0.223774 0.865831
vt 0.306920 0.792689
vt 0.308096 0.791668
vt 0.307737 0.866684
vt 0.306575 0.865663
vt 0.150165 0.861166
vt 0.077459 0.860950
vt 0.078724 0.859752
vt 0.148894 0.859957
vt 0.078446 0.798411
vt 0.077164 0.797211
vt 0.148852 0.798422
vt 0.150126 0.797217
vt 0.149613 0.714698
vt 0.077182 0.714773
vt 0.078372 0.713480
vt 0.148424 0.713408
vt 0.078357 0.469914
vt 0.077167 0.468623
vt 0.148433 0.469905
vt 0.149623 0.468613
vt 0.149758 0.350560
vt 0.077082 0.350578
vt 0.078267 0.349284
vt 0.148575 0.349267
vt 0.078570 0.119310
vt 0.077394 0.118015
vt 0.148601 0.119287
vt 0.149780 0.117994
vt 0.300058 0.120560
vt 0.230703 0.120569
vt 0.229560 0.119259
vt 0.301196 0.119251
vt 0.229750 0.349305
vt 0.230894 0.347995
vt 0.301674 0.349253
vt 0.300526 0.347946
vt 0.300608 0.470459
vt 0.230965 0.470518
vt 0.229790 0.469222
vt 0.301783 0.469158
vt 0.229684 0.714170
vt 0.230860 0.712875
vt 0.301707 0.714233
vt 0.300532 0.712935
vt 0.300365 0.798700
vt 0.230437 0.798608
vt 0.229162 0.797398
vt 0.301650 0.797496
vt 0.229012 0.860992
vt 0.230290 0.859781
vt 0.301324 0.860887
vt 0.300055 0.859683
vt 0.854392 0.198548
vt 0.853935 0.198683
vt 0.851874 0.194647
vt 0.852325 0.194384
vt 0.849115 0.191049
vt 0.849538 0.190656
vt 0.845531 0.188187
vt 0.845851 0.187692
vt 0.841274 0.186301
vt 0.841455 0.185722
vt 0.836613 0.185607
vt 0.836609 0.184961
vt 0.831969 0.186343
vt 0.831783 0.185768
vt 0.827758 0.188257
vt 0.827460 0.187776
vt 0.824158 0.191076
vt 0.823737 0.190659
vt 0.821427 0.194723
vt 0.820913 0.194430
vt 0.819757 0.198939
vt 0.819195 0.198792
vt 0.819212 0.203415
vt 0.818637 0.203407
vt 0.819791 0.207903
vt 0.819233 0.208034
vt 0.821464 0.212158
vt 0.820929 0.212459
vt 0.824268 0.215782
vt 0.823860 0.216202
vt 0.827877 0.218552
vt 0.827585 0.219029
vt 0.832064 0.220418
vt 0.831883 0.220993
vt 0.836650 0.221093
vt 0.836635 0.221702
vt 0.841267 0.220480
vt 0.841420 0.221064
vt 0.845544 0.218653
vt 0.845849 0.219167
vt 0.849154 0.215785
vt 0.849573 0.216196
vt 0.851889 0.212114
vt 0.852394 0.212410
vt 0.853613 0.207855
vt 0.854162 0.208000
vt 0.854338 0.203323
vt 0.854890 0.203315
vt 0.838015 0.202686
vt 0.838161 0.203066
vt 0.837754 0.202361
vt 0.837452 0.202106
vt 0.837066 0.201947
vt 0.836695 0.201888
vt 0.836279 0.201941
vt 0.835948 0.202094
vt 0.835609 0.202343
vt 0.835413 0.202664
vt 0.835234 0.203043
vt 0.835231 0.203444
vt 0.835251 0.203853
vt 0.835448 0.204228
vt 0.835656 0.204559
vt 0.836008 0.204808
vt 0.836342 0.204973
vt 0.836762 0.205027
vt 0.837126 0.204981
vt 0.837509 0.204823
vt 0.837797 0.204579
vt 0.838046 0.204253
vt 0.838175 0.203878
vt 0.838232 0.203470
vt 0.837363 0.224678
vt 0.841257 0.224348
vt 0.831707 0.224021
vt 0.835528 0.224837
vt 0.826529 0.221885
vt 0.829972 0.223709
vt 0.822421 0.219075
vt 0.825562 0.221221
vt 0.818864 0.214901
vt 0.821366 0.217740
vt 0.816665 0.209391
vt 0.817817 0.212968
vt 0.815849 0.204108
vt 0.816138 0.207812
vt 0.816319 0.198749
vt 0.815658 0.202409
vt 0.818048 0.193627
vt 0.816462 0.197083
vt 0.821175 0.189122
vt 0.818706 0.192045
vt 0.825377 0.185561
vt 0.822210 0.187778
vt 0.829851 0.183070
vt 0.826397 0.184912
vt 0.835405 0.181863
vt 0.831586 0.182744
vt 0.841619 0.182688
vt 0.837784 0.181842
vt 0.846828 0.184831
vt 0.843370 0.183019
vt 0.851132 0.188182
vt 0.848306 0.185630
vt 0.854475 0.192453
vt 0.852411 0.189300
vt 0.856735 0.196758
vt 0.855014 0.193481
vt 0.857684 0.202226
vt 0.857030 0.198588
vt 0.856998 0.208031
vt 0.857686 0.204374
vt 0.855298 0.213229
vt 0.856895 0.209716
vt 0.852134 0.217659
vt 0.854551 0.214750
vt 0.847975 0.221263
vt 0.851073 0.219028
vt 0.842924 0.223720
vt 0.846585 0.222369
vt 0.943844 0.718920
vt 0.942715 0.712305
vt 0.966481 0.706115
vt 0.968163 0.713873
vt 0.944854 0.725678
vt 0.969524 0.721641
vt 0.970636 0.729456
vt 0.945555 0.732527
vt 0.946202 0.739436
vt 0.971416 0.737257
vt 0.971987 0.745087
vt 0.946544 0.746398
vt 0.946808 0.753401
vt 0.972275 0.752893
vt 0.972367 0.760715
vt 0.946774 0.760428
vt 0.946651 0.767480
vt 0.972202 0.768502
vt 0.971848 0.776291
vt 0.946247 0.774532
vt 0.945752 0.781597
vt 0.971261 0.784036
vt 0.970493 0.791774
vt 0.944995 0.788646
vt 0.944151 0.795700
vt 0.969510 0.799461
vt 0.968354 0.807131
vt 0.943059 0.802722
vt 0.941885 0.809742
vt 0.967000 0.814744
vt 0.965478 0.822333
vt 0.940477 0.816718
vt 0.938991 0.823683
vt 0.963769 0.829861
vt 0.961899 0.837356
vt 0.937281 0.830594
vt 0.935502 0.837484
vt 0.959850 0.844785
vt 0.957642 0.852172
vt 0.933505 0.844309
vt 0.931448 0.851102
vt 0.955254 0.859484
vt 0.952703 0.866740
vt 0.929171 0.857823
vt 0.926842 0.864504
vt 0.949959 0.873908
vt 0.947032 0.880992
vt 0.924285 0.871112
vt 0.921672 0.877675
vt 0.943879 0.887971
vt 0.940511 0.894817
vt 0.918815 0.884185
vt 0.915862 0.890652
vt 0.936882 0.901520
vt 0.933016 0.908019
vt 0.912634 0.897105
vt 0.901880 0.641368
vt 0.918397 0.627001
vt 0.923933 0.632025
vt 0.906785 0.646523
vt 0.911713 0.651615
vt 0.929467 0.637250
vt 0.934859 0.642850
vt 0.916314 0.656837
vt 0.920646 0.662199
vt 0.939888 0.648850
vt 0.944615 0.655208
vt 0.924487 0.667831
vt 0.928060 0.673629
vt 0.948862 0.661903
vt 0.952772 0.668868
vt 0.931126 0.679690
vt 0.933957 0.685907
vt 0.956189 0.676061
vt 0.959287 0.683439
vt 0.936277 0.692351
vt 0.938342 0.698960
vt 0.961928 0.690928
vt 0.964308 0.698523
vt 0.939781 0.705777
vt 0.979014 0.720069
vt 0.977457 0.711927
vt 0.981048 0.736390
vt 0.980096 0.728230
vt 0.981982 0.752677
vt 0.981561 0.744536
vt 0.981929 0.768883
vt 0.981991 0.760782
vt 0.980967 0.784972
vt 0.981475 0.776929
vt 0.979159 0.800915
vt 0.980083 0.792944
vt 0.976561 0.816690
vt 0.977875 0.808801
vt 0.973214 0.832279
vt 0.974900 0.824481
vt 0.969147 0.847665
vt 0.971191 0.839966
vt 0.964369 0.862833
vt 0.966773 0.855243
vt 0.958844 0.877757
vt 0.961635 0.870291
vt 0.952444 0.892374
vt 0.955701 0.885070
vt 0.944949 0.906553
vt 0.948801 0.899495
vt 0.935788 0.919725
vt 0.928922 0.914418
vt 0.940643 0.913314
vt 0.936001 0.630601
vt 0.929808 0.625158
vt 0.947298 0.643016
vt 0.941803 0.636620
vt 0.956943 0.656980
vt 0.952287 0.649862
vt 0.964800 0.672038
vt 0.961027 0.664425
vt 0.970968 0.687756
vt 0.968008 0.679859
vt 0.975726 0.703789
vt 0.973419 0.695762
vt 0.854269 0.360288
vt 0.846497 0.353546
vt 0.868599 0.331165
vt 0.873215 0.335220
vt 0.839657 0.345861
vt 0.833913 0.337324
vt 0.861087 0.321482
vt 0.864486 0.326601
vt 0.829314 0.328120
vt 0.825996 0.318381
vt 0.856362 0.310175
vt 0.858307 0.316003
vt 0.823958 0.308296
vt 0.823294 0.298028
vt 0.854749 0.298028
vt 0.855107 0.304161
vt 0.823958 0.287760
vt 0.825996 0.277676
vt 0.856362 0.285880
vt 0.855107 0.291895
vt 0.829314 0.267936
vt 0.833913 0.258731
vt 0.861087 0.274574
vt 0.858307 0.280053
vt 0.839657 0.250196
vt 0.846497 0.242510
vt 0.868598 0.264891
vt 0.864486 0.269456
vt 0.854269 0.235768
vt 0.862877 0.230133
vt 0.878376 0.257502
vt 0.873214 0.260836
vt 0.872138 0.225653
vt 0.881918 0.222459
vt 0.889743 0.252918
vt 0.883890 0.254791
vt 0.892026 0.220552
vt 0.902299 0.220022
vt 0.901914 0.251454
vt 0.895774 0.251738
vt 0.912555 0.220820
vt 0.922609 0.222993
vt 0.914050 0.253205
vt 0.908046 0.251884
vt 0.932303 0.226444
vt 0.941450 0.231168
vt 0.925315 0.258042
vt 0.919860 0.255212
vt 0.949936 0.237033
vt 0.957609 0.243978
vt 0.934923 0.265608
vt 0.930398 0.261477
vt 0.964465 0.251855
vt 0.970430 0.260559
vt 0.942077 0.275364
vt 0.938873 0.270222
vt 0.964465 0.344202
vt 0.957609 0.352078
vt 0.934923 0.330447
vt 0.938873 0.325833
vt 0.949936 0.359022
vt 0.941450 0.364887
vt 0.925315 0.338015
vt 0.930398 0.334579
vt 0.932302 0.369613
vt 0.922609 0.373063
vt 0.914050 0.342851
vt 0.919860 0.340845
vt 0.912555 0.375236
vt 0.902300 0.376034
vt 0.901914 0.344602
vt 0.908046 0.344173
vt 0.892027 0.375505
vt 0.881918 0.373597
vt 0.889743 0.343138
vt 0.895774 0.344319
vt 0.862877 0.365923
vt 0.878376 0.338554
vt 0.883890 0.341265
vt 0.872138 0.370404
vt 0.844822 0.355243
vt 0.852801 0.362231
vt 0.831853 0.338525
vt 0.837733 0.347353
vt 0.823694 0.319003
vt 0.827067 0.329059
vt 0.820910 0.298028
vt 0.821543 0.308616
vt 0.823694 0.277053
vt 0.821543 0.287440
vt 0.831853 0.257531
vt 0.827067 0.266997
vt 0.844822 0.240814
vt 0.837733 0.248704
vt 0.861703 0.228058
vt 0.852801 0.233825
vt 0.881325 0.220150
vt 0.871228 0.223394
vt 0.902329 0.217639
vt 0.891736 0.218134
vt 0.923257 0.220700
vt 0.912904 0.218411
vt 0.942664 0.229122
vt 0.933263 0.224210
vt 0.959276 0.242288
vt 0.951423 0.235121
vt 0.972540 0.259158
vt 0.966328 0.250331
vt 0.959276 0.353767
vt 0.966328 0.345725
vt 0.942664 0.366934
vt 0.951423 0.360936
vt 0.923257 0.375356
vt 0.933263 0.371846
vt 0.902329 0.378418
vt 0.912904 0.377645
vt 0.881325 0.375906
vt 0.891736 0.377922
vt 0.861703 0.367997
vt 0.871228 0.372662
vt 0.937054 0.713374
vt 0.938334 0.719825
vt 0.939361 0.726403
vt 0.940055 0.733082
vt 0.940712 0.739805
vt 0.941044 0.746616
vt 0.941332 0.753446
vt 0.941281 0.760332
vt 0.941200 0.767219
vt 0.940773 0.774142
vt 0.940337 0.781053
vt 0.939553 0.787983
vt 0.938780 0.794893
vt 0.937661 0.801803
vt 0.936567 0.808691
vt 0.935132 0.815559
vt 0.933731 0.822401
vt 0.932000 0.829204
vt 0.930305 0.835981
vt 0.928297 0.842695
vt 0.926321 0.849384
vt 0.924050 0.855989
vt 0.921806 0.862571
vt 0.919280 0.869057
vt 0.916769 0.875531
vt 0.913986 0.881920
vt 0.911171 0.888330
vt 0.908051 0.894719
vt 0.897877 0.644953
vt 0.902877 0.649974
vt 0.907672 0.654953
vt 0.912098 0.660040
vt 0.916214 0.665221
vt 0.919883 0.670646
vt 0.923265 0.676207
vt 0.926210 0.682021
vt 0.928899 0.687973
vt 0.931145 0.694159
vt 0.933143 0.700472
vt 0.934836 0.707072
vt 0.933980 0.720554
vt 0.932651 0.714213
vt 0.935695 0.733488
vt 0.935016 0.726973
vt 0.936704 0.746760
vt 0.936385 0.740103
vt 0.936967 0.760229
vt 0.937020 0.753493
vt 0.936493 0.773810
vt 0.936906 0.767035
vt 0.935311 0.787441
vt 0.936069 0.780654
vt 0.933463 0.801069
vt 0.934547 0.794294
vt 0.930978 0.814644
vt 0.932374 0.807905
vt 0.927889 0.828119
vt 0.929584 0.821438
vt 0.924228 0.841445
vt 0.926210 0.834845
vt 0.920028 0.854576
vt 0.922282 0.848082
vt 0.915321 0.867479
vt 0.917829 0.861104
vt 0.910150 0.880162
vt 0.912882 0.873897
vt 0.904478 0.892717
vt 0.907453 0.886496
vt 0.899880 0.652916
vt 0.895050 0.648179
vt 0.908674 0.662632
vt 0.904450 0.657699
vt 0.916120 0.672884
vt 0.912610 0.667641
vt 0.922207 0.683863
vt 0.919382 0.678253
vt 0.926999 0.695581
vt 0.924829 0.689615
vt 0.930695 0.708027
vt 0.929015 0.701714
vt 0.929792 0.721238
vt 0.928564 0.715041
vt 0.930717 0.727503
vt 0.931634 0.733893
vt 0.932124 0.740384
vt 0.932664 0.746924
vt 0.932782 0.753526
vt 0.932948 0.760168
vt 0.932698 0.766837
vt 0.932498 0.773542
vt 0.931897 0.780246
vt 0.931350 0.786982
vt 0.930413 0.793692
vt 0.929537 0.800432
vt 0.928281 0.807122
vt 0.927092 0.813839
vt 0.925534 0.820485
vt 0.924048 0.827153
vt 0.922199 0.833731
vt 0.920434 0.840326
vt 0.918311 0.846810
vt 0.916283 0.853311
vt 0.913904 0.859682
vt 0.911632 0.866072
vt 0.909023 0.872318
vt 0.906530 0.878590
vt 0.903738 0.884695
vt 0.901019 0.890752
vt 0.892458 0.651525
vt 0.897005 0.655847
vt 0.901245 0.660476
vt 0.905369 0.665122
vt 0.909007 0.670060
vt 0.912508 0.675028
vt 0.915503 0.680291
vt 0.918394 0.685626
vt 0.920777 0.691245
vt 0.923079 0.696972
vt 0.924893 0.702954
vt 0.926654 0.709007
vt 0.922997 0.722371
vt 0.921695 0.716502
vt 0.923989 0.728432
vt 0.924789 0.734605
vt 0.925418 0.740856
vt 0.925856 0.747209
vt 0.926102 0.753609
vt 0.926182 0.760072
vt 0.926055 0.766562
vt 0.925786 0.773096
vt 0.925302 0.779640
vt 0.924700 0.786214
vt 0.923875 0.792781
vt 0.922954 0.799365
vt 0.921806 0.805925
vt 0.920579 0.812491
vt 0.919125 0.819016
vt 0.917605 0.825538
vt 0.915861 0.832004
vt 0.914061 0.838454
vt 0.912044 0.844836
vt 0.909982 0.851194
vt 0.907711 0.857471
vt 0.905407 0.863720
vt 0.902913 0.869879
vt 0.900393 0.875989
vt 0.897725 0.881983
vt 0.894983 0.887847
vt 0.887722 0.656423
vt 0.892011 0.660690
vt 0.896139 0.664952
vt 0.899796 0.669448
vt 0.903349 0.673946
vt 0.906416 0.678714
vt 0.909405 0.683530
vt 0.911944 0.688626
vt 0.914395 0.693810
vt 0.916428 0.699276
vt 0.918354 0.704860
vt 0.920040 0.710714
vt 0.898007 0.896526
vt 0.892167 0.893563
vt 0.901278 0.898947
vt 0.904692 0.901168
vt 0.909230 0.903511
vt 0.879023 0.384871
vt 0.867877 0.380974
vt 0.857143 0.376052
vt 0.902444 0.387672
vt 0.890669 0.386820
vt 0.925774 0.384260
vt 0.914192 0.386513
vt 0.947377 0.374887
vt 0.936804 0.380077
vt 0.965719 0.360358
vt 0.956911 0.368019
vt 0.979949 0.342678
vt 0.973197 0.351602
vt 0.972540 0.336898
vt 0.970430 0.335498
vt 0.965718 0.235698
vt 0.973197 0.244455
vt 0.979950 0.253379
vt 0.947377 0.221169
vt 0.956912 0.228037
vt 0.925775 0.211797
vt 0.936803 0.215978
vt 0.902444 0.208385
vt 0.914191 0.209543
vt 0.879023 0.211186
vt 0.890669 0.209235
vt 0.857142 0.220004
vt 0.867877 0.215082
vt 0.838319 0.234227
vt 0.847398 0.226675
vt 0.823857 0.252869
vt 0.830651 0.243209
vt 0.814759 0.274639
vt 0.818798 0.263541
vt 0.811655 0.298028
vt 0.812659 0.286261
vt 0.814759 0.321417
vt 0.812659 0.309795
vt 0.823857 0.343186
vt 0.818798 0.332515
vt 0.838319 0.361828
vt 0.830651 0.352847
vt 0.847398 0.369381
vt 0.942077 0.320691
vt 0.982874 0.683616
vt 0.985799 0.692093
vt 0.987940 0.700745
vt 0.976206 0.666728
vt 0.979957 0.675048
vt 0.967642 0.650371
vt 0.972349 0.658362
vt 0.956988 0.635016
vt 0.962719 0.642436
vt 0.944165 0.621156
vt 0.950937 0.627781
vt 0.928545 0.609920
vt 0.936758 0.614972
vt 0.923040 0.620357
vt 0.955467 0.913406
vt 0.950537 0.921049
vt 0.944510 0.928229
vt 0.963643 0.898094
vt 0.959915 0.905838
vt 0.970426 0.882673
vt 0.967362 0.890486
vt 0.976215 0.867089
vt 0.973633 0.874979
vt 0.981207 0.851322
vt 0.979021 0.859300
vt 0.985456 0.835346
vt 0.983645 0.843421
vt 0.988952 0.819154
vt 0.987526 0.827327
vt 0.991669 0.802749
vt 0.990640 0.811016
vt 0.993560 0.786138
vt 0.992952 0.794495
vt 0.994567 0.769337
vt 0.994410 0.777774
vt 0.994617 0.752365
vt 0.994948 0.760870
vt 0.993620 0.735251
vt 0.994485 0.743809
vt 0.991455 0.718024
vt 0.992919 0.726618
vt 0.990099 0.709338
vt 0.122833 0.975124
vt 0.122833 0.965718
vt 0.123598 0.965718
vt 0.123598 0.975124
vt 0.122068 0.975124
vt 0.122068 0.965718
vt 0.121303 0.975124
vt 0.121303 0.965718
vt 0.120538 0.975124
vt 0.120538 0.965718
vt 0.119773 0.975124
vt 0.119773 0.965718
vt 0.119008 0.975124
vt 0.119008 0.965718
vt 0.118243 0.975124
vt 0.118243 0.965718
vt 0.117478 0.975124
vt 0.117478 0.965718
vt 0.116713 0.975124
vt 0.116713 0.965718
vt 0.115948 0.975124
vt 0.115948 0.965718
vt 0.115183 0.975124
vt 0.115183 0.965718
vt 0.114418 0.975124
vt 0.114418 0.965718
vt 0.113653 0.975124
vt 0.113653 0.965718
vt 0.112888 0.975124
vt 0.112888 0.965718
vt 0.112123 0.975124
vt 0.112123 0.965718
vt 0.126658 0.975124
vt 0.126658 0.965718
vt 0.127423 0.965718
vt 0.127423 0.975124
vt 0.125893 0.975124
vt 0.125893 0.965718
vt 0.125128 0.975124
vt 0.125128 0.965718
vt 0.124363 0.975124
vt 0.124363 0.965718
vt 0.128105 0.975451
vt 0.127618 0.977847
vt 0.126853 0.977814
vt 0.126576 0.975385
vt 0.129538 0.975987
vt 0.128334 0.978115
vt 0.130735 0.976939
vt 0.128933 0.978591
vt 0.131580 0.978214
vt 0.129355 0.979229
vt 0.131989 0.979689
vt 0.129560 0.979966
vt 0.131923 0.981217
vt 0.129527 0.980730
vt 0.131387 0.982650
vt 0.129259 0.981447
vt 0.130435 0.983848
vt 0.128783 0.982046
vt 0.129159 0.984693
vt 0.128145 0.982468
vt 0.127685 0.985102
vt 0.127408 0.982672
vt 0.126157 0.985035
vt 0.126644 0.982639
vt 0.124723 0.984500
vt 0.125927 0.982371
vt 0.123526 0.983548
vt 0.125328 0.981895
vt 0.122681 0.982272
vt 0.124906 0.981258
vt 0.122308 0.979988
vt 0.124701 0.980520
vt 0.122338 0.979269
vt 0.124735 0.979756
vt 0.122874 0.977836
vt 0.125002 0.979040
vt 0.123826 0.976638
vt 0.125478 0.978441
vt 0.125102 0.975794
vt 0.126116 0.978019
vt 0.119773 0.946484
vt 0.119773 0.955889
vt 0.118243 0.955889
vt 0.118243 0.946484
vt 0.121303 0.946484
vt 0.121303 0.955889
vt 0.122833 0.946484
vt 0.122833 0.955889
vt 0.124363 0.946484
vt 0.124363 0.955889
vt 0.125893 0.946484
vt 0.125893 0.955889
vt 0.127423 0.946484
vt 0.127423 0.955889
vt 0.128953 0.946484
vt 0.128953 0.955889
vt 0.130483 0.946484
vt 0.130483 0.955889
vt 0.132012 0.946484
vt 0.132012 0.955889
vt 0.133542 0.946484
vt 0.133542 0.955889
vt 0.135072 0.946484
vt 0.135072 0.955889
vt 0.136602 0.946484
vt 0.136602 0.955889
vt 0.138132 0.946484
vt 0.138132 0.955889
vt 0.139662 0.946484
vt 0.139662 0.955889
vt 0.141976 0.946484
vt 0.141976 0.955889
vt 0.079547 0.956592
vt 0.079547 0.965997
vt 0.078827 0.965997
vt 0.078827 0.956592
vt 0.113653 0.946484
vt 0.113653 0.955889
vt 0.112123 0.955889
vt 0.112123 0.946484
vt 0.115183 0.946484
vt 0.115183 0.955889
vt 0.116713 0.946484
vt 0.116713 0.955889
vt 0.134916 0.979549
vt 0.132581 0.978824
vt 0.133258 0.977452
vt 0.135255 0.978863
vt 0.134807 0.980306
vt 0.132362 0.980338
vt 0.134936 0.981060
vt 0.132621 0.981846
vt 0.135292 0.981737
vt 0.133333 0.983200
vt 0.135840 0.982271
vt 0.134429 0.984268
vt 0.136527 0.982609
vt 0.135802 0.984944
vt 0.137284 0.982719
vt 0.137316 0.985164
vt 0.138038 0.982589
vt 0.138824 0.984905
vt 0.138714 0.982233
vt 0.140178 0.984192
vt 0.139248 0.981685
vt 0.141245 0.983096
vt 0.139587 0.980999
vt 0.141922 0.981724
vt 0.139696 0.980242
vt 0.142141 0.980210
vt 0.139567 0.979488
vt 0.141882 0.978702
vt 0.139211 0.978811
vt 0.141170 0.977348
vt 0.138663 0.978277
vt 0.139347 0.975923
vt 0.137977 0.977939
vt 0.138701 0.975604
vt 0.137219 0.977829
vt 0.137187 0.975385
vt 0.136466 0.977959
vt 0.135680 0.975644
vt 0.135789 0.978315
vt 0.134326 0.976356
vt 0.111698 0.965277
vt 0.096193 0.965277
vt 0.096193 0.955872
vt 0.111698 0.955872
vt 0.079547 0.946484
vt 0.095052 0.946484
vt 0.095052 0.947204
vt 0.079547 0.947204
vt 0.095052 0.956592
vt 0.095052 0.965997
vt 0.138632 0.975124
vt 0.138632 0.965718
vt 0.139397 0.965718
vt 0.139397 0.975124
vt 0.137867 0.975124
vt 0.137867 0.965718
vt 0.137102 0.975124
vt 0.137102 0.965718
vt 0.136337 0.975124
vt 0.136337 0.965718
vt 0.135572 0.975124
vt 0.135572 0.965718
vt 0.134807 0.975124
vt 0.134807 0.965718
vt 0.134042 0.975124
vt 0.134042 0.965718
vt 0.133277 0.975124
vt 0.133277 0.965718
vt 0.132512 0.975124
vt 0.132512 0.965718
vt 0.131747 0.975124
vt 0.131747 0.965718
vt 0.130982 0.975124
vt 0.130982 0.965718
vt 0.130217 0.975124
vt 0.130217 0.965718
vt 0.129452 0.975124
vt 0.129452 0.965718
vt 0.128687 0.975124
vt 0.128687 0.965718
vt 0.127922 0.975124
vt 0.127922 0.965718
vt 0.142457 0.975124
vt 0.142457 0.965718
vt 0.143222 0.965718
vt 0.143222 0.975124
vt 0.141692 0.975124
vt 0.141692 0.965718
vt 0.140927 0.975124
vt 0.140927 0.965718
vt 0.140162 0.975124
vt 0.140162 0.965718
vt 0.133103 0.984071
vt 0.132597 0.986463
vt 0.131833 0.986424
vt 0.131575 0.983992
vt 0.134532 0.984618
vt 0.133311 0.986737
vt 0.135722 0.985580
vt 0.133906 0.987218
vt 0.136556 0.986863
vt 0.134323 0.987859
vt 0.136953 0.988340
vt 0.134522 0.988598
vt 0.136874 0.989868
vt 0.134482 0.989362
vt 0.136327 0.991297
vt 0.134209 0.990076
vt 0.135365 0.992487
vt 0.133728 0.990671
vt 0.134082 0.993321
vt 0.133086 0.991088
vt 0.132605 0.993718
vt 0.132347 0.991287
vt 0.131077 0.993639
vt 0.131584 0.991247
vt 0.129648 0.993092
vt 0.130869 0.990974
vt 0.128459 0.992130
vt 0.130274 0.990493
vt 0.127624 0.990847
vt 0.129857 0.989851
vt 0.127270 0.988561
vt 0.129659 0.989113
vt 0.127306 0.987842
vt 0.129698 0.988349
vt 0.127853 0.986413
vt 0.129972 0.987634
vt 0.128815 0.985224
vt 0.130453 0.987039
vt 0.130098 0.984389
vt 0.131094 0.986622
vt 0.119773 0.956150
vt 0.119773 0.965457
vt 0.118243 0.965457
vt 0.118243 0.956150
vt 0.121303 0.956150
vt 0.121303 0.965457
vt 0.122833 0.956150
vt 0.122833 0.965457
vt 0.124363 0.956150
vt 0.124363 0.965457
vt 0.125893 0.956150
vt 0.125893 0.965457
vt 0.127423 0.956150
vt 0.127423 0.965457
vt 0.128953 0.956150
vt 0.128953 0.965457
vt 0.130483 0.956150
vt 0.130483 0.965457
vt 0.132012 0.956150
vt 0.132012 0.965457
vt 0.133542 0.956150
vt 0.133542 0.965457
vt 0.135072 0.956150
vt 0.135072 0.965457
vt 0.136602 0.956150
vt 0.136602 0.965457
vt 0.138132 0.956150
vt 0.138132 0.965457
vt 0.139662 0.956150
vt 0.139662 0.965457
vt 0.141976 0.956150
vt 0.141976 0.965457
vt 0.079547 0.975500
vt 0.079547 0.984807
vt 0.078827 0.984807
vt 0.078827 0.975500
vt 0.113653 0.956150
vt 0.113653 0.965457
vt 0.112123 0.965457
vt 0.112123 0.956150
vt 0.115183 0.956150
vt 0.115183 0.965457
vt 0.116713 0.956150
vt 0.116713 0.965457
vt 0.118956 0.981754
vt 0.120902 0.983236
vt 0.119796 0.984293
vt 0.118404 0.982283
vt 0.119319 0.981081
vt 0.121628 0.981889
vt 0.119455 0.980328
vt 0.121901 0.980384
vt 0.119353 0.979571
vt 0.121695 0.978867
vt 0.119021 0.978882
vt 0.121032 0.977489
vt 0.118493 0.978329
vt 0.119975 0.976383
vt 0.117819 0.977967
vt 0.118627 0.975658
vt 0.117067 0.977830
vt 0.117122 0.975385
vt 0.116309 0.977933
vt 0.115606 0.975590
vt 0.115620 0.978264
vt 0.114227 0.976254
vt 0.115067 0.978793
vt 0.113121 0.977311
vt 0.114705 0.979466
vt 0.112396 0.978658
vt 0.114568 0.980218
vt 0.112123 0.980163
vt 0.114671 0.980976
vt 0.112328 0.981680
vt 0.115003 0.981665
vt 0.113552 0.983643
vt 0.115531 0.982218
vt 0.114049 0.984164
vt 0.116205 0.982580
vt 0.115396 0.984889
vt 0.116957 0.982717
vt 0.116902 0.985162
vt 0.117715 0.982614
vt 0.118418 0.984957
vt 0.079547 0.994222
vt 0.095052 0.994222
vt 0.095052 0.994941
vt 0.079547 0.994941
vt 0.111698 0.984087
vt 0.096193 0.984087
vt 0.096193 0.974781
vt 0.111698 0.974781
vt 0.095052 0.975500
vt 0.095052 0.984807
vt 0.095771 0.975500
vt 0.095771 0.965997
vt 0.095771 0.984807
vt 0.095771 0.994222
vt 0.096193 0.993502
vt 0.111698 0.993502
vt 0.078827 0.994222
vt 0.095771 0.947204
vt 0.095771 0.956592
vt 0.078827 0.947204
vt 0.111698 0.946484
vt 0.096193 0.946484
vt 0.314320 0.995287
vt 0.314320 0.947669
vt 0.315062 0.947669
vt 0.315062 0.995287
vt 0.315804 0.947669
vt 0.315804 0.995287
vt 0.316547 0.947669
vt 0.316547 0.995287
vt 0.317289 0.947669
vt 0.317289 0.995287
vt 0.318031 0.947669
vt 0.318031 0.995287
vt 0.318773 0.947669
vt 0.318773 0.995287
vt 0.319516 0.947669
vt 0.319516 0.995287
vt 0.304672 0.995287
vt 0.304672 0.947669
vt 0.305414 0.947669
vt 0.305414 0.995287
vt 0.306156 0.947669
vt 0.306156 0.995287
vt 0.306898 0.947669
vt 0.306898 0.995287
vt 0.307640 0.947669
vt 0.307640 0.995287
vt 0.308383 0.947669
vt 0.308383 0.995287
vt 0.309125 0.947669
vt 0.309125 0.995287
vt 0.309867 0.947669
vt 0.309867 0.995287
vt 0.310609 0.947669
vt 0.310609 0.995287
vt 0.311351 0.947669
vt 0.311351 0.995287
vt 0.312094 0.947669
vt 0.312094 0.995287
vt 0.312836 0.947669
vt 0.312836 0.995287
vt 0.313578 0.947669
vt 0.313578 0.995287
vt 0.341473 0.952344
vt 0.340785 0.952066
vt 0.342006 0.950032
vt 0.342214 0.952396
vt 0.342934 0.952216
vt 0.343563 0.951822
vt 0.344040 0.951254
vt 0.344318 0.950565
vt 0.344369 0.949825
vt 0.344189 0.949105
vt 0.343796 0.948476
vt 0.343227 0.947999
vt 0.342539 0.947721
vt 0.341799 0.947669
vt 0.341078 0.947849
vt 0.340449 0.948243
vt 0.339972 0.948811
vt 0.339695 0.949500
vt 0.339643 0.950240
vt 0.339823 0.950960
vt 0.340216 0.951589
vt 0.349103 0.948890
vt 0.349351 0.949589
vt 0.347019 0.950021
vt 0.349370 0.950331
vt 0.349160 0.951043
vt 0.348739 0.951654
vt 0.348150 0.952106
vt 0.347451 0.952354
vt 0.346709 0.952373
vt 0.345997 0.952162
vt 0.345385 0.951742
vt 0.344934 0.951153
vt 0.344686 0.950453
vt 0.344667 0.949711
vt 0.344878 0.949000
vt 0.345298 0.948388
vt 0.345887 0.947936
vt 0.346586 0.947689
vt 0.347328 0.947669
vt 0.348040 0.947880
vt 0.348652 0.948301
vt 0.328742 0.995287
vt 0.328742 0.947669
vt 0.329484 0.947669
vt 0.329484 0.995287
vt 0.330227 0.947669
vt 0.330227 0.995287
vt 0.330969 0.947669
vt 0.330969 0.995287
vt 0.331711 0.947669
vt 0.331711 0.995287
vt 0.332453 0.947669
vt 0.332453 0.995287
vt 0.333195 0.947669
vt 0.333195 0.995287
vt 0.333937 0.947669
vt 0.333937 0.995287
vt 0.334680 0.947669
vt 0.334680 0.995287
vt 0.319836 0.995287
vt 0.319836 0.947669
vt 0.320578 0.947669
vt 0.320578 0.995287
vt 0.321320 0.947669
vt 0.321320 0.995287
vt 0.322062 0.947669
vt 0.322062 0.995287
vt 0.322805 0.947669
vt 0.322805 0.995287
vt 0.323547 0.947669
vt 0.323547 0.995287
vt 0.324289 0.947669
vt 0.324289 0.995287
vt 0.325031 0.947669
vt 0.325031 0.995287
vt 0.325773 0.947669
vt 0.325773 0.995287
vt 0.326515 0.947669
vt 0.326515 0.995287
vt 0.327258 0.947669
vt 0.327258 0.995287
vt 0.328000 0.947669
vt 0.328000 0.995287
vt 0.350354 0.951688
vt 0.349918 0.951086
vt 0.352034 0.950013
vt 0.350953 0.952125
vt 0.351659 0.952355
vt 0.352401 0.952357
vt 0.353107 0.952128
vt 0.353709 0.951693
vt 0.354146 0.951093
vt 0.354376 0.950388
vt 0.354378 0.949646
vt 0.354150 0.948940
vt 0.353714 0.948338
vt 0.353115 0.947901
vt 0.352409 0.947671
vt 0.351667 0.947669
vt 0.350961 0.947897
vt 0.350359 0.948333
vt 0.349922 0.948932
vt 0.349692 0.949638
vt 0.349690 0.950380
vt 0.344767 0.956317
vt 0.345009 0.957018
vt 0.342673 0.957431
vt 0.345022 0.957760
vt 0.344805 0.958470
vt 0.344380 0.959078
vt 0.343787 0.959525
vt 0.343086 0.959767
vt 0.342344 0.959780
vt 0.341634 0.959564
vt 0.341026 0.959138
vt 0.340579 0.958546
vt 0.340337 0.957844
vt 0.340324 0.957102
vt 0.340541 0.956392
vt 0.340966 0.955784
vt 0.341559 0.955337
vt 0.342260 0.955095
vt 0.343002 0.955082
vt 0.343712 0.955299
vt 0.344320 0.955724
vt 0.292712 0.971148
vt 0.292700 0.962437
vt 0.293409 0.962436
vt 0.293421 0.971164
vt 0.292003 0.971133
vt 0.291991 0.962438
vt 0.291294 0.971120
vt 0.291282 0.962439
vt 0.290585 0.971111
vt 0.290573 0.962440
vt 0.289876 0.971106
vt 0.289863 0.962441
vt 0.289167 0.971107
vt 0.289154 0.962442
vt 0.288458 0.971114
vt 0.288445 0.962443
vt 0.287748 0.971125
vt 0.287736 0.962444
vt 0.287039 0.971140
vt 0.287027 0.962445
vt 0.286330 0.971157
vt 0.286317 0.962446
vt 0.285621 0.971175
vt 0.285608 0.962447
vt 0.284912 0.971193
vt 0.284899 0.962448
vt 0.284203 0.971208
vt 0.284190 0.962450
vt 0.283494 0.971219
vt 0.283480 0.962451
vt 0.282785 0.971225
vt 0.282771 0.962452
vt 0.296258 0.971206
vt 0.296246 0.962432
vt 0.296955 0.962431
vt 0.296967 0.971205
vt 0.295549 0.971201
vt 0.295537 0.962433
vt 0.294840 0.971192
vt 0.294828 0.962434
vt 0.294131 0.971179
vt 0.294119 0.962435
vt 0.259249 0.996041
vt 0.259603 0.993802
vt 0.260312 0.993802
vt 0.260668 0.996041
vt 0.257900 0.995604
vt 0.258928 0.993584
vt 0.256752 0.994771
vt 0.258354 0.993167
vt 0.255918 0.993624
vt 0.257937 0.992593
vt 0.255479 0.992275
vt 0.257718 0.991919
vt 0.255478 0.990857
vt 0.257717 0.991210
vt 0.255916 0.989507
vt 0.257936 0.990535
vt 0.256749 0.988359
vt 0.258352 0.989961
vt 0.257896 0.987525
vt 0.258926 0.989544
vt 0.259245 0.987086
vt 0.259600 0.989325
vt 0.260663 0.987085
vt 0.260310 0.989324
vt 0.262012 0.987523
vt 0.260984 0.989543
vt 0.263160 0.988356
vt 0.261558 0.989960
vt 0.263995 0.989503
vt 0.261975 0.990533
vt 0.264434 0.990852
vt 0.262195 0.991208
vt 0.264434 0.991521
vt 0.262195 0.991917
vt 0.263997 0.993619
vt 0.261976 0.992591
vt 0.263164 0.994767
vt 0.261560 0.993165
vt 0.262017 0.995602
vt 0.260986 0.993583
vt 0.258530 0.966911
vt 0.258394 0.975565
vt 0.256976 0.975575
vt 0.257139 0.966887
vt 0.259921 0.966931
vt 0.259813 0.975552
vt 0.261312 0.966946
vt 0.261231 0.975540
vt 0.262703 0.966957
vt 0.262650 0.975531
vt 0.264095 0.966963
vt 0.264068 0.975526
vt 0.265486 0.966965
vt 0.265486 0.975529
vt 0.266877 0.966963
vt 0.266905 0.975537
vt 0.268269 0.966957
vt 0.268323 0.975550
vt 0.269660 0.966946
vt 0.269742 0.975567
vt 0.271051 0.966931
vt 0.271160 0.975584
vt 0.272442 0.966911
vt 0.272578 0.975599
vt 0.273833 0.966887
vt 0.273997 0.975607
vt 0.275224 0.966859
vt 0.275415 0.975606
vt 0.276615 0.966826
vt 0.276833 0.975593
vt 0.278006 0.966789
vt 0.278251 0.975566
vt 0.163058 0.984552
vt 0.163054 0.993271
vt 0.162385 0.993271
vt 0.162389 0.984551
vt 0.252966 0.966790
vt 0.252721 0.975556
vt 0.250578 0.975501
vt 0.250864 0.966725
vt 0.254357 0.966826
vt 0.254139 0.975573
vt 0.255748 0.966859
vt 0.255558 0.975579
vt 0.186490 0.991518
vt 0.184696 0.990279
vt 0.185656 0.989272
vt 0.186979 0.991005
vt 0.186183 0.992158
vt 0.184094 0.991534
vt 0.186089 0.992861
vt 0.183909 0.992913
vt 0.186217 0.993558
vt 0.184160 0.994281
vt 0.186554 0.994182
vt 0.184821 0.995505
vt 0.187067 0.994671
vt 0.185828 0.996465
vt 0.187706 0.994978
vt 0.187082 0.997067
vt 0.188409 0.995072
vt 0.188461 0.997252
vt 0.189107 0.994945
vt 0.189830 0.997002
vt 0.189731 0.994608
vt 0.191054 0.996341
vt 0.190220 0.994095
vt 0.192014 0.995333
vt 0.190527 0.993455
vt 0.192616 0.994079
vt 0.190621 0.992752
vt 0.192801 0.992700
vt 0.190493 0.992055
vt 0.192550 0.991332
vt 0.190156 0.991431
vt 0.191889 0.990107
vt 0.189643 0.990941
vt 0.191414 0.989654
vt 0.189004 0.990635
vt 0.189628 0.988546
vt 0.188301 0.990541
vt 0.188249 0.988361
vt 0.187603 0.990668
vt 0.186880 0.988611
vt 0.162390 0.993940
vt 0.148014 0.994041
vt 0.148009 0.993372
vt 0.147929 0.984592
vt 0.217155 0.984015
vt 0.231616 0.984063
vt 0.231531 0.992842
vt 0.217155 0.992734
vt 0.292700 0.953056
vt 0.292700 0.944337
vt 0.293409 0.944337
vt 0.293409 0.953056
vt 0.291991 0.953056
vt 0.291991 0.944337
vt 0.291282 0.953056
vt 0.291282 0.944337
vt 0.290573 0.953056
vt 0.290573 0.944337
vt 0.289863 0.953056
vt 0.289863 0.944337
vt 0.289154 0.953056
vt 0.289154 0.944337
vt 0.288445 0.953056
vt 0.288445 0.944337
vt 0.287736 0.953056
vt 0.287736 0.944337
vt 0.287027 0.953056
vt 0.287027 0.944337
vt 0.286317 0.953056
vt 0.286317 0.944337
vt 0.285608 0.953056
vt 0.285608 0.944337
vt 0.284899 0.953056
vt 0.284899 0.944337
vt 0.284190 0.953056
vt 0.284190 0.944337
vt 0.283480 0.953056
vt 0.283480 0.944337
vt 0.282771 0.953056
vt 0.282771 0.944337
vt 0.296246 0.953056
vt 0.296246 0.944337
vt 0.296955 0.944337
vt 0.296955 0.953056
vt 0.295537 0.953056
vt 0.295537 0.944337
vt 0.294828 0.953056
vt 0.294828 0.944337
vt 0.294119 0.953056
vt 0.294119 0.944337
vt 0.345271 0.973470
vt 0.346043 0.975602
vt 0.345422 0.975945
vt 0.344029 0.974156
vt 0.346664 0.973202
vt 0.346739 0.975468
vt 0.348071 0.973378
vt 0.347443 0.975555
vt 0.349356 0.973979
vt 0.348085 0.975856
vt 0.350392 0.974949
vt 0.348603 0.976341
vt 0.351077 0.976190
vt 0.348946 0.976962
vt 0.351345 0.977583
vt 0.349080 0.977658
vt 0.351170 0.978991
vt 0.348992 0.978362
vt 0.350568 0.980275
vt 0.348691 0.979004
vt 0.349599 0.981311
vt 0.348206 0.979522
vt 0.348357 0.981996
vt 0.347585 0.979865
vt 0.346964 0.982265
vt 0.346889 0.979999
vt 0.345557 0.982089
vt 0.346185 0.979911
vt 0.344272 0.981487
vt 0.345543 0.979610
vt 0.343237 0.980518
vt 0.345025 0.979126
vt 0.342913 0.979933
vt 0.344683 0.978505
vt 0.342283 0.977883
vt 0.344549 0.977808
vt 0.342458 0.976476
vt 0.344636 0.977105
vt 0.343060 0.975192
vt 0.344937 0.976462
vt 0.258559 0.957753
vt 0.258559 0.966398
vt 0.257141 0.966398
vt 0.257141 0.957753
vt 0.259978 0.957753
vt 0.259978 0.966398
vt 0.261396 0.957753
vt 0.261396 0.966398
vt 0.262814 0.957753
vt 0.262814 0.966398
vt 0.264233 0.957753
vt 0.264233 0.966398
vt 0.265651 0.957753
vt 0.265651 0.966398
vt 0.267070 0.957753
vt 0.267070 0.966398
vt 0.268488 0.957753
vt 0.268488 0.966398
vt 0.269907 0.957753
vt 0.269907 0.966398
vt 0.271325 0.957753
vt 0.271325 0.966398
vt 0.272743 0.957753
vt 0.272743 0.966398
vt 0.274162 0.957753
vt 0.274162 0.966398
vt 0.275580 0.957753
vt 0.275580 0.966398
vt 0.276999 0.957753
vt 0.276999 0.966398
vt 0.278417 0.957753
vt 0.278417 0.966398
vt 0.163067 0.967188
vt 0.163063 0.975832
vt 0.162394 0.975832
vt 0.162398 0.967187
vt 0.252885 0.957753
vt 0.252885 0.966398
vt 0.250742 0.966398
vt 0.250742 0.957753
vt 0.254304 0.957753
vt 0.254304 0.966398
vt 0.255722 0.957753
vt 0.255722 0.966398
vt 0.252904 0.982375
vt 0.251025 0.981106
vt 0.251994 0.980069
vt 0.253388 0.981857
vt 0.252604 0.983017
vt 0.250425 0.982391
vt 0.252516 0.983721
vt 0.250250 0.983798
vt 0.252651 0.984417
vt 0.250520 0.985191
vt 0.252994 0.985038
vt 0.251206 0.986432
vt 0.253512 0.985522
vt 0.252242 0.987400
vt 0.254155 0.985822
vt 0.253527 0.988001
vt 0.254858 0.985909
vt 0.254935 0.988176
vt 0.255554 0.985774
vt 0.256328 0.987906
vt 0.256175 0.985432
vt 0.257569 0.987220
vt 0.256659 0.984914
vt 0.258537 0.986183
vt 0.256959 0.984271
vt 0.259138 0.984898
vt 0.257046 0.983568
vt 0.259312 0.983491
vt 0.256912 0.982871
vt 0.259043 0.982098
vt 0.256568 0.982251
vt 0.258357 0.980857
vt 0.256050 0.981767
vt 0.257868 0.980400
vt 0.255408 0.981466
vt 0.256035 0.979288
vt 0.254705 0.981379
vt 0.254628 0.979114
vt 0.254008 0.981514
vt 0.253235 0.979383
vt 0.148019 0.975825
vt 0.148023 0.967180
vt 0.217155 0.966650
vt 0.231530 0.966650
vt 0.231530 0.975295
vt 0.217155 0.975295
vt 0.292671 0.989280
vt 0.292671 0.980635
vt 0.293380 0.980635
vt 0.293380 0.989280
vt 0.291962 0.989280
vt 0.291962 0.980635
vt 0.291252 0.989280
vt 0.291252 0.980635
vt 0.290543 0.989280
vt 0.290543 0.980635
vt 0.289834 0.989280
vt 0.289834 0.980635
vt 0.289125 0.989280
vt 0.289125 0.980635
vt 0.288416 0.989280
vt 0.288416 0.980635
vt 0.287706 0.989280
vt 0.287706 0.980635
vt 0.286997 0.989280
vt 0.286997 0.980635
vt 0.286288 0.989280
vt 0.286288 0.980635
vt 0.285579 0.989280
vt 0.285579 0.980635
vt 0.284869 0.989280
vt 0.284869 0.980635
vt 0.284160 0.989280
vt 0.284160 0.980635
vt 0.283451 0.989280
vt 0.283451 0.980635
vt 0.282742 0.989280
vt 0.282742 0.980635
vt 0.296217 0.989280
vt 0.296217 0.980635
vt 0.296926 0.980635
vt 0.296926 0.989280
vt 0.295508 0.989280
vt 0.295508 0.980635
vt 0.294798 0.989280
vt 0.294798 0.980635
vt 0.294089 0.989280
vt 0.294089 0.980635
vt 0.264931 0.991692
vt 0.267198 0.991663
vt 0.267318 0.992362
vt 0.265171 0.993090
vt 0.265136 0.990288
vt 0.267300 0.990961
vt 0.265764 0.989016
vt 0.267614 0.990325
vt 0.266754 0.988001
vt 0.268109 0.989817
vt 0.268009 0.987341
vt 0.268737 0.989487
vt 0.269408 0.987101
vt 0.269436 0.989368
vt 0.270811 0.987305
vt 0.270138 0.989470
vt 0.272083 0.987933
vt 0.270774 0.989784
vt 0.273098 0.988923
vt 0.271282 0.990279
vt 0.273758 0.990179
vt 0.271612 0.990907
vt 0.273998 0.991577
vt 0.271731 0.991606
vt 0.273794 0.992981
vt 0.271629 0.992308
vt 0.273166 0.994253
vt 0.271315 0.992943
vt 0.272175 0.995268
vt 0.270820 0.993451
vt 0.270920 0.995928
vt 0.270192 0.993781
vt 0.270260 0.996041
vt 0.269493 0.993901
vt 0.268118 0.995963
vt 0.268791 0.993799
vt 0.266846 0.995335
vt 0.268155 0.993485
vt 0.265831 0.994345
vt 0.267648 0.992990
vt 0.258709 0.948780
vt 0.258709 0.957425
vt 0.257290 0.957425
vt 0.257290 0.948780
vt 0.260127 0.948780
vt 0.260127 0.957425
vt 0.261546 0.948780
vt 0.261546 0.957425
vt 0.262964 0.948780
vt 0.262964 0.957425
vt 0.264382 0.948780
vt 0.264382 0.957425
vt 0.265801 0.948780
vt 0.265801 0.957425
vt 0.267219 0.948780
vt 0.267219 0.957425
vt 0.268638 0.948780
vt 0.268638 0.957425
vt 0.270056 0.948780
vt 0.270056 0.957425
vt 0.271475 0.948780
vt 0.271475 0.957425
vt 0.272893 0.948780
vt 0.272893 0.957425
vt 0.274311 0.948780
vt 0.274311 0.957425
vt 0.275730 0.948780
vt 0.275730 0.957425
vt 0.277148 0.948780
vt 0.277148 0.957425
vt 0.278567 0.948780
vt 0.278567 0.957425
vt 0.163076 0.949674
vt 0.163072 0.958468
vt 0.162402 0.958393
vt 0.162407 0.949673
vt 0.253035 0.948780
vt 0.253035 0.957425
vt 0.250891 0.957425
vt 0.250891 0.948780
vt 0.254453 0.948780
vt 0.254453 0.957425
vt 0.255872 0.948780
vt 0.255872 0.957425
vt 0.200384 0.984987
vt 0.201614 0.986892
vt 0.200316 0.987465
vt 0.199736 0.985274
vt 0.200913 0.984514
vt 0.202670 0.985946
vt 0.201269 0.983901
vt 0.203383 0.984719
vt 0.201418 0.983208
vt 0.203682 0.983333
vt 0.201346 0.982502
vt 0.203537 0.981922
vt 0.201060 0.981854
vt 0.202964 0.980624
vt 0.200586 0.981325
vt 0.202018 0.979568
vt 0.199973 0.980969
vt 0.200791 0.978855
vt 0.199280 0.980820
vt 0.199405 0.978556
vt 0.198574 0.980892
vt 0.197993 0.978701
vt 0.197926 0.981178
vt 0.196696 0.979274
vt 0.197397 0.981651
vt 0.195639 0.980220
vt 0.197041 0.982265
vt 0.194927 0.981447
vt 0.196892 0.982958
vt 0.194628 0.982833
vt 0.196964 0.983664
vt 0.194773 0.984244
vt 0.197250 0.984312
vt 0.195043 0.984857
vt 0.197724 0.984841
vt 0.196292 0.986598
vt 0.198337 0.985197
vt 0.197519 0.987311
vt 0.199030 0.985346
vt 0.198905 0.987610
vt 0.148028 0.958311
vt 0.148032 0.949666
vt 0.148033 0.948997
vt 0.162408 0.949004
vt 0.217155 0.949137
vt 0.231530 0.949137
vt 0.231530 0.957781
vt 0.217155 0.957931
vt 0.147272 0.984587
vt 0.147349 0.975819
vt 0.147354 0.967180
vt 0.147358 0.958311
vt 0.292712 0.980250
vt 0.292700 0.971539
vt 0.293409 0.971538
vt 0.293421 0.980266
vt 0.292003 0.980234
vt 0.291991 0.971540
vt 0.291294 0.980221
vt 0.291282 0.971541
vt 0.290585 0.980212
vt 0.290573 0.971542
vt 0.289876 0.980208
vt 0.289863 0.971543
vt 0.289167 0.980209
vt 0.289154 0.971544
vt 0.288458 0.980215
vt 0.288445 0.971545
vt 0.287748 0.980226
vt 0.287736 0.971546
vt 0.287039 0.980241
vt 0.287027 0.971547
vt 0.286330 0.980259
vt 0.286317 0.971548
vt 0.285621 0.980277
vt 0.285608 0.971549
vt 0.284912 0.980294
vt 0.284899 0.971550
vt 0.284203 0.980309
vt 0.284190 0.971551
vt 0.283494 0.980321
vt 0.283480 0.971552
vt 0.282785 0.980327
vt 0.282771 0.971553
vt 0.296258 0.980307
vt 0.296246 0.971534
vt 0.296955 0.971533
vt 0.296967 0.980307
vt 0.295549 0.980303
vt 0.295537 0.971535
vt 0.294840 0.980294
vt 0.294828 0.971536
vt 0.294131 0.980281
vt 0.294119 0.971537
vt 0.263911 0.988012
vt 0.264265 0.985773
vt 0.264974 0.985772
vt 0.265330 0.988011
vt 0.262562 0.987574
vt 0.263590 0.985553
vt 0.261414 0.986741
vt 0.263016 0.985137
vt 0.260580 0.985594
vt 0.262599 0.984564
vt 0.260141 0.984245
vt 0.262379 0.983889
vt 0.260140 0.982827
vt 0.262379 0.983180
vt 0.260577 0.981477
vt 0.262598 0.982505
vt 0.261411 0.980329
vt 0.263014 0.981931
vt 0.262558 0.979495
vt 0.263588 0.981514
vt 0.263906 0.979056
vt 0.264262 0.981295
vt 0.265325 0.979055
vt 0.264971 0.981294
vt 0.266674 0.979493
vt 0.265646 0.981513
vt 0.267822 0.980326
vt 0.266220 0.981929
vt 0.268656 0.981473
vt 0.266637 0.982503
vt 0.269095 0.982822
vt 0.266857 0.983178
vt 0.269096 0.983491
vt 0.266857 0.983887
vt 0.268658 0.985589
vt 0.266638 0.984561
vt 0.267825 0.986737
vt 0.266222 0.985135
vt 0.266678 0.987572
vt 0.265648 0.985552
vt 0.191756 0.966835
vt 0.191621 0.975488
vt 0.190202 0.975498
vt 0.190365 0.966811
vt 0.193147 0.966854
vt 0.193039 0.975476
vt 0.194538 0.966870
vt 0.194457 0.975463
vt 0.195930 0.966880
vt 0.195876 0.975454
vt 0.197321 0.966887
vt 0.197294 0.975450
vt 0.198712 0.966889
vt 0.198713 0.975452
vt 0.200103 0.966887
vt 0.200131 0.975461
vt 0.201495 0.966880
vt 0.201549 0.975474
vt 0.202886 0.966869
vt 0.202968 0.975491
vt 0.204277 0.966854
vt 0.204386 0.975508
vt 0.205668 0.966835
vt 0.205804 0.975522
vt 0.207059 0.966810
vt 0.207223 0.975530
vt 0.208450 0.966782
vt 0.208641 0.975529
vt 0.209841 0.966750
vt 0.210060 0.975516
vt 0.211232 0.966713
vt 0.211478 0.975489
vt 0.179446 0.984552
vt 0.179442 0.993271
vt 0.178772 0.993271
vt 0.178777 0.984551
vt 0.186192 0.966713
vt 0.185947 0.975479
vt 0.183804 0.975424
vt 0.184091 0.966649
vt 0.187583 0.966750
vt 0.187365 0.975497
vt 0.188974 0.966783
vt 0.188784 0.975502
vt 0.272005 0.982278
vt 0.270211 0.981039
vt 0.271171 0.980032
vt 0.272494 0.981764
vt 0.271698 0.982917
vt 0.269609 0.982293
vt 0.271604 0.983620
vt 0.269424 0.983672
vt 0.271731 0.984317
vt 0.269674 0.985041
vt 0.272068 0.984942
vt 0.270335 0.986265
vt 0.272582 0.985431
vt 0.271342 0.987225
vt 0.273221 0.985738
vt 0.272597 0.987827
vt 0.273924 0.985832
vt 0.273976 0.988012
vt 0.274621 0.985704
vt 0.275344 0.987761
vt 0.275245 0.985367
vt 0.276569 0.987100
vt 0.275734 0.984854
vt 0.277529 0.986093
vt 0.276041 0.984215
vt 0.278130 0.984839
vt 0.276135 0.983512
vt 0.278315 0.983460
vt 0.276008 0.982814
vt 0.278065 0.982091
vt 0.275671 0.982190
vt 0.277404 0.980867
vt 0.275158 0.981701
vt 0.276929 0.980414
vt 0.274518 0.981394
vt 0.275142 0.979305
vt 0.273815 0.981300
vt 0.273763 0.979120
vt 0.273118 0.981428
vt 0.272395 0.979371
vt 0.178778 0.993940
vt 0.164401 0.994041
vt 0.164396 0.993372
vt 0.164316 0.984592
vt 0.232232 0.984015
vt 0.246692 0.984063
vt 0.246608 0.992842
vt 0.232232 0.992734
vt 0.292700 0.962103
vt 0.292700 0.953384
vt 0.293409 0.953384
vt 0.293409 0.962103
vt 0.291991 0.962103
vt 0.291991 0.953384
vt 0.291282 0.962103
vt 0.291282 0.953384
vt 0.290573 0.962103
vt 0.290573 0.953384
vt 0.289863 0.962103
vt 0.289863 0.953384
vt 0.289154 0.962103
vt 0.289154 0.953384
vt 0.288445 0.962103
vt 0.288445 0.953384
vt 0.287736 0.962103
vt 0.287736 0.953384
vt 0.287027 0.962103
vt 0.287027 0.953384
vt 0.286317 0.962103
vt 0.286317 0.953384
vt 0.285608 0.962103
vt 0.285608 0.953384
vt 0.284899 0.962103
vt 0.284899 0.953384
vt 0.284190 0.962103
vt 0.284190 0.953384
vt 0.283480 0.962103
vt 0.283480 0.953384
vt 0.282771 0.962103
vt 0.282771 0.953384
vt 0.296246 0.962103
vt 0.296246 0.953384
vt 0.296955 0.953384
vt 0.296955 0.962103
vt 0.295537 0.962103
vt 0.295537 0.953384
vt 0.294828 0.962103
vt 0.294828 0.953384
vt 0.294119 0.962103
vt 0.294119 0.953384
vt 0.194861 0.991771
vt 0.197032 0.992422
vt 0.196937 0.993125
vt 0.194671 0.993176
vt 0.195477 0.990493
vt 0.197340 0.991783
vt 0.196457 0.989467
vt 0.197830 0.991270
vt 0.197706 0.988795
vt 0.198455 0.990934
vt 0.199101 0.988541
vt 0.199152 0.990807
vt 0.200507 0.988731
vt 0.199855 0.990902
vt 0.201785 0.989347
vt 0.200494 0.991210
vt 0.202810 0.990327
vt 0.201007 0.991700
vt 0.203483 0.991575
vt 0.201343 0.992325
vt 0.203736 0.992971
vt 0.201470 0.993022
vt 0.203546 0.994377
vt 0.201375 0.993725
vt 0.202931 0.995655
vt 0.201067 0.994364
vt 0.201951 0.996680
vt 0.200577 0.994877
vt 0.200702 0.997353
vt 0.199953 0.995213
vt 0.199306 0.997606
vt 0.199255 0.995340
vt 0.198643 0.997517
vt 0.198552 0.995245
vt 0.196622 0.996801
vt 0.197913 0.994937
vt 0.195597 0.995821
vt 0.197400 0.994447
vt 0.194925 0.994572
vt 0.197064 0.993823
vt 0.191622 0.957677
vt 0.191622 0.966321
vt 0.190203 0.966321
vt 0.190203 0.957677
vt 0.193040 0.957677
vt 0.193040 0.966321
vt 0.194458 0.957677
vt 0.194458 0.966321
vt 0.195877 0.957677
vt 0.195877 0.966321
vt 0.197295 0.957677
vt 0.197295 0.966321
vt 0.198714 0.957677
vt 0.198714 0.966321
vt 0.200132 0.957677
vt 0.200132 0.966321
vt 0.201550 0.957677
vt 0.201550 0.966321
vt 0.202969 0.957677
vt 0.202969 0.966321
vt 0.204387 0.957677
vt 0.204387 0.966321
vt 0.205806 0.957677
vt 0.205806 0.966321
vt 0.207224 0.957677
vt 0.207224 0.966321
vt 0.208643 0.957677
vt 0.208643 0.966321
vt 0.210061 0.957677
vt 0.210061 0.966321
vt 0.211479 0.957677
vt 0.211479 0.966321
vt 0.179455 0.967188
vt 0.179451 0.975832
vt 0.178781 0.975832
vt 0.178786 0.967187
vt 0.185948 0.957677
vt 0.185948 0.966321
vt 0.183804 0.966321
vt 0.183804 0.957677
vt 0.187366 0.957677
vt 0.187366 0.966321
vt 0.188785 0.957677
vt 0.188785 0.966321
vt 0.344645 0.966129
vt 0.345263 0.963947
vt 0.346550 0.964543
vt 0.345288 0.966426
vt 0.343941 0.966045
vt 0.343855 0.963779
vt 0.343245 0.966182
vt 0.342463 0.964054
vt 0.342626 0.966528
vt 0.341225 0.964745
vt 0.342144 0.967048
vt 0.340260 0.965786
vt 0.341846 0.967691
vt 0.339665 0.967073
vt 0.341762 0.968395
vt 0.339496 0.968481
vt 0.341900 0.969091
vt 0.339771 0.969873
vt 0.342245 0.969710
vt 0.340463 0.971111
vt 0.342765 0.970192
vt 0.341503 0.972075
vt 0.343409 0.970489
vt 0.342791 0.972671
vt 0.344113 0.970574
vt 0.344199 0.972839
vt 0.344808 0.970436
vt 0.345591 0.972564
vt 0.345427 0.970091
vt 0.346829 0.971873
vt 0.345909 0.969571
vt 0.347793 0.970833
vt 0.346207 0.968927
vt 0.348074 0.970226
vt 0.346291 0.968223
vt 0.348557 0.968137
vt 0.346154 0.967527
vt 0.348282 0.966745
vt 0.345808 0.966908
vt 0.347591 0.965507
vt 0.164406 0.975825
vt 0.164411 0.967180
vt 0.232232 0.966650
vt 0.246607 0.966650
vt 0.246607 0.975295
vt 0.232232 0.975295
vt 0.292402 0.998253
vt 0.292402 0.989608
vt 0.293111 0.989608
vt 0.293111 0.998253
vt 0.291693 0.998253
vt 0.291693 0.989608
vt 0.290983 0.998253
vt 0.290983 0.989608
vt 0.290274 0.998253
vt 0.290274 0.989608
vt 0.289565 0.998253
vt 0.289565 0.989608
vt 0.288856 0.998253
vt 0.288856 0.989608
vt 0.288147 0.998253
vt 0.288147 0.989608
vt 0.287437 0.998253
vt 0.287437 0.989608
vt 0.286728 0.998253
vt 0.286728 0.989608
vt 0.286019 0.998253
vt 0.286019 0.989608
vt 0.285310 0.998253
vt 0.285310 0.989608
vt 0.284601 0.998253
vt 0.284601 0.989608
vt 0.283891 0.998253
vt 0.283891 0.989608
vt 0.283182 0.998253
vt 0.283182 0.989608
vt 0.282473 0.998253
vt 0.282473 0.989608
vt 0.295948 0.998253
vt 0.295948 0.989608
vt 0.296657 0.989608
vt 0.296657 0.998253
vt 0.295239 0.998253
vt 0.295239 0.989608
vt 0.294530 0.998253
vt 0.294530 0.989608
vt 0.293820 0.998253
vt 0.293820 0.989608
vt 0.343361 0.981825
vt 0.343390 0.984092
vt 0.342691 0.984212
vt 0.341963 0.982065
vt 0.344765 0.982029
vt 0.344092 0.984194
vt 0.346036 0.982657
vt 0.344728 0.984508
vt 0.347052 0.983647
vt 0.345236 0.985003
vt 0.347712 0.984903
vt 0.345566 0.985631
vt 0.347952 0.986301
vt 0.345685 0.986330
vt 0.347748 0.987704
vt 0.345583 0.987031
vt 0.347120 0.988976
vt 0.345270 0.987667
vt 0.346130 0.989992
vt 0.344775 0.988175
vt 0.344875 0.990652
vt 0.344147 0.988505
vt 0.343477 0.990892
vt 0.343448 0.988625
vt 0.342073 0.990688
vt 0.342746 0.988523
vt 0.340801 0.990060
vt 0.342110 0.988209
vt 0.339786 0.989070
vt 0.341602 0.987714
vt 0.339125 0.987815
vt 0.341272 0.987087
vt 0.339012 0.987155
vt 0.341152 0.986388
vt 0.339090 0.985013
vt 0.341254 0.985686
vt 0.339717 0.983741
vt 0.341568 0.985050
vt 0.340707 0.982725
vt 0.342063 0.984542
vt 0.191622 0.948704
vt 0.191622 0.957349
vt 0.190203 0.957349
vt 0.190203 0.948704
vt 0.193040 0.948704
vt 0.193040 0.957349
vt 0.194458 0.948704
vt 0.194458 0.957349
vt 0.195877 0.948704
vt 0.195877 0.957349
vt 0.197295 0.948704
vt 0.197295 0.957349
vt 0.198714 0.948704
vt 0.198714 0.957349
vt 0.200132 0.948704
vt 0.200132 0.957349
vt 0.201550 0.948704
vt 0.201550 0.957349
vt 0.202969 0.948704
vt 0.202969 0.957349
vt 0.204387 0.948704
vt 0.204387 0.957349
vt 0.205806 0.948704
vt 0.205806 0.957349
vt 0.207224 0.948704
vt 0.207224 0.957349
vt 0.208643 0.948704
vt 0.208643 0.957349
vt 0.210061 0.948704
vt 0.210061 0.957349
vt 0.211479 0.948704
vt 0.211479 0.957349
vt 0.179464 0.949674
vt 0.179459 0.958468
vt 0.178790 0.958393
vt 0.178794 0.949673
vt 0.185948 0.948704
vt 0.185948 0.957349
vt 0.183804 0.957349
vt 0.183804 0.948704
vt 0.187366 0.948704
vt 0.187366 0.957349
vt 0.188785 0.948704
vt 0.188785 0.957349
vt 0.186115 0.983457
vt 0.183860 0.983679
vt 0.183943 0.982263
vt 0.186157 0.982749
vt 0.186294 0.984143
vt 0.184217 0.985051
vt 0.186677 0.984741
vt 0.184982 0.986246
vt 0.187225 0.985191
vt 0.186078 0.987146
vt 0.187885 0.985450
vt 0.187399 0.987663
vt 0.188593 0.985491
vt 0.188815 0.987747
vt 0.189279 0.985312
vt 0.190187 0.987389
vt 0.189877 0.984930
vt 0.191382 0.986625
vt 0.190327 0.984382
vt 0.192282 0.985529
vt 0.190585 0.983722
vt 0.192800 0.984208
vt 0.190627 0.983014
vt 0.192883 0.982792
vt 0.190449 0.982327
vt 0.192525 0.981419
vt 0.190066 0.981730
vt 0.191761 0.980225
vt 0.189518 0.981280
vt 0.190665 0.979325
vt 0.188858 0.981021
vt 0.189344 0.978807
vt 0.188150 0.980980
vt 0.188676 0.978767
vt 0.187464 0.981158
vt 0.186555 0.979081
vt 0.186866 0.981541
vt 0.185361 0.979846
vt 0.186416 0.982089
vt 0.184461 0.980942
vt 0.164415 0.958311
vt 0.164420 0.949666
vt 0.164420 0.948997
vt 0.178795 0.949004
vt 0.232232 0.949137
vt 0.246607 0.949137
vt 0.246607 0.957781
vt 0.232232 0.957931
vt 0.163660 0.984587
vt 0.163737 0.975819
vt 0.163741 0.967180
vt 0.163746 0.958311
s 0
f 1/1/1 2/2/2 3/3/3
f 3/3/4 4/4/5 1/1/6
f 4/5/7 3/6/8 5/7/9
f 5/7/10 6/8/11 4/5/12
f 6/8/13 5/7/14 7/9/15
f 7/9/16 8/10/17 6/8/13
f 8/10/18 7/9/19 9/11/20
f 9/11/21 10/12/22 8/10/18
f 10/12/23 9/11/24 11/13/25
f 11/13/26 12/14/27 10/12/23
f 12/14/28 11/13/29 13/15/30
f 13/15/31 14/16/32 12/14/33
f 14/16/34 13/15/35 15/17/36
f 15/17/37 16/18/38 14/16/34
f 16/18/34 15/17/39 17/19/40
f 17/19/41 18/20/42 16/18/34
f 18/20/43 17/19/44 19/21/45
f 19/21/46 20/22/47 18/20/48
f 20/23/49 19/24/50 21/25/51
f 21/25/52 22/26/53 20/23/54
f 22/26/55 21/25/56 23/27/57
f 23/27/58 24/28/59 22/26/60
f 24/28/61 23/27/62 25/29/63
f 25/29/64 26/30/65 24/28/66
f 26/30/67 25/29/68 27/31/69
f 27/31/70 28/32/71 26/30/72
f 28/32/73 27/31/74 29/33/75
f 29/33/76 30/34/77 28/32/78
f 30/34/79 29/33/80 31/35/81
f 31/35/82 32/36/83 30/34/84
f 32/36/85 31/35/86 33/37/87
f 33/37/88 34/38/89 32/36/90
f 34/38/91 33/37/92 35/39/93
f 35/39/94 36/40/95 34/38/96
f 36/40/97 35/39/98 37/41/99
f 37/41/100 38/42/101 36/40/102
f 38/42/103 37/41/104 39/43/105
f 39/43/106 40/44/107 38/42/108
f 40/44/109 39/43/110 41/45/111
f 41/45/112 42/46/113 40/44/114
f 42/46/115 41/45/116 43/47/117
f 43/47/118 44/48/119 42/46/120
f 44/48/121 43/47/122 45/49/123
f 45/49/124 46/50/125 44/48/126
f 46/50/127 45/49/128 47/51/129
f 47/51/130 48/52/131 46/50/132
f 48/52/133 47/51/134 2/2/135
f 2/2/136 1/1/137 48/52/138
f 49/53/139 36/40/140 38/42/141
f 38/42/142 50/54/143 49/53/144
f 51/55/145 34/38/146 36/40/147
f 36/40/148 49/53/149 51/55/150
f 52/56/151 32/36/152 34/38/153
f 34/38/154 51/55/155 52/56/156
f 53/57/157 30/34/158 32/36/159
f 32/36/160 52/56/161 53/57/162
f 54/58/163 28/32/164 30/34/165
f 30/34/166 53/57/167 54/58/168
f 55/59/169 26/30/170 28/32/171
f 28/32/172 54/58/173 55/59/174
f 56/60/175 24/28/176 26/30/177
f 26/30/178 55/59/179 56/60/180
f 57/61/181 22/26/182 24/28/183
f 24/28/184 56/60/185 57/61/186
f 58/62/187 20/23/188 22/26/189
f 22/26/190 57/61/191 58/62/192
f 59/63/193 18/20/193 20/22/194
f 20/22/195 58/64/196 59/63/197
f 60/65/198 16/18/198 18/20/199
f 18/20/200 59/63/199 60/65/198
f 61/66/197 14/16/197 16/18/197
f 16/18/197 60/65/197 61/66/197
f 62/67/201 12/14/201 14/16/201
f 14/16/201 61/66/201 62/67/201
f 63/68/201 10/12/201 12/14/201
f 12/14/201 62/67/201 63/68/201
f 64/69/202 8/10/203 10/12/204
f 10/12/204 63/68/198 64/69/198
f 65/70/205 6/8/206 8/10/197
f 8/10/197 64/69/197 65/70/205
f 66/71/207 4/5/208 6/8/209
f 6/8/198 65/70/198 66/71/210
f 67/72/211 1/1/212 4/4/213
f 4/4/214 66/73/215 67/72/216
f 68/74/217 48/52/218 1/1/219
f 1/1/220 67/72/221 68/74/222
f 69/75/223 46/50/224 48/52/225
f 48/52/226 68/74/227 69/75/228
f 70/76/229 44/48/230 46/50/231
f 46/50/232 69/75/233 70/76/234
f 71/77/235 42/46/236 44/48/237
f 44/48/238 70/76/239 71/77/240
f 72/78/241 40/44/242 42/46/243
f 42/46/244 71/77/245 72/78/246
f 50/54/247 38/42/248 40/44/249
f 40/44/250 72/78/251 50/54/252
f 73/79/253 3/6/254 2/80/255
f 2/80/256 74/81/257 73/79/258
f 75/82/259 5/7/260 3/6/261
f 3/6/262 73/79/263 75/82/264
f 76/83/265 7/9/266 5/7/267
f 5/7/268 75/82/269 76/83/270
f 77/84/271 9/11/272 7/9/273
f 7/9/274 76/83/275 77/84/276
f 78/85/277 11/13/278 9/11/279
f 9/11/280 77/84/281 78/85/281
f 79/86/282 13/15/283 11/13/284
f 11/13/285 78/85/286 79/86/287
f 80/87/288 15/17/289 13/15/290
f 13/15/291 79/86/292 80/87/293
f 81/88/294 17/19/295 15/17/296
f 15/17/297 80/87/298 81/88/299
f 82/89/300 19/21/301 17/19/302
f 17/19/303 81/88/304 82/89/305
f 83/90/306 21/91/307 19/21/308
f 19/21/309 82/89/310 83/90/311
f 84/92/312 23/93/313 21/91/314
f 21/91/315 83/90/316 84/92/317
f 85/94/318 25/95/319 23/93/320
f 23/93/321 84/92/322 85/94/323
f 86/96/324 27/97/325 25/95/326
f 25/95/327 85/94/328 86/96/329
f 87/98/330 29/99/331 27/97/332
f 27/97/333 86/96/334 87/98/335
f 88/100/336 31/101/337 29/99/338
f 29/99/339 87/98/340 88/100/341
f 89/102/342 33/103/343 31/101/344
f 31/101/345 88/100/346 89/102/342
f 90/104/347 35/105/348 33/103/349
f 33/103/350 89/102/351 90/104/352
f 91/106/353 37/107/354 35/105/355
f 35/105/356 90/104/357 91/106/358
f 92/108/359 39/109/360 37/107/361
f 37/107/362 91/106/347 92/108/363
f 93/110/364 41/111/365 39/109/366
f 39/109/367 92/108/368 93/110/369
f 94/112/370 43/113/371 41/111/372
f 41/111/373 93/110/374 94/112/375
f 95/114/376 45/115/377 43/113/378
f 43/113/379 94/112/380 95/114/381
f 96/116/382 47/117/383 45/115/384
f 45/115/385 95/114/386 96/116/387
f 74/81/388 2/80/389 47/117/390
f 47/117/391 96/116/392 74/81/393
f 97/118/394 79/86/395 78/85/395
f 78/85/396 98/119/397 97/118/398
f 98/119/397 78/85/399 77/84/400
f 77/84/401 99/120/402 98/119/403
f 76/83/404 100/121/405 99/120/406
f 99/120/407 77/84/408 76/83/409
f 101/122/410 80/87/411 79/86/412
f 79/86/413 97/118/414 101/122/415
f 102/123/416 81/88/417 80/87/418
f 80/87/419 101/122/420 102/123/421
f 100/121/422 76/83/275 75/82/423
f 75/82/424 103/124/425 100/121/426
f 103/124/427 75/82/428 73/79/429
f 73/79/430 74/81/431 103/124/432
f 83/90/433 82/89/434 81/88/435
f 81/88/436 102/123/437 83/90/438
f 104/125/439 105/126/440 96/116/441
f 96/116/442 95/114/443 104/125/444
f 106/127/445 107/128/446 105/126/447
f 105/126/448 104/125/449 106/127/450
f 107/128/451 106/127/452 108/129/453
f 108/129/454 109/130/455 107/128/456
f 110/131/457 111/132/458 109/130/459
f 109/130/460 108/129/461 110/131/462
f 112/133/463 113/134/464 111/132/406
f 111/132/465 110/131/466 112/133/467
f 114/135/468 115/136/469 113/134/470
f 113/134/471 112/133/472 114/135/473
f 116/137/474 117/138/475 115/136/476
f 115/136/400 114/135/477 116/137/478
f 85/94/479 84/92/480 117/138/481
f 117/138/482 116/137/483 85/94/484
f 105/126/485 103/124/486 74/81/487
f 74/81/488 96/116/489 105/126/490
f 107/128/491 100/121/492 103/124/493
f 103/124/494 105/126/495 107/128/496
f 100/121/497 107/128/498 109/130/499
f 109/130/500 99/120/501 100/121/502
f 111/132/503 98/119/414 99/120/504
f 99/120/505 109/130/506 111/132/507
f 113/134/508 97/118/509 98/119/510
f 98/119/276 111/132/511 113/134/512
f 115/136/513 101/122/514 97/118/510
f 97/118/515 113/134/516 115/136/517
f 117/138/518 102/123/519 101/122/520
f 101/122/521 115/136/522 117/138/523
f 84/92/524 83/90/525 102/123/526
f 102/123/428 117/138/527 84/92/528
f 93/110/529 104/125/530 95/114/531
f 95/114/532 94/112/533 93/110/534
f 92/108/535 106/127/536 104/125/537
f 104/125/538 93/110/539 92/108/540
f 106/127/541 92/108/542 91/106/543
f 91/106/544 108/129/545 106/127/546
f 90/104/547 110/131/548 108/129/549
f 108/129/550 91/106/551 90/104/552
f 89/102/553 112/133/554 110/131/555
f 110/131/556 90/104/557 89/102/558
f 88/100/559 114/135/560 112/133/561
f 112/133/562 89/102/563 88/100/564
f 87/98/565 116/137/566 114/135/567
f 114/135/568 88/100/569 87/98/570
f 86/96/571 85/94/572 116/137/573
f 116/137/574 87/98/575 86/96/576
f 118/139/577 119/140/578 120/141/579
f 120/141/580 121/142/581 118/139/582
f 122/143/583 123/144/584 124/145/585
f 124/145/586 125/146/587 122/143/588
f 126/147/589 127/148/590 128/149/591
f 128/149/592 129/150/593 126/147/594
f 130/151/595 131/152/596 132/153/597
f 132/153/598 133/154/599 130/151/600
f 134/155/601 135/156/602 136/157/603
f 136/157/604 137/158/605 134/155/606
f 138/159/607 131/160/608 130/161/609
f 130/161/610 139/162/611 138/159/612
f 140/163/613 141/164/614 142/165/615
f 142/165/616 143/166/617 140/163/618
f 144/167/619 145/168/620 146/169/621
f 146/169/622 147/170/623 144/167/624
f 148/171/625 149/172/626 150/173/627
f 150/173/628 151/174/629 148/171/630
f 152/175/631 153/176/632 154/177/633
f 154/177/634 155/178/635 152/175/636
f 156/179/637 157/180/638 158/181/639
f 158/181/640 159/182/641 156/179/642
f 160/183/643 161/184/644 162/185/645
f 162/185/646 163/186/647 160/183/648
f 164/187/649 165/188/650 166/189/651
f 166/189/652 167/190/653 164/187/654
f 168/191/655 169/192/656 170/193/657
f 170/193/658 171/194/659 168/191/660
f 172/195/661 173/196/662 174/197/663
f 174/197/664 175/198/665 172/195/666
f 176/199/667 177/200/668 178/201/669
f 178/201/670 179/202/671 176/199/672
f 180/203/673 157/204/674 181/205/675
f 181/205/676 182/206/677 180/203/678
f 183/207/679 149/208/680 184/209/681
f 184/209/682 185/210/683 183/207/684
f 186/211/685 187/212/686 188/213/687
f 188/213/688 189/214/689 186/211/690
f 190/215/691 153/216/692 191/217/693
f 191/217/694 192/218/695 190/215/696
f 193/219/697 141/220/698 194/221/699
f 194/221/700 195/222/701 193/219/702
f 196/223/703 197/224/704 198/225/705
f 198/225/706 199/226/707 196/223/708
f 200/227/709 161/184/710 201/228/711
f 201/228/712 202/229/713 200/227/714
f 203/230/715 145/168/716 204/231/717
f 204/231/718 205/232/719 203/230/720
f 206/233/721 207/234/722 208/235/723
f 208/235/724 209/236/725 206/233/726
f 210/237/727 211/238/728 212/239/729
f 212/239/730 213/240/731 210/237/732
f 164/187/733 214/241/734 215/242/735
f 215/242/736 216/243/737 164/187/738
f 134/155/739 217/244/740 218/245/741
f 218/245/742 219/246/743 134/155/744
f 160/183/745 220/247/746 221/248/747
f 221/248/748 222/249/749 160/183/750
f 223/250/751 224/251/752 225/252/753
f 225/252/754 226/253/755 223/250/756
f 227/254/757 228/255/758 229/256/759
f 229/256/760 230/257/761 227/254/762
f 231/258/763 232/259/764 233/260/765
f 233/260/766 234/261/767 231/258/768
f 235/262/769 236/263/770 237/264/771
f 237/264/772 238/265/773 235/262/774
f 196/223/775 224/251/776 239/266/777
f 239/266/778 240/267/779 196/223/780
f 241/268/781 242/269/782 243/270/783
f 243/270/784 244/271/785 241/268/786
f 245/272/787 246/273/788 247/274/789
f 247/274/790 248/275/791 245/272/792
f 152/276/793 249/277/794 250/278/795
f 250/278/796 251/279/797 152/276/798
f 252/280/799 253/281/800 254/282/801
f 254/282/802 255/283/803 252/280/804
f 256/284/805 257/285/806 258/286/807
f 258/286/808 259/287/809 256/284/810
f 260/288/811 261/289/812 262/290/813
f 262/290/814 263/291/815 260/288/816
f 264/292/817 265/293/818 266/294/819
f 266/294/820 267/295/821 264/292/822
f 138/296/823 268/297/824 269/298/825
f 269/298/826 270/299/827 138/296/828
f 186/300/829 257/301/830 271/302/831
f 271/302/832 272/303/833 186/300/834
f 273/304/835 274/305/836 275/306/837
f 275/306/838 276/307/839 273/304/840
f 277/308/841 278/309/842 279/310/843
f 279/310/844 280/311/845 277/308/846
f 156/312/847 281/313/848 282/314/849
f 282/314/850 283/315/851 156/312/852
f 284/316/853 285/317/854 286/318/855
f 286/318/856 287/319/857 284/316/858
f 288/320/859 289/321/860 290/322/861
f 290/322/862 291/323/863 288/320/864
f 292/324/865 293/325/866 294/326/867
f 294/326/868 295/327/869 292/324/870
f 296/328/871 297/329/872 298/330/873
f 298/330/874 299/331/875 296/328/876
f 300/332/877 301/333/878 302/334/879
f 302/334/880 303/335/881 300/332/882
f 176/336/883 289/337/884 304/338/885
f 304/338/886 305/339/887 176/336/888
f 306/340/889 307/341/890 308/342/891
f 308/342/892 309/343/893 306/340/894
f 310/344/895 311/345/896 312/346/897
f 312/346/898 313/347/899 310/344/900
f 314/348/901 315/349/902 316/350/903
f 316/350/904 317/351/905 314/348/906
f 318/352/907 319/353/908 320/354/909
f 320/354/910 321/355/911 318/352/912
f 322/356/913 214/241/914 323/357/915
f 323/357/916 324/358/917 322/356/918
f 190/359/919 246/360/920 325/361/921
f 325/361/922 326/362/923 190/359/924
f 327/363/925 328/364/926 329/365/927
f 329/365/928 330/366/929 327/363/930
f 331/367/931 220/247/932 332/368/933
f 332/368/934 333/369/935 331/367/936
f 168/370/937 311/371/938 334/372/939
f 334/372/940 335/373/941 168/370/942
f 336/374/943 337/375/944 338/376/945
f 338/376/946 339/377/947 336/374/948
f 340/378/949 281/379/950 341/380/951
f 341/380/952 342/381/953 340/378/954
f 180/382/955 278/383/956 343/384/957
f 343/384/958 344/385/959 180/382/960
f 345/386/961 346/387/962 347/388/963
f 347/388/964 348/389/965 345/386/966
f 349/390/967 249/391/968 350/392/969
f 350/392/970 351/393/971 349/390/972
f 193/394/973 236/395/974 352/396/975
f 352/396/976 353/397/977 193/394/978
f 354/398/979 355/399/980 356/400/981
f 356/400/982 357/401/983 354/398/984
f 126/402/985 358/403/986 359/404/987
f 359/404/988 360/405/989 126/402/990
f 172/406/991 301/407/992 361/408/993
f 361/408/994 362/409/995 172/406/996
f 363/410/997 364/411/998 365/412/999
f 365/412/1000 366/413/1001 363/410/1002
f 118/139/1003 367/414/1004 368/415/1005
f 368/415/1006 369/416/1007 118/139/1008
f 203/230/1009 211/238/1010 370/417/1011
f 370/417/1012 371/418/1013 203/230/1014
f 372/419/1015 373/420/1016 374/421/1017
f 374/421/1018 375/422/1019 372/419/1020
f 122/423/1021 376/424/1022 377/425/1023
f 377/425/1024 378/426/1025 122/423/1026
f 379/427/1027 380/428/1028 381/429/1029
f 381/429/1030 382/430/1031 379/427/1032
f 383/431/1033 364/411/1034 384/432/1035
f 384/432/1036 385/433/1037 383/431/1038
f 183/434/1039 268/435/1040 386/436/1041
f 386/436/1042 387/437/1043 183/434/1044
f 388/438/1045 389/439/1046 390/440/1047
f 390/440/1048 391/441/1049 388/438/1050
f 392/442/1051 337/375/1052 393/443/1053
f 393/443/1054 394/444/1055 392/442/1056
f 200/227/1057 217/244/1058 395/445/1059
f 395/445/1060 396/446/1061 200/227/1062
f 397/447/1063 398/448/1064 399/449/1065
f 399/449/1066 400/450/1067 397/447/1068
f 401/451/1069 307/341/1070 402/452/1071
f 402/452/1072 403/453/1073 401/451/1074
f 404/454/1075 405/455/1076 406/456/1077
f 406/456/1078 407/457/1079 404/454/1080
f 408/458/1081 409/459/1082 410/460/1083
f 410/460/1084 411/461/1085 408/458/1086
f 412/462/1087 274/305/1088 413/463/1089
f 413/463/1090 414/464/1091 412/462/1092
f 148/465/1093 358/466/1094 415/467/1095
f 415/467/1096 416/468/1097 148/465/1098
f 417/469/1099 418/470/1100 419/471/1101
f 419/471/1102 420/472/1103 417/469/1104
f 421/473/1105 242/269/1106 422/474/1107
f 422/474/1108 423/475/1109 421/473/1110
f 140/476/1111 376/477/1112 424/478/1113
f 424/478/1114 425/479/1115 140/476/1116
f 144/167/1117 367/414/1118 426/480/1119
f 426/480/1120 427/481/1121 144/167/1122
f 145/168/1123 144/167/1124 427/481/1125
f 427/481/1126 204/231/1127 145/168/1128
f 293/325/1129 292/324/1130 428/482/1131
f 428/482/1132 429/483/1133 293/325/1134
f 165/188/1135 430/484/1136 428/482/1137
f 428/482/1138 292/324/1139 165/188/1140
f 418/470/1141 194/221/1142 425/479/1143
f 425/479/1144 419/471/1145 418/470/1146
f 431/485/1147 419/471/1148 425/479/1149
f 425/479/1150 424/478/1151 431/485/1152
f 141/220/1153 140/476/1154 425/479/1155
f 425/479/1156 194/221/1157 141/220/1158
f 207/234/1159 206/233/1160 423/475/1161
f 423/475/1162 432/486/1163 207/234/1164
f 431/485/1165 432/486/1166 423/475/1167
f 423/475/1168 422/474/1169 431/485/1170
f 197/224/1171 421/473/1172 423/475/1173
f 423/475/1174 206/233/1175 197/224/1176
f 242/269/1177 241/268/1178 420/472/1179
f 420/472/1180 422/474/1181 242/269/1182
f 431/485/1183 422/474/1184 420/472/1185
f 420/472/1186 419/471/1187 431/485/1188
f 433/487/1189 417/469/1190 420/472/1191
f 420/472/1192 241/268/1193 433/487/1194
f 409/459/1195 184/209/1196 416/468/1197
f 416/468/1198 410/460/1199 409/459/1200
f 434/488/1201 410/460/1202 416/468/1203
f 416/468/1204 415/467/1205 434/488/1206
f 149/208/1207 148/465/1208 416/468/1209
f 416/468/1210 184/209/1211 149/208/1212
f 228/489/1213 227/490/1214 414/464/1215
f 414/464/1216 435/491/1217 228/489/1218
f 434/488/1219 435/491/1220 414/464/1221
f 414/464/1222 413/463/1223 434/488/1224
f 187/492/1225 412/462/1226 414/464/1227
f 414/464/1228 227/490/1229 187/492/1230
f 274/305/1231 273/304/1232 411/461/1233
f 411/461/1234 413/463/1235 274/305/1236
f 434/488/1237 413/463/1238 411/461/1239
f 411/461/1239 410/460/1240 434/488/1241
f 436/493/1242 408/458/1243 411/461/1244
f 411/461/1245 273/304/1246 436/493/1247
f 398/448/1248 174/197/1249 407/457/1250
f 407/457/1251 399/449/1252 398/448/1253
f 437/494/1254 399/449/1255 407/457/1256
f 407/457/1257 406/456/1258 437/494/1259
f 173/196/1260 404/454/1261 407/457/1262
f 407/457/1263 174/197/1264 173/196/1265
f 261/495/1266 260/496/1267 403/453/1268
f 403/453/1269 438/497/1270 261/495/1271
f 437/494/1272 438/497/1273 403/453/1274
f 403/453/1275 402/452/1276 437/494/1277
f 177/498/1278 401/451/1279 403/453/1280
f 403/453/1281 260/496/1282 177/498/1283
f 307/341/1284 306/340/1285 400/450/1286
f 400/450/1287 402/452/1288 307/341/1289
f 437/494/1290 402/452/1291 400/450/1292
f 400/450/1293 399/449/1294 437/494/1295
f 439/499/1296 397/447/1297 400/450/1298
f 400/450/1299 306/340/1300 439/499/1301
f 389/439/1302 162/185/1303 396/446/1304
f 396/446/1305 390/440/1306 389/439/1307
f 440/500/1308 390/440/1309 396/446/1310
f 396/446/1311 395/445/1312 440/500/1313
f 161/184/1314 200/227/1315 396/446/1316
f 396/446/1317 162/185/1318 161/184/1319
f 315/501/1320 314/502/1321 394/444/1322
f 394/444/1323 441/503/1324 315/501/1325
f 440/500/1326 441/503/1327 394/444/1328
f 394/444/1329 393/443/1330 440/500/1331
f 169/504/1332 392/442/1333 394/444/1334
f 394/444/1335 314/502/1336 169/504/1337
f 337/375/1338 336/374/1339 391/441/1340
f 391/441/1341 393/443/1342 337/375/1343
f 440/500/1344 393/443/1345 391/441/1346
f 391/441/1347 390/440/1348 440/500/1349
f 442/505/1350 388/438/1351 391/441/1352
f 391/441/1353 336/374/1354 442/505/1355
f 380/428/1356 150/173/1357 387/437/1358
f 387/437/1359 381/429/1360 380/428/1361
f 443/506/1362 381/429/1363 387/437/1364
f 387/437/1365 386/436/1366 443/506/1367
f 149/172/1368 183/434/1369 387/437/1370
f 387/437/1371 150/173/1372 149/172/1373
f 405/507/1374 404/508/1375 385/433/1376
f 385/433/1377 444/509/1378 405/507/1379
f 443/506/1380 444/509/1381 385/433/1382
f 385/433/1383 384/432/1384 443/506/1385
f 173/510/1386 383/431/1387 385/433/1388
f 385/433/1389 404/508/1390 173/510/1391
f 364/411/1392 363/410/1393 382/430/1394
f 382/430/1395 384/432/1396 364/411/1397
f 443/506/1398 384/432/1399 382/430/1400
f 382/430/1401 381/429/1402 443/506/1403
f 445/511/1404 379/427/1405 382/430/1406
f 382/430/1407 363/410/1408 445/511/1409
f 211/238/1410 210/237/1411 378/426/1412
f 378/426/1413 370/417/1414 211/238/1415
f 446/512/1416 370/417/1417 378/426/1418
f 378/426/1419 377/425/1420 446/512/1421
f 123/513/1422 122/423/1423 378/426/1424
f 378/426/1425 210/237/1426 123/513/1427
f 355/399/1428 354/398/1429 375/422/1430
f 375/422/1431 447/514/1432 355/399/1433
f 446/512/1434 447/514/1435 375/422/1436
f 375/422/1437 374/421/1438 446/512/1439
f 445/511/1440 372/419/1441 375/422/1442
f 375/422/1443 354/398/1444 445/511/1445
f 373/420/1446 146/169/1447 371/418/1448
f 371/418/1449 374/421/1450 373/420/1451
f 446/512/1452 374/421/1453 371/418/1454
f 371/418/1455 370/417/1456 446/512/1457
f 145/168/1458 203/230/1459 371/418/1460
f 371/418/1461 146/169/1462 145/168/1463
f 301/407/1464 300/515/1465 369/416/1466
f 369/416/1467 361/408/1468 301/407/1469
f 448/516/1470 361/408/1471 369/416/1472
f 369/416/1473 368/415/1474 448/516/1475
f 119/140/1476 118/139/1477 369/416/1478
f 369/416/1479 300/515/1480 119/140/1481
f 373/420/1482 372/419/1483 366/413/1484
f 366/413/1485 449/517/1486 373/420/1487
f 448/516/1488 449/517/1489 366/413/1490
f 366/413/1491 365/412/1492 448/516/1493
f 445/511/1494 363/410/1495 366/413/1496
f 366/413/1497 372/419/1498 445/511/1499
f 364/411/1500 383/431/1501 362/409/1502
f 362/409/1503 365/412/1504 364/411/1505
f 448/516/1506 365/412/1507 362/409/1508
f 362/409/1509 361/408/1510 448/516/1511
f 173/510/1512 172/406/1513 362/409/1514
f 362/409/1515 383/431/1516 173/510/1517
f 236/395/1518 235/518/1519 360/405/1520
f 360/405/1521 352/396/1522 236/395/1523
f 450/519/1524 352/396/1525 360/405/1526
f 360/405/1527 359/404/1528 450/519/1529
f 127/520/1530 126/402/1531 360/405/1532
f 360/405/1533 235/518/1534 127/520/1535
f 380/428/1536 379/427/1537 357/401/1538
f 357/401/1539 451/521/1540 380/428/1541
f 450/519/1542 451/521/1543 357/401/1544
f 357/401/1545 356/400/1546 450/519/1547
f 445/511/1548 354/398/1549 357/401/1550
f 357/401/1551 379/427/1552 445/511/1553
f 355/399/1554 142/165/1555 353/397/1556
f 353/397/1557 356/400/1558 355/399/1559
f 450/519/1560 356/400/1561 353/397/1562
f 353/397/1563 352/396/1564 450/519/1565
f 141/164/1566 193/394/1567 353/397/1568
f 353/397/1569 142/165/1570 141/164/1571
f 278/383/1572 277/522/1573 351/393/1574
f 351/393/1575 343/384/1576 278/383/1577
f 452/523/1578 343/384/1579 351/393/1580
f 351/393/1581 350/392/1582 452/523/1583
f 453/524/1584 349/390/1585 351/393/1586
f 351/393/1587 277/522/1588 453/524/1589
f 328/364/1590 327/363/1591 348/389/1592
f 348/389/1593 454/525/1594 328/364/1595
f 452/523/1596 454/525/1597 348/389/1598
f 348/389/1599 347/388/1600 452/523/1601
f 442/505/1602 345/386/1603 348/389/1604
f 348/389/1605 327/363/1606 442/505/1607
f 346/387/1608 158/181/1609 344/385/1610
f 344/385/1611 347/388/1612 346/387/1613
f 452/523/1614 347/388/1615 344/385/1616
f 344/385/1617 343/384/1618 452/523/1619
f 157/180/1620 180/382/1621 344/385/1622
f 344/385/1623 158/181/1624 157/180/1625
f 311/371/1626 310/526/1627 342/381/1628
f 342/381/1629 334/372/1630 311/371/1631
f 455/527/1632 334/372/1633 342/381/1634
f 342/381/1635 341/380/1636 455/527/1637
f 456/528/1638 340/378/1639 342/381/1640
f 342/381/1641 310/526/1642 456/528/1643
f 346/387/1644 345/386/1645 339/377/1646
f 339/377/1647 457/529/1648 346/387/1649
f 455/527/1650 457/529/1651 339/377/1652
f 339/377/1653 338/376/1654 455/527/1655
f 442/505/1656 336/374/1657 339/377/1658
f 339/377/1659 345/386/1660 442/505/1661
f 337/375/1662 392/442/1663 335/373/1664
f 335/373/1665 338/376/1666 337/375/1667
f 455/527/1668 338/376/1669 335/373/1670
f 335/373/1671 334/372/1672 455/527/1673
f 169/504/1674 168/370/1675 335/373/1676
f 335/373/1677 392/442/1678 169/504/1679
f 246/360/1680 245/530/1681 333/369/1682
f 333/369/1683 325/361/1684 246/360/1685
f 458/531/1686 325/361/1687 333/369/1688
f 333/369/1689 332/368/1690 458/531/1691
f 459/532/1692 331/367/1693 333/369/1694
f 333/369/1695 245/530/1696 459/532/1697
f 389/439/1698 388/438/1699 330/366/1700
f 330/366/1701 460/533/1702 389/439/1703
f 458/531/1704 460/533/1705 330/366/1706
f 330/366/1707 329/365/1708 458/531/1709
f 442/505/1710 327/363/1711 330/366/1712
f 330/366/1713 388/438/1714 442/505/1715
f 328/364/1716 154/177/1717 326/362/1718
f 326/362/1719 329/365/1720 328/364/1721
f 458/531/1722 329/365/1723 326/362/1724
f 326/362/1725 325/361/1726 458/531/1727
f 153/176/1728 190/359/1729 326/362/1730
f 326/362/1731 154/177/1732 153/176/1733
f 315/349/1734 136/534/1735 324/358/1736
f 324/358/1737 316/350/1738 315/349/1739
f 461/535/1740 316/350/1741 324/358/1742
f 324/358/1743 323/357/1744 461/535/1745
f 135/536/1746 322/356/1747 324/358/1748
f 324/358/1749 136/534/1750 135/536/1751
f 297/329/1752 296/328/1753 321/355/1754
f 321/355/1755 462/537/1756 297/329/1757
f 461/535/1758 462/537/1759 321/355/1760
f 321/355/1761 320/354/1762 461/535/1763
f 439/499/1764 318/352/1765 321/355/1766
f 321/355/1767 296/328/1768 439/499/1769
f 319/353/1770 170/193/1771 317/351/1772
f 317/351/1773 320/354/1774 319/353/1775
f 461/535/1776 320/354/1777 317/351/1778
f 317/351/1779 316/350/1780 461/535/1781
f 169/192/1782 314/348/1783 317/351/1784
f 317/351/1785 170/193/1786 169/192/1787
f 289/337/1788 288/538/1789 313/347/1790
f 313/347/1791 304/338/1792 289/337/1793
f 463/539/1794 304/338/1795 313/347/1796
f 313/347/1797 312/346/1798 463/539/1799
f 456/540/1800 310/344/1801 313/347/1802
f 313/347/1803 288/538/1804 456/540/1805
f 319/353/1806 318/352/1807 309/343/1808
f 309/343/1809 464/541/1810 319/353/1811
f 463/539/1812 464/541/1813 309/343/1814
f 309/343/1815 308/342/1816 463/539/1817
f 439/499/1818 306/340/1819 309/343/1820
f 309/343/1821 318/352/1822 439/499/1823
f 307/341/1824 401/451/1825 305/339/1826
f 305/339/1827 308/342/1828 307/341/1829
f 463/539/1830 308/342/1831 305/339/1832
f 305/339/1833 304/338/1834 463/539/1835
f 177/498/1836 176/336/1837 305/339/1838
f 305/339/1839 401/451/1840 177/498/1841
f 293/325/1842 120/542/1843 303/335/1844
f 303/335/1845 294/326/1846 293/325/1847
f 465/543/1848 294/326/1849 303/335/1850
f 303/335/1851 302/334/1852 465/543/1853
f 119/544/1854 300/332/1855 303/335/1856
f 303/335/1857 120/542/1858 119/544/1859
f 398/448/1860 397/447/1861 299/331/1862
f 299/331/1863 466/545/1864 398/448/1865
f 465/543/1866 466/545/1867 299/331/1868
f 299/331/1869 298/330/1870 465/543/1871
f 439/499/1872 296/328/1873 299/331/1874
f 299/331/1875 397/447/1876 439/499/1877
f 297/329/1878 166/189/1879 295/327/1880
f 295/327/1881 298/330/1882 297/329/1883
f 465/543/1884 298/330/1885 295/327/1886
f 295/327/1887 294/326/1888 465/543/1889
f 165/188/1890 292/324/1891 295/327/1892
f 295/327/1893 166/189/1894 165/188/1895
f 281/313/1896 340/546/1897 291/323/1898
f 291/323/1899 282/314/1900 281/313/1901
f 467/547/1902 282/314/1903 291/323/1904
f 291/323/1905 290/322/1906 467/547/1907
f 456/548/1908 288/320/1909 291/323/1910
f 291/323/1911 340/546/1912 456/548/1913
f 265/293/1914 264/292/1915 287/319/1916
f 287/319/1917 468/549/1918 265/293/1919
f 467/547/1920 468/549/1921 287/319/1922
f 287/319/1923 286/318/1924 467/547/1925
f 436/493/1926 284/316/1927 287/319/1928
f 287/319/1929 264/292/1930 436/493/1931
f 285/317/1932 181/205/1933 283/315/1934
f 283/315/1935 286/318/1936 285/317/1937
f 467/547/1938 286/318/1939 283/315/1940
f 283/315/1941 282/314/1942 467/547/1943
f 157/204/1944 156/312/1945 283/315/1946
f 283/315/1947 181/205/1948 157/204/1949
f 257/301/1950 256/550/1951 280/311/1952
f 280/311/1953 271/302/1954 257/301/1955
f 469/551/1956 271/302/1957 280/311/1958
f 280/311/1959 279/310/1960 469/551/1961
f 453/552/1962 277/308/1963 280/311/1964
f 280/311/1965 256/550/1966 453/552/1967
f 285/317/1968 284/316/1969 276/307/1970
f 276/307/1971 470/553/1972 285/317/1973
f 469/551/1974 470/553/1975 276/307/1976
f 276/307/1977 275/306/1978 469/551/1979
f 436/493/1980 273/304/1981 276/307/1982
f 276/307/1983 284/316/1984 436/493/1985
f 274/305/1986 412/462/1987 272/303/1988
f 272/303/1989 275/306/1990 274/305/1991
f 469/551/1992 275/306/1993 272/303/1994
f 272/303/1995 271/302/1996 469/551/1997
f 187/492/1998 186/300/1999 272/303/2000
f 272/303/2001 412/462/2002 187/492/2003
f 261/289/2004 132/554/2005 270/299/2006
f 270/299/2007 262/290/2008 261/289/2009
f 471/555/2010 262/290/2011 270/299/2012
f 270/299/2013 269/298/2014 471/555/2015
f 131/556/2016 138/296/2017 270/299/2018
f 270/299/2019 132/554/2020 131/556/2021
f 409/459/2022 408/458/2023 267/295/2024
f 267/295/2025 472/557/2026 409/459/2027
f 471/555/2028 472/557/2029 267/295/2030
f 267/295/2031 266/294/2032 471/555/2033
f 436/493/2034 264/292/2035 267/295/2036
f 267/295/2037 408/458/2038 436/493/2039
f 265/293/2040 178/201/2041 263/291/2042
f 263/291/2043 266/294/2044 265/293/2045
f 471/555/2046 266/294/2047 263/291/2048
f 263/291/2049 262/290/2050 471/555/2051
f 177/200/2052 260/288/2053 263/291/2054
f 263/291/2055 178/201/2056 177/200/2057
f 249/277/2058 349/558/2059 259/287/2060
f 259/287/2061 250/278/2062 249/277/2063
f 473/559/2064 250/278/2065 259/287/2066
f 259/287/2067 258/286/2068 473/559/2069
f 453/560/2070 256/284/2071 259/287/2072
f 259/287/2073 349/558/2074 453/560/2075
f 232/259/2076 231/258/2077 255/283/2078
f 255/283/2079 474/561/2080 232/259/2081
f 473/559/2082 474/561/2083 255/283/2084
f 255/283/2085 254/282/2086 473/559/2087
f 433/487/2088 252/280/2089 255/283/2090
f 255/283/2091 231/258/2092 433/487/2093
f 253/281/2094 191/217/2095 251/279/2096
f 251/279/2097 254/282/2098 253/281/2099
f 473/559/2100 254/282/2101 251/279/2102
f 251/279/2103 250/278/2104 473/559/2105
f 153/216/2106 152/276/2107 251/279/2108
f 251/279/2109 191/217/2110 153/216/2111
f 224/251/2112 223/250/2113 248/275/2114
f 248/275/2115 239/266/2116 224/251/2117
f 475/562/2118 239/266/2119 248/275/2120
f 248/275/2121 247/274/2122 475/562/2123
f 459/563/2124 245/272/2125 248/275/2126
f 248/275/2127 223/250/2128 459/563/2129
f 253/281/2130 252/280/2131 244/271/2132
f 244/271/2133 476/564/2134 253/281/2135
f 475/562/2136 476/564/2137 244/271/2138
f 244/271/2139 243/270/2140 475/562/2141
f 433/487/2142 241/268/2143 244/271/2144
f 244/271/2145 252/280/2146 433/487/2147
f 242/269/2148 421/473/2149 240/267/2150
f 240/267/2151 243/270/2152 242/269/2153
f 475/562/2154 243/270/2155 240/267/2156
f 240/267/2157 239/266/2158 475/562/2159
f 197/224/2160 196/223/2161 240/267/2162
f 240/267/2163 421/473/2164 197/224/2165
f 228/255/2166 128/565/2167 238/265/2168
f 238/265/2169 229/256/2170 228/255/2171
f 477/566/2172 229/256/2173 238/265/2174
f 238/265/2175 237/264/2176 477/566/2177
f 127/567/2178 235/262/2179 238/265/2180
f 238/265/2181 128/565/2182 127/567/2183
f 418/470/2184 417/469/2185 234/261/2186
f 234/261/2187 478/568/2188 418/470/2189
f 477/566/2190 478/568/2191 234/261/2192
f 234/261/2193 233/260/2194 477/566/2195
f 433/487/2196 231/258/2197 234/261/2198
f 234/261/2199 417/469/2200 433/487/2201
f 232/259/2202 188/213/2203 230/257/2204
f 230/257/2205 233/260/2206 232/259/2207
f 477/566/2208 233/260/2209 230/257/2210
f 230/257/2211 229/256/2212 477/566/2213
f 187/212/2214 227/254/2215 230/257/2216
f 230/257/2217 188/213/2218 187/212/2219
f 220/247/2220 331/367/2221 226/569/2222
f 226/569/2223 221/248/2224 220/247/2225
f 459/532/2226 223/570/2227 226/569/2228
f 226/569/2229 331/367/2230 459/532/2231
f 161/184/2232 160/183/2233 222/249/2234
f 222/249/2235 201/228/2236 161/184/2237
f 214/241/2238 322/356/2239 219/571/2240
f 219/571/2241 215/242/2242 214/241/2243
f 135/536/2244 134/572/2245 219/571/2246
f 219/571/2247 322/356/2248 135/536/2249
f 165/188/2250 164/187/2251 216/243/2252
f 216/243/2253 430/484/2254 165/188/2255
f 207/234/2256 124/145/2257 213/573/2258
f 213/573/2259 208/235/2260 207/234/2261
f 123/144/2262 210/574/2263 213/573/2264
f 213/573/2265 124/145/2266 123/144/2267
f 197/224/2268 206/233/2269 209/236/2270
f 209/236/2271 198/225/2272 197/224/2273
f 211/238/2274 203/230/2275 205/232/2276
f 205/232/2277 212/239/2278 211/238/2279
f 217/244/2280 200/227/2281 202/229/2282
f 202/229/2283 218/245/2284 217/244/2285
f 224/251/2286 196/223/2287 199/226/2288
f 199/226/2289 225/252/2290 224/251/2291
f 477/566/2292 237/264/2293 195/222/2294
f 195/222/2295 478/568/2296 477/566/2297
f 418/470/2298 478/568/2299 195/222/2300
f 195/222/2301 194/221/2302 418/470/2303
f 236/263/2304 193/219/2305 195/222/2306
f 195/222/2307 237/264/2308 236/263/2309
f 475/562/2310 247/274/2311 192/218/2312
f 192/218/2313 476/564/2314 475/562/2315
f 253/281/2316 476/564/2317 192/218/2318
f 192/218/2319 191/217/2320 253/281/2321
f 246/273/2322 190/215/2323 192/218/2324
f 192/218/2325 247/274/2326 246/273/2327
f 473/559/2328 258/286/2329 189/214/2330
f 189/214/2331 474/561/2332 473/559/2333
f 232/259/2334 474/561/2335 189/214/2336
f 189/214/2337 188/213/2338 232/259/2339
f 257/285/2340 186/211/2341 189/214/2342
f 189/214/2343 258/286/2344 257/285/2345
f 471/555/2346 269/298/2347 185/210/2348
f 185/210/2349 472/557/2350 471/555/2351
f 409/459/2352 472/557/2353 185/210/2354
f 185/210/2355 184/209/2356 409/459/2357
f 268/297/2358 183/207/2359 185/210/2360
f 185/210/2361 269/298/2362 268/297/2363
f 469/551/2364 279/310/2365 182/206/2366
f 182/206/2367 470/553/2368 469/551/2369
f 285/317/2370 470/553/2371 182/206/2372
f 182/206/2373 181/205/2374 285/317/2375
f 278/309/2376 180/203/2377 182/206/2378
f 182/206/2379 279/310/2380 278/309/2381
f 467/547/2382 290/322/2383 179/202/2384
f 179/202/2385 468/549/2386 467/547/2387
f 265/293/2388 468/549/2389 179/202/2390
f 179/202/2391 178/201/2392 265/293/2393
f 289/321/2394 176/199/2395 179/202/2396
f 179/202/2397 290/322/2398 289/321/2399
f 465/543/2400 302/334/2401 175/198/2402
f 175/198/2403 466/545/2404 465/543/2405
f 398/448/2406 466/545/2407 175/198/2408
f 175/198/2409 174/197/2410 398/448/2411
f 301/333/2412 172/195/2413 175/198/2414
f 175/198/2415 302/334/2416 301/333/2417
f 463/539/2418 312/346/2419 171/194/2420
f 171/194/2421 464/541/2422 463/539/2423
f 319/353/2424 464/541/2425 171/194/2426
f 171/194/2427 170/193/2428 319/353/2429
f 311/345/2430 168/191/2431 171/194/2432
f 171/194/2433 312/346/2434 311/345/2435
f 461/535/2436 323/357/2437 167/190/2438
f 167/190/2439 462/537/2440 461/535/2441
f 297/329/2442 462/537/2443 167/190/2444
f 167/190/2445 166/189/2446 297/329/2447
f 214/241/2448 164/187/2449 167/190/2450
f 167/190/2451 323/357/2452 214/241/2453
f 458/531/2454 332/368/2455 163/186/2456
f 163/186/2457 460/533/2458 458/531/2459
f 389/439/2460 460/533/2461 163/186/2462
f 163/186/2463 162/185/2464 389/439/2465
f 220/247/2466 160/183/2467 163/186/2468
f 163/186/2469 332/368/2470 220/247/2471
f 455/527/2472 341/380/2473 159/182/2474
f 159/182/2475 457/529/2476 455/527/2477
f 346/387/2478 457/529/2479 159/182/2480
f 159/182/2481 158/181/2482 346/387/2483
f 281/379/2484 156/179/2485 159/182/2486
f 159/182/2487 341/380/2488 281/379/2489
f 452/523/2490 350/392/2491 155/178/2492
f 155/178/2493 454/525/2494 452/523/2495
f 328/364/2496 454/525/2497 155/178/2498
f 155/178/2499 154/177/2500 328/364/2501
f 249/391/2502 152/175/2503 155/178/2504
f 155/178/2505 350/392/2506 249/391/2507
f 450/519/2508 359/404/2509 151/174/2510
f 151/174/2511 451/521/2512 450/519/2513
f 380/428/2514 451/521/2515 151/174/2516
f 151/174/2517 150/173/2518 380/428/2519
f 358/403/2520 148/171/2521 151/174/2522
f 151/174/2523 359/404/2524 358/403/2525
f 448/516/2526 368/415/2527 147/170/2528
f 147/170/2529 449/517/2530 448/516/2531
f 373/420/2532 449/517/2533 147/170/2534
f 147/170/2535 146/169/2536 373/420/2537
f 367/414/2538 144/167/2539 147/170/2540
f 147/170/2541 368/415/2542 367/414/2543
f 446/512/2544 377/425/2545 143/166/2546
f 143/166/2547 447/514/2548 446/512/2549
f 355/399/2550 447/514/2551 143/166/2552
f 143/166/2553 142/165/2554 355/399/2555
f 376/424/2556 140/163/2557 143/166/2558
f 143/166/2559 377/425/2560 376/424/2561
f 443/506/2562 386/436/2563 139/162/2564
f 139/162/2565 444/509/2566 443/506/2567
f 405/507/2568 444/509/2569 139/162/2570
f 139/162/2571 130/161/2572 405/507/2573
f 268/435/2574 138/159/2575 139/162/2576
f 139/162/2577 386/436/2578 268/435/2579
f 440/500/2580 395/445/2581 137/158/2582
f 137/158/2583 441/503/2584 440/500/2585
f 315/501/2586 441/503/2587 137/158/2588
f 137/158/2589 136/157/2590 315/501/2591
f 217/244/2592 134/155/2593 137/158/2594
f 137/158/2595 395/445/2596 217/244/2597
f 437/494/2598 406/456/2599 133/154/2600
f 133/154/2601 438/497/2602 437/494/2603
f 261/495/2604 438/497/2605 133/154/2606
f 133/154/2607 132/153/2608 261/495/2609
f 405/455/2610 130/151/2611 133/154/2612
f 133/154/2613 406/456/2614 405/455/2615
f 434/488/2616 415/467/2617 129/150/2618
f 129/150/2619 435/491/2620 434/488/2621
f 228/489/2622 435/491/2623 129/150/2624
f 129/150/2625 128/149/2626 228/489/2627
f 358/466/2628 126/147/2629 129/150/2630
f 129/150/2631 415/467/2632 358/466/2633
f 431/485/2634 424/478/2635 125/146/2636
f 125/146/2637 432/486/2638 431/485/2639
f 207/234/2640 432/486/2641 125/146/2642
f 125/146/2643 124/145/2644 207/234/2645
f 376/477/2646 122/143/2647 125/146/2648
f 125/146/2649 424/478/2650 376/477/2651
f 293/325/2652 429/483/2653 121/575/2654
f 121/575/2655 120/542/2656 293/325/2657
f 367/414/2658 118/139/2659 121/142/2660
f 121/142/2661 426/480/2662 367/414/2663
f 479/576/2664 427/481/2665 426/480/2666
f 426/480/2667 480/577/2668 479/576/2669
f 481/578/2670 204/231/2671 427/481/2672
f 427/481/2673 479/576/2674 481/578/2675
f 482/579/2676 429/483/2677 428/482/2678
f 428/482/2679 483/580/2680 482/579/2681
f 483/580/2682 428/482/2683 430/484/2684
f 430/484/2685 484/581/2686 483/580/2687
f 485/582/2688 226/253/2689 225/252/2690
f 225/252/2691 486/583/2692 485/582/2693
f 487/584/2694 221/248/2695 226/569/2696
f 226/569/2697 485/585/2698 487/584/2699
f 488/586/2700 222/249/2701 221/248/2702
f 221/248/2703 487/584/2704 488/586/2705
f 489/587/2706 201/228/2707 222/249/2708
f 222/249/2709 488/586/2710 489/587/2711
f 490/588/2712 219/246/2713 218/245/2714
f 218/245/2715 491/589/2716 490/588/2717
f 492/590/2718 215/242/2719 219/571/2720
f 219/571/2721 490/591/2722 492/590/2723
f 493/592/2724 216/243/2725 215/242/2726
f 215/242/2727 492/590/2728 493/592/2729
f 484/581/2730 430/484/2731 216/243/2732
f 216/243/2733 493/592/2734 484/581/2735
f 494/593/2736 213/240/2737 212/239/2738
f 212/239/2739 495/594/2740 494/593/2741
f 496/595/2742 208/235/2743 213/573/2744
f 213/573/2745 494/596/2746 496/595/2747
f 497/597/2748 209/236/2749 208/235/2750
f 208/235/2751 496/595/2752 497/597/2753
f 498/598/2754 198/225/2755 209/236/2756
f 209/236/2757 497/597/2758 498/598/2759
f 499/599/2760 205/232/2761 204/231/2762
f 204/231/2763 481/578/2764 499/599/2765
f 495/594/2766 212/239/2767 205/232/2768
f 205/232/2769 499/599/2770 495/594/2771
f 500/600/2772 202/229/2773 201/228/2774
f 201/228/2775 489/587/2776 500/600/2777
f 491/589/2778 218/245/2779 202/229/2780
f 202/229/2781 500/600/2782 491/589/2783
f 501/601/2784 199/226/2785 198/225/2786
f 198/225/2787 498/598/2788 501/601/2789
f 486/583/2790 225/252/2791 199/226/2792
f 199/226/2793 501/601/2794 486/583/2795
f 480/577/2796 426/480/2797 121/142/2798
f 121/142/2799 502/602/2800 480/577/2801
f 502/603/2802 121/575/2803 429/483/2804
f 429/483/2805 482/579/2806 502/603/2807
f 503/604/2808 492/590/2809 490/591/2810
f 490/591/2811 504/605/2812 503/604/2813
f 505/606/2814 493/592/2815 492/590/2816
f 492/590/2817 503/604/2818 505/606/2819
f 506/607/2820 484/581/2821 493/592/2822
f 493/592/2823 505/606/2824 506/607/2825
f 507/608/2826 483/580/2827 484/581/2828
f 484/581/2829 506/607/2830 507/608/2831
f 508/609/2832 482/579/2833 483/580/2834
f 483/580/2835 507/608/2836 508/609/2837
f 509/610/2838 502/603/2839 482/579/2840
f 482/579/2841 508/609/2842 509/610/2843
f 510/611/2844 480/577/2845 502/602/2846
f 502/602/2847 509/612/2848 510/611/2849
f 511/613/2850 479/576/2851 480/577/2852
f 480/577/2853 510/611/2854 511/613/2855
f 512/614/2856 481/578/2857 479/576/2858
f 479/576/2859 511/613/2860 512/614/2861
f 513/615/2862 499/599/2863 481/578/2864
f 481/578/2865 512/614/2866 513/615/2867
f 514/616/2868 495/594/2869 499/599/2870
f 499/599/2871 513/615/2872 514/616/2873
f 515/617/2874 494/593/2875 495/594/2876
f 495/594/2877 514/616/2878 515/617/2879
f 516/618/2880 496/595/2881 494/596/2882
f 494/596/2883 515/619/2884 516/618/2885
f 517/620/2886 497/597/2887 496/595/2888
f 496/595/2889 516/618/2890 517/620/2891
f 518/621/2892 498/598/2893 497/597/2894
f 497/597/2895 517/620/2896 518/621/2897
f 519/622/2898 501/601/2899 498/598/2900
f 498/598/2901 518/621/2902 519/622/2903
f 520/623/2904 486/583/2905 501/601/2906
f 501/601/2907 519/622/2908 520/623/2909
f 521/624/2910 485/582/2911 486/583/2912
f 486/583/2913 520/623/2914 521/624/2915
f 522/625/2916 487/584/2917 485/585/2918
f 485/585/2919 521/626/2920 522/625/2921
f 523/627/2922 488/586/2923 487/584/2924
f 487/584/2925 522/625/2926 523/627/2927
f 524/628/2928 489/587/2929 488/586/2930
f 488/586/2931 523/627/2932 524/628/2933
f 525/629/2934 500/600/2935 489/587/2936
f 489/587/2937 524/628/2938 525/629/2939
f 526/630/2940 491/589/2941 500/600/2942
f 500/600/2943 525/629/2944 526/630/2945
f 504/631/2946 490/588/2947 491/589/2948
f 491/589/2949 526/630/2950 504/631/2951
f 527/632/2952 511/613/2953 510/611/2954
f 510/611/2955 528/633/2956 527/632/2957
f 529/634/2958 512/614/2959 511/613/2960
f 511/613/2961 527/632/2962 529/634/2963
f 530/635/2964 508/609/2965 507/608/2966
f 507/608/2967 531/636/2968 530/635/2969
f 531/636/2970 507/608/2971 506/607/2972
f 506/607/2973 532/637/2974 531/636/2975
f 533/638/2976 521/624/2977 520/623/2978
f 520/623/2979 534/639/2980 533/638/2981
f 535/640/2982 522/625/2983 521/626/2984
f 521/626/2985 533/641/2986 535/640/2987
f 536/642/2988 523/627/2989 522/625/2990
f 522/625/2991 535/640/2992 536/642/2993
f 537/643/2994 524/628/2995 523/627/2996
f 523/627/2997 536/642/2998 537/643/2999
f 538/644/3000 504/631/3001 526/630/3002
f 526/630/3003 539/645/3004 538/644/3005
f 540/646/3006 503/604/3007 504/605/3008
f 504/605/3009 538/647/3010 540/646/3011
f 541/648/3012 505/606/3013 503/604/3014
f 503/604/3015 540/646/3016 541/648/3017
f 532/637/3018 506/607/3019 505/606/3020
f 505/606/3021 541/648/3022 532/637/3023
f 542/649/3024 515/617/3025 514/616/3026
f 514/616/3027 543/650/3028 542/649/3029
f 544/651/3030 516/618/3031 515/619/3032
f 515/619/3033 542/652/3034 544/651/3035
f 545/653/3036 517/620/3037 516/618/3038
f 516/618/3039 544/651/3040 545/653/3041
f 546/654/3042 518/621/3043 517/620/3044
f 517/620/3045 545/653/3046 546/654/3047
f 547/655/3048 513/615/3049 512/614/3050
f 512/614/3051 529/634/3052 547/655/3053
f 543/650/3054 514/616/3055 513/615/3056
f 513/615/3057 547/655/3058 543/650/3059
f 548/656/3060 525/629/3061 524/628/3062
f 524/628/3063 537/643/3064 548/656/3065
f 539/645/3066 526/630/3067 525/629/3068
f 525/629/3069 548/656/3070 539/645/3071
f 549/657/3072 519/622/3073 518/621/3074
f 518/621/3075 546/654/3076 549/657/3077
f 534/639/3078 520/623/3079 519/622/3080
f 519/622/3081 549/657/3082 534/639/3083
f 528/633/3084 510/611/3085 509/612/3086
f 509/612/3087 550/658/3088 528/633/3089
f 550/659/3090 509/610/3091 508/609/3092
f 508/609/3093 530/635/3094 550/659/3095
f 551/660/3096 552/661/3097 553/662/3098
f 553/662/3099 554/663/3100 551/660/3101
f 555/664/3102 556/665/3103 557/666/3104
f 557/666/3105 558/667/3106 555/664/3107
f 559/668/3108 560/669/3109 561/670/3110
f 561/670/3111 562/671/3112 559/668/3113
f 563/672/3114 564/673/3115 565/674/3116
f 565/674/3117 566/675/3118 563/672/3119
f 567/676/3120 568/677/3121 569/678/3122
f 569/678/3123 570/679/3124 567/676/3125
f 571/680/3126 564/681/3127 563/682/3128
f 563/682/3129 572/683/3130 571/680/3131
f 573/684/3132 574/685/3133 575/686/3134
f 575/686/3135 576/687/3136 573/684/3137
f 577/688/3138 578/689/3139 579/690/3140
f 579/690/3141 580/691/3142 577/688/3143
f 581/692/3144 582/693/3145 583/694/3146
f 583/694/3147 584/695/3148 581/692/3149
f 585/696/3150 586/697/3151 587/698/3152
f 587/698/3153 588/699/3154 585/696/3155
f 589/700/3156 590/701/3157 591/702/3158
f 591/702/3159 592/703/3160 589/700/3161
f 593/704/3162 594/705/3163 595/706/3164
f 595/706/3165 596/707/3166 593/704/3167
f 597/708/3168 598/709/3169 599/710/3170
f 599/710/3171 600/711/3172 597/708/3173
f 601/712/3174 602/713/3175 603/714/3176
f 603/714/3177 604/715/3178 601/712/3179
f 605/716/3180 606/717/3181 607/718/3182
f 607/718/3183 608/719/3184 605/716/3185
f 609/720/3186 610/721/3187 611/722/3188
f 611/722/3189 612/723/3190 609/720/3191
f 613/724/3192 590/725/3193 614/726/3194
f 614/726/3195 615/727/3196 613/724/3197
f 616/728/3198 582/729/3199 617/730/3200
f 617/730/3201 618/731/3202 616/728/3203
f 619/732/3204 620/733/3205 621/734/3206
f 621/734/3207 622/735/3208 619/732/3209
f 623/736/3210 586/737/3211 624/738/3212
f 624/738/3213 625/739/3214 623/736/3215
f 626/740/3216 574/741/3217 627/742/3218
f 627/742/3219 628/743/3220 626/740/3221
f 629/744/3222 630/745/3223 631/746/3224
f 631/746/3225 632/747/3226 629/744/3227
f 633/748/3228 594/705/3229 634/749/3230
f 634/749/3231 635/750/3232 633/748/3233
f 636/751/3234 578/689/3235 637/752/3236
f 637/752/3237 638/753/3238 636/751/3239
f 639/754/3240 640/755/3241 641/756/3242
f 641/756/3243 642/757/3244 639/754/3245
f 643/758/3246 644/759/3247 645/760/3248
f 645/760/3249 646/761/3250 643/758/3251
f 597/708/3252 647/762/3253 648/763/3254
f 648/763/3255 649/764/3256 597/708/3257
f 567/676/3258 650/765/3259 651/766/3260
f 651/766/3261 652/767/3262 567/676/3263
f 593/704/3264 653/768/3265 654/769/3266
f 654/769/3267 655/770/3268 593/704/3269
f 656/771/3270 657/772/3271 658/773/3272
f 658/773/3273 659/774/3274 656/771/3275
f 660/775/3276 661/776/3277 662/777/3278
f 662/777/3279 663/778/3280 660/775/3281
f 664/779/3282 665/780/3283 666/781/3284
f 666/781/3285 667/782/3286 664/779/3287
f 668/783/3288 669/784/3289 670/785/3290
f 670/785/3291 671/786/3292 668/783/3293
f 629/744/3294 657/772/3295 672/787/3296
f 672/787/3297 673/788/3298 629/744/3299
f 674/789/3300 675/790/3301 676/791/3302
f 676/791/3303 677/792/3304 674/789/3305
f 678/793/3306 679/794/3307 680/795/3308
f 680/795/3309 681/796/3310 678/793/3311
f 585/797/3312 682/798/3313 683/799/3314
f 683/799/3315 684/800/3316 585/797/3317
f 685/801/3318 686/802/3319 687/803/3320
f 687/803/3321 688/804/3322 685/801/3323
f 689/805/3324 690/806/3325 691/807/3326
f 691/807/3327 692/808/3328 689/805/3329
f 693/809/3330 694/810/3331 695/811/3332
f 695/811/3333 696/812/3334 693/809/3335
f 697/813/3336 698/814/3337 699/815/3338
f 699/815/3339 700/816/3340 697/813/3341
f 571/817/3342 701/818/3343 702/819/3344
f 702/819/3345 703/820/3346 571/817/3347
f 619/821/3348 690/822/3349 704/823/3350
f 704/823/3351 705/824/3352 619/821/3353
f 706/825/3354 707/826/3355 708/827/3356
f 708/827/3357 709/828/3358 706/825/3359
f 710/829/3360 711/830/3361 712/831/3362
f 712/831/3363 713/832/3364 710/829/3365
f 589/833/3366 714/834/3367 715/835/3368
f 715/835/3369 716/836/3370 589/833/3371
f 717/837/3372 718/838/3373 719/839/3374
f 719/839/3375 720/840/3376 717/837/3377
f 721/841/3378 722/842/3379 723/843/3380
f 723/843/3381 724/844/3382 721/841/3383
f 725/845/3384 726/846/3385 727/847/3386
f 727/847/3387 728/848/3388 725/845/3389
f 729/849/3390 730/850/3391 731/851/3392
f 731/851/3393 732/852/3394 729/849/3395
f 733/853/3396 734/854/3397 735/855/3398
f 735/855/3399 736/856/3400 733/853/3401
f 609/857/3402 722/858/3403 737/859/3404
f 737/859/3405 738/860/3406 609/857/3407
f 739/861/3408 740/862/3409 741/863/3410
f 741/863/3411 742/864/3412 739/861/3413
f 743/865/3414 744/866/3415 745/867/3416
f 745/867/3417 746/868/3418 743/865/3419
f 747/869/3420 748/870/3421 749/871/3422
f 749/871/3423 750/872/3424 747/869/3425
f 751/873/3426 752/874/3427 753/875/3428
f 753/875/3429 754/876/3430 751/873/3431
f 755/877/3432 647/762/3433 756/878/3434
f 756/878/3435 757/879/3436 755/877/3437
f 623/880/3438 679/881/3439 758/882/3440
f 758/882/3441 759/883/3442 623/880/3443
f 760/884/3444 761/885/3445 762/886/3446
f 762/886/3447 763/887/3448 760/884/3449
f 764/888/3450 653/768/3451 765/889/3452
f 765/889/3453 766/890/3454 764/888/3455
f 601/891/3456 744/892/3457 767/893/3458
f 767/893/3459 768/894/3460 601/891/3461
f 769/895/3462 770/896/3463 771/897/3464
f 771/897/3465 772/898/3466 769/895/3467
f 773/899/3468 714/900/3469 774/901/3470
f 774/901/3471 775/902/3472 773/899/3473
f 613/903/3474 711/904/3475 776/905/3476
f 776/905/3477 777/906/3478 613/903/3479
f 778/907/3480 779/908/3481 780/909/3482
f 780/909/3483 781/910/3484 778/907/3485
f 782/911/3486 682/912/3487 783/913/3488
f 783/913/3489 784/914/3490 782/911/3491
f 626/915/3492 669/916/3493 785/917/3494
f 785/917/3495 786/918/3496 626/915/3497
f 787/919/3498 788/920/3499 789/921/3500
f 789/921/3501 790/922/3502 787/919/3503
f 559/923/3504 791/924/3505 792/925/3506
f 792/925/3507 793/926/3508 559/923/3509
f 605/927/3510 734/928/3511 794/929/3512
f 794/929/3513 795/930/3514 605/927/3515
f 796/931/3516 797/932/3517 798/933/3518
f 798/933/3519 799/934/3520 796/931/3521
f 551/660/3522 800/935/3523 801/936/3524
f 801/936/3525 802/937/3526 551/660/3527
f 636/751/3528 644/759/3529 803/938/3530
f 803/938/3531 804/939/3532 636/751/3533
f 805/940/3534 806/941/3535 807/942/3536
f 807/942/3537 808/943/3538 805/940/3539
f 555/944/3540 809/945/3541 810/946/3542
f 810/946/3543 811/947/3544 555/944/3545
f 812/948/3546 813/949/3547 814/950/3548
f 814/950/3549 815/951/3550 812/948/3551
f 816/952/3552 797/932/3553 817/953/3554
f 817/953/3555 818/954/3556 816/952/3557
f 616/955/3558 701/956/3559 819/957/3560
f 819/957/3561 820/958/3562 616/955/3563
f 821/959/3564 822/960/3565 823/961/3566
f 823/961/3567 824/962/3568 821/959/3569
f 825/963/3570 770/896/3571 826/964/3572
f 826/964/3573 827/965/3574 825/963/3575
f 633/748/3576 650/765/3577 828/966/3578
f 828/966/3579 829/967/3580 633/748/3581
f 830/968/3582 831/969/3583 832/970/3584
f 832/970/3585 833/971/3586 830/968/3587
f 834/972/3588 740/862/3589 835/973/3590
f 835/973/3591 836/974/3592 834/972/3593
f 837/975/3594 838/976/3595 839/977/3596
f 839/977/3597 840/978/3598 837/975/3599
f 841/979/3600 842/980/3601 843/981/3602
f 843/981/3603 844/982/3604 841/979/3605
f 845/983/3606 707/826/3607 846/984/3608
f 846/984/3609 847/985/3610 845/983/3611
f 581/986/3612 791/987/3613 848/988/3614
f 848/988/3615 849/989/3616 581/986/3617
f 850/990/3618 851/991/3619 852/992/3620
f 852/992/3621 853/993/3622 850/990/3623
f 854/994/3624 675/790/3625 855/995/3626
f 855/995/3627 856/996/3628 854/994/3629
f 573/997/3630 809/998/3631 857/999/3632
f 857/999/3633 858/1000/3634 573/997/3635
f 577/688/3636 800/935/3637 859/1001/3638
f 859/1001/3639 860/1002/3640 577/688/3641
f 578/689/3642 577/688/3643 860/1002/3644
f 860/1002/3645 637/752/3646 578/689/3647
f 726/846/3648 725/845/3649 861/1003/3650
f 861/1003/3651 862/1004/3652 726/846/3653
f 598/709/3654 863/1005/3655 861/1003/3656
f 861/1003/3657 725/845/3658 598/709/3659
f 851/991/3660 627/742/3661 858/1000/3662
f 858/1000/3663 852/992/3664 851/991/3665
f 864/1006/3666 852/992/3667 858/1000/3668
f 858/1000/3669 857/999/3670 864/1006/3671
f 574/741/3672 573/997/3673 858/1000/3674
f 858/1000/3675 627/742/3676 574/741/3677
f 640/755/3678 639/754/3679 856/996/3680
f 856/996/3681 865/1007/3682 640/755/3683
f 864/1006/3684 865/1007/3685 856/996/3686
f 856/996/3687 855/995/3688 864/1006/3689
f 630/745/3690 854/994/3691 856/996/3692
f 856/996/3693 639/754/3694 630/745/3695
f 675/790/3696 674/789/3697 853/993/3698
f 853/993/3699 855/995/3700 675/790/3701
f 864/1006/3702 855/995/3703 853/993/3704
f 853/993/3705 852/992/3706 864/1006/3707
f 866/1008/3708 850/990/3709 853/993/3710
f 853/993/3711 674/789/3712 866/1008/3713
f 842/980/3714 617/730/3715 849/989/3716
f 849/989/3717 843/981/3718 842/980/3719
f 867/1009/3720 843/981/3721 849/989/3722
f 849/989/3723 848/988/3724 867/1009/3725
f 582/729/3726 581/986/3727 849/989/3728
f 849/989/3729 617/730/3730 582/729/3731
f 661/1010/3732 660/1011/3733 847/985/3734
f 847/985/3735 868/1012/3736 661/1010/3737
f 867/1009/3738 868/1012/3739 847/985/3740
f 847/985/3741 846/984/3742 867/1009/3743
f 620/1013/3744 845/983/3745 847/985/3746
f 847/985/3747 660/1011/3748 620/1013/3749
f 707/826/3750 706/825/3751 844/982/3752
f 844/982/3753 846/984/3754 707/826/3755
f 867/1009/3756 846/984/3757 844/982/3758
f 844/982/3758 843/981/3759 867/1009/3760
f 869/1014/3761 841/979/3762 844/982/3763
f 844/982/3764 706/825/3765 869/1014/3766
f 831/969/3767 607/718/3768 840/978/3769
f 840/978/3770 832/970/3771 831/969/3772
f 870/1015/3773 832/970/3774 840/978/3775
f 840/978/3776 839/977/3777 870/1015/3778
f 606/717/3779 837/975/3780 840/978/3781
f 840/978/3782 607/718/3783 606/717/3784
f 694/1016/3785 693/1017/3786 836/974/3787
f 836/974/3788 871/1018/3789 694/1016/3790
f 870/1015/3791 871/1018/3792 836/974/3793
f 836/974/3794 835/973/3795 870/1015/3796
f 610/1019/3797 834/972/3798 836/974/3799
f 836/974/3800 693/1017/3801 610/1019/3802
f 740/862/3803 739/861/3804 833/971/3805
f 833/971/3806 835/973/3807 740/862/3808
f 870/1015/3809 835/973/3810 833/971/3811
f 833/971/3812 832/970/3813 870/1015/3814
f 872/1020/3815 830/968/3816 833/971/3817
f 833/971/3818 739/861/3819 872/1020/3820
f 822/960/3821 595/706/3822 829/967/3823
f 829/967/3824 823/961/3825 822/960/3826
f 873/1021/3827 823/961/3828 829/967/3829
f 829/967/3830 828/966/3831 873/1021/3832
f 594/705/3833 633/748/3834 829/967/3835
f 829/967/3836 595/706/3837 594/705/3838
f 748/1022/3839 747/1023/3840 827/965/3841
f 827/965/3842 874/1024/3843 748/1022/3844
f 873/1021/3845 874/1024/3846 827/965/3847
f 827/965/3848 826/964/3849 873/1021/3850
f 602/1025/3851 825/963/3852 827/965/3853
f 827/965/3854 747/1023/3855 602/1025/3856
f 770/896/3857 769/895/3858 824/962/3859
f 824/962/3860 826/964/3861 770/896/3862
f 873/1021/3863 826/964/3864 824/962/3865
f 824/962/3866 823/961/3867 873/1021/3868
f 875/1026/3869 821/959/3870 824/962/3871
f 824/962/3872 769/895/3873 875/1026/3874
f 813/949/3875 583/694/3876 820/958/3877
f 820/958/3878 814/950/3879 813/949/3880
f 876/1027/3881 814/950/3882 820/958/3883
f 820/958/3884 819/957/3885 876/1027/3886
f 582/693/3887 616/955/3888 820/958/3889
f 820/958/3890 583/694/3891 582/693/3892
f 838/1028/3893 837/1029/3894 818/954/3895
f 818/954/3896 877/1030/3897 838/1028/3898
f 876/1027/3899 877/1030/3900 818/954/3901
f 818/954/3902 817/953/3903 876/1027/3904
f 606/1031/3905 816/952/3906 818/954/3907
f 818/954/3908 837/1029/3909 606/1031/3910
f 797/932/3911 796/931/3912 815/951/3913
f 815/951/3914 817/953/3915 797/932/3916
f 876/1027/3917 817/953/3918 815/951/3919
f 815/951/3920 814/950/3921 876/1027/3922
f 878/1032/3923 812/948/3924 815/951/3925
f 815/951/3926 796/931/3927 878/1032/3928
f 644/759/3929 643/758/3930 811/947/3931
f 811/947/3932 803/938/3933 644/759/3934
f 879/1033/3935 803/938/3936 811/947/3937
f 811/947/3938 810/946/3939 879/1033/3940
f 556/1034/3941 555/944/3942 811/947/3943
f 811/947/3944 643/758/3945 556/1034/3946
f 788/920/3947 787/919/3948 808/943/3949
f 808/943/3950 880/1035/3951 788/920/3952
f 879/1033/3953 880/1035/3954 808/943/3955
f 808/943/3956 807/942/3957 879/1033/3958
f 878/1032/3959 805/940/3960 808/943/3961
f 808/943/3962 787/919/3963 878/1032/3964
f 806/941/3965 579/690/3966 804/939/3967
f 804/939/3968 807/942/3969 806/941/3970
f 879/1033/3971 807/942/3972 804/939/3973
f 804/939/3974 803/938/3975 879/1033/3976
f 578/689/3977 636/751/3978 804/939/3979
f 804/939/3980 579/690/3981 578/689/3982
f 734/928/3983 733/1036/3984 802/937/3985
f 802/937/3986 794/929/3987 734/928/3988
f 881/1037/3989 794/929/3990 802/937/3991
f 802/937/3992 801/936/3993 881/1037/3994
f 552/661/3995 551/660/3996 802/937/3997
f 802/937/3998 733/1036/3999 552/661/4000
f 806/941/4001 805/940/4002 799/934/4003
f 799/934/4004 882/1038/4005 806/941/4006
f 881/1037/4007 882/1038/4008 799/934/4009
f 799/934/4010 798/933/4011 881/1037/4012
f 878/1032/4013 796/931/4014 799/934/4015
f 799/934/4016 805/940/4017 878/1032/4018
f 797/932/4019 816/952/4020 795/930/4021
f 795/930/4022 798/933/4023 797/932/4024
f 881/1037/4025 798/933/4026 795/930/4027
f 795/930/4028 794/929/4029 881/1037/4030
f 606/1031/4031 605/927/4032 795/930/4033
f 795/930/4034 816/952/4035 606/1031/4036
f 669/916/4037 668/1039/4038 793/926/4039
f 793/926/4040 785/917/4041 669/916/4042
f 883/1040/4043 785/917/4044 793/926/4045
f 793/926/4046 792/925/4047 883/1040/4048
f 560/1041/4049 559/923/4050 793/926/4051
f 793/926/4052 668/1039/4053 560/1041/4054
f 813/949/4055 812/948/4056 790/922/4057
f 790/922/4058 884/1042/4059 813/949/4060
f 883/1040/4061 884/1042/4062 790/922/4063
f 790/922/4064 789/921/4065 883/1040/4066
f 878/1032/4067 787/919/4068 790/922/4069
f 790/922/4070 812/948/4071 878/1032/4072
f 788/920/4073 575/686/4074 786/918/4075
f 786/918/4076 789/921/4077 788/920/4078
f 883/1040/4079 789/921/4080 786/918/4081
f 786/918/4082 785/917/4083 883/1040/4084
f 574/685/4085 626/915/4086 786/918/4087
f 786/918/4088 575/686/4089 574/685/4090
f 711/904/4091 710/1043/4092 784/914/4093
f 784/914/4094 776/905/4095 711/904/4096
f 885/1044/4097 776/905/4098 784/914/4099
f 784/914/4100 783/913/4101 885/1044/4102
f 886/1045/4103 782/911/4104 784/914/4105
f 784/914/4106 710/1043/4107 886/1045/4108
f 761/885/4109 760/884/4110 781/910/4111
f 781/910/4112 887/1046/4113 761/885/4114
f 885/1044/4115 887/1046/4116 781/910/4117
f 781/910/4118 780/909/4119 885/1044/4120
f 875/1026/4121 778/907/4122 781/910/4123
f 781/910/4124 760/884/4125 875/1026/4126
f 779/908/4127 591/702/4128 777/906/4129
f 777/906/4130 780/909/4131 779/908/4132
f 885/1044/4133 780/909/4134 777/906/4135
f 777/906/4136 776/905/4137 885/1044/4138
f 590/701/4139 613/903/4140 777/906/4141
f 777/906/4142 591/702/4143 590/701/4144
f 744/892/4145 743/1047/4146 775/902/4147
f 775/902/4148 767/893/4149 744/892/4150
f 888/1048/4151 767/893/4152 775/902/4153
f 775/902/4154 774/901/4155 888/1048/4156
f 889/1049/4157 773/899/4158 775/902/4159
f 775/902/4160 743/1047/4161 889/1049/4162
f 779/908/4163 778/907/4164 772/898/4165
f 772/898/4166 890/1050/4167 779/908/4168
f 888/1048/4169 890/1050/4170 772/898/4171
f 772/898/4172 771/897/4173 888/1048/4174
f 875/1026/4175 769/895/4176 772/898/4177
f 772/898/4178 778/907/4179 875/1026/4180
f 770/896/4181 825/963/4182 768/894/4183
f 768/894/4184 771/897/4185 770/896/4186
f 888/1048/4187 771/897/4188 768/894/4189
f 768/894/4190 767/893/4191 888/1048/4192
f 602/1025/4193 601/891/4194 768/894/4195
f 768/894/4196 825/963/4197 602/1025/4198
f 679/881/4199 678/1051/4200 766/890/4201
f 766/890/4202 758/882/4203 679/881/4204
f 891/1052/4205 758/882/4206 766/890/4207
f 766/890/4208 765/889/4209 891/1052/4210
f 892/1053/4211 764/888/4212 766/890/4213
f 766/890/4214 678/1051/4215 892/1053/4216
f 822/960/4217 821/959/4218 763/887/4219
f 763/887/4220 893/1054/4221 822/960/4222
f 891/1052/4223 893/1054/4224 763/887/4225
f 763/887/4226 762/886/4227 891/1052/4228
f 875/1026/4229 760/884/4230 763/887/4231
f 763/887/4232 821/959/4233 875/1026/4234
f 761/885/4235 587/698/4236 759/883/4237
f 759/883/4238 762/886/4239 761/885/4240
f 891/1052/4241 762/886/4242 759/883/4243
f 759/883/4244 758/882/4245 891/1052/4246
f 586/697/4247 623/880/4248 759/883/4249
f 759/883/4250 587/698/4251 586/697/4252
f 748/870/4253 569/1055/4254 757/879/4255
f 757/879/4256 749/871/4257 748/870/4258
f 894/1056/4259 749/871/4260 757/879/4261
f 757/879/4262 756/878/4263 894/1056/4264
f 568/1057/4265 755/877/4266 757/879/4267
f 757/879/4268 569/1055/4269 568/1057/4270
f 730/850/4271 729/849/4272 754/876/4273
f 754/876/4274 895/1058/4275 730/850/4276
f 894/1056/4277 895/1058/4278 754/876/4279
f 754/876/4280 753/875/4281 894/1056/4282
f 872/1020/4283 751/873/4284 754/876/4285
f 754/876/4286 729/849/4287 872/1020/4288
f 752/874/4289 603/714/4290 750/872/4291
f 750/872/4292 753/875/4293 752/874/4294
f 894/1056/4295 753/875/4296 750/872/4297
f 750/872/4298 749/871/4299 894/1056/4300
f 602/713/4301 747/869/4302 750/872/4303
f 750/872/4304 603/714/4305 602/713/4306
f 722/858/4307 721/1059/4308 746/868/4309
f 746/868/4310 737/859/4311 722/858/4312
f 896/1060/4313 737/859/4314 746/868/4315
f 746/868/4316 745/867/4317 896/1060/4318
f 889/1061/4319 743/865/4320 746/868/4321
f 746/868/4322 721/1059/4323 889/1061/4324
f 752/874/4325 751/873/4326 742/864/4327
f 742/864/4328 897/1062/4329 752/874/4330
f 896/1060/4331 897/1062/4332 742/864/4333
f 742/864/4334 741/863/4335 896/1060/4336
f 872/1020/4337 739/861/4338 742/864/4339
f 742/864/4340 751/873/4341 872/1020/4342
f 740/862/4343 834/972/4344 738/860/4345
f 738/860/4346 741/863/4347 740/862/4348
f 896/1060/4349 741/863/4350 738/860/4351
f 738/860/4352 737/859/4353 896/1060/4354
f 610/1019/4355 609/857/4356 738/860/4357
f 738/860/4358 834/972/4359 610/1019/4360
f 726/846/4361 553/1063/4362 736/856/4363
f 736/856/4364 727/847/4365 726/846/4366
f 898/1064/4367 727/847/4368 736/856/4369
f 736/856/4370 735/855/4371 898/1064/4372
f 552/1065/4373 733/853/4374 736/856/4375
f 736/856/4376 553/1063/4377 552/1065/4378
f 831/969/4379 830/968/4380 732/852/4381
f 732/852/4382 899/1066/4383 831/969/4384
f 898/1064/4385 899/1066/4386 732/852/4387
f 732/852/4388 731/851/4389 898/1064/4390
f 872/1020/4391 729/849/4392 732/852/4393
f 732/852/4394 830/968/4395 872/1020/4396
f 730/850/4397 599/710/4398 728/848/4399
f 728/848/4400 731/851/4401 730/850/4402
f 898/1064/4403 731/851/4404 728/848/4405
f 728/848/4406 727/847/4407 898/1064/4408
f 598/709/4409 725/845/4410 728/848/4411
f 728/848/4412 599/710/4413 598/709/4414
f 714/834/4415 773/1067/4416 724/844/4417
f 724/844/4418 715/835/4419 714/834/4420
f 900/1068/4421 715/835/4422 724/844/4423
f 724/844/4424 723/843/4425 900/1068/4426
f 889/1069/4427 721/841/4428 724/844/4429
f 724/844/4430 773/1067/4431 889/1069/4432
f 698/814/4433 697/813/4434 720/840/4435
f 720/840/4436 901/1070/4437 698/814/4438
f 900/1068/4439 901/1070/4440 720/840/4441
f 720/840/4442 719/839/4443 900/1068/4444
f 869/1014/4445 717/837/4446 720/840/4447
f 720/840/4448 697/813/4449 869/1014/4450
f 718/838/4451 614/726/4452 716/836/4453
f 716/836/4454 719/839/4455 718/838/4456
f 900/1068/4457 719/839/4458 716/836/4459
f 716/836/4460 715/835/4461 900/1068/4462
f 590/725/4463 589/833/4464 716/836/4465
f 716/836/4466 614/726/4467 590/725/4468
f 690/822/4469 689/1071/4470 713/832/4471
f 713/832/4472 704/823/4473 690/822/4474
f 902/1072/4475 704/823/4476 713/832/4477
f 713/832/4478 712/831/4479 902/1072/4480
f 886/1073/4481 710/829/4482 713/832/4483
f 713/832/4484 689/1071/4485 886/1073/4486
f 718/838/4487 717/837/4488 709/828/4489
f 709/828/4490 903/1074/4491 718/838/4492
f 902/1072/4493 903/1074/4494 709/828/4495
f 709/828/4496 708/827/4497 902/1072/4498
f 869/1014/4499 706/825/4500 709/828/4501
f 709/828/4502 717/837/4503 869/1014/4504
f 707/826/4505 845/983/4506 705/824/4507
f 705/824/4508 708/827/4509 707/826/4510
f 902/1072/4511 708/827/4512 705/824/4513
f 705/824/4514 704/823/4515 902/1072/4516
f 620/1013/4517 619/821/4518 705/824/4519
f 705/824/4520 845/983/4521 620/1013/4522
f 694/810/4523 565/1075/4524 703/820/4525
f 703/820/4526 695/811/4527 694/810/4528
f 904/1076/4529 695/811/4530 703/820/4531
f 703/820/4532 702/819/4533 904/1076/4534
f 564/1077/4535 571/817/4536 703/820/4537
f 703/820/4538 565/1075/4539 564/1077/4540
f 842/980/4541 841/979/4542 700/816/4543
f 700/816/4544 905/1078/4545 842/980/4546
f 904/1076/4547 905/1078/4548 700/816/4549
f 700/816/4550 699/815/4551 904/1076/4552
f 869/1014/4553 697/813/4554 700/816/4555
f 700/816/4556 841/979/4557 869/1014/4558
f 698/814/4559 611/722/4560 696/812/4561
f 696/812/4562 699/815/4563 698/814/4564
f 904/1076/4565 699/815/4566 696/812/4567
f 696/812/4568 695/811/4569 904/1076/4570
f 610/721/4571 693/809/4572 696/812/4573
f 696/812/4574 611/722/4575 610/721/4576
f 682/798/4577 782/1079/4578 692/808/4579
f 692/808/4580 683/799/4581 682/798/4582
f 906/1080/4583 683/799/4584 692/808/4585
f 692/808/4586 691/807/4587 906/1080/4588
f 886/1081/4589 689/805/4590 692/808/4591
f 692/808/4592 782/1079/4593 886/1081/4594
f 665/780/4595 664/779/4596 688/804/4597
f 688/804/4598 907/1082/4599 665/780/4600
f 906/1080/4601 907/1082/4602 688/804/4603
f 688/804/4604 687/803/4605 906/1080/4606
f 866/1008/4607 685/801/4608 688/804/4609
f 688/804/4610 664/779/4611 866/1008/4612
f 686/802/4613 624/738/4614 684/800/4615
f 684/800/4616 687/803/4617 686/802/4618
f 906/1080/4619 687/803/4620 684/800/4621
f 684/800/4622 683/799/4623 906/1080/4624
f 586/737/4625 585/797/4626 684/800/4627
f 684/800/4628 624/738/4629 586/737/4630
f 657/772/4631 656/771/4632 681/796/4633
f 681/796/4634 672/787/4635 657/772/4636
f 908/1083/4637 672/787/4638 681/796/4639
f 681/796/4640 680/795/4641 908/1083/4642
f 892/1084/4643 678/793/4644 681/796/4645
f 681/796/4646 656/771/4647 892/1084/4648
f 686/802/4649 685/801/4650 677/792/4651
f 677/792/4652 909/1085/4653 686/802/4654
f 908/1083/4655 909/1085/4656 677/792/4657
f 677/792/4658 676/791/4659 908/1083/4660
f 866/1008/4661 674/789/4662 677/792/4663
f 677/792/4664 685/801/4665 866/1008/4666
f 675/790/4667 854/994/4668 673/788/4669
f 673/788/4670 676/791/4671 675/790/4672
f 908/1083/4673 676/791/4674 673/788/4675
f 673/788/4676 672/787/4677 908/1083/4678
f 630/745/4679 629/744/4680 673/788/4681
f 673/788/4682 854/994/4683 630/745/4684
f 661/776/4685 561/1086/4686 671/786/4687
f 671/786/4688 662/777/4689 661/776/4690
f 910/1087/4691 662/777/4692 671/786/4693
f 671/786/4694 670/785/4695 910/1087/4696
f 560/1088/4697 668/783/4698 671/786/4699
f 671/786/4700 561/1086/4701 560/1088/4702
f 851/991/4703 850/990/4704 667/782/4705
f 667/782/4706 911/1089/4707 851/991/4708
f 910/1087/4709 911/1089/4710 667/782/4711
f 667/782/4712 666/781/4713 910/1087/4714
f 866/1008/4715 664/779/4716 667/782/4717
f 667/782/4718 850/990/4719 866/1008/4720
f 665/780/4721 621/734/4722 663/778/4723
f 663/778/4724 666/781/4725 665/780/4726
f 910/1087/4727 666/781/4728 663/778/4729
f 663/778/4730 662/777/4731 910/1087/4732
f 620/733/4733 660/775/4734 663/778/4735
f 663/778/4736 621/734/4737 620/733/4738
f 653/768/4739 764/888/4740 659/1090/4741
f 659/1090/4742 654/769/4743 653/768/4744
f 892/1053/4745 656/1091/4746 659/1090/4747
f 659/1090/4748 764/888/4749 892/1053/4750
f 594/705/4751 593/704/4752 655/770/4753
f 655/770/4754 634/749/4755 594/705/4756
f 647/762/4757 755/877/4758 652/1092/4759
f 652/1092/4760 648/763/4761 647/762/4762
f 568/1057/4763 567/1093/4764 652/1094/4765
f 652/1094/4766 755/877/4767 568/1057/4768
f 598/709/4769 597/708/4770 649/764/4771
f 649/764/4772 863/1005/4773 598/709/4774
f 640/755/4775 557/666/4776 646/1095/4777
f 646/1095/4778 641/756/4779 640/755/4780
f 556/665/4781 643/1096/4782 646/1095/4783
f 646/1095/4784 557/666/4785 556/665/4786
f 630/745/4787 639/754/4788 642/757/4789
f 642/757/4790 631/746/4791 630/745/4792
f 644/759/4793 636/751/4794 638/753/4795
f 638/753/4796 645/760/4797 644/759/4798
f 650/765/4799 633/748/4800 635/750/4801
f 635/750/4802 651/766/4803 650/765/4804
f 657/772/4805 629/744/4806 632/747/4807
f 632/747/4808 658/773/4809 657/772/4810
f 910/1087/4811 670/785/4812 628/743/4813
f 628/743/4814 911/1089/4815 910/1087/4816
f 851/991/4817 911/1089/4818 628/743/4819
f 628/743/4820 627/742/4821 851/991/4822
f 669/784/4823 626/740/4824 628/743/4825
f 628/743/4826 670/785/4827 669/784/4828
f 908/1083/4829 680/795/4830 625/739/4831
f 625/739/4832 909/1085/4833 908/1083/4834
f 686/802/4835 909/1085/4836 625/739/4837
f 625/739/4838 624/738/4839 686/802/4840
f 679/794/4841 623/736/4842 625/739/4843
f 625/739/4844 680/795/4845 679/794/4846
f 906/1080/4847 691/807/4848 622/735/4849
f 622/735/4850 907/1082/4851 906/1080/4852
f 665/780/4853 907/1082/4854 622/735/4855
f 622/735/4856 621/734/4857 665/780/4858
f 690/806/4859 619/732/4860 622/735/4861
f 622/735/4862 691/807/4863 690/806/4864
f 904/1076/4865 702/819/4866 618/731/4867
f 618/731/4868 905/1078/4869 904/1076/4870
f 842/980/4871 905/1078/4872 618/731/4873
f 618/731/4874 617/730/4875 842/980/4876
f 701/818/4877 616/728/4878 618/731/4879
f 618/731/4880 702/819/4881 701/818/4882
f 902/1072/4883 712/831/4884 615/727/4885
f 615/727/4886 903/1074/4887 902/1072/4888
f 718/838/4889 903/1074/4890 615/727/4891
f 615/727/4892 614/726/4893 718/838/4894
f 711/830/4895 613/724/4896 615/727/4897
f 615/727/4898 712/831/4899 711/830/4900
f 900/1068/4901 723/843/4902 612/723/4903
f 612/723/4904 901/1070/4905 900/1068/4906
f 698/814/4907 901/1070/4908 612/723/4909
f 612/723/4910 611/722/4911 698/814/4912
f 722/842/4913 609/720/4914 612/723/4915
f 612/723/4916 723/843/4917 722/842/4918
f 898/1064/4919 735/855/4920 608/719/4921
f 608/719/4922 899/1066/4923 898/1064/4924
f 831/969/4925 899/1066/4926 608/719/4927
f 608/719/4928 607/718/4929 831/969/4930
f 734/854/4931 605/716/4932 608/719/4933
f 608/719/4934 735/855/4935 734/854/4936
f 896/1060/4937 745/867/4938 604/715/4939
f 604/715/4940 897/1062/4941 896/1060/4942
f 752/874/4943 897/1062/4944 604/715/4945
f 604/715/4946 603/714/4947 752/874/4948
f 744/866/4949 601/712/4950 604/715/4951
f 604/715/4952 745/867/4953 744/866/4954
f 894/1056/4955 756/878/4956 600/711/4957
f 600/711/4958 895/1058/4959 894/1056/4960
f 730/850/4961 895/1058/4962 600/711/4963
f 600/711/4964 599/710/4965 730/850/4966
f 647/762/4967 597/708/4968 600/711/4969
f 600/711/4970 756/878/4971 647/762/4972
f 891/1052/4973 765/889/4974 596/707/4975
f 596/707/4976 893/1054/4977 891/1052/4978
f 822/960/4979 893/1054/4980 596/707/4981
f 596/707/4982 595/706/4983 822/960/4984
f 653/768/4985 593/704/4986 596/707/4987
f 596/707/4988 765/889/4989 653/768/4990
f 888/1048/4991 774/901/4992 592/703/4993
f 592/703/4994 890/1050/4995 888/1048/4996
f 779/908/4997 890/1050/4998 592/703/4999
f 592/703/5000 591/702/5001 779/908/5002
f 714/900/5003 589/700/5004 592/703/5005
f 592/703/5006 774/901/5007 714/900/5008
f 885/1044/5009 783/913/5010 588/699/5011
f 588/699/5012 887/1046/5013 885/1044/5014
f 761/885/5015 887/1046/5016 588/699/5017
f 588/699/5018 587/698/5019 761/885/5020
f 682/912/5021 585/696/5022 588/699/5023
f 588/699/5024 783/913/5025 682/912/5026
f 883/1040/5027 792/925/5028 584/695/5029
f 584/695/5030 884/1042/5031 883/1040/5032
f 813/949/5033 884/1042/5034 584/695/5035
f 584/695/5036 583/694/5037 813/949/5038
f 791/924/5039 581/692/5040 584/695/5041
f 584/695/5042 792/925/5043 791/924/5044
f 881/1037/5045 801/936/5046 580/691/5047
f 580/691/5048 882/1038/5049 881/1037/5050
f 806/941/5051 882/1038/5052 580/691/5053
f 580/691/5054 579/690/5055 806/941/5056
f 800/935/5057 577/688/5058 580/691/5059
f 580/691/5060 801/936/5061 800/935/5062
f 879/1033/5063 810/946/5064 576/687/5065
f 576/687/5066 880/1035/5067 879/1033/5068
f 788/920/5069 880/1035/5070 576/687/5071
f 576/687/5072 575/686/5073 788/920/5074
f 809/945/5075 573/684/5076 576/687/5077
f 576/687/5078 810/946/5079 809/945/5080
f 876/1027/5081 819/957/5082 572/683/5083
f 572/683/5084 877/1030/5085 876/1027/5086
f 838/1028/5087 877/1030/5088 572/683/5089
f 572/683/5090 563/682/5091 838/1028/5092
f 701/956/5093 571/680/5094 572/683/5095
f 572/683/5096 819/957/5097 701/956/5098
f 873/1021/5099 828/966/5100 570/679/5101
f 570/679/5102 874/1024/5103 873/1021/5104
f 748/1022/5105 874/1024/5106 570/679/5107
f 570/679/5108 569/678/5109 748/1022/5110
f 650/765/5111 567/676/5112 570/679/5113
f 570/679/5114 828/966/5115 650/765/5116
f 870/1015/5117 839/977/5118 566/675/5119
f 566/675/5120 871/1018/5121 870/1015/5122
f 694/1016/5123 871/1018/5124 566/675/5125
f 566/675/5126 565/674/5127 694/1016/5128
f 838/976/5129 563/672/5130 566/675/5131
f 566/675/5132 839/977/5133 838/976/5134
f 867/1009/5135 848/988/5136 562/671/5137
f 562/671/5138 868/1012/5139 867/1009/5140
f 661/1010/5141 868/1012/5142 562/671/5143
f 562/671/5144 561/670/5145 661/1010/5146
f 791/987/5147 559/668/5148 562/671/5149
f 562/671/5150 848/988/5151 791/987/5152
f 864/1006/5153 857/999/5154 558/667/5155
f 558/667/5156 865/1007/5157 864/1006/5158
f 640/755/5159 865/1007/5160 558/667/5161
f 558/667/5162 557/666/5163 640/755/5164
f 809/998/5165 555/664/5166 558/667/5167
f 558/667/5168 857/999/5169 809/998/5170
f 726/846/5171 862/1004/5172 554/1097/5173
f 554/1097/5174 553/1063/5175 726/846/5176
f 800/935/5177 551/660/5178 554/663/5179
f 554/663/5180 859/1001/5181 800/935/5182
f 912/1098/5183 860/1002/5184 859/1001/5185
f 859/1001/5186 913/1099/5187 912/1098/5188
f 914/1100/5189 637/752/5190 860/1002/5191
f 860/1002/5192 912/1098/5193 914/1100/5194
f 915/1101/5195 862/1004/5196 861/1003/5197
f 861/1003/5198 916/1102/5199 915/1101/5200
f 916/1102/5201 861/1003/5202 863/1005/5203
f 863/1005/5204 917/1103/5205 916/1102/5206
f 918/1104/5207 659/774/5208 658/773/5209
f 658/773/5210 919/1105/5211 918/1104/5212
f 920/1106/5213 654/769/5214 659/1090/5215
f 659/1090/5216 918/1107/5217 920/1106/5218
f 921/1108/5219 655/770/5220 654/769/5221
f 654/769/5222 920/1106/5223 921/1108/5224
f 922/1109/5225 634/749/5226 655/770/5227
f 655/770/5228 921/1108/5229 922/1109/5230
f 923/1110/5231 652/767/5232 651/766/5233
f 651/766/5234 924/1111/5235 923/1110/5236
f 925/1112/5237 648/763/5238 652/1092/5239
f 652/1092/5240 923/1113/5241 925/1112/5242
f 926/1114/5243 649/764/5244 648/763/5245
f 648/763/5246 925/1112/5247 926/1114/5248
f 917/1103/5249 863/1005/5250 649/764/5251
f 649/764/5252 926/1114/5253 917/1103/5254
f 927/1115/5255 646/761/5256 645/760/5257
f 645/760/5258 928/1116/5259 927/1115/5260
f 929/1117/5261 641/756/5262 646/1095/5263
f 646/1095/5264 927/1118/5265 929/1117/5266
f 930/1119/5267 642/757/5268 641/756/5269
f 641/756/5270 929/1117/5271 930/1119/5272
f 931/1120/5273 631/746/5274 642/757/5275
f 642/757/5276 930/1119/5277 931/1120/5278
f 932/1121/5279 638/753/5280 637/752/5281
f 637/752/5282 914/1100/5283 932/1121/5284
f 928/1116/5285 645/760/5286 638/753/5287
f 638/753/5288 932/1121/5289 928/1116/5290
f 933/1122/5291 635/750/5292 634/749/5293
f 634/749/5294 922/1109/5295 933/1122/5296
f 924/1111/5297 651/766/5298 635/750/5299
f 635/750/5300 933/1122/5301 924/1111/5302
f 934/1123/5303 632/747/5304 631/746/5305
f 631/746/5306 931/1120/5307 934/1123/5308
f 919/1105/5309 658/773/5310 632/747/5311
f 632/747/5312 934/1123/5313 919/1105/5314
f 913/1099/5315 859/1001/5316 554/663/5317
f 554/663/5318 935/1124/5319 913/1099/5320
f 935/1125/5321 554/1097/5322 862/1004/5323
f 862/1004/5324 915/1101/5325 935/1125/5326
f 936/1126/5327 925/1112/5328 923/1113/5329
f 923/1113/5330 937/1127/5331 936/1126/5332
f 938/1128/5333 926/1114/5334 925/1112/5335
f 925/1112/5336 936/1126/5337 938/1128/5338
f 939/1129/5339 917/1103/5340 926/1114/5341
f 926/1114/5342 938/1128/5343 939/1129/5344
f 940/1130/5345 916/1102/5346 917/1103/5347
f 917/1103/5348 939/1129/5349 940/1130/5350
f 941/1131/5351 915/1101/5352 916/1102/5353
f 916/1102/5354 940/1130/5355 941/1131/5356
f 942/1132/5357 935/1125/5358 915/1101/5359
f 915/1101/5360 941/1131/5361 942/1132/5362
f 943/1133/5363 913/1099/5364 935/1124/5365
f 935/1124/5366 942/1134/5367 943/1133/5368
f 944/1135/5369 912/1098/5370 913/1099/5371
f 913/1099/5372 943/1133/5373 944/1135/5374
f 945/1136/5375 914/1100/5376 912/1098/5377
f 912/1098/5378 944/1135/5379 945/1136/5380
f 946/1137/5381 932/1121/5382 914/1100/5383
f 914/1100/5384 945/1136/5385 946/1137/5386
f 947/1138/5387 928/1116/5388 932/1121/5389
f 932/1121/5390 946/1137/5391 947/1138/5392
f 948/1139/5393 927/1115/5394 928/1116/5395
f 928/1116/5396 947/1138/5397 948/1139/5398
f 949/1140/5399 929/1117/5400 927/1118/5401
f 927/1118/5402 948/1141/5403 949/1140/5404
f 950/1142/5405 930/1119/5406 929/1117/5407
f 929/1117/5408 949/1140/5409 950/1142/5410
f 951/1143/5411 931/1120/5412 930/1119/5413
f 930/1119/5414 950/1142/5415 951/1143/5416
f 952/1144/5417 934/1123/5418 931/1120/5419
f 931/1120/5420 951/1143/5421 952/1144/5422
f 953/1145/5423 919/1105/5424 934/1123/5425
f 934/1123/5426 952/1144/5427 953/1145/5428
f 954/1146/5429 918/1104/5430 919/1105/5431
f 919/1105/5432 953/1145/5433 954/1146/5434
f 955/1147/5435 920/1106/5436 918/1107/5437
f 918/1107/5438 954/1148/5439 955/1147/5440
f 956/1149/5441 921/1108/5442 920/1106/5443
f 920/1106/5444 955/1147/5445 956/1149/5446
f 957/1150/5447 922/1109/5448 921/1108/5449
f 921/1108/5450 956/1149/5451 957/1150/5452
f 958/1151/5453 933/1122/5454 922/1109/5455
f 922/1109/5456 957/1150/5457 958/1151/5458
f 959/1152/5459 924/1111/5460 933/1122/5461
f 933/1122/5462 958/1151/5463 959/1152/5464
f 937/1153/5465 923/1110/5466 924/1111/5467
f 924/1111/5468 959/1152/5469 937/1153/5470
f 960/1154/5471 944/1135/5472 943/1133/5473
f 943/1133/5474 961/1155/5475 960/1154/5476
f 962/1156/5477 945/1136/5478 944/1135/5479
f 944/1135/5480 960/1154/5481 962/1156/5482
f 963/1157/5483 941/1131/5484 940/1130/5485
f 940/1130/5486 964/1158/5487 963/1157/5488
f 964/1158/5489 940/1130/5490 939/1129/5491
f 939/1129/5492 965/1159/5493 964/1158/5494
f 966/1160/5495 954/1146/5496 953/1145/5497
f 953/1145/5498 967/1161/5499 966/1160/5500
f 968/1162/5501 955/1147/5502 954/1148/5503
f 954/1148/5504 966/1163/5505 968/1162/5506
f 969/1164/5507 956/1149/5508 955/1147/5509
f 955/1147/5510 968/1162/5511 969/1164/5512
f 970/1165/5513 957/1150/5514 956/1149/5515
f 956/1149/5516 969/1164/5517 970/1165/5518
f 971/1166/5519 937/1153/5520 959/1152/5521
f 959/1152/5522 972/1167/5523 971/1166/5524
f 973/1168/5525 936/1126/5526 937/1127/5527
f 937/1127/5528 971/1169/5529 973/1168/5530
f 974/1170/5531 938/1128/5532 936/1126/5533
f 936/1126/5534 973/1168/5535 974/1170/5536
f 965/1159/5537 939/1129/5538 938/1128/5539
f 938/1128/5540 974/1170/5541 965/1159/5542
f 975/1171/5543 948/1139/5544 947/1138/5545
f 947/1138/5546 976/1172/5547 975/1171/5548
f 977/1173/5549 949/1140/5550 948/1141/5551
f 948/1141/5552 975/1174/5553 977/1173/5554
f 978/1175/5555 950/1142/5556 949/1140/5557
f 949/1140/5558 977/1173/5559 978/1175/5560
f 979/1176/5561 951/1143/5562 950/1142/5563
f 950/1142/5564 978/1175/5565 979/1176/5566
f 980/1177/5567 946/1137/5568 945/1136/5569
f 945/1136/5570 962/1156/5571 980/1177/5572
f 976/1172/5573 947/1138/5574 946/1137/5575
f 946/1137/5576 980/1177/5577 976/1172/5578
f 981/1178/5579 958/1151/5580 957/1150/5581
f 957/1150/5582 970/1165/5583 981/1178/5584
f 972/1167/5585 959/1152/5586 958/1151/5587
f 958/1151/5588 981/1178/5589 972/1167/5590
f 982/1179/5591 952/1144/5592 951/1143/5593
f 951/1143/5594 979/1176/5595 982/1179/5596
f 967/1161/5597 953/1145/5598 952/1144/5599
f 952/1144/5600 982/1179/5601 967/1161/5602
f 961/1155/5603 943/1133/5604 942/1134/5605
f 942/1134/5606 983/1180/5607 961/1155/5608
f 983/1181/5609 942/1132/5610 941/1131/5611
f 941/1131/5612 963/1157/5613 983/1181/5614
f 984/1182/5615 985/1183/5616 986/1184/5617
f 986/1184/5618 987/1185/5617 984/1182/5616
f 988/1186/5619 989/1187/5620 985/1183/5621
f 985/1183/5622 984/1182/5621 988/1186/5620
f 990/1188/5623 991/1189/5624 989/1187/5625
f 989/1187/5626 988/1186/5625 990/1188/5624
f 992/1190/5627 993/1191/5628 991/1189/5629
f 991/1189/5630 990/1188/5629 992/1190/5628
f 994/1192/5631 995/1193/5632 993/1191/5633
f 993/1191/5634 992/1190/5633 994/1192/5632
f 996/1194/5635 997/1195/5636 995/1193/5637
f 995/1193/5638 994/1192/5637 996/1194/5636
f 998/1196/5639 999/1197/5640 997/1195/5641
f 997/1195/5642 996/1194/5641 998/1196/5640
f 1000/1198/5643 1001/1199/5644 999/1197/5645
f 999/1197/5646 998/1196/5647 1000/1198/5644
f 1002/1200/5648 1003/1201/5649 1001/1199/5650
f 1001/1199/5651 1000/1198/5650 1002/1200/5649
f 1004/1202/5652 1005/1203/5653 1003/1201/5654
f 1003/1201/5655 1002/1200/5654 1004/1202/5653
f 1006/1204/5656 1007/1205/5657 1005/1203/5658
f 1005/1203/5659 1004/1202/5658 1006/1204/5657
f 1008/1206/5660 1009/1207/5661 1007/1205/5662
f 1007/1205/5663 1006/1204/5662 1008/1206/5661
f 1010/1208/5664 1011/1209/5665 1009/1207/5666
f 1009/1207/5667 1008/1206/5666 1010/1208/5665
f 1012/1210/5668 1013/1211/5669 1011/1209/5670
f 1011/1209/5671 1010/1208/5670 1012/1210/5669
f 1014/1212/5672 1015/1213/5673 1013/1211/5674
f 1013/1211/5675 1012/1210/5674 1014/1212/5673
f 1016/1214/5676 1017/1215/5677 1015/1216/5678
f 1015/1216/5679 1014/1217/5678 1016/1214/5677
f 1018/1218/5680 1019/1219/5681 1017/1215/5682
f 1017/1215/5683 1016/1214/5682 1018/1218/5681
f 1020/1220/5684 1021/1221/5685 1019/1219/5686
f 1019/1219/5687 1018/1218/5686 1020/1220/5685
f 1022/1222/5688 1023/1223/5689 1021/1221/5690
f 1021/1221/5691 1020/1220/5690 1022/1222/5689
f 987/1185/5692 986/1184/5693 1023/1223/5694
f 1023/1223/5695 1022/1222/5696 987/1185/5693
f 1024/1224/5697 984/1225/5697 987/1226/5697
f 987/1226/5698 1025/1227/5698 1024/1224/5698
f 1026/1228/5699 988/1229/5699 984/1225/5699
f 984/1225/5700 1024/1224/5700 1026/1228/5700
f 1027/1230/5701 990/1231/5701 988/1229/5701
f 988/1229/5702 1026/1228/5702 1027/1230/5702
f 1028/1232/5699 992/1233/5699 990/1231/5699
f 990/1231/5699 1027/1230/5699 1028/1232/5699
f 1029/1234/5703 994/1235/5703 992/1233/5703
f 992/1233/5703 1028/1232/5703 1029/1234/5703
f 1030/1236/5704 996/1237/5704 994/1235/5704
f 994/1235/5699 1029/1234/5699 1030/1236/5699
f 1031/1238/5704 998/1239/5704 996/1237/5704
f 996/1237/5699 1030/1236/5699 1031/1238/5699
f 1032/1240/5705 1000/1241/5705 998/1239/5705
f 998/1239/5699 1031/1238/5699 1032/1240/5699
f 1033/1242/5706 1002/1243/5706 1000/1241/5706
f 1000/1241/5702 1032/1240/5702 1033/1242/5702
f 1034/1244/5704 1004/1245/5704 1002/1243/5704
f 1002/1243/5702 1033/1242/5702 1034/1244/5702
f 1035/1246/5699 1006/1247/5699 1004/1245/5699
f 1004/1245/5697 1034/1244/5697 1035/1246/5697
f 1036/1248/5707 1008/1249/5707 1006/1247/5707
f 1006/1247/5708 1035/1246/5708 1036/1248/5708
f 1037/1250/5702 1010/1251/5702 1008/1249/5702
f 1008/1249/5702 1036/1248/5702 1037/1250/5702
f 1038/1252/5703 1012/1253/5703 1010/1251/5703
f 1010/1251/5699 1037/1250/5699 1038/1252/5699
f 1039/1254/5709 1014/1255/5704 1012/1253/5704
f 1012/1253/5699 1038/1252/5699 1039/1254/5710
f 1040/1256/5711 1016/1257/5699 1014/1255/5699
f 1014/1255/5699 1039/1254/5712 1040/1256/5713
f 1041/1258/5703 1018/1259/5703 1016/1257/5703
f 1016/1257/5699 1040/1256/5714 1041/1258/5699
f 1042/1260/5699 1020/1261/5699 1018/1259/5699
f 1018/1259/5704 1041/1258/5704 1042/1260/5704
f 1043/1262/5699 1022/1263/5699 1020/1261/5699
f 1020/1261/5702 1042/1260/5702 1043/1262/5702
f 1025/1227/5706 987/1226/5706 1022/1263/5706
f 1022/1263/5701 1043/1262/5701 1025/1227/5701
f 1044/1264/5715 1024/1265/5716 1025/1266/5717
f 1025/1266/5718 1045/1267/5719 1044/1264/5720
f 1046/1268/5721 1026/1269/5722 1024/1265/5723
f 1024/1265/5724 1044/1264/5725 1046/1268/5726
f 1047/1270/5727 1027/1271/5665 1026/1269/5728
f 1026/1269/5729 1046/1268/5666 1047/1270/5730
f 1048/1272/5731 1028/1273/5732 1027/1271/5733
f 1027/1271/5734 1047/1270/5735 1048/1272/5736
f 1049/1274/5737 1029/1275/5738 1028/1273/5739
f 1028/1273/5740 1048/1272/5741 1049/1274/5742
f 1050/1276/5743 1030/1277/5677 1029/1275/5744
f 1029/1275/5745 1049/1274/5678 1050/1276/5746
f 1051/1278/5747 1031/1279/5681 1030/1277/5748
f 1030/1277/5749 1050/1276/5750 1051/1278/5751
f 1052/1280/5752 1032/1281/5753 1031/1279/5754
f 1031/1279/5755 1051/1278/5756 1052/1280/5757
f 1053/1282/5758 1033/1283/5759 1032/1281/5760
f 1032/1281/5761 1052/1280/5762 1053/1282/5763
f 1054/1284/5764 1034/1285/5693 1033/1283/5765
f 1033/1283/5766 1053/1282/5767 1054/1284/5768
f 1055/1286/5769 1035/1287/5770 1034/1285/5771
f 1034/1285/5772 1054/1284/5617 1055/1286/5773
f 1056/1288/5774 1036/1289/5775 1035/1287/5776
f 1035/1287/5777 1055/1286/5778 1056/1288/5779
f 1057/1290/5780 1037/1291/5781 1036/1289/5782
f 1036/1289/5783 1056/1288/5625 1057/1290/5784
f 1058/1292/5785 1038/1293/5786 1037/1291/5787
f 1037/1291/5788 1057/1290/5789 1058/1292/5790
f 1059/1294/5791 1039/1295/5791 1038/1293/5792
f 1038/1293/5793 1058/1292/5794 1059/1294/5791
f 1060/1296/5795 1061/1297/5795 1062/1298/5795
f 1062/1298/5795 1063/1299/5795 1060/1296/5795
f 1064/1300/5796 1041/1301/5797 1040/1302/5798
f 1040/1302/5798 1065/1303/5798 1064/1300/5799
f 1066/1304/5800 1042/1305/5801 1041/1301/5802
f 1041/1301/5803 1064/1300/5804 1066/1304/5805
f 1067/1306/5806 1043/1307/5807 1042/1305/5808
f 1042/1305/5809 1066/1304/5810 1067/1306/5811
f 1045/1267/5812 1025/1266/5653 1043/1307/5813
f 1043/1307/5814 1067/1306/5654 1045/1267/5815
f 985/1308/5816 1044/1309/5816 1045/1310/5816
f 1045/1310/5817 986/1311/5817 985/1308/5817
f 989/1312/5817 1046/1313/5817 1044/1309/5817
f 1044/1309/5818 985/1308/5818 989/1312/5818
f 991/1314/5819 1047/1315/5819 1046/1313/5819
f 1046/1313/5820 989/1312/5820 991/1314/5820
f 993/1316/5819 1048/1317/5819 1047/1315/5819
f 1047/1315/5821 991/1314/5821 993/1316/5821
f 995/1318/5819 1049/1319/5819 1048/1317/5819
f 1048/1317/5821 993/1316/5821 995/1318/5821
f 997/1320/5819 1050/1321/5819 1049/1319/5819
f 1049/1319/5819 995/1318/5819 997/1320/5819
f 999/1322/5819 1051/1323/5819 1050/1321/5819
f 1050/1321/5819 997/1320/5819 999/1322/5819
f 1001/1324/5819 1052/1325/5819 1051/1323/5819
f 1051/1323/5819 999/1322/5819 1001/1324/5819
f 1003/1326/5822 1053/1327/5822 1052/1325/5822
f 1052/1325/5822 1001/1324/5822 1003/1326/5822
f 1005/1328/5822 1054/1329/5822 1053/1327/5822
f 1053/1327/5823 1003/1326/5823 1005/1328/5823
f 1007/1330/5816 1055/1331/5816 1054/1329/5816
f 1054/1329/5819 1005/1328/5819 1007/1330/5819
f 1009/1332/5822 1056/1333/5822 1055/1331/5822
f 1055/1331/5816 1007/1330/5816 1009/1332/5816
f 1011/1334/5820 1057/1335/5820 1056/1333/5820
f 1056/1333/5824 1009/1332/5824 1011/1334/5824
f 1013/1336/5819 1058/1337/5819 1057/1335/5819
f 1057/1335/5821 1011/1334/5821 1013/1336/5821
f 1015/1338/5819 1059/1339/5819 1058/1337/5819
f 1058/1337/5820 1013/1336/5820 1015/1338/5820
f 1017/1340/5819 1065/1341/5819 1059/1339/5819
f 1059/1339/5819 1015/1338/5819 1017/1340/5819
f 1019/1342/5819 1064/1343/5819 1065/1341/5819
f 1065/1341/5819 1017/1340/5819 1019/1342/5819
f 1021/1344/5819 1066/1345/5819 1064/1343/5819
f 1064/1343/5819 1019/1342/5819 1021/1344/5819
f 1023/1346/5819 1067/1347/5819 1066/1345/5819
f 1066/1345/5819 1021/1344/5819 1023/1346/5819
f 986/1311/5820 1045/1310/5820 1067/1347/5820
f 1067/1347/5822 1023/1346/5822 986/1311/5822
f 1062/1348/5825 1039/1349/5825 1059/1350/5825
f 1059/1350/5825 1063/1351/5825 1062/1348/5825
f 1068/1352/5819 1069/1353/5819 1070/1354/5819
f 1070/1354/5819 1071/1355/5819 1068/1352/5819
f 1060/1296/5826 1065/1356/5826 1040/1357/5826
f 1040/1357/5826 1061/1297/5826 1060/1296/5826
f 1072/1358/5615 1073/1359/5616 1074/1360/5617
f 1074/1360/5618 1075/1361/5617 1072/1358/5616
f 1076/1362/5619 1077/1363/5620 1073/1359/5621
f 1073/1359/5622 1072/1358/5621 1076/1362/5620
f 1078/1364/5827 1079/1365/5624 1077/1363/5625
f 1077/1363/5626 1076/1362/5625 1078/1364/5624
f 1080/1366/5627 1081/1367/5628 1079/1365/5629
f 1079/1365/5630 1078/1364/5629 1080/1366/5628
f 1082/1368/5631 1083/1369/5632 1081/1367/5633
f 1081/1367/5634 1080/1366/5633 1082/1368/5632
f 1084/1370/5635 1085/1371/5636 1083/1369/5637
f 1083/1369/5638 1082/1368/5637 1084/1370/5636
f 1086/1372/5639 1087/1373/5640 1085/1371/5641
f 1085/1371/5642 1084/1370/5641 1086/1372/5640
f 1088/1374/5643 1089/1375/5644 1087/1373/5645
f 1087/1373/5828 1086/1372/5645 1088/1374/5644
f 1090/1376/5648 1091/1377/5649 1089/1375/5650
f 1089/1375/5651 1088/1374/5650 1090/1376/5649
f 1092/1378/5652 1093/1379/5653 1091/1377/5654
f 1091/1377/5655 1090/1376/5654 1092/1378/5653
f 1094/1380/5656 1095/1381/5657 1093/1379/5658
f 1093/1379/5659 1092/1378/5658 1094/1380/5657
f 1096/1382/5660 1097/1383/5661 1095/1381/5662
f 1095/1381/5663 1094/1380/5662 1096/1382/5661
f 1098/1384/5829 1099/1385/5665 1097/1383/5666
f 1097/1383/5667 1096/1382/5666 1098/1384/5665
f 1100/1386/5668 1101/1387/5669 1099/1385/5670
f 1099/1385/5671 1098/1384/5670 1100/1386/5669
f 1102/1388/5672 1103/1389/5673 1101/1387/5674
f 1101/1387/5675 1100/1386/5674 1102/1388/5673
f 1104/1390/5676 1105/1391/5677 1103/1392/5678
f 1103/1392/5679 1102/1393/5678 1104/1390/5677
f 1106/1394/5680 1107/1395/5681 1105/1391/5682
f 1105/1391/5683 1104/1390/5682 1106/1394/5681
f 1108/1396/5684 1109/1397/5685 1107/1395/5686
f 1107/1395/5687 1106/1394/5686 1108/1396/5685
f 1110/1398/5688 1111/1399/5689 1109/1397/5690
f 1109/1397/5691 1108/1396/5690 1110/1398/5689
f 1075/1361/5830 1074/1360/5693 1111/1399/5694
f 1111/1399/5695 1110/1398/5694 1075/1361/5693
f 1112/1400/5831 1072/1401/5831 1075/1402/5831
f 1075/1402/5832 1113/1403/5832 1112/1400/5832
f 1114/1404/5708 1076/1405/5708 1072/1401/5708
f 1072/1401/5708 1112/1400/5708 1114/1404/5708
f 1115/1406/5702 1078/1407/5702 1076/1405/5702
f 1076/1405/5701 1114/1404/5701 1115/1406/5701
f 1116/1408/5699 1080/1409/5699 1078/1407/5699
f 1078/1407/5699 1115/1406/5699 1116/1408/5699
f 1117/1410/5699 1082/1411/5699 1080/1409/5699
f 1080/1409/5699 1116/1408/5699 1117/1410/5699
f 1118/1412/5699 1084/1413/5699 1082/1411/5699
f 1082/1411/5699 1117/1410/5699 1118/1412/5699
f 1119/1414/5704 1086/1415/5704 1084/1413/5704
f 1084/1413/5699 1118/1412/5699 1119/1414/5699
f 1120/1416/5833 1088/1417/5833 1086/1415/5833
f 1086/1415/5703 1119/1414/5703 1120/1416/5703
f 1121/1418/5831 1090/1419/5831 1088/1417/5831
f 1088/1417/5702 1120/1416/5702 1121/1418/5702
f 1122/1420/5699 1092/1421/5699 1090/1419/5699
f 1090/1419/5702 1121/1418/5702 1122/1420/5702
f 1123/1422/5699 1094/1423/5699 1092/1421/5699
f 1092/1421/5701 1122/1420/5701 1123/1422/5701
f 1124/1424/5701 1096/1425/5701 1094/1423/5701
f 1094/1423/5702 1123/1422/5702 1124/1424/5702
f 1125/1426/5698 1098/1427/5698 1096/1425/5698
f 1096/1425/5701 1124/1424/5701 1125/1426/5701
f 1126/1428/5703 1100/1429/5703 1098/1427/5703
f 1098/1427/5699 1125/1426/5699 1126/1428/5699
f 1127/1430/5699 1102/1431/5699 1100/1429/5699
f 1100/1429/5699 1126/1428/5699 1127/1430/5699
f 1128/1432/5699 1104/1433/5699 1102/1431/5699
f 1102/1431/5699 1127/1430/5699 1128/1432/5699
f 1129/1434/5703 1106/1435/5703 1104/1433/5703
f 1104/1433/5704 1128/1432/5704 1129/1434/5704
f 1130/1436/5699 1108/1437/5699 1106/1435/5699
f 1106/1435/5699 1129/1434/5699 1130/1436/5699
f 1131/1438/5699 1110/1439/5699 1108/1437/5699
f 1108/1437/5702 1130/1436/5702 1131/1438/5702
f 1113/1403/5702 1075/1402/5702 1110/1439/5702
f 1110/1439/5700 1131/1438/5700 1113/1403/5700
f 1132/1440/5715 1112/1441/5716 1113/1442/5834
f 1113/1442/5718 1133/1443/5719 1132/1440/5835
f 1134/1444/5721 1114/1445/5836 1112/1441/5837
f 1112/1441/5724 1132/1440/5725 1134/1444/5838
f 1135/1446/5727 1115/1447/5665 1114/1445/5728
f 1114/1445/5729 1134/1444/5666 1135/1446/5730
f 1136/1448/5731 1116/1449/5839 1115/1447/5733
f 1115/1447/5734 1135/1446/5735 1136/1448/5736
f 1137/1450/5737 1117/1451/5738 1116/1449/5739
f 1116/1449/5740 1136/1448/5741 1137/1450/5742
f 1138/1452/5840 1118/1453/5677 1117/1451/5744
f 1117/1451/5841 1137/1450/5678 1138/1452/5746
f 1139/1454/5747 1119/1455/5681 1118/1453/5748
f 1118/1453/5749 1138/1452/5842 1139/1454/5751
f 1140/1456/5752 1120/1457/5843 1119/1455/5754
f 1119/1455/5755 1139/1454/5844 1140/1456/5757
f 1141/1458/5758 1121/1459/5759 1120/1457/5760
f 1120/1457/5761 1140/1456/5762 1141/1458/5763
f 1142/1460/5764 1122/1461/5693 1121/1459/5845
f 1121/1459/5766 1141/1458/5767 1142/1460/5846
f 1143/1462/5769 1123/1463/5770 1122/1461/5847
f 1122/1461/5772 1142/1460/5617 1143/1462/5848
f 1144/1464/5774 1124/1465/5849 1123/1463/5850
f 1123/1463/5777 1143/1462/5778 1144/1464/5851
f 1145/1466/5780 1125/1467/5624 1124/1465/5782
f 1124/1465/5783 1144/1464/5625 1145/1466/5784
f 1146/1468/5785 1126/1469/5786 1125/1467/5787
f 1125/1467/5788 1145/1466/5789 1146/1468/5790
f 1147/1470/5791 1127/1471/5791 1126/1469/5792
f 1126/1469/5793 1146/1468/5794 1147/1470/5791
f 1148/1472/5795 1149/1473/5795 1150/1474/5795
f 1150/1474/5795 1151/1475/5795 1148/1472/5795
f 1152/1476/5796 1129/1477/5852 1128/1478/5798
f 1128/1478/5798 1153/1479/5798 1152/1476/5799
f 1154/1480/5800 1130/1481/5801 1129/1477/5802
f 1129/1477/5803 1152/1476/5804 1154/1480/5805
f 1155/1482/5806 1131/1483/5807 1130/1481/5808
f 1130/1481/5809 1154/1480/5810 1155/1482/5811
f 1133/1443/5812 1113/1442/5653 1131/1483/5853
f 1131/1483/5814 1155/1482/5854 1133/1443/5855
f 1073/1484/5856 1132/1485/5857 1133/1486/5858
f 1133/1486/5859 1074/1487/5860 1073/1484/5861
f 1077/1488/5862 1134/1489/5863 1132/1485/5864
f 1132/1485/5865 1073/1484/5866 1077/1488/5867
f 1079/1490/5868 1135/1491/5869 1134/1489/5870
f 1134/1489/5871 1077/1488/5872 1079/1490/5873
f 1081/1492/5874 1136/1493/5875 1135/1491/5876
f 1135/1491/5877 1079/1490/5878 1081/1492/5879
f 1083/1494/5880 1137/1495/5881 1136/1493/5882
f 1136/1493/5883 1081/1492/5884 1083/1494/5885
f 1085/1496/5886 1138/1497/5887 1137/1495/5888
f 1137/1495/5889 1083/1494/5890 1085/1496/5891
f 1087/1498/5892 1139/1499/5893 1138/1497/5894
f 1138/1497/5895 1085/1496/5895 1087/1498/5896
f 1089/1500/5897 1140/1501/5898 1139/1499/5899
f 1139/1499/5900 1087/1498/5901 1089/1500/5902
f 1091/1502/5903 1141/1503/5904 1140/1501/5905
f 1140/1501/5906 1089/1500/5907 1091/1502/5908
f 1093/1504/5909 1142/1505/5910 1141/1503/5911
f 1141/1503/5912 1091/1502/5913 1093/1504/5914
f 1095/1506/5915 1143/1507/5916 1142/1505/5917
f 1142/1505/5918 1093/1504/5919 1095/1506/5920
f 1097/1508/5921 1144/1509/5922 1143/1507/5923
f 1143/1507/5924 1095/1506/5925 1097/1508/5926
f 1099/1510/5927 1145/1511/5928 1144/1509/5929
f 1144/1509/5930 1097/1508/5931 1099/1510/5932
f 1101/1512/5933 1146/1513/5934 1145/1511/5935
f 1145/1511/5936 1099/1510/5937 1101/1512/5938
f 1103/1514/5939 1147/1515/5940 1146/1513/5941
f 1146/1513/5942 1101/1512/5943 1103/1514/5944
f 1105/1516/5945 1153/1517/5946 1147/1515/5947
f 1147/1515/5948 1103/1514/5949 1105/1516/5950
f 1107/1518/5951 1152/1519/5951 1153/1517/5952
f 1153/1517/5953 1105/1516/5954 1107/1518/5955
f 1109/1520/5956 1154/1521/5957 1152/1519/5958
f 1152/1519/5959 1107/1518/5960 1109/1520/5961
f 1111/1522/5962 1155/1523/5963 1154/1521/5964
f 1154/1521/5965 1109/1520/5966 1111/1522/5967
f 1074/1487/5968 1133/1486/5969 1155/1523/5970
f 1155/1523/5971 1111/1522/5972 1074/1487/5973
f 1156/1524/5699 1157/1525/5699 1158/1526/5699
f 1158/1526/5699 1159/1527/5699 1156/1524/5699
f 1150/1528/5825 1127/1529/5825 1147/1530/5825
f 1147/1530/5825 1151/1531/5825 1150/1528/5825
f 1148/1472/5826 1153/1532/5826 1128/1533/5826
f 1128/1533/5826 1149/1473/5826 1148/1472/5826
f 1062/1348/5825 1151/1531/5825 1147/1530/5825
f 1147/1530/5825 1039/1349/5825 1062/1348/5825
f 1040/1357/5826 1153/1532/5826 1148/1472/5826
f 1148/1472/5826 1061/1297/5826 1040/1357/5826
f 1062/1298/5795 1061/1297/5795 1148/1472/5795
f 1148/1472/5795 1151/1475/5795 1062/1298/5795
f 1147/1534/5974 1153/1532/5975 1040/1357/5976
f 1040/1357/5977 1039/1535/5978 1147/1534/5979
f 1157/1525/5980 1128/1533/5980 1127/1536/5980
f 1127/1536/5980 1158/1537/5980 1157/1525/5980
f 1158/1538/5825 1127/1529/5825 1150/1528/5825
f 1150/1528/5825 1159/1539/5825 1158/1538/5825
f 1159/1540/5795 1150/1474/5795 1149/1473/5795
f 1149/1473/5795 1156/1524/5795 1159/1540/5795
f 1156/1524/5826 1149/1473/5826 1128/1533/5826
f 1128/1533/5826 1157/1525/5826 1156/1524/5826
f 1069/1541/5980 1059/1542/5980 1065/1356/5980
f 1065/1356/5980 1070/1354/5980 1069/1541/5980
f 1070/1354/5826 1065/1356/5826 1060/1296/5826
f 1060/1296/5826 1071/1355/5826 1070/1354/5826
f 1071/1355/5795 1060/1296/5795 1063/1299/5795
f 1063/1299/5795 1068/1543/5795 1071/1355/5795
f 1068/1544/5825 1063/1351/5825 1059/1350/5825
f 1059/1350/5825 1069/1545/5825 1068/1544/5825
f 1160/1546/5981 1161/1547/5982 1162/1548/5983
f 1162/1548/5984 1163/1549/5985 1160/1546/5986
f 1164/1550/5987 1165/1551/5988 1166/1552/5989
f 1166/1552/5990 1167/1553/5991 1164/1550/5992
f 1168/1554/5993 1169/1555/5994 1170/1556/5995
f 1170/1556/5996 1171/1557/5997 1168/1554/5998
f 1172/1558/5999 1173/1559/6000 1174/1560/6001
f 1174/1560/6002 1175/1561/6003 1172/1558/6004
f 1176/1562/6005 1177/1563/6006 1178/1564/6007
f 1178/1564/6008 1179/1565/6009 1176/1562/6010
f 1180/1566/6011 1181/1567/6012 1182/1568/6013
f 1182/1568/6014 1183/1569/6015 1180/1566/6016
f 1184/1570/6017 1185/1571/6018 1186/1572/6019
f 1186/1572/6020 1187/1573/6021 1184/1570/6022
f 1188/1574/6023 1189/1575/6024 1190/1576/6025
f 1190/1576/6026 1191/1577/6027 1188/1574/6028
f 1192/1578/6029 1193/1579/6030 1194/1580/6031
f 1194/1580/6032 1195/1581/6033 1192/1578/6034
f 1196/1582/6035 1197/1583/6036 1198/1584/6037
f 1198/1584/6038 1199/1585/6039 1196/1582/6040
f 1200/1586/6041 1201/1587/6042 1202/1588/6043
f 1202/1588/6044 1203/1589/6045 1200/1586/6046
f 1204/1590/6047 1205/1591/6048 1206/1592/6049
f 1206/1592/6050 1207/1593/6051 1204/1590/6052
f 1208/1594/6053 1209/1595/6054 1210/1596/6055
f 1210/1596/6056 1211/1597/6057 1208/1594/6058
f 1212/1598/6059 1213/1599/6060 1214/1600/6061
f 1214/1600/6062 1215/1601/6063 1212/1598/6064
f 1216/1602/6065 1217/1603/6066 1218/1604/6067
f 1218/1604/6068 1219/1605/6069 1216/1602/6070
f 1220/1606/6071 1221/1607/6072 1222/1608/6073
f 1222/1608/6074 1223/1609/6075 1220/1606/6076
f 1224/1610/6077 1225/1611/6078 1226/1612/6079
f 1226/1612/6080 1227/1613/6081 1224/1610/6082
f 1228/1614/6083 1229/1615/6084 1230/1616/6085
f 1230/1616/6086 1231/1617/6087 1228/1614/6088
f 1232/1618/6089 1233/1619/6090 1234/1620/6091
f 1234/1620/6092 1235/1621/6093 1232/1618/6094
f 1236/1622/6095 1237/1623/6096 1238/1624/6097
f 1238/1624/6098 1239/1625/6099 1236/1622/6100
f 1240/1626/6101 1165/1551/6102 1163/1549/6103
f 1163/1549/6104 1241/1627/6105 1240/1626/6106
f 1242/1628/6107 1169/1555/6108 1166/1552/6109
f 1166/1552/6110 1243/1629/6111 1242/1628/6112
f 1244/1630/6113 1173/1559/6114 1170/1556/6115
f 1170/1556/6116 1245/1631/6117 1244/1630/6118
f 1246/1632/6119 1177/1563/6120 1174/1560/6121
f 1174/1560/6122 1247/1633/6123 1246/1632/6124
f 1248/1634/6125 1181/1567/6126 1178/1564/6127
f 1178/1564/6128 1249/1635/6129 1248/1634/6130
f 1250/1636/6131 1185/1571/6132 1182/1568/6133
f 1182/1568/6134 1251/1637/6135 1250/1636/6136
f 1252/1638/6137 1189/1575/6138 1186/1572/6139
f 1186/1572/6140 1253/1639/6141 1252/1638/6142
f 1254/1640/6143 1193/1579/6144 1190/1576/6145
f 1190/1576/6146 1255/1641/6147 1254/1640/6148
f 1256/1642/6149 1197/1583/6150 1194/1580/6151
f 1194/1580/6152 1257/1643/6153 1256/1642/6154
f 1258/1644/6155 1201/1587/6156 1198/1584/6157
f 1198/1584/6158 1259/1645/6159 1258/1644/6160
f 1260/1646/6161 1205/1591/6162 1202/1588/6163
f 1202/1588/6164 1261/1647/6165 1260/1646/6166
f 1262/1648/6167 1209/1595/6168 1206/1592/6169
f 1206/1592/6170 1263/1649/6171 1262/1648/6172
f 1264/1650/6173 1213/1599/6174 1210/1596/6175
f 1210/1596/6176 1265/1651/6177 1264/1650/6178
f 1266/1652/6179 1217/1653/6180 1214/1600/6181
f 1214/1600/6182 1267/1654/6183 1266/1652/6184
f 1268/1655/6185 1221/1607/6186 1218/1604/6187
f 1218/1604/6188 1269/1656/6189 1268/1655/6190
f 1270/1657/6191 1225/1611/6192 1222/1608/6193
f 1222/1608/6194 1271/1658/6195 1270/1657/6196
f 1272/1659/6197 1229/1615/6198 1226/1612/6199
f 1226/1612/6200 1273/1660/6201 1272/1659/6202
f 1274/1661/6203 1233/1619/6204 1230/1616/6205
f 1230/1616/6206 1275/1662/6207 1274/1661/6208
f 1276/1663/6209 1237/1623/6210 1234/1620/6211
f 1234/1620/6212 1277/1664/6213 1276/1663/6214
f 1278/1665/6215 1162/1548/6216 1238/1624/6217
f 1238/1624/6218 1279/1666/6219 1278/1665/6220
f 1280/1667/6221 1281/1668/6222 1282/1669/6223
f 1282/1669/6224 1283/1670/6225 1280/1667/6226
f 1284/1671/6227 1285/1672/6228 1286/1673/6229
f 1286/1673/6230 1287/1674/6231 1284/1671/6232
f 1288/1675/6233 1289/1676/6234 1290/1677/6235
f 1290/1677/6236 1291/1678/6237 1288/1675/6238
f 1292/1679/6239 1293/1680/6240 1294/1681/6241
f 1294/1681/6242 1295/1682/6243 1292/1679/6244
f 1296/1683/6245 1297/1684/6246 1298/1685/6247
f 1298/1685/6248 1299/1686/6249 1296/1683/6250
f 1300/1687/6251 1301/1688/6252 1302/1689/6253
f 1302/1689/6254 1303/1690/6255 1300/1687/6256
f 1304/1691/6257 1305/1692/6258 1306/1693/6259
f 1306/1693/6260 1307/1694/6261 1304/1691/6262
f 1308/1695/6263 1309/1696/6264 1310/1697/6265
f 1310/1697/6266 1311/1698/6267 1308/1695/6268
f 1312/1699/6269 1313/1700/6270 1314/1701/6271
f 1314/1701/6272 1315/1702/6273 1312/1699/6274
f 1316/1703/6275 1317/1704/6276 1318/1705/6277
f 1318/1705/6278 1319/1706/6279 1316/1703/6280
f 1320/1707/6281 1321/1708/6282 1322/1709/6283
f 1322/1709/6284 1323/1710/6285 1320/1707/6286
f 1324/1711/6287 1325/1712/6288 1326/1713/6289
f 1326/1713/6290 1327/1714/6291 1324/1711/6292
f 1328/1715/6293 1329/1716/6294 1330/1717/6295
f 1330/1717/6296 1331/1718/6297 1328/1715/6298
f 1332/1719/6299 1333/1720/6300 1334/1721/6301
f 1334/1721/6302 1335/1722/6303 1332/1719/6304
f 1336/1723/6305 1337/1724/6306 1338/1725/6307
f 1338/1725/6308 1339/1726/6309 1336/1723/6310
f 1340/1727/6311 1341/1728/6312 1342/1729/6313
f 1342/1729/6314 1343/1730/6315 1340/1727/6316
f 1344/1731/6317 1345/1732/6318 1346/1733/6319
f 1346/1733/6320 1347/1734/6321 1344/1731/6322
f 1348/1735/6323 1349/1736/6324 1350/1737/6325
f 1350/1737/6326 1351/1738/6327 1348/1735/6328
f 1352/1739/6329 1353/1740/6330 1354/1741/6331
f 1354/1741/6332 1355/1742/6333 1352/1739/6334
f 1356/1743/6335 1357/1744/6336 1358/1745/6337
f 1358/1745/6337 1359/1746/6338 1356/1743/6339
f 1360/1747/6340 1281/1668/6341 1280/1667/6342
f 1280/1667/6343 1361/1748/6344 1360/1747/6345
f 1362/1749/6346 1285/1672/6347 1284/1671/6348
f 1284/1671/6349 1363/1750/6350 1362/1749/6351
f 1364/1751/6352 1289/1676/6353 1288/1675/6354
f 1288/1675/6355 1365/1752/6356 1364/1751/6357
f 1366/1753/6358 1293/1680/6359 1292/1679/6360
f 1292/1679/6361 1367/1754/6362 1366/1753/6363
f 1368/1755/6364 1297/1684/6365 1296/1683/6366
f 1296/1683/6367 1369/1756/6368 1368/1755/6369
f 1370/1757/6370 1301/1688/6371 1300/1687/6372
f 1300/1687/6373 1371/1758/6374 1370/1757/6375
f 1372/1759/6376 1305/1692/6377 1304/1691/6378
f 1304/1691/6379 1373/1760/6380 1372/1759/6381
f 1374/1761/6382 1309/1696/6383 1308/1695/6384
f 1308/1695/6385 1375/1762/6386 1374/1761/6387
f 1376/1763/6388 1313/1700/6389 1312/1699/6390
f 1312/1699/6391 1377/1764/6392 1376/1763/6393
f 1378/1765/6394 1317/1704/6395 1316/1703/6396
f 1316/1703/6397 1379/1766/6398 1378/1765/6399
f 1380/1767/6400 1321/1708/6401 1320/1707/6402
f 1320/1707/6403 1381/1768/6404 1380/1767/6405
f 1382/1769/6406 1325/1712/6407 1324/1711/6408
f 1324/1711/6409 1383/1770/6410 1382/1769/6411
f 1384/1771/6412 1329/1716/6413 1328/1715/6414
f 1328/1715/6415 1385/1772/6416 1384/1771/6417
f 1386/1773/6418 1333/1720/6419 1332/1719/6420
f 1332/1719/6421 1387/1774/6422 1386/1773/6423
f 1388/1775/6424 1337/1724/6425 1336/1723/6426
f 1336/1723/6427 1389/1776/6428 1388/1775/6429
f 1390/1777/6430 1341/1728/6431 1340/1727/6432
f 1340/1727/6433 1391/1778/6434 1390/1777/6435
f 1392/1779/6436 1345/1732/6437 1344/1731/6438
f 1344/1731/6439 1393/1780/6440 1392/1779/6441
f 1394/1781/6442 1349/1736/6443 1348/1735/6444
f 1348/1735/6445 1395/1782/6446 1394/1781/6447
f 1396/1783/6448 1353/1740/6449 1352/1739/6450
f 1352/1739/6451 1397/1784/6452 1396/1783/6453
f 1398/1785/6454 1356/1743/6455 1359/1746/6456
f 1359/1746/6457 1399/1786/6458 1398/1785/6459
f 1400/1787/6460 1161/1547/6461 1160/1546/6462
f 1160/1546/6463 1401/1788/6464 1400/1787/6465
f 1402/1789/6466 1164/1550/6467 1167/1553/6468
f 1167/1553/6469 1403/1790/6470 1402/1789/6471
f 1404/1791/6472 1168/1554/6473 1171/1557/6474
f 1171/1557/6475 1405/1792/6476 1404/1791/6477
f 1406/1793/6478 1172/1558/6479 1175/1561/6480
f 1175/1561/6481 1407/1794/6482 1406/1793/6483
f 1408/1795/6484 1176/1562/6485 1179/1565/6486
f 1179/1565/6487 1409/1796/6488 1408/1795/6489
f 1410/1797/6490 1180/1566/6491 1183/1569/6492
f 1183/1569/6493 1411/1798/6494 1410/1797/6495
f 1412/1799/6496 1184/1570/6497 1187/1573/6498
f 1187/1573/6499 1413/1800/6500 1412/1799/6501
f 1414/1801/6502 1188/1574/6503 1191/1577/6504
f 1191/1577/6505 1415/1802/6506 1414/1801/6507
f 1416/1803/6508 1192/1578/6509 1195/1581/6510
f 1195/1581/6511 1417/1804/6512 1416/1803/6513
f 1418/1805/6514 1196/1582/6515 1199/1585/6516
f 1199/1585/6517 1419/1806/6518 1418/1805/6519
f 1420/1807/6520 1200/1586/6521 1203/1589/6522
f 1203/1589/6523 1421/1808/6524 1420/1807/6525
f 1422/1809/6526 1204/1590/6527 1207/1593/6528
f 1207/1593/6529 1423/1810/6530 1422/1809/6531
f 1424/1811/6532 1208/1594/6533 1211/1597/6534
f 1211/1597/6535 1425/1812/6536 1424/1811/6537
f 1426/1813/6538 1212/1598/6539 1215/1601/6540
f 1215/1601/6541 1427/1814/6542 1426/1813/6543
f 1428/1815/6544 1216/1602/6545 1219/1605/6546
f 1219/1605/6547 1429/1816/6548 1428/1815/6549
f 1430/1817/6550 1220/1606/6551 1223/1609/6552
f 1223/1609/6553 1431/1818/6554 1430/1817/6555
f 1432/1819/6556 1224/1610/6557 1227/1613/6558
f 1227/1613/6559 1433/1820/6560 1432/1819/6561
f 1434/1821/6562 1228/1614/6563 1231/1617/6564
f 1231/1617/6565 1435/1822/6566 1434/1821/6567
f 1436/1823/6568 1232/1618/6569 1235/1621/6570
f 1235/1621/6571 1437/1824/6572 1436/1823/6573
f 1438/1825/6574 1236/1622/6575 1239/1625/6576
f 1239/1625/6577 1439/1826/6578 1438/1825/6579
f 1401/1788/6580 1440/1827/6581 1441/1828/6582
f 1441/1828/6583 1400/1787/6584 1401/1788/6585
f 1403/1790/6586 1442/1829/6587 1443/1830/6588
f 1443/1830/6589 1402/1789/6590 1403/1790/6591
f 1405/1792/6592 1444/1831/6593 1445/1832/6594
f 1445/1832/6595 1404/1791/6596 1405/1792/6597
f 1407/1794/6598 1446/1833/6599 1447/1834/6600
f 1447/1834/6601 1406/1793/6602 1407/1794/6603
f 1409/1796/6604 1448/1835/6605 1449/1836/6606
f 1449/1836/6607 1408/1795/6608 1409/1796/6609
f 1411/1798/6610 1450/1837/6611 1451/1838/6612
f 1451/1838/6613 1410/1797/6614 1411/1798/6615
f 1413/1800/6616 1452/1839/6617 1453/1840/6618
f 1453/1840/6619 1412/1799/6620 1413/1800/6621
f 1415/1802/6622 1454/1841/6623 1455/1842/6624
f 1455/1842/6625 1414/1801/6626 1415/1802/6627
f 1417/1804/6628 1456/1843/6629 1457/1844/6630
f 1457/1844/6631 1416/1803/6632 1417/1804/6633
f 1419/1806/6634 1458/1845/6635 1459/1846/6636
f 1459/1846/6637 1418/1805/6638 1419/1806/6639
f 1421/1808/6640 1460/1847/6641 1461/1848/6642
f 1461/1848/6643 1420/1807/6644 1421/1808/6645
f 1423/1810/6646 1462/1849/6647 1463/1850/6648
f 1463/1850/6649 1422/1809/6650 1423/1810/6651
f 1425/1812/6652 1464/1851/6653 1465/1852/6654
f 1465/1852/6655 1424/1811/6656 1425/1812/6657
f 1427/1814/6658 1466/1853/6659 1467/1854/6660
f 1467/1854/6661 1426/1813/6662 1427/1814/6663
f 1429/1816/6664 1468/1855/6665 1469/1856/6666
f 1469/1856/6667 1428/1815/6668 1429/1816/6669
f 1431/1818/6670 1470/1857/6671 1471/1858/6672
f 1471/1858/6673 1430/1817/6674 1431/1818/6675
f 1433/1820/6676 1472/1859/6677 1473/1860/6678
f 1473/1860/6679 1432/1819/6680 1433/1820/6681
f 1435/1822/6682 1474/1861/6683 1475/1862/6684
f 1475/1862/6685 1434/1821/6686 1435/1822/6687
f 1437/1824/6688 1476/1863/6689 1477/1864/6690
f 1477/1864/6691 1436/1823/6692 1437/1824/6693
f 1439/1826/6694 1478/1865/6695 1479/1866/6696
f 1479/1866/6697 1438/1825/6698 1439/1826/6699
f 1480/1867/6700 1481/1868/6701 1441/1828/6702
f 1441/1828/6703 1440/1827/6704 1480/1867/6705
f 1482/1869/6706 1443/1830/6707 1442/1829/6708
f 1442/1829/6709 1483/1870/6710 1482/1869/6711
f 1484/1871/6712 1445/1832/6713 1444/1831/6714
f 1444/1831/6715 1485/1872/6716 1484/1871/6717
f 1486/1873/6718 1447/1834/6719 1446/1833/6720
f 1446/1833/6721 1487/1874/6722 1486/1873/6723
f 1488/1875/6724 1449/1836/6725 1448/1835/6726
f 1448/1835/6727 1489/1876/6728 1488/1875/6729
f 1490/1877/6730 1451/1838/6731 1450/1837/6732
f 1450/1837/6733 1491/1878/6734 1490/1877/6735
f 1492/1879/6736 1453/1840/6737 1452/1839/6738
f 1452/1839/6739 1493/1880/6740 1492/1879/6741
f 1494/1881/6742 1455/1842/6743 1454/1841/6744
f 1454/1841/6745 1495/1882/6746 1494/1881/6747
f 1496/1883/6748 1457/1844/6749 1456/1843/6750
f 1456/1843/6751 1497/1884/6752 1496/1883/6753
f 1498/1885/6754 1459/1846/6755 1458/1845/6756
f 1458/1845/6757 1499/1886/6758 1498/1885/6759
f 1500/1887/6760 1461/1848/6761 1460/1847/6762
f 1460/1847/6763 1501/1888/6764 1500/1887/6765
f 1502/1889/6766 1463/1850/6767 1462/1849/6768
f 1462/1849/6769 1503/1890/6770 1502/1889/6771
f 1504/1891/6772 1465/1852/6773 1464/1851/6774
f 1464/1851/6775 1505/1892/6776 1504/1891/6777
f 1506/1893/6778 1467/1854/6779 1466/1853/6780
f 1466/1853/6781 1507/1894/6782 1506/1893/6783
f 1508/1895/6784 1469/1856/6785 1468/1855/6786
f 1468/1855/6787 1509/1896/6788 1508/1895/6789
f 1510/1897/6790 1471/1858/6791 1470/1857/6792
f 1470/1857/6793 1511/1898/6794 1510/1897/6795
f 1512/1899/6796 1473/1860/6797 1472/1859/6798
f 1472/1859/6799 1513/1900/6800 1512/1899/6801
f 1514/1901/6802 1475/1862/6803 1474/1861/6804
f 1474/1861/6805 1515/1902/6806 1514/1901/6807
f 1516/1903/6808 1477/1864/6809 1476/1863/6810
f 1476/1863/6811 1517/1904/6812 1516/1903/6813
f 1518/1905/6814 1479/1866/6815 1478/1865/6816
f 1478/1865/6817 1519/1906/6818 1518/1905/6819
f 1520/1907/6820 1521/1908/6821 1481/1868/6822
f 1481/1868/6823 1480/1867/6824 1520/1907/6825
f 1522/1909/6826 1482/1869/6827 1483/1870/6828
f 1483/1870/6829 1523/1910/6830 1522/1909/6831
f 1524/1911/6832 1484/1871/6833 1485/1872/6834
f 1485/1872/6835 1525/1912/6836 1524/1911/6837
f 1526/1913/6838 1486/1873/6839 1487/1874/6840
f 1487/1874/6841 1527/1914/6842 1526/1913/6843
f 1528/1915/6844 1488/1875/6845 1489/1876/6846
f 1489/1876/6847 1529/1916/6848 1528/1915/6849
f 1530/1917/6850 1490/1877/6851 1491/1878/6852
f 1491/1878/6853 1531/1918/6854 1530/1917/6855
f 1532/1919/6856 1492/1879/6857 1493/1880/6858
f 1493/1880/6859 1533/1920/6860 1532/1919/6861
f 1534/1921/6862 1494/1881/6863 1495/1882/6864
f 1495/1882/6865 1535/1922/6866 1534/1921/6867
f 1536/1923/6868 1496/1883/6869 1497/1884/6870
f 1497/1884/6871 1537/1924/6872 1536/1923/6873
f 1538/1925/6874 1498/1885/6875 1499/1886/6876
f 1499/1886/6877 1539/1926/6878 1538/1925/6879
f 1540/1927/6880 1500/1887/6881 1501/1888/6882
f 1501/1888/6883 1541/1928/6884 1540/1927/6885
f 1542/1929/6886 1502/1889/6887 1503/1890/6888
f 1503/1890/6889 1543/1930/6890 1542/1929/6891
f 1544/1931/6892 1504/1891/6893 1505/1892/6894
f 1505/1892/6895 1545/1932/6896 1544/1931/6897
f 1546/1933/6898 1506/1893/6899 1507/1894/6900
f 1507/1894/6901 1547/1934/6902 1546/1933/6903
f 1548/1935/6904 1508/1895/6905 1509/1896/6906
f 1509/1896/6907 1549/1936/6908 1548/1935/6909
f 1550/1937/6910 1510/1897/6911 1511/1898/6912
f 1511/1898/6913 1551/1938/6914 1550/1937/6915
f 1552/1939/6916 1512/1899/6917 1513/1900/6918
f 1513/1900/6919 1553/1940/6920 1552/1939/6921
f 1554/1941/6922 1514/1901/6923 1515/1902/6924
f 1515/1902/6925 1555/1942/6926 1554/1941/6927
f 1556/1943/6928 1516/1903/6929 1517/1904/6930
f 1517/1904/6931 1557/1944/6932 1556/1943/6933
f 1558/1945/6934 1518/1905/6935 1519/1906/6936
f 1519/1906/6937 1559/1946/6938 1558/1945/6939
f 1481/1868/6940 1521/1908/6941 1559/1946/6942
f 1559/1946/6943 1519/1906/6944 1481/1868/6945
f 1517/1904/6946 1518/1905/6947 1558/1945/6948
f 1558/1945/6949 1557/1944/6950 1517/1904/6951
f 1515/1902/6952 1516/1903/6953 1556/1943/6954
f 1556/1943/6955 1555/1942/6956 1515/1902/6957
f 1513/1900/6958 1514/1901/6959 1554/1941/6960
f 1554/1941/6961 1553/1940/6962 1513/1900/6963
f 1511/1898/6964 1512/1899/6965 1552/1939/6966
f 1552/1939/6967 1551/1938/6968 1511/1898/6969
f 1509/1896/6970 1510/1897/6971 1550/1937/6972
f 1550/1937/6973 1549/1936/6974 1509/1896/6975
f 1507/1894/6976 1508/1947/6977 1548/1948/6978
f 1548/1948/6979 1547/1934/6980 1507/1894/6981
f 1505/1892/6982 1506/1893/6983 1546/1933/6984
f 1546/1933/6985 1545/1932/6986 1505/1892/6987
f 1503/1890/6988 1504/1891/6989 1544/1931/6990
f 1544/1931/6991 1543/1930/6992 1503/1890/6993
f 1501/1888/6994 1502/1889/6995 1542/1929/6996
f 1542/1929/6997 1541/1928/6998 1501/1888/6999
f 1499/1886/7000 1500/1887/7001 1540/1927/7002
f 1540/1927/7003 1539/1926/7004 1499/1886/7005
f 1497/1884/7006 1498/1885/7007 1538/1925/7008
f 1538/1925/7009 1537/1924/7010 1497/1884/7011
f 1495/1882/7012 1496/1883/7013 1536/1923/7014
f 1536/1923/7015 1535/1922/7016 1495/1882/7017
f 1493/1880/7018 1494/1881/7019 1534/1921/7020
f 1534/1921/7021 1533/1920/7022 1493/1880/7023
f 1491/1878/7024 1492/1879/7025 1532/1919/7026
f 1532/1919/7027 1531/1918/7028 1491/1878/7029
f 1489/1876/7030 1490/1877/7031 1530/1917/7032
f 1530/1917/7033 1529/1916/7034 1489/1876/7035
f 1487/1874/7036 1488/1875/7037 1528/1915/7038
f 1528/1915/7039 1527/1914/7040 1487/1874/7041
f 1485/1872/7042 1486/1873/7043 1526/1913/7044
f 1526/1913/7045 1525/1912/7046 1485/1872/7047
f 1483/1870/7048 1484/1871/7049 1524/1911/7050
f 1524/1911/7051 1523/1910/7052 1483/1870/7053
f 1480/1867/7054 1482/1869/7055 1522/1909/7056
f 1522/1909/7057 1520/1907/7058 1480/1867/7059
f 1441/1828/7060 1481/1868/7061 1519/1906/7062
f 1519/1906/7063 1478/1865/6816 1441/1828/7064
f 1476/1863/7065 1479/1866/7066 1518/1905/7067
f 1518/1905/7068 1517/1904/7069 1476/1863/7070
f 1474/1861/7071 1477/1864/7072 1516/1903/7073
f 1516/1903/7074 1515/1902/7075 1474/1861/7076
f 1472/1859/7077 1475/1862/7078 1514/1901/7079
f 1514/1901/7080 1513/1900/7081 1472/1859/7082
f 1470/1857/7083 1473/1860/7084 1512/1899/7085
f 1512/1899/7086 1511/1898/7087 1470/1857/7088
f 1468/1855/7089 1471/1858/7090 1510/1897/7091
f 1510/1897/7092 1509/1896/7093 1468/1855/7094
f 1466/1853/7095 1469/1949/7096 1508/1947/7097
f 1508/1947/7098 1507/1894/7099 1466/1853/7100
f 1464/1851/7101 1467/1854/7102 1506/1893/7103
f 1506/1893/7104 1505/1892/7105 1464/1851/7106
f 1462/1849/7107 1465/1852/7108 1504/1891/7109
f 1504/1891/7110 1503/1890/7111 1462/1849/7112
f 1460/1847/7113 1463/1850/7114 1502/1889/7115
f 1502/1889/7116 1501/1888/7117 1460/1847/7118
f 1458/1845/7119 1461/1848/7120 1500/1887/7121
f 1500/1887/7122 1499/1886/7123 1458/1845/7124
f 1456/1843/7125 1459/1846/7126 1498/1885/7127
f 1498/1885/7128 1497/1884/7129 1456/1843/7130
f 1454/1841/7131 1457/1844/7132 1496/1883/7133
f 1496/1883/7134 1495/1882/7135 1454/1841/7136
f 1452/1839/7137 1455/1842/7138 1494/1881/7139
f 1494/1881/7140 1493/1880/7141 1452/1839/7142
f 1450/1837/7143 1453/1840/7144 1492/1879/7145
f 1492/1879/7146 1491/1878/7147 1450/1837/7148
f 1448/1835/7149 1451/1838/7150 1490/1877/7151
f 1490/1877/7152 1489/1876/7153 1448/1835/7154
f 1446/1833/7155 1449/1836/7156 1488/1875/7157
f 1488/1875/7158 1487/1874/7159 1446/1833/7160
f 1444/1831/7161 1447/1834/7162 1486/1873/7163
f 1486/1873/7164 1485/1872/7165 1444/1831/7166
f 1442/1829/7167 1445/1832/7168 1484/1871/7169
f 1484/1871/7170 1483/1870/7171 1442/1829/7172
f 1440/1827/7173 1443/1830/7174 1482/1869/7175
f 1482/1869/7176 1480/1867/7177 1440/1827/7178
f 1400/1787/7179 1441/1828/7180 1478/1865/7181
f 1478/1865/7182 1439/1826/7183 1400/1787/7184
f 1438/1825/7185 1479/1866/7186 1476/1863/7187
f 1476/1863/7188 1437/1824/7189 1438/1825/7190
f 1436/1823/7191 1477/1864/7192 1474/1861/7193
f 1474/1861/7194 1435/1822/7195 1436/1823/7196
f 1434/1821/7197 1475/1862/7198 1472/1859/7199
f 1472/1859/7200 1433/1820/7201 1434/1821/7202
f 1432/1819/7203 1473/1860/7204 1470/1857/7205
f 1470/1857/7206 1431/1818/7207 1432/1819/7208
f 1430/1817/7209 1471/1858/7210 1468/1855/7211
f 1468/1855/7212 1429/1816/7213 1430/1817/7214
f 1428/1950/7215 1469/1949/7216 1466/1853/7217
f 1466/1853/7218 1427/1814/7219 1428/1950/7220
f 1426/1813/7221 1467/1854/7222 1464/1851/7223
f 1464/1851/7224 1425/1812/7225 1426/1813/7226
f 1424/1811/7227 1465/1852/7228 1462/1849/7229
f 1462/1849/7230 1423/1810/7231 1424/1811/7232
f 1422/1809/7233 1463/1850/7234 1460/1847/7235
f 1460/1847/7236 1421/1808/7237 1422/1809/7238
f 1420/1807/7239 1461/1848/7240 1458/1845/7241
f 1458/1845/7242 1419/1806/7243 1420/1807/7244
f 1418/1805/7245 1459/1846/7246 1456/1843/7247
f 1456/1843/7248 1417/1804/7249 1418/1805/7250
f 1416/1803/7251 1457/1844/7252 1454/1841/7253
f 1454/1841/7254 1415/1802/7255 1416/1803/7256
f 1414/1801/7257 1455/1842/7258 1452/1839/7259
f 1452/1839/7260 1413/1800/7261 1414/1801/7262
f 1412/1799/7263 1453/1840/7264 1450/1837/7265
f 1450/1837/7266 1411/1798/7267 1412/1799/7268
f 1410/1797/7269 1451/1838/7270 1448/1835/7271
f 1448/1835/7272 1409/1796/7273 1410/1797/7274
f 1408/1795/7275 1449/1836/7276 1446/1833/7277
f 1446/1833/7278 1407/1794/7279 1408/1795/7280
f 1406/1793/7281 1447/1834/7282 1444/1831/7283
f 1444/1831/7284 1405/1792/7285 1406/1793/7286
f 1404/1791/7287 1445/1832/7288 1442/1829/7289
f 1442/1829/7290 1403/1790/7291 1404/1791/7292
f 1402/1789/7293 1443/1830/7294 1440/1827/7295
f 1440/1827/7296 1401/1788/7297 1402/1789/7298
f 1161/1547/7299 1400/1787/7300 1439/1826/7301
f 1439/1826/7302 1239/1625/7303 1161/1547/7304
f 1236/1622/7305 1438/1825/7306 1437/1824/7307
f 1437/1824/7308 1235/1621/7309 1236/1622/7310
f 1232/1618/7311 1436/1823/7312 1435/1822/7313
f 1435/1822/7314 1231/1617/7315 1232/1618/7316
f 1228/1614/7317 1434/1821/7318 1433/1820/7319
f 1433/1820/7320 1227/1613/7321 1228/1614/7322
f 1224/1610/7323 1432/1819/7324 1431/1818/7325
f 1431/1818/7326 1223/1609/7327 1224/1610/7328
f 1220/1606/7329 1430/1817/7330 1429/1816/7331
f 1429/1816/7332 1219/1605/7333 1220/1606/7334
f 1216/1951/7335 1428/1950/7336 1427/1814/7337
f 1427/1814/7338 1215/1601/7339 1216/1951/7340
f 1212/1598/7341 1426/1813/7342 1425/1812/7343
f 1425/1812/7344 1211/1597/7345 1212/1598/7346
f 1208/1594/7347 1424/1811/7348 1423/1810/7349
f 1423/1810/7350 1207/1593/7351 1208/1594/7352
f 1204/1590/7353 1422/1809/7354 1421/1808/7355
f 1421/1808/7356 1203/1589/7357 1204/1590/7358
f 1200/1586/7359 1420/1807/7360 1419/1806/7361
f 1419/1806/7362 1199/1585/7363 1200/1586/7364
f 1196/1582/7365 1418/1805/7366 1417/1804/7367
f 1417/1804/7368 1195/1581/7369 1196/1582/7370
f 1192/1578/7371 1416/1803/7372 1415/1802/7373
f 1415/1802/7374 1191/1577/7375 1192/1578/7376
f 1188/1574/7377 1414/1801/7378 1413/1800/7379
f 1413/1800/7380 1187/1573/7381 1188/1574/7382
f 1184/1570/7383 1412/1799/7384 1411/1798/7385
f 1411/1798/7386 1183/1569/7387 1184/1570/7388
f 1180/1566/7389 1410/1797/7390 1409/1796/7391
f 1409/1796/7392 1179/1565/7393 1180/1566/7394
f 1176/1562/7395 1408/1795/7396 1407/1794/7397
f 1407/1794/7398 1175/1561/7399 1176/1562/7400
f 1172/1558/7401 1406/1793/7402 1405/1792/7403
f 1405/1792/7404 1171/1557/7405 1172/1558/7406
f 1168/1554/7407 1404/1791/7408 1403/1790/7409
f 1403/1790/7410 1167/1553/7411 1168/1554/7412
f 1164/1550/7413 1402/1789/7414 1401/1788/7415
f 1401/1788/7416 1160/1546/7417 1164/1550/7418
f 1560/1952/7419 1561/1953/7420 1399/1786/7421
f 1399/1786/7422 1396/1783/7423 1560/1952/7424
f 1353/1740/7425 1396/1783/7426 1399/1786/7427
f 1399/1786/7428 1359/1746/7429 1353/1740/7430
f 1562/1954/7431 1398/1785/7432 1399/1786/7433
f 1399/1786/7434 1561/1953/7435 1562/1954/7436
f 1563/1955/7437 1564/1956/7438 1397/1784/7439
f 1397/1784/7440 1394/1781/7441 1563/1955/7442
f 1349/1736/7443 1394/1781/7444 1397/1784/7445
f 1397/1784/7446 1352/1739/7447 1349/1736/7448
f 1560/1952/7449 1396/1783/7450 1397/1784/7451
f 1397/1784/7452 1564/1956/7453 1560/1952/7454
f 1565/1957/7455 1566/1958/7456 1395/1782/7457
f 1395/1782/7458 1392/1779/7459 1565/1957/7460
f 1345/1732/7461 1392/1779/7462 1395/1782/7463
f 1395/1782/7464 1348/1735/7465 1345/1732/7466
f 1563/1955/7467 1394/1781/7468 1395/1782/7469
f 1395/1782/7470 1566/1958/7471 1563/1955/7472
f 1567/1959/7473 1568/1960/7474 1393/1780/7475
f 1393/1780/7476 1390/1777/7477 1567/1959/7478
f 1341/1728/7479 1390/1777/7480 1393/1780/7481
f 1393/1780/7482 1344/1731/7483 1341/1728/7484
f 1565/1957/7485 1392/1779/7486 1393/1780/7487
f 1393/1780/7488 1568/1960/7489 1565/1957/7490
f 1569/1961/7491 1570/1962/7492 1391/1778/7493
f 1391/1778/7494 1388/1775/7495 1569/1961/7496
f 1337/1724/7497 1388/1775/7498 1391/1778/7499
f 1391/1778/7500 1340/1727/7501 1337/1724/7502
f 1567/1959/7503 1390/1777/7504 1391/1778/7505
f 1391/1778/7506 1570/1962/7507 1567/1959/7508
f 1571/1963/7509 1572/1964/7510 1389/1776/7511
f 1389/1776/7512 1386/1965/7513 1571/1963/7514
f 1333/1966/7515 1386/1965/7516 1389/1776/7517
f 1389/1776/7518 1336/1723/7519 1333/1966/7520
f 1569/1961/7521 1388/1775/7522 1389/1776/7523
f 1389/1776/7524 1572/1964/7525 1569/1961/7526
f 1573/1967/7527 1574/1968/7528 1387/1774/7529
f 1387/1774/7530 1384/1771/7531 1573/1967/7532
f 1329/1716/7533 1384/1771/7534 1387/1774/7535
f 1387/1774/7536 1332/1719/7537 1329/1716/7538
f 1571/1969/7539 1386/1773/7540 1387/1774/7541
f 1387/1774/7542 1574/1968/7543 1571/1969/7544
f 1575/1970/7545 1576/1971/7546 1385/1772/7547
f 1385/1772/7548 1382/1769/7549 1575/1970/7550
f 1325/1712/7551 1382/1769/7552 1385/1772/7553
f 1385/1772/7554 1328/1715/7555 1325/1712/7556
f 1573/1967/7557 1384/1771/7558 1385/1772/7559
f 1385/1772/7560 1576/1971/7561 1573/1967/7562
f 1577/1972/7563 1578/1973/7564 1383/1770/7565
f 1383/1770/7566 1380/1767/7567 1577/1972/7568
f 1321/1708/7569 1380/1767/7570 1383/1770/7571
f 1383/1770/7572 1324/1711/7573 1321/1708/7574
f 1575/1970/7575 1382/1769/7576 1383/1770/7577
f 1383/1770/7578 1578/1973/7579 1575/1970/7580
f 1579/1974/7581 1580/1975/7582 1381/1768/7583
f 1381/1768/7584 1378/1765/7585 1579/1974/7586
f 1317/1704/7587 1378/1765/7588 1381/1768/7589
f 1381/1768/7590 1320/1707/7591 1317/1704/7592
f 1577/1972/7593 1380/1767/7594 1381/1768/7595
f 1381/1768/7596 1580/1975/7597 1577/1972/7598
f 1581/1976/7599 1582/1977/7600 1379/1766/7601
f 1379/1766/7602 1376/1763/7603 1581/1976/7604
f 1313/1700/7605 1376/1763/7606 1379/1766/7607
f 1379/1766/7608 1316/1703/7609 1313/1700/7610
f 1579/1974/7611 1378/1765/7612 1379/1766/7613
f 1379/1766/7614 1582/1977/7615 1579/1974/7616
f 1583/1978/7617 1584/1979/7618 1377/1764/7619
f 1377/1764/7620 1374/1761/7621 1583/1978/7622
f 1309/1696/7623 1374/1761/7624 1377/1764/7625
f 1377/1764/7626 1312/1699/7627 1309/1696/7628
f 1581/1976/7629 1376/1763/7630 1377/1764/7631
f 1377/1764/7632 1584/1979/7633 1581/1976/7634
f 1585/1980/7635 1586/1981/7636 1375/1762/7637
f 1375/1762/7638 1372/1759/7639 1585/1980/7640
f 1305/1692/7641 1372/1759/7642 1375/1762/7643
f 1375/1762/7644 1308/1695/7645 1305/1692/7646
f 1583/1978/7647 1374/1761/7648 1375/1762/7649
f 1375/1762/7650 1586/1981/7651 1583/1978/7652
f 1587/1982/7653 1588/1983/7654 1373/1760/7655
f 1373/1760/7656 1370/1757/7657 1587/1982/7658
f 1301/1688/7659 1370/1757/7660 1373/1760/7661
f 1373/1760/7662 1304/1691/7663 1301/1688/7664
f 1585/1980/7665 1372/1759/7666 1373/1760/7667
f 1373/1760/7668 1588/1983/7669 1585/1980/7670
f 1589/1984/7671 1590/1985/7672 1371/1758/7673
f 1371/1758/7674 1368/1755/7675 1589/1984/7676
f 1297/1684/7677 1368/1755/7678 1371/1758/7679
f 1371/1758/7680 1300/1687/7681 1297/1684/7682
f 1587/1982/7683 1370/1757/7684 1371/1758/7685
f 1371/1758/7686 1590/1985/7687 1587/1982/7688
f 1591/1986/7689 1592/1987/7690 1369/1756/7691
f 1369/1756/7692 1366/1753/7693 1591/1986/7694
f 1293/1680/7695 1366/1753/7696 1369/1756/7697
f 1369/1756/7698 1296/1683/7699 1293/1680/7700
f 1589/1984/7701 1368/1755/7702 1369/1756/7703
f 1369/1756/7704 1592/1987/7705 1589/1984/7706
f 1593/1988/7707 1594/1989/7708 1367/1754/7709
f 1367/1754/7710 1364/1751/7711 1593/1988/7712
f 1289/1676/7713 1364/1751/7714 1367/1754/7715
f 1367/1754/7716 1292/1679/7717 1289/1676/7718
f 1591/1986/7719 1366/1753/7720 1367/1754/7721
f 1367/1754/7722 1594/1989/7723 1591/1986/7724
f 1595/1990/7725 1596/1991/7726 1365/1752/7727
f 1365/1752/7728 1362/1749/7729 1595/1990/7730
f 1285/1672/7731 1362/1749/7732 1365/1752/7733
f 1365/1752/7734 1288/1675/7735 1285/1672/7736
f 1593/1988/7737 1364/1751/7738 1365/1752/7739
f 1365/1752/7740 1596/1991/7741 1593/1988/7742
f 1597/1992/7743 1598/1993/7744 1363/1750/7745
f 1363/1750/7746 1360/1747/7747 1597/1992/7748
f 1281/1668/7749 1360/1747/7750 1363/1750/7751
f 1363/1750/7752 1284/1671/7753 1281/1668/7754
f 1595/1990/7755 1362/1749/7756 1363/1750/7757
f 1363/1750/7758 1598/1993/7759 1595/1990/7760
f 1562/1954/7761 1599/1994/7762 1361/1748/7763
f 1361/1748/7764 1398/1785/7765 1562/1954/7766
f 1356/1743/7767 1398/1785/7768 1361/1748/7769
f 1361/1748/7770 1280/1667/7771 1356/1743/7772
f 1597/1992/7773 1360/1747/7774 1361/1748/7775
f 1361/1748/7776 1599/1994/7777 1597/1992/7778
f 1354/1741/7779 1353/1740/7780 1359/1746/7781
f 1359/1746/7782 1358/1745/7783 1354/1741/7784
f 1350/1737/7785 1349/1736/7786 1352/1739/7787
f 1352/1739/7788 1355/1742/7789 1350/1737/7790
f 1346/1733/7791 1345/1732/7792 1348/1735/7793
f 1348/1735/7794 1351/1738/7795 1346/1733/7796
f 1342/1729/7797 1341/1728/7798 1344/1731/7799
f 1344/1731/7800 1347/1734/7801 1342/1729/7802
f 1338/1725/7803 1337/1724/7804 1340/1727/7805
f 1340/1727/7806 1343/1730/7807 1338/1725/7808
f 1334/1995/7809 1333/1966/7810 1336/1723/7811
f 1336/1723/7812 1339/1726/7813 1334/1995/7814
f 1330/1717/7815 1329/1716/7816 1332/1719/7817
f 1332/1719/7818 1335/1722/7819 1330/1717/7820
f 1326/1713/7821 1325/1712/7822 1328/1715/7823
f 1328/1715/7824 1331/1718/7825 1326/1713/7826
f 1322/1709/7827 1321/1708/7828 1324/1711/7829
f 1324/1711/7830 1327/1714/7831 1322/1709/7832
f 1318/1705/7833 1317/1704/7834 1320/1707/7835
f 1320/1707/7836 1323/1710/7837 1318/1705/7838
f 1314/1701/7839 1313/1700/7840 1316/1703/7841
f 1316/1703/7842 1319/1706/7843 1314/1701/7844
f 1310/1697/7845 1309/1696/7846 1312/1699/7847
f 1312/1699/7848 1315/1702/7849 1310/1697/7850
f 1306/1693/7851 1305/1692/7852 1308/1695/7853
f 1308/1695/7854 1311/1698/7855 1306/1693/7856
f 1302/1689/7857 1301/1688/7858 1304/1691/7859
f 1304/1691/7860 1307/1694/7861 1302/1689/7862
f 1298/1685/7863 1297/1684/7864 1300/1687/7865
f 1300/1687/7866 1303/1690/7867 1298/1685/7868
f 1294/1681/7869 1293/1680/7870 1296/1683/7871
f 1296/1683/7872 1299/1686/7873 1294/1681/7874
f 1290/1677/7875 1289/1676/7876 1292/1679/7877
f 1292/1679/7878 1295/1682/7879 1290/1677/7880
f 1286/1673/7881 1285/1672/7882 1288/1675/7883
f 1288/1675/7884 1291/1678/7885 1286/1673/7886
f 1282/1669/7887 1281/1668/7888 1284/1671/7889
f 1284/1671/7890 1287/1674/7891 1282/1669/7892
f 1283/1670/7893 1357/1744/7894 1356/1743/7895
f 1356/1743/7896 1280/1667/7897 1283/1670/7898
f 1354/1996/7899 1358/1997/7900 1279/1666/7901
f 1279/1666/7902 1276/1663/7903 1354/1996/7904
f 1237/1623/7905 1276/1663/7906 1279/1666/7907
f 1279/1666/7908 1238/1624/7909 1237/1623/7910
f 1357/1998/7911 1278/1665/7912 1279/1666/7913
f 1279/1666/7914 1358/1997/7915 1357/1998/7916
f 1350/1999/7917 1355/2000/7918 1277/1664/7919
f 1277/1664/7920 1274/1661/7921 1350/1999/7922
f 1233/1619/7923 1274/1661/7924 1277/1664/7925
f 1277/1664/7926 1234/1620/7927 1233/1619/7928
f 1354/1996/7929 1276/1663/7930 1277/1664/7931
f 1277/1664/7932 1355/2000/7933 1354/1996/7934
f 1346/2001/7935 1351/2002/7936 1275/1662/7937
f 1275/1662/7938 1272/1659/7939 1346/2001/7940
f 1229/1615/7941 1272/1659/7942 1275/1662/7943
f 1275/1662/7944 1230/1616/7945 1229/1615/7946
f 1350/1999/7947 1274/1661/7948 1275/1662/7949
f 1275/1662/7950 1351/2002/7951 1350/1999/7952
f 1342/2003/7953 1347/2004/7954 1273/1660/7955
f 1273/1660/7956 1270/1657/7957 1342/2003/7958
f 1225/1611/7959 1270/1657/7960 1273/1660/7961
f 1273/1660/7962 1226/1612/7963 1225/1611/7964
f 1346/2001/7965 1272/1659/7966 1273/1660/7967
f 1273/1660/7968 1347/2004/7969 1346/2001/7970
f 1338/2005/7971 1343/2006/7972 1271/1658/7973
f 1271/1658/7974 1268/1655/7975 1338/2005/7976
f 1221/1607/7977 1268/1655/7978 1271/1658/7979
f 1271/1658/7980 1222/1608/7981 1221/1607/7982
f 1342/2003/7983 1270/1657/7984 1271/1658/7985
f 1271/1658/7986 1343/2006/7987 1342/2003/7988
f 1334/2007/7989 1339/2008/7990 1269/1656/7991
f 1269/1656/7992 1266/2009/7993 1334/2007/7994
f 1217/1603/7995 1266/2009/7996 1269/1656/7997
f 1269/1656/7998 1218/1604/7999 1217/1603/8000
f 1338/2005/8001 1268/1655/8002 1269/1656/8003
f 1269/1656/8004 1339/2008/8005 1338/2005/8006
f 1330/2010/8007 1335/2011/8008 1267/1654/8009
f 1267/1654/8010 1264/1650/8011 1330/2010/8012
f 1213/1599/8013 1264/1650/8014 1267/1654/8015
f 1267/1654/8016 1214/1600/8017 1213/1599/8018
f 1334/2012/8019 1266/1652/8020 1267/1654/8021
f 1267/1654/8022 1335/2011/8023 1334/2012/8024
f 1326/2013/8025 1331/2014/8026 1265/1651/8027
f 1265/1651/8028 1262/1648/8029 1326/2013/8030
f 1209/1595/8031 1262/1648/8032 1265/1651/8033
f 1265/1651/8034 1210/1596/8035 1209/1595/8036
f 1330/2010/8037 1264/1650/8038 1265/1651/8039
f 1265/1651/8040 1331/2014/8041 1330/2010/8042
f 1322/2015/8043 1327/2016/8044 1263/1649/8045
f 1263/1649/8046 1260/1646/8047 1322/2015/8048
f 1205/1591/8049 1260/1646/8050 1263/1649/8051
f 1263/1649/8052 1206/1592/8053 1205/1591/8054
f 1326/2013/8055 1262/1648/8056 1263/1649/8057
f 1263/1649/8058 1327/2016/8059 1326/2013/8060
f 1318/2017/8061 1323/2018/8062 1261/1647/8063
f 1261/1647/8064 1258/1644/8065 1318/2017/8066
f 1201/1587/8067 1258/1644/8068 1261/1647/8069
f 1261/1647/8070 1202/1588/8071 1201/1587/8072
f 1322/2015/8073 1260/1646/8074 1261/1647/8075
f 1261/1647/8076 1323/2018/8077 1322/2015/8078
f 1314/2019/8079 1319/2020/8080 1259/1645/8081
f 1259/1645/8082 1256/1642/8083 1314/2019/8084
f 1197/1583/8085 1256/1642/8086 1259/1645/8087
f 1259/1645/8088 1198/1584/8089 1197/1583/8090
f 1318/2017/8091 1258/1644/8092 1259/1645/8093
f 1259/1645/8094 1319/2020/8095 1318/2017/8096
f 1310/2021/8097 1315/2022/8098 1257/1643/8099
f 1257/1643/8100 1254/1640/8101 1310/2021/8102
f 1193/1579/8103 1254/1640/8104 1257/1643/8105
f 1257/1643/8106 1194/1580/8107 1193/1579/8108
f 1314/2019/8109 1256/1642/8110 1257/1643/8111
f 1257/1643/8112 1315/2022/8113 1314/2019/8114
f 1306/2023/8115 1311/2024/8116 1255/1641/8117
f 1255/1641/8118 1252/1638/8119 1306/2023/8120
f 1189/1575/8121 1252/1638/8122 1255/1641/8123
f 1255/1641/8124 1190/1576/8125 1189/1575/8126
f 1310/2021/8127 1254/1640/8128 1255/1641/8129
f 1255/1641/8130 1311/2024/8131 1310/2021/8132
f 1302/2025/8133 1307/2026/8134 1253/1639/8135
f 1253/1639/8136 1250/1636/8137 1302/2025/8138
f 1185/1571/8139 1250/1636/8140 1253/1639/8141
f 1253/1639/8142 1186/1572/8143 1185/1571/8144
f 1306/2023/8145 1252/1638/8146 1253/1639/8147
f 1253/1639/8148 1307/2026/8149 1306/2023/8150
f 1298/2027/8151 1303/2028/8152 1251/1637/8153
f 1251/1637/8154 1248/1634/8155 1298/2027/8156
f 1181/1567/8157 1248/1634/8158 1251/1637/8159
f 1251/1637/8160 1182/1568/8161 1181/1567/8162
f 1302/2025/8163 1250/1636/8164 1251/1637/8165
f 1251/1637/8166 1303/2028/8167 1302/2025/8168
f 1294/2029/8169 1299/2030/8170 1249/1635/8171
f 1249/1635/8172 1246/1632/8173 1294/2029/8174
f 1177/1563/8175 1246/1632/8176 1249/1635/8177
f 1249/1635/8178 1178/1564/8179 1177/1563/8180
f 1298/2027/8181 1248/1634/8182 1249/1635/8183
f 1249/1635/8184 1299/2030/8185 1298/2027/8186
f 1290/2031/8187 1295/2032/8188 1247/1633/8189
f 1247/1633/8190 1244/1630/8191 1290/2031/8192
f 1173/1559/8193 1244/1630/8194 1247/1633/8195
f 1247/1633/8196 1174/1560/8197 1173/1559/8198
f 1294/2029/8199 1246/1632/8200 1247/1633/8201
f 1247/1633/8202 1295/2032/8203 1294/2029/8204
f 1286/2033/8205 1291/2034/8206 1245/1631/8207
f 1245/1631/8208 1242/1628/8209 1286/2033/8210
f 1169/1555/8211 1242/1628/8212 1245/1631/8213
f 1245/1631/8214 1170/1556/8215 1169/1555/8216
f 1290/2031/8217 1244/1630/8218 1245/1631/8219
f 1245/1631/8220 1291/2034/8221 1290/2031/8222
f 1282/2035/8223 1287/2036/8224 1243/1629/8225
f 1243/1629/8226 1240/1626/8227 1282/2035/8228
f 1165/1551/8229 1240/1626/8230 1243/1629/8231
f 1243/1629/8232 1166/1552/8233 1165/1551/8234
f 1286/2033/8235 1242/1628/8236 1243/1629/8237
f 1243/1629/8238 1287/2036/8239 1286/2033/8240
f 1357/1998/8241 1283/2037/8242 1241/1627/8243
f 1241/1627/8244 1278/1665/8245 1357/1998/8246
f 1162/1548/8247 1278/1665/8248 1241/1627/8249
f 1241/1627/8250 1163/1549/8251 1162/1548/8252
f 1282/2035/8253 1240/1626/8254 1241/1627/8255
f 1241/1627/8256 1283/2037/8257 1282/2035/8258
f 1162/1548/8259 1161/1547/8260 1239/1625/8261
f 1239/1625/8262 1238/1624/8263 1162/1548/8264
f 1234/1620/8265 1237/1623/8266 1236/1622/8267
f 1236/1622/8268 1235/1621/8269 1234/1620/8270
f 1230/1616/8271 1233/1619/8272 1232/1618/8273
f 1232/1618/8274 1231/1617/8275 1230/1616/8276
f 1226/1612/8277 1229/1615/8278 1228/1614/8279
f 1228/1614/8280 1227/1613/8281 1226/1612/8282
f 1222/1608/8283 1225/1611/8284 1224/1610/8285
f 1224/1610/8286 1223/1609/8287 1222/1608/8288
f 1218/1604/8289 1221/1607/8290 1220/1606/8291
f 1220/1606/8292 1219/1605/8293 1218/1604/8294
f 1214/1600/8295 1217/1653/8296 1216/1951/8297
f 1216/1951/8298 1215/1601/8299 1214/1600/8300
f 1210/1596/8301 1213/1599/8302 1212/1598/8303
f 1212/1598/8304 1211/1597/8305 1210/1596/8306
f 1206/1592/8307 1209/1595/8308 1208/1594/8309
f 1208/1594/8310 1207/1593/8311 1206/1592/8312
f 1202/1588/8313 1205/1591/8314 1204/1590/8315
f 1204/1590/8316 1203/1589/8317 1202/1588/8318
f 1198/1584/8319 1201/1587/8320 1200/1586/8321
f 1200/1586/8322 1199/1585/8323 1198/1584/8324
f 1194/1580/8325 1197/1583/8326 1196/1582/8327
f 1196/1582/8328 1195/1581/8329 1194/1580/8330
f 1190/1576/8331 1193/1579/8332 1192/1578/8333
f 1192/1578/8334 1191/1577/8335 1190/1576/8336
f 1186/1572/8337 1189/1575/8338 1188/1574/8339
f 1188/1574/8340 1187/1573/8341 1186/1572/8342
f 1182/1568/8343 1185/1571/8344 1184/1570/8345
f 1184/1570/8346 1183/1569/8347 1182/1568/8348
f 1178/1564/8349 1181/1567/8350 1180/1566/8351
f 1180/1566/8352 1179/1565/8353 1178/1564/8354
f 1174/1560/8355 1177/1563/8356 1176/1562/8357
f 1176/1562/8358 1175/1561/8359 1174/1560/8360
f 1170/1556/8361 1173/1559/8362 1172/1558/8363
f 1172/1558/8364 1171/1557/8365 1170/1556/8366
f 1166/1552/8367 1169/1555/8368 1168/1554/8369
f 1168/1554/8370 1167/1553/8371 1166/1552/8372
f 1163/1549/8373 1165/1551/8374 1164/1550/8375
f 1164/1550/8376 1160/1546/8377 1163/1549/8378
f 1600/2038/8379 1601/2039/8380 1602/2040/8381
f 1602/2040/8382 1603/2041/8383 1600/2038/8384
f 1604/2042/8385 1605/2043/8386 1606/2044/8387
f 1606/2044/8388 1607/2045/8389 1604/2042/8390
f 1608/2046/8391 1609/2047/8392 1610/2048/8393
f 1610/2048/8394 1611/2049/8395 1608/2046/8396
f 1612/2050/8397 1613/2051/8398 1614/2052/8399
f 1614/2052/8400 1615/2053/8401 1612/2050/8402
f 1616/2054/8403 1617/2055/8404 1618/2056/8405
f 1619/2057/8406 1620/2058/8407 1621/2059/8408
f 1622/2060/8409 1623/2061/8410 1624/2062/8411
f 1625/2063/8412 1626/2064/8413 1627/2065/8414
f 1628/2066/8415 1629/2067/8380 1630/2068/8416
f 1630/2068/8417 1631/2069/8383 1628/2066/8384
f 1632/2070/8418 1633/2071/8419 1634/2072/8420
f 1634/2072/8421 1635/2073/8395 1632/2070/8422
f 1603/2041/8423 1602/2040/8380 1629/2067/8424
f 1629/2067/8425 1628/2066/8383 1603/2041/8426
f 1611/2049/8427 1610/2048/8419 1633/2071/8428
f 1633/2071/8429 1632/2070/8395 1611/2049/8430
f 1631/2069/8431 1630/2068/8380 1624/2062/8432
f 1624/2062/8433 1623/2061/8434 1631/2069/8435
f 1635/2073/8436 1634/2072/8392 1626/2064/8437
f 1626/2064/8438 1625/2063/8439 1635/2073/8440
f 1616/2054/8441 1618/2056/8442 1636/2074/8443
f 1636/2074/8444 1637/2075/8383 1616/2054/8445
f 1619/2057/8446 1621/2059/8447 1638/2076/8448
f 1638/2076/8449 1639/2077/8395 1619/2057/8450
f 1640/2078/8451 1641/2079/8380 1601/2039/8452
f 1601/2039/8453 1600/2038/8383 1640/2078/8454
f 1642/2080/8455 1643/2081/8419 1609/2047/8448
f 1609/2047/8456 1608/2046/8395 1642/2080/8457
f 1637/2075/8458 1636/2074/8380 1641/2079/8459
f 1641/2079/8460 1640/2078/8383 1637/2075/8461
f 1639/2077/8462 1638/2076/8392 1643/2081/8463
f 1643/2081/8464 1642/2080/8395 1639/2077/8440
f 1614/2052/8465 1613/2051/8398 1644/2082/8466
f 1644/2082/8467 1645/2083/8401 1614/2052/8468
f 1606/2044/8469 1605/2043/8470 1646/2084/8471
f 1646/2084/8472 1647/2085/8389 1606/2044/8473
f 1645/2083/8474 1644/2082/8398 1627/2065/8475
f 1627/2065/8476 1626/2064/8477 1645/2083/8478
f 1647/2085/8479 1646/2084/8480 1621/2059/8481
f 1621/2059/8482 1620/2058/8483 1647/2085/8484
f 1617/2055/8485 1616/2054/8486 1648/2086/8487
f 1648/2086/8488 1649/2087/8389 1617/2055/8489
f 1623/2061/8490 1622/2060/8491 1650/2088/8492
f 1650/2088/8493 1651/2089/8494 1623/2061/8495
f 1649/2087/8496 1648/2086/8480 1604/2042/8497
f 1604/2042/8498 1607/2045/8499 1649/2087/8473
f 1651/2089/8465 1650/2088/8398 1612/2050/8466
f 1612/2050/8500 1615/2053/8401 1651/2089/8468
f 1652/2090/8501 1606/2091/8502 1647/2092/8503
f 1647/2092/8504 1653/2093/8505 1652/2090/8506
f 1654/2094/8507 1607/2095/8502 1606/2091/8508
f 1606/2091/8509 1652/2090/8505 1654/2094/8510
f 1655/2096/8501 1649/2097/8502 1607/2095/8503
f 1607/2095/8504 1654/2094/8505 1655/2096/8506
f 1656/2098/8511 1617/2099/8512 1649/2097/8513
f 1649/2097/8514 1655/2096/8505 1656/2098/8515
f 1657/2100/8516 1618/2101/8517 1617/2102/8518
f 1617/2102/8519 1656/2103/8520 1657/2100/8521
f 1658/2104/8522 1636/2105/8523 1618/2101/8524
f 1618/2101/8525 1657/2100/8526 1658/2104/8527
f 1659/2106/8528 1641/2107/8523 1636/2105/8529
f 1636/2105/8530 1658/2104/8531 1659/2106/8532
f 1660/2108/8533 1601/2109/8523 1641/2107/8534
f 1641/2107/8535 1659/2106/8531 1660/2108/8536
f 1661/2110/8537 1602/2111/8523 1601/2109/8538
f 1601/2109/8539 1660/2108/8531 1661/2110/8540
f 1662/2112/8541 1629/2113/8523 1602/2111/8542
f 1602/2111/8543 1661/2110/8531 1662/2112/8544
f 1663/2114/8545 1630/2115/8523 1629/2113/8538
f 1629/2113/8546 1662/2112/8531 1663/2114/8540
f 1664/2116/8547 1624/2117/8548 1630/2115/8549
f 1630/2115/8550 1663/2114/8531 1664/2116/8551
f 1665/2118/8552 1622/2119/8553 1624/2120/8554
f 1624/2120/8555 1664/2121/8556 1665/2118/8557
f 1666/2122/8558 1650/2123/8559 1622/2119/8560
f 1622/2119/8561 1665/2118/8562 1666/2122/8563
f 1667/2124/8564 1612/2125/8559 1650/2123/8565
f 1650/2123/8566 1666/2122/8567 1667/2124/8568
f 1668/2126/8569 1613/2127/8559 1612/2125/8570
f 1612/2125/8571 1667/2124/8567 1668/2126/8572
f 1669/2128/8564 1644/2129/8559 1613/2127/8565
f 1613/2127/8566 1668/2126/8567 1669/2128/8568
f 1670/2130/8573 1627/2131/8574 1644/2129/8575
f 1644/2129/8576 1669/2128/8567 1670/2130/8577
f 1671/2132/8578 1625/2133/8579 1627/2131/8580
f 1627/2131/8581 1670/2130/8582 1671/2132/8583
f 1672/2134/8584 1635/2135/8585 1625/2136/8586
f 1625/2136/8587 1671/2137/8588 1672/2134/8589
f 1673/2138/8590 1632/2139/8585 1635/2135/8591
f 1635/2135/8592 1672/2134/8593 1673/2138/8594
f 1674/2140/8595 1611/2141/8585 1632/2139/8596
f 1632/2139/8597 1673/2138/8593 1674/2140/8598
f 1675/2142/8599 1608/2143/8585 1611/2141/8591
f 1611/2141/8600 1674/2140/8593 1675/2142/8594
f 1676/2144/8601 1642/2145/8585 1608/2143/8602
f 1608/2143/8603 1675/2142/8593 1676/2144/8604
f 1677/2146/8605 1639/2147/8585 1642/2145/8606
f 1642/2145/8607 1676/2144/8593 1677/2146/8608
f 1678/2148/8609 1619/2149/8610 1639/2147/8611
f 1639/2147/8612 1677/2146/8593 1678/2148/8613
f 1679/2150/8614 1620/2151/8615 1619/2149/8616
f 1619/2149/8617 1678/2148/8618 1679/2150/8619
f 1653/2093/8620 1647/2092/8502 1620/2152/8621
f 1620/2152/8622 1679/2153/8623 1653/2093/8624
f 1680/2154/8625 1681/2155/8626 1682/2156/8627
f 1682/2156/8628 1683/2157/8629 1680/2154/8630
f 1681/2155/8631 1680/2154/8632 1684/2158/8633
f 1684/2158/8634 1685/2159/8635 1681/2155/8636
f 1683/2157/8637 1682/2156/8638 1686/2160/8639
f 1686/2160/8640 1687/2161/8641 1683/2157/8642
f 1685/2159/8643 1684/2158/8644 1687/2161/8645
f 1687/2161/8646 1686/2160/8647 1685/2159/8648
f 1688/2162/8649 1689/2163/8650 1690/2164/8651
f 1690/2164/8652 1691/2165/8653 1688/2162/8654
f 1689/2163/8655 1688/2162/8656 1692/2166/8657
f 1692/2166/8658 1693/2167/8659 1689/2163/8660
f 1693/2167/8661 1692/2166/8662 1694/2168/8663
f 1694/2168/8664 1695/2169/8665 1693/2167/8666
f 1691/2165/8667 1690/2164/8668 1695/2169/8669
f 1695/2169/8670 1694/2168/8671 1691/2165/8672
f 1696/2170/8673 1697/2171/8674 1698/2172/8675
f 1698/2172/8676 1699/2173/8677 1696/2170/8678
f 1697/2171/8679 1696/2170/8680 1700/2174/8681
f 1700/2174/8682 1701/2175/8683 1697/2171/8684
f 1699/2173/8685 1698/2172/8686 1702/2176/8687
f 1702/2176/8688 1703/2177/8689 1699/2173/8690
f 1701/2175/8691 1700/2174/8692 1703/2177/8693
f 1703/2177/8694 1702/2176/8695 1701/2175/8696
f 1704/2178/8697 1705/2179/8698 1706/2180/8699
f 1706/2180/8700 1707/2181/8701 1704/2178/8702
f 1705/2179/8703 1704/2178/8704 1708/2182/8705
f 1708/2182/8706 1709/2183/8707 1705/2179/8708
f 1709/2183/8709 1708/2182/8710 1710/2184/8711
f 1710/2184/8712 1711/2185/8713 1709/2183/8714
f 1712/2186/8715 1713/2187/8716 1714/2188/8717
f 1714/2188/8718 1715/2189/8719 1712/2186/8720
f 1713/2187/8721 1712/2186/8722 1716/2190/8723
f 1716/2190/8724 1717/2191/8725 1713/2187/8726
f 1717/2191/8727 1716/2190/8728 1718/2192/8729
f 1718/2192/8730 1719/2193/8731 1717/2191/8732
f 1715/2189/8733 1714/2188/8734 1719/2193/8735
f 1719/2193/8736 1718/2192/8737 1715/2189/8738
f 1720/2194/8739 1721/2195/8740 1722/2196/8741
f 1722/2196/8742 1723/2197/8743 1720/2194/8744
f 1721/2195/8745 1720/2194/8746 1724/2198/8747
f 1724/2198/8748 1725/2199/8749 1721/2195/8750
f 1723/2197/8751 1722/2196/8752 1726/2200/8753
f 1726/2200/8754 1727/2201/8755 1723/2197/8756
f 1725/2199/8757 1724/2198/8758 1727/2201/8759
f 1727/2201/8760 1726/2200/8761 1725/2199/8762
f 1707/2181/8763 1706/2180/8764 1711/2185/8765
f 1711/2185/8679 1710/2184/8766 1707/2181/8767
f 1728/2202/8768 1729/2203/8769 1730/2204/8770
f 1730/2204/8771 1731/2205/8772 1728/2202/8773
f 1729/2203/8774 1728/2202/8775 1732/2206/8776
f 1732/2206/8777 1733/2207/8778 1729/2203/8779
f 1733/2207/8780 1732/2206/8781 1734/2208/8782
f 1734/2208/8783 1735/2209/8784 1733/2207/8785
f 1735/2209/8786 1734/2208/8787 1731/2205/8788
f 1731/2205/8789 1730/2204/8790 1735/2209/8791
f 1736/2210/8792 1737/2211/8793 1738/2212/8794
f 1738/2212/8795 1739/2213/8796 1736/2210/8797
f 1737/2211/8798 1736/2210/8799 1740/2214/8800
f 1740/2214/8801 1741/2215/8802 1737/2211/8803
f 1741/2215/8804 1740/2214/8805 1742/2216/8806
f 1742/2216/8807 1743/2217/8808 1741/2215/8809
f 1743/2217/8810 1742/2216/8811 1739/2213/8812
f 1739/2213/8813 1738/2212/8814 1743/2217/8815
f 1744/2218/8816 1745/2219/8817 1746/2220/8818
f 1746/2220/8819 1747/2221/8820 1744/2218/8821
f 1745/2219/8822 1744/2218/8823 1748/2222/8824
f 1748/2222/8825 1749/2223/8826 1745/2219/8827
f 1749/2223/8828 1748/2222/8829 1750/2224/8830
f 1750/2224/8831 1751/2225/8832 1749/2223/8833
f 1751/2225/8834 1750/2224/8835 1747/2221/8836
f 1747/2221/8837 1746/2220/8838 1751/2225/8839
f 1752/2226/8840 1753/2227/8841 1754/2228/8842
f 1754/2228/8843 1755/2229/8844 1752/2226/8845
f 1753/2227/8846 1752/2226/8847 1756/2230/8848
f 1756/2230/8849 1757/2231/8850 1753/2227/8851
f 1755/2229/8852 1754/2228/8853 1758/2232/8854
f 1758/2232/8855 1759/2233/8856 1755/2229/8857
f 1757/2231/8858 1756/2230/8859 1759/2233/8860
f 1759/2233/8861 1758/2232/8862 1757/2231/8863
f 1760/2234/8864 1761/2235/8865 1762/2236/8866
f 1762/2236/8867 1763/2237/8868 1760/2234/8869
f 1761/2235/8870 1760/2234/8871 1764/2238/8872
f 1764/2238/8873 1765/2239/8874 1761/2235/8875
f 1763/2237/8876 1762/2236/8877 1766/2240/8878
f 1766/2240/8879 1767/2241/8880 1763/2237/8881
f 1765/2239/8882 1764/2238/8883 1767/2241/8884
f 1767/2241/8885 1766/2240/8886 1765/2239/8887
f 1768/2242/8888 1769/2243/8889 1770/2244/8890
f 1770/2244/8891 1771/2245/8892 1768/2242/8893
f 1769/2243/8894 1768/2242/8895 1772/2246/8896
f 1772/2246/8897 1773/2247/8898 1769/2243/8899
f 1771/2245/8900 1770/2244/8901 1774/2248/8902
f 1774/2248/8903 1775/2249/8904 1771/2245/8905
f 1773/2247/8906 1772/2246/8907 1775/2249/8908
f 1775/2249/8909 1774/2248/8910 1773/2247/8911
f 1776/2250/8912 1777/2251/8913 1778/2252/8914
f 1778/2252/8915 1779/2253/8916 1776/2250/8917
f 1777/2251/8918 1776/2250/8919 1780/2254/8920
f 1780/2254/8921 1781/2255/8922 1777/2251/8923
f 1781/2255/8924 1780/2254/8925 1782/2256/8926
f 1782/2256/8927 1783/2257/8928 1781/2255/8929
f 1783/2257/8930 1782/2256/8931 1779/2253/8932
f 1779/2253/8933 1778/2252/8934 1783/2257/8935
f 1784/2258/8936 1785/2259/8937 1786/2260/8938
f 1786/2260/8939 1787/2261/8940 1784/2258/8941
f 1785/2259/8942 1784/2258/8943 1788/2262/8944
f 1788/2262/8945 1789/2263/8946 1785/2259/8947
f 1789/2263/8948 1788/2262/8949 1790/2264/8950
f 1790/2264/8951 1791/2265/8952 1789/2263/8953
f 1791/2265/8954 1790/2264/8955 1787/2261/8956
f 1787/2261/8957 1786/2260/8958 1791/2265/8959
f 1792/2266/8960 1793/2267/8961 1794/2268/8962
f 1794/2268/8963 1795/2269/8964 1792/2266/8965
f 1793/2267/8966 1792/2266/8967 1796/2270/8968
f 1796/2270/8969 1797/2271/8970 1793/2267/8971
f 1797/2271/8972 1796/2270/8973 1798/2272/8974
f 1798/2272/8975 1799/2273/8976 1797/2271/8977
f 1799/2273/8978 1798/2272/8979 1795/2269/8980
f 1795/2269/8981 1794/2268/8982 1799/2273/8983
f 1800/2274/8984 1801/2275/8985 1802/2276/8986
f 1802/2276/8987 1803/2277/8988 1800/2274/8989
f 1801/2275/8990 1800/2274/8991 1804/2278/8992
f 1804/2278/8993 1805/2279/8994 1801/2275/8995
f 1805/2279/8996 1804/2278/8997 1806/2280/8998
f 1806/2280/8999 1807/2281/9000 1805/2279/9001
f 1803/2277/9002 1802/2276/9003 1807/2281/9004
f 1807/2281/9005 1806/2280/9006 1803/2277/9007
f 1808/2282/9008 1809/2283/9009 1810/2284/9010
f 1810/2284/9011 1811/2285/9012 1808/2282/9013
f 1809/2283/9014 1808/2282/9015 1812/2286/9016
f 1812/2286/9017 1813/2287/9018 1809/2283/9019
f 1813/2287/9020 1812/2286/9021 1814/2288/9022
f 1814/2288/9023 1815/2289/9024 1813/2287/9025
f 1811/2285/9026 1810/2284/9027 1815/2289/9028
f 1815/2289/9029 1814/2288/9030 1811/2285/9031
f 1816/2290/9032 1817/2291/9033 1818/2292/9034
f 1818/2292/9035 1819/2293/9036 1816/2290/9037
f 1817/2291/9038 1816/2290/9039 1820/2294/9040
f 1820/2294/9041 1821/2295/9042 1817/2291/9043
f 1821/2295/9044 1820/2294/9045 1822/2296/9046
f 1822/2296/9047 1823/2297/9048 1821/2295/9049
f 1819/2293/9050 1818/2292/9051 1823/2297/9052
f 1823/2297/9053 1822/2296/9054 1819/2293/9055
f 1717/2191/9056 1719/2193/9057 1693/2167/9058
f 1693/2167/9058 1695/2169/9059 1717/2191/9056
f 1711/2185/9060 1706/2180/9061 1702/2176/9062
f 1702/2176/9062 1698/2172/9063 1711/2185/9064
f 1719/2193/9065 1711/2185/9060 1698/2172/9063
f 1698/2172/9063 1693/2167/9058 1719/2193/9065
f 1706/2180/9061 1615/2053/9066 1614/2052/9067
f 1614/2052/9068 1702/2176/9062 1706/2180/9061
f 1604/2042/9069 1725/2199/9070 1682/2156/9071
f 1682/2156/9071 1605/2043/9072 1604/2042/9073
f 1717/2191/9056 1695/2169/9059 1686/2160/9074
f 1686/2160/9074 1726/2200/9075 1717/2191/9056
f 1725/2199/9070 1726/2200/9075 1686/2160/9076
f 1686/2160/9077 1682/2156/9071 1725/2199/9070
f 1681/2155/9078 1646/2084/9079 1605/2043/9080
f 1605/2043/9081 1682/2156/9071 1681/2155/9078
f 1780/2254/9082 1776/2250/9083 1779/2253/9084
f 1779/2253/9084 1782/2256/9085 1780/2254/9082
f 1690/2164/9086 1685/2159/9087 1686/2160/9077
f 1686/2160/9076 1695/2169/9059 1690/2164/9088
f 1788/2262/9089 1784/2258/9090 1787/2261/9091
f 1787/2261/9091 1790/2264/9092 1788/2262/9089
f 1697/2171/9093 1689/2163/9094 1693/2167/9058
f 1693/2167/9058 1698/2172/9063 1697/2171/9093
f 1796/2270/9095 1792/2266/9096 1795/2269/9097
f 1795/2269/9097 1798/2272/9098 1796/2270/9095
f 1645/2083/9099 1701/2175/9100 1702/2176/9062
f 1702/2176/9062 1614/2052/9066 1645/2083/9067
f 1638/2076/9101 1621/2059/9102 1646/2084/9103
f 1646/2084/9104 1681/2155/9078 1638/2076/9105
f 1643/2081/9106 1638/2076/9107 1681/2155/9108
f 1681/2155/9078 1685/2159/9087 1643/2081/9109
f 1609/2047/9110 1643/2081/9111 1685/2159/9087
f 1685/2159/9087 1690/2164/9088 1609/2047/9112
f 1610/2048/9106 1609/2047/9111 1690/2164/9086
f 1690/2164/9088 1689/2163/9094 1610/2048/9106
f 1633/2071/9110 1610/2048/9111 1689/2163/9094
f 1689/2163/9113 1697/2171/9064 1633/2071/9109
f 1634/2072/9114 1633/2071/9111 1697/2171/9093
f 1697/2171/9093 1701/2175/9100 1634/2072/9114
f 1626/2064/9115 1634/2072/9107 1701/2175/9061
f 1701/2175/9116 1645/2083/9117 1626/2064/9118
f 1721/2195/9119 1648/2086/9079 1616/2054/9120
f 1616/2054/9120 1637/2075/9121 1721/2195/9119
f 1651/2089/9099 1705/2179/9122 1631/2069/9123
f 1631/2069/9124 1623/2061/9125 1651/2089/9126
f 1705/2179/9122 1709/2183/9127 1628/2066/9128
f 1628/2066/9128 1631/2069/9121 1705/2179/9122
f 1709/2183/9127 1714/2188/9129 1603/2041/9130
f 1603/2041/9131 1628/2066/9132 1709/2183/9133
f 1714/2188/9129 1713/2187/9134 1600/2038/9128
f 1600/2038/9128 1603/2041/9132 1714/2188/9129
f 1713/2187/9134 1722/2196/9135 1640/2078/9136
f 1640/2078/9131 1600/2038/9132 1713/2187/9134
f 1722/2196/9137 1721/2195/9138 1637/2075/9123
f 1637/2075/9139 1640/2078/9132 1722/2196/9140
f 1725/2199/9070 1604/2042/9072 1648/2086/9141
f 1648/2086/9142 1721/2195/9138 1725/2199/9070
f 1615/2053/9068 1706/2180/9061 1705/2179/9122
f 1705/2179/9122 1651/2089/9117 1615/2053/9067
f 1801/2275/9143 1805/2279/9144 1807/2281/9145
f 1807/2281/9146 1802/2276/9147 1801/2275/9148
f 1711/2185/9149 1719/2193/9057 1714/2188/9129
f 1714/2188/9150 1709/2183/9127 1711/2185/9060
f 1809/2283/9151 1813/2287/9152 1815/2289/9153
f 1815/2289/9153 1810/2284/9154 1809/2283/9151
f 1717/2191/9155 1726/2200/9075 1722/2196/9137
f 1722/2196/9140 1713/2187/9134 1717/2191/9056
f 1817/2291/9156 1821/2295/9157 1823/2297/9158
f 1823/2297/9158 1818/2292/9159 1817/2291/9156
f 1684/2158/9160 1680/2154/9161 1729/2203/9162
f 1729/2203/9163 1733/2207/9164 1684/2158/9165
f 1687/2161/9166 1684/2158/9167 1733/2207/9168
f 1733/2207/9169 1735/2209/9170 1687/2161/9171
f 1683/2157/9172 1687/2161/9173 1735/2209/9174
f 1735/2209/9175 1730/2204/9176 1683/2157/9177
f 1680/2154/9178 1683/2157/9179 1730/2204/9180
f 1730/2204/9181 1729/2203/9182 1680/2154/9183
f 1688/2162/9184 1691/2165/9185 1737/2211/9186
f 1737/2211/9187 1741/2215/9188 1688/2162/9189
f 1692/2166/9190 1688/2162/9191 1741/2215/9192
f 1741/2215/9193 1743/2217/9194 1692/2166/9195
f 1694/2168/9196 1692/2166/9197 1743/2217/9198
f 1743/2217/9199 1738/2212/9200 1694/2168/9201
f 1691/2165/9202 1694/2168/9203 1738/2212/9204
f 1738/2212/9205 1737/2211/9206 1691/2165/9207
f 1700/2174/9208 1696/2170/9209 1745/2219/9210
f 1745/2219/9211 1749/2223/9212 1700/2174/9213
f 1703/2177/9214 1700/2174/9215 1749/2223/9216
f 1749/2223/9217 1751/2225/9218 1703/2177/9219
f 1699/2173/9220 1703/2177/9221 1751/2225/9222
f 1751/2225/9223 1746/2220/9224 1699/2173/9225
f 1696/2170/9226 1699/2173/9227 1746/2220/9228
f 1746/2220/9229 1745/2219/9230 1696/2170/9231
f 1707/2181/9232 1710/2184/9233 1754/2228/9234
f 1754/2228/9235 1753/2227/9236 1707/2181/9237
f 1704/2178/9238 1707/2181/9239 1753/2227/9240
f 1753/2227/9241 1757/2231/9242 1704/2178/9243
f 1708/2182/9244 1704/2178/9245 1757/2231/9246
f 1757/2231/9247 1758/2232/9248 1708/2182/9249
f 1710/2184/9250 1708/2182/9251 1758/2232/9252
f 1758/2232/9253 1754/2228/9254 1710/2184/9255
f 1718/2192/9256 1716/2190/9257 1762/2236/9258
f 1762/2236/9259 1761/2235/9260 1718/2192/9261
f 1715/2189/9262 1718/2192/9263 1761/2235/9264
f 1761/2235/9265 1765/2239/9266 1715/2189/9267
f 1712/2186/9268 1715/2189/9269 1765/2239/9270
f 1765/2239/9271 1766/2240/9272 1712/2186/9273
f 1716/2190/9274 1712/2186/9275 1766/2240/9276
f 1766/2240/9277 1762/2236/9278 1716/2190/9279
f 1727/2201/9280 1724/2198/9281 1770/2244/9282
f 1770/2244/9283 1769/2243/9284 1727/2201/9285
f 1723/2197/9286 1727/2201/9287 1769/2243/9288
f 1769/2243/9289 1773/2247/9290 1723/2197/9291
f 1720/2194/9292 1723/2197/9293 1773/2247/9294
f 1773/2247/9295 1774/2248/9296 1720/2194/9297
f 1724/2198/9298 1720/2194/9299 1774/2248/9300
f 1774/2248/9301 1770/2244/9302 1724/2198/9303
f 1732/2206/9304 1728/2202/9305 1777/2251/9306
f 1777/2251/9307 1781/2255/9308 1732/2206/9309
f 1734/2208/9310 1732/2206/9311 1781/2255/9312
f 1781/2255/9313 1783/2257/9314 1734/2208/9315
f 1731/2205/9316 1734/2208/9317 1783/2257/9318
f 1783/2257/9319 1778/2252/9320 1731/2205/9321
f 1728/2202/9322 1731/2205/9323 1778/2252/9324
f 1778/2252/9325 1777/2251/9326 1728/2202/9327
f 1740/2214/9328 1736/2210/9329 1785/2259/9330
f 1785/2259/9331 1789/2263/9332 1740/2214/9333
f 1742/2216/9334 1740/2214/9335 1789/2263/9336
f 1789/2263/9337 1791/2265/9338 1742/2216/9339
f 1739/2213/9340 1742/2216/9341 1791/2265/9342
f 1791/2265/9343 1786/2260/9344 1739/2213/9345
f 1736/2210/9346 1739/2213/9347 1786/2260/9348
f 1786/2260/9349 1785/2259/9350 1736/2210/9351
f 1748/2222/9352 1744/2218/9353 1793/2267/9354
f 1793/2267/9355 1797/2271/9356 1748/2222/9357
f 1750/2224/9358 1748/2222/9359 1797/2271/9360
f 1797/2271/9361 1799/2273/9362 1750/2224/9363
f 1747/2221/9364 1750/2224/9365 1799/2273/9366
f 1799/2273/9367 1794/2268/9368 1747/2221/9369
f 1744/2218/9370 1747/2221/9371 1794/2268/9372
f 1794/2268/9373 1793/2267/9374 1744/2218/9375
f 1752/2226/9376 1755/2229/9377 1804/2278/9378
f 1804/2278/9379 1800/2274/9380 1752/2226/9381
f 1756/2230/9382 1752/2226/9383 1800/2274/9384
f 1800/2274/9385 1803/2277/9386 1756/2230/9387
f 1759/2233/9388 1756/2230/9389 1803/2277/9390
f 1803/2277/9391 1806/2280/9392 1759/2233/9393
f 1755/2229/9394 1759/2233/9395 1806/2280/9396
f 1806/2280/9397 1804/2278/9398 1755/2229/9399
f 1760/2234/9400 1763/2237/9401 1812/2286/9402
f 1812/2286/9403 1808/2282/9404 1760/2234/9405
f 1764/2238/9406 1760/2234/9407 1808/2282/9408
f 1808/2282/9409 1811/2285/9410 1764/2238/9411
f 1767/2241/9412 1764/2238/9413 1811/2285/9414
f 1811/2285/9415 1814/2288/9416 1767/2241/9417
f 1763/2237/9418 1767/2241/9419 1814/2288/9420
f 1814/2288/9421 1812/2286/9422 1763/2237/9423
f 1768/2242/9424 1771/2245/9425 1820/2294/9426
f 1820/2294/9427 1816/2290/9428 1768/2242/9429
f 1772/2246/9430 1768/2242/9431 1816/2290/9432
f 1816/2290/9433 1819/2293/9434 1772/2246/9435
f 1775/2249/9436 1772/2246/9437 1819/2293/9438
f 1819/2293/9439 1822/2296/9440 1775/2249/9441
f 1771/2245/9442 1775/2249/9443 1822/2296/9444
f 1822/2296/9445 1820/2294/9446 1771/2245/9447
f 1661/2298/9448 1660/2299/9448 1824/2300/9449
f 1824/2300/9450 1825/2301/9450 1661/2298/9451
f 1652/2302/9452 1826/2303/9453 1827/2304/9454
f 1827/2304/9455 1654/2305/9456 1652/2302/9457
f 1828/2306/9458 1829/2307/9459 1675/2308/9460
f 1675/2308/9461 1674/2309/9461 1828/2306/9462
f 1830/2310/9463 1668/2311/9464 1667/2312/9465
f 1667/2312/9466 1831/2313/9467 1830/2310/9468
f 1832/2314/9469 1657/2315/9470 1656/2316/9471
f 1678/2317/9472 1833/2318/9473 1679/2319/9474
f 1665/2320/9475 1664/2321/9476 1834/2322/9477
f 1671/2323/9478 1670/2324/9479 1835/2325/9480
f 1663/2326/9448 1662/2327/9448 1836/2328/9449
f 1836/2328/9450 1837/2329/9450 1663/2326/9481
f 1838/2330/9482 1839/2331/9458 1673/2332/9483
f 1673/2332/9461 1672/2333/9461 1838/2330/9484
f 1662/2327/9448 1661/2298/9448 1825/2301/9485
f 1825/2301/9450 1836/2328/9450 1662/2327/9486
f 1839/2331/9458 1828/2306/9458 1674/2309/9487
f 1674/2309/9461 1673/2332/9461 1839/2331/9488
f 1664/2321/9489 1663/2326/9448 1837/2329/9490
f 1837/2329/9450 1834/2322/9491 1664/2321/9492
f 1835/2325/9493 1838/2330/9482 1672/2333/9494
f 1672/2333/9461 1671/2323/9495 1835/2325/9496
f 1658/2334/9497 1657/2315/9498 1832/2314/9499
f 1832/2314/9500 1840/2335/9450 1658/2334/9501
f 1841/2336/9502 1833/2318/9503 1678/2317/9504
f 1678/2317/9505 1677/2337/9461 1841/2336/9506
f 1660/2299/9507 1659/2338/9448 1842/2339/9508
f 1842/2339/9509 1824/2300/9450 1660/2299/9510
f 1829/2307/9511 1843/2340/9512 1676/2341/9513
f 1676/2341/9514 1675/2308/9461 1829/2307/9515
f 1659/2338/9448 1658/2334/9448 1840/2335/9490
f 1840/2335/9450 1842/2339/9450 1659/2338/9516
f 1843/2340/9458 1841/2336/9482 1677/2337/9517
f 1677/2337/9461 1676/2341/9461 1843/2340/9518
f 1669/2342/9464 1668/2311/9464 1830/2310/9519
f 1830/2310/9467 1844/2343/9467 1669/2342/9520
f 1845/2344/9453 1826/2303/9521 1652/2302/9522
f 1652/2302/9523 1653/2345/9523 1845/2344/9524
f 1670/2324/9525 1669/2342/9464 1844/2343/9526
f 1844/2343/9527 1835/2325/9528 1670/2324/9529
f 1833/2318/9530 1845/2344/9453 1653/2345/9531
f 1653/2345/9532 1679/2319/9533 1833/2318/9534
f 1846/2346/9535 1832/2314/9536 1656/2316/9537
f 1656/2316/9538 1655/2347/9456 1846/2346/9539
f 1666/2348/9540 1665/2320/9541 1834/2322/9542
f 1834/2322/9543 1847/2349/9544 1666/2348/9545
f 1827/2304/9521 1846/2346/9453 1655/2347/9522
f 1655/2347/9523 1654/2305/9523 1827/2304/9546
f 1667/2312/9464 1666/2348/9464 1847/2349/9519
f 1847/2349/9467 1831/2313/9467 1667/2312/9520
f 1848/2350/9547 1849/2351/9548 1850/2352/9549
f 1850/2352/9550 1851/2353/9551 1848/2350/9552
f 1852/2354/9553 1850/2352/9554 1849/2351/9555
f 1849/2351/9556 1853/2355/9557 1852/2354/9558
f 1854/2356/9559 1848/2350/9560 1851/2353/9561
f 1851/2353/9562 1855/2357/9563 1854/2356/9564
f 1855/2357/9565 1852/2354/9566 1853/2355/9567
f 1853/2355/9568 1854/2356/9569 1855/2357/9570
f 1856/2358/9571 1857/2359/9572 1858/2360/9573
f 1858/2360/9574 1859/2361/9575 1856/2358/9576
f 1860/2362/9577 1858/2360/9578 1857/2359/9579
f 1857/2359/9580 1861/2363/9581 1860/2362/9582
f 1862/2364/9583 1860/2362/9584 1861/2363/9585
f 1861/2363/9586 1863/2365/9587 1862/2364/9588
f 1863/2365/9589 1856/2358/9590 1859/2361/9591
f 1859/2361/9592 1862/2364/9593 1863/2365/9594
f 1864/2366/9595 1865/2367/9596 1866/2368/9597
f 1866/2368/9598 1867/2369/9599 1864/2366/9600
f 1868/2370/9601 1866/2368/9602 1865/2367/9603
f 1865/2367/9604 1869/2371/9605 1868/2370/9606
f 1870/2372/9607 1864/2366/9608 1867/2369/9609
f 1867/2369/9610 1871/2373/9611 1870/2372/9612
f 1871/2373/9613 1868/2370/9614 1869/2371/9615
f 1869/2371/9616 1870/2372/9617 1871/2373/9618
f 1872/2374/9619 1873/2375/9620 1874/2376/9621
f 1874/2376/9622 1875/2377/9623 1872/2374/9624
f 1876/2378/9625 1874/2376/9626 1873/2375/9627
f 1873/2375/9628 1877/2379/9629 1876/2378/9630
f 1878/2380/9631 1876/2378/9632 1877/2379/9633
f 1877/2379/9634 1879/2381/9635 1878/2380/9636
f 1880/2382/9637 1881/2383/9638 1882/2384/9639
f 1882/2384/9640 1883/2385/9641 1880/2382/9642
f 1884/2386/9643 1882/2384/9644 1881/2383/9645
f 1881/2383/9646 1885/2387/9647 1884/2386/9648
f 1886/2388/9649 1884/2386/9650 1885/2387/9651
f 1885/2387/9652 1887/2389/9653 1886/2388/9654
f 1887/2389/9655 1880/2382/9656 1883/2385/9657
f 1883/2385/9658 1886/2388/9659 1887/2389/9660
f 1888/2390/9661 1889/2391/9662 1890/2392/9663
f 1890/2392/9664 1891/2393/9665 1888/2390/9666
f 1892/2394/9667 1890/2392/9668 1889/2391/9669
f 1889/2391/9670 1893/2395/9671 1892/2394/9672
f 1894/2396/9673 1888/2390/9674 1891/2393/9675
f 1891/2393/9676 1895/2397/9677 1894/2396/9678
f 1895/2397/9679 1892/2394/9680 1893/2395/9681
f 1893/2395/9682 1894/2396/9683 1895/2397/9684
f 1879/2381/9604 1872/2374/9685 1875/2377/9686
f 1875/2377/9687 1878/2380/9688 1879/2381/9603
f 1896/2398/9689 1897/2399/9690 1898/2400/9691
f 1898/2400/9692 1899/2401/9693 1896/2398/9694
f 1900/2402/9695 1898/2400/9696 1897/2399/9697
f 1897/2399/9698 1901/2403/9699 1900/2402/9700
f 1902/2404/9701 1900/2402/9702 1901/2403/9703
f 1901/2403/9704 1903/2405/9705 1902/2404/9706
f 1899/2401/9707 1902/2404/9708 1903/2405/9709
f 1903/2405/9710 1896/2398/9711 1899/2401/9712
f 1904/2406/9713 1905/2407/9714 1906/2408/9715
f 1906/2408/9716 1907/2409/9717 1904/2406/9718
f 1908/2410/9719 1906/2408/9720 1905/2407/9721
f 1905/2407/9722 1909/2411/9723 1908/2410/9724
f 1910/2412/9725 1908/2410/9726 1909/2411/9727
f 1909/2411/9728 1911/2413/9729 1910/2412/9730
f 1907/2409/9731 1910/2412/9732 1911/2413/9733
f 1911/2413/9734 1904/2406/9735 1907/2409/9736
f 1912/2414/9737 1913/2415/9738 1914/2416/9739
f 1914/2416/9740 1915/2417/9741 1912/2414/9742
f 1916/2418/9743 1914/2416/9744 1913/2415/9745
f 1913/2415/9746 1917/2419/9747 1916/2418/9748
f 1918/2420/9749 1916/2418/9750 1917/2419/9751
f 1917/2419/9752 1919/2421/9753 1918/2420/9754
f 1915/2417/9755 1918/2420/9756 1919/2421/9757
f 1919/2421/9758 1912/2414/9759 1915/2417/9760
f 1920/2422/9761 1921/2423/9762 1922/2424/9763
f 1922/2424/9764 1923/2425/9765 1920/2422/9766
f 1924/2426/9767 1922/2424/9768 1921/2423/9769
f 1921/2423/9770 1925/2427/9771 1924/2426/9772
f 1926/2428/9773 1920/2422/9774 1923/2425/9775
f 1923/2425/9776 1927/2429/9777 1926/2428/9778
f 1927/2429/9779 1924/2426/9780 1925/2427/9781
f 1925/2427/9782 1926/2428/9783 1927/2429/9784
f 1928/2430/9785 1929/2431/9786 1930/2432/9787
f 1930/2432/9788 1931/2433/9789 1928/2430/9790
f 1932/2434/9791 1930/2432/9792 1929/2431/9793
f 1929/2431/9794 1933/2435/9795 1932/2434/9796
f 1934/2436/9797 1928/2430/9798 1931/2433/9799
f 1931/2433/9800 1935/2437/9801 1934/2436/9802
f 1935/2437/9803 1932/2434/9804 1933/2435/9805
f 1933/2435/9806 1934/2436/9807 1935/2437/9808
f 1936/2438/9809 1937/2439/9810 1938/2440/9811
f 1938/2440/9812 1939/2441/9813 1936/2438/9814
f 1940/2442/9815 1938/2440/9816 1937/2439/9817
f 1937/2439/9818 1941/2443/9819 1940/2442/9820
f 1942/2444/9821 1936/2438/9822 1939/2441/9823
f 1939/2441/9824 1943/2445/9825 1942/2444/9826
f 1943/2445/9827 1940/2442/9828 1941/2443/9829
f 1941/2443/9830 1942/2444/9831 1943/2445/9832
f 1944/2446/9833 1945/2447/9834 1946/2448/9835
f 1946/2448/9836 1947/2449/9837 1944/2446/9838
f 1948/2450/9839 1946/2448/9840 1945/2447/9841
f 1945/2447/9842 1949/2451/9843 1948/2450/9844
f 1950/2452/9845 1948/2450/9846 1949/2451/9847
f 1949/2451/9848 1951/2453/9849 1950/2452/9850
f 1947/2449/9851 1950/2452/9852 1951/2453/9853
f 1951/2453/9854 1944/2446/9855 1947/2449/9856
f 1952/2454/9857 1953/2455/9858 1954/2456/9859
f 1954/2456/9860 1955/2457/9861 1952/2454/9862
f 1956/2458/9863 1954/2456/9864 1953/2455/9865
f 1953/2455/9866 1957/2459/9867 1956/2458/9868
f 1958/2460/9869 1956/2458/9870 1957/2459/9871
f 1957/2459/9872 1959/2461/9873 1958/2460/9874
f 1955/2457/9875 1958/2460/9876 1959/2461/9877
f 1959/2461/9878 1952/2454/9879 1955/2457/9880
f 1960/2462/9881 1961/2463/9882 1962/2464/9883
f 1962/2464/9884 1963/2465/9885 1960/2462/9886
f 1964/2466/9887 1962/2464/9888 1961/2463/9889
f 1961/2463/9890 1965/2467/9891 1964/2466/9892
f 1966/2468/9893 1964/2466/9894 1965/2467/9895
f 1965/2467/9896 1967/2469/9897 1966/2468/9898
f 1963/2465/9899 1966/2468/9900 1967/2469/9901
f 1967/2469/9902 1960/2462/9903 1963/2465/9904
f 1968/2470/9905 1969/2471/9906 1970/2472/9907
f 1970/2472/9908 1971/2473/9909 1968/2470/9910
f 1972/2474/9911 1970/2472/9912 1969/2471/9913
f 1969/2471/9914 1973/2475/9915 1972/2474/9916
f 1974/2476/9917 1972/2474/9918 1973/2475/9919
f 1973/2475/9920 1975/2477/9921 1974/2476/9922
f 1975/2477/9923 1968/2470/9924 1971/2473/9925
f 1971/2473/9926 1974/2476/9927 1975/2477/9928
f 1976/2478/9929 1977/2479/9930 1978/2480/9931
f 1978/2480/9932 1979/2481/9933 1976/2478/9934
f 1980/2482/9935 1978/2480/9936 1977/2479/9937
f 1977/2479/9938 1981/2483/9939 1980/2482/9940
f 1982/2484/9941 1980/2482/9942 1981/2483/9943
f 1981/2483/9944 1983/2485/9945 1982/2484/9946
f 1983/2485/9947 1976/2478/9948 1979/2481/9949
f 1979/2481/9950 1982/2484/9951 1983/2485/9952
f 1984/2486/9953 1985/2487/9954 1986/2488/9955
f 1986/2488/9956 1987/2489/9957 1984/2486/9958
f 1988/2490/9959 1986/2488/9960 1985/2487/9961
f 1985/2487/9962 1989/2491/9963 1988/2490/9964
f 1990/2492/9965 1988/2490/9966 1989/2491/9967
f 1989/2491/9968 1991/2493/9969 1990/2492/9970
f 1991/2493/9971 1984/2486/9972 1987/2489/9973
f 1987/2489/9974 1990/2492/9975 1991/2493/9976
f 1861/2363/9977 1887/2389/9978 1885/2387/9979
f 1885/2387/9979 1863/2365/9980 1861/2363/9977
f 1870/2372/9981 1872/2374/9982 1879/2381/9983
f 1879/2381/9984 1864/2366/9985 1870/2372/9981
f 1864/2366/9985 1879/2381/9983 1887/2389/9986
f 1887/2389/9986 1861/2363/9977 1864/2366/9985
f 1830/2310/9987 1831/2313/9988 1872/2374/9982
f 1872/2374/9982 1870/2372/9981 1830/2310/9989
f 1848/2350/9990 1893/2395/9991 1827/2304/9992
f 1827/2304/9993 1826/2303/9994 1848/2350/9990
f 1854/2356/9995 1863/2365/9980 1885/2387/9979
f 1885/2387/9979 1894/2396/9996 1854/2356/9995
f 1854/2356/9997 1894/2396/9996 1893/2395/9991
f 1893/2395/9991 1848/2350/9990 1854/2356/9998
f 1826/2303/9999 1845/2344/10000 1849/2351/10001
f 1849/2351/10001 1848/2350/9990 1826/2303/10002
f 1947/2449/10003 1946/2448/10004 1948/2450/10005
f 1948/2450/10005 1950/2452/10006 1947/2449/10003
f 1854/2356/9998 1853/2355/10007 1856/2358/10008
f 1856/2358/10009 1863/2365/9980 1854/2356/9997
f 1955/2457/10010 1954/2456/10011 1956/2458/10012
f 1956/2458/10012 1958/2460/10013 1955/2457/10010
f 1861/2363/9977 1857/2359/10014 1865/2367/10015
f 1865/2367/10015 1864/2366/9985 1861/2363/9977
f 1963/2465/10016 1962/2464/10017 1964/2466/10018
f 1964/2466/10018 1966/2468/10019 1963/2465/10016
f 1870/2372/9981 1869/2371/10020 1844/2343/10021
f 1844/2343/10022 1830/2310/9988 1870/2372/10023
f 1845/2344/10024 1833/2318/10025 1841/2336/10026
f 1841/2336/10027 1849/2351/10001 1845/2344/10028
f 1849/2351/10029 1841/2336/10030 1843/2340/10031
f 1843/2340/10032 1853/2355/10007 1849/2351/10001
f 1853/2355/10007 1843/2340/10033 1829/2307/10034
f 1829/2307/10035 1856/2358/10009 1853/2355/10007
f 1856/2358/10008 1829/2307/10033 1828/2306/10031
f 1828/2306/10031 1857/2359/10014 1856/2358/10009
f 1857/2359/10014 1828/2306/10033 1839/2331/10034
f 1839/2331/10032 1865/2367/9984 1857/2359/10036
f 1865/2367/10015 1839/2331/10033 1838/2330/10037
f 1838/2330/10037 1869/2371/10020 1865/2367/10015
f 1869/2371/9982 1838/2330/10030 1835/2325/10038
f 1835/2325/10039 1844/2343/10040 1869/2371/10041
f 1832/2314/10042 1846/2346/10000 1889/2391/10043
f 1889/2391/10043 1840/2335/10044 1832/2314/10042
f 1837/2329/10045 1873/2375/10023 1847/2349/10021
f 1847/2349/10022 1834/2322/10046 1837/2329/10047
f 1836/2328/10048 1877/2379/10049 1873/2375/10023
f 1873/2375/10023 1837/2329/10044 1836/2328/10048
f 1825/2301/10050 1880/2382/10051 1877/2379/10049
f 1877/2379/10052 1836/2328/10053 1825/2301/10054
f 1824/2300/10048 1881/2383/10055 1880/2382/10051
f 1880/2382/10051 1825/2301/10053 1824/2300/10048
f 1842/2339/10056 1888/2390/10057 1881/2383/10055
f 1881/2383/10055 1824/2300/10053 1842/2339/10054
f 1840/2335/10045 1889/2391/10058 1888/2390/10059
f 1888/2390/10060 1842/2339/10053 1840/2335/10061
f 1846/2346/10062 1827/2304/9994 1893/2395/9991
f 1893/2395/9991 1889/2391/10058 1846/2346/10063
f 1873/2375/10023 1872/2374/9982 1831/2313/9989
f 1831/2313/9987 1847/2349/10040 1873/2375/10023
f 1975/2477/10064 1973/2475/10065 1969/2471/10066
f 1969/2471/10067 1968/2470/10068 1975/2477/10069
f 1880/2382/10051 1887/2389/9978 1879/2381/10070
f 1879/2381/9983 1877/2379/10049 1880/2382/10071
f 1983/2485/10072 1981/2483/10073 1977/2479/10074
f 1977/2479/10074 1976/2478/10075 1983/2485/10072
f 1888/2390/10059 1894/2396/9996 1885/2387/10076
f 1885/2387/9979 1881/2383/10055 1888/2390/10060
f 1991/2493/10077 1989/2491/10078 1985/2487/10079
f 1985/2487/10079 1984/2486/10080 1991/2493/10077
f 1897/2399/10081 1850/2352/10082 1852/2354/10083
f 1852/2354/10084 1901/2403/10085 1897/2399/10086
f 1901/2403/10087 1852/2354/10088 1855/2357/10089
f 1855/2357/10090 1903/2405/10091 1901/2403/10092
f 1903/2405/10093 1855/2357/10094 1851/2353/10095
f 1851/2353/10096 1896/2398/10097 1903/2405/10098
f 1896/2398/10099 1851/2353/10100 1850/2352/10101
f 1850/2352/10102 1897/2399/10103 1896/2398/10104
f 1905/2407/10105 1859/2361/10106 1858/2360/10107
f 1858/2360/10108 1909/2411/10109 1905/2407/10110
f 1909/2411/10111 1858/2360/10112 1860/2362/10113
f 1860/2362/10114 1911/2413/10115 1909/2411/10116
f 1911/2413/10117 1860/2362/10118 1862/2364/10119
f 1862/2364/10120 1904/2406/10121 1911/2413/10122
f 1904/2406/10123 1862/2364/10124 1859/2361/10125
f 1859/2361/10126 1905/2407/10127 1904/2406/10128
f 1913/2415/10129 1866/2368/10130 1868/2370/10131
f 1868/2370/10132 1917/2419/10133 1913/2415/10134
f 1917/2419/10135 1868/2370/10136 1871/2373/10137
f 1871/2373/10138 1919/2421/10139 1917/2419/10140
f 1919/2421/10141 1871/2373/10142 1867/2369/10143
f 1867/2369/10144 1912/2414/10145 1919/2421/10146
f 1912/2414/10147 1867/2369/10148 1866/2368/10149
f 1866/2368/10150 1913/2415/10151 1912/2414/10152
f 1920/2422/10153 1878/2380/10154 1875/2377/10155
f 1875/2377/10156 1921/2423/10157 1920/2422/10158
f 1921/2423/10159 1875/2377/10160 1874/2376/10161
f 1874/2376/10162 1925/2427/10163 1921/2423/10164
f 1925/2427/10165 1874/2376/10166 1876/2378/10167
f 1876/2378/10168 1926/2428/10169 1925/2427/10170
f 1926/2428/10171 1876/2378/10172 1878/2380/10173
f 1878/2380/10174 1920/2422/10175 1926/2428/10176
f 1928/2430/10177 1884/2386/10178 1886/2388/10179
f 1886/2388/10180 1929/2431/10181 1928/2430/10182
f 1929/2431/10183 1886/2388/10184 1883/2385/10185
f 1883/2385/10186 1933/2435/10187 1929/2431/10188
f 1933/2435/10189 1883/2385/10190 1882/2384/10191
f 1882/2384/10192 1934/2436/10193 1933/2435/10194
f 1934/2436/10195 1882/2384/10196 1884/2386/10197
f 1884/2386/10198 1928/2430/10199 1934/2436/10200
f 1936/2438/10201 1892/2394/10202 1895/2397/10203
f 1895/2397/10204 1937/2439/10205 1936/2438/10206
f 1937/2439/10207 1895/2397/10208 1891/2393/10209
f 1891/2393/10210 1941/2443/10211 1937/2439/10212
f 1941/2443/10213 1891/2393/10214 1890/2392/10215
f 1890/2392/10216 1942/2444/10217 1941/2443/10218
f 1942/2444/10219 1890/2392/10220 1892/2394/10221
f 1892/2394/10222 1936/2438/10223 1942/2444/10224
f 1945/2447/10225 1898/2400/10226 1900/2402/10227
f 1900/2402/10228 1949/2451/10229 1945/2447/10230
f 1949/2451/10231 1900/2402/10232 1902/2404/10233
f 1902/2404/10234 1951/2453/10235 1949/2451/10236
f 1951/2453/10237 1902/2404/10238 1899/2401/10239
f 1899/2401/10240 1944/2446/10241 1951/2453/10242
f 1944/2446/10243 1899/2401/10244 1898/2400/10245
f 1898/2400/10246 1945/2447/10247 1944/2446/10248
f 1953/2455/10249 1906/2408/10250 1908/2410/10251
f 1908/2410/10252 1957/2459/10253 1953/2455/10254
f 1957/2459/10255 1908/2410/10256 1910/2412/10257
f 1910/2412/10258 1959/2461/10259 1957/2459/10260
f 1959/2461/10261 1910/2412/10262 1907/2409/10263
f 1907/2409/10264 1952/2454/10265 1959/2461/10266
f 1952/2454/10267 1907/2409/10268 1906/2408/10269
f 1906/2408/10270 1953/2455/10271 1952/2454/10272
f 1961/2463/10273 1914/2416/10274 1916/2418/10275
f 1916/2418/10276 1965/2467/10277 1961/2463/10278
f 1965/2467/10279 1916/2418/10280 1918/2420/10281
f 1918/2420/10282 1967/2469/10283 1965/2467/10284
f 1967/2469/10285 1918/2420/10286 1915/2417/10287
f 1915/2417/10288 1960/2462/10289 1967/2469/10290
f 1960/2462/10291 1915/2417/10292 1914/2416/10293
f 1914/2416/10294 1961/2463/10295 1960/2462/10296
f 1972/2474/10297 1923/2425/10298 1922/2424/10299
f 1922/2424/10300 1970/2472/10301 1972/2474/10302
f 1970/2472/10303 1922/2424/10304 1924/2426/10305
f 1924/2426/10306 1971/2473/10307 1970/2472/10308
f 1971/2473/10309 1924/2426/10310 1927/2429/10311
f 1927/2429/10312 1974/2476/10313 1971/2473/10314
f 1974/2476/10315 1927/2429/10316 1923/2425/10317
f 1923/2425/10318 1972/2474/10319 1974/2476/10320
f 1980/2482/10321 1931/2433/10322 1930/2432/10323
f 1930/2432/10324 1978/2480/10325 1980/2482/10326
f 1978/2480/10327 1930/2432/10328 1932/2434/10329
f 1932/2434/10330 1979/2481/10331 1978/2480/10332
f 1979/2481/10333 1932/2434/10334 1935/2437/10335
f 1935/2437/10336 1982/2484/10337 1979/2481/10338
f 1982/2484/10339 1935/2437/10340 1931/2433/10341
f 1931/2433/10342 1980/2482/10343 1982/2484/10344
f 1988/2490/10345 1939/2441/10346 1938/2440/10347
f 1938/2440/10348 1986/2488/10349 1988/2490/10350
f 1986/2488/10351 1938/2440/10352 1940/2442/10353
f 1940/2442/10354 1987/2489/10355 1986/2488/10356
f 1987/2489/10357 1940/2442/10358 1943/2445/10359
f 1943/2445/10360 1990/2492/10361 1987/2489/10362
f 1990/2492/10363 1943/2445/10364 1939/2441/10365
f 1939/2441/10366 1988/2490/10367 1990/2492/10368
f 1992/2494/10369 1993/2495/10370 1994/2496/10371
f 1994/2496/10372 1995/2497/10373 1992/2494/10374
f 1995/2497/10375 1994/2496/10376 1996/2498/10377
f 1996/2498/10378 1997/2499/10379 1995/2497/10380
f 1997/2499/10381 1996/2498/10382 1998/2500/10383
f 1998/2500/10384 1999/2501/10385 1997/2499/10386
f 1999/2501/10387 1998/2500/10388 2000/2502/10389
f 2000/2502/10390 2001/2503/10391 1999/2501/10392
f 2001/2503/10393 2000/2502/10394 2002/2504/10395
f 2002/2504/10396 2003/2505/10397 2001/2503/10398
f 2003/2505/10399 2002/2504/10400 2004/2506/10401
f 2004/2506/10402 2005/2507/10403 2003/2505/10404
f 2005/2507/10405 2004/2506/10406 2006/2508/10407
f 2006/2508/10408 2007/2509/10409 2005/2507/10410
f 2007/2509/10411 2006/2508/10412 2008/2510/10413
f 2008/2510/10414 2009/2511/10415 2007/2509/10416
f 2009/2511/10417 2008/2510/10418 2010/2512/10419
f 2010/2512/10420 2011/2513/10421 2009/2511/10422
f 2011/2513/10423 2010/2512/10424 2012/2514/10425
f 2012/2514/10426 2013/2515/10427 2011/2513/10428
f 2013/2515/10429 2012/2514/10430 2014/2516/10431
f 2014/2516/10432 2015/2517/10433 2013/2515/10434
f 2015/2517/10435 2014/2516/10436 2016/2518/10437
f 2016/2518/10438 2017/2519/10439 2015/2517/10440
f 2017/2519/10441 2016/2518/10442 2018/2520/10443
f 2018/2520/10444 2019/2521/10445 2017/2519/10446
f 2019/2521/10447 2018/2520/10448 2020/2522/10449
f 2020/2522/10450 2021/2523/10451 2019/2521/10452
f 2021/2523/10453 2020/2522/10454 2022/2524/10455
f 2022/2524/10456 2023/2525/10457 2021/2523/10458
f 2023/2525/10459 2022/2524/10460 2024/2526/10461
f 2024/2526/10462 2025/2527/10463 2023/2525/10464
f 2025/2527/10465 2024/2526/10466 2026/2528/10467
f 2026/2528/10468 2027/2529/10469 2025/2527/10470
f 2027/2529/10471 2026/2528/10472 2028/2530/10473
f 2028/2530/10474 2029/2531/10475 2027/2529/10476
f 2029/2531/10477 2028/2530/10478 2030/2532/10479
f 2030/2532/10480 2031/2533/10481 2029/2531/10482
f 2031/2533/10483 2030/2532/10484 2032/2534/10485
f 2032/2534/10486 2033/2535/10487 2031/2533/10488
f 2033/2535/10489 2032/2534/10490 2034/2536/10491
f 2034/2536/10492 2035/2537/10493 2033/2535/10494
f 2035/2537/10495 2034/2536/10496 2036/2538/10497
f 2036/2538/10498 2037/2539/10499 2035/2537/10500
f 2037/2539/10501 2036/2538/10502 2038/2540/10503
f 2038/2540/10504 2039/2541/10505 2037/2539/10506
f 2039/2541/10507 2038/2540/10508 1993/2495/10509
f 1993/2495/10510 1992/2494/10511 2039/2541/10512
f 2040/2542/10513 1994/2496/10514 1993/2495/10515
f 1993/2495/10516 2041/2543/3052 2040/2542/3052
f 2042/2544/10513 1996/2498/10517 1994/2496/10518
f 1994/2496/10519 2040/2542/10513 2042/2544/10513
f 2043/2545/10513 1998/2500/10520 1996/2498/10521
f 1996/2498/10522 2042/2544/10513 2043/2545/10513
f 2044/2546/10513 2000/2502/10523 1998/2500/10524
f 1998/2500/10525 2043/2545/10513 2044/2546/10513
f 2045/2547/10513 2002/2504/10526 2000/2502/10527
f 2000/2502/10528 2044/2546/3052 2045/2547/3052
f 2046/2548/10513 2004/2506/10529 2002/2504/10530
f 2002/2504/10531 2045/2547/10532 2046/2548/10532
f 2047/2549/10513 2006/2508/10533 2004/2506/10534
f 2004/2506/10535 2046/2548/10513 2047/2549/10513
f 2048/2550/10513 2008/2510/10536 2006/2508/10537
f 2006/2508/10538 2047/2549/10532 2048/2550/10532
f 2049/2551/10513 2010/2512/10539 2008/2510/10540
f 2008/2510/10541 2048/2550/3052 2049/2551/3052
f 2050/2552/10513 2012/2514/10542 2010/2512/10543
f 2010/2512/10544 2049/2551/10545 2050/2552/10545
f 2051/2553/10513 2014/2516/10546 2012/2514/10547
f 2012/2514/10548 2050/2552/10513 2051/2553/10513
f 2052/2554/10513 2016/2518/10549 2014/2516/10550
f 2014/2516/10551 2051/2553/10513 2052/2554/10513
f 2053/2555/10513 2018/2520/10552 2016/2518/10553
f 2016/2518/10554 2052/2554/10513 2053/2555/10513
f 2054/2556/10513 2020/2522/10555 2018/2520/10556
f 2018/2520/10557 2053/2555/10545 2054/2556/10545
f 2055/2557/10513 2022/2524/10558 2020/2522/10559
f 2020/2522/10560 2054/2556/3052 2055/2557/3052
f 2056/2558/10513 2024/2526/10561 2022/2524/10562
f 2022/2524/10563 2055/2557/10513 2056/2558/10513
f 2057/2559/10513 2026/2528/10564 2024/2526/10565
f 2024/2526/10566 2056/2558/10567 2057/2559/10568
f 2058/2560/10513 2028/2530/10569 2026/2528/10570
f 2026/2528/10571 2057/2559/10572 2058/2560/10572
f 2059/2561/10513 2030/2532/10573 2028/2530/10574
f 2028/2530/10575 2058/2560/10532 2059/2561/10532
f 2060/2562/10513 2032/2534/10576 2030/2532/10577
f 2030/2532/10578 2059/2561/10513 2060/2562/10513
f 2061/2563/10513 2034/2536/10579 2032/2534/10580
f 2032/2534/10581 2060/2562/10513 2061/2563/10513
f 2062/2564/10513 2036/2538/10582 2034/2536/10583
f 2034/2536/10584 2061/2563/3052 2062/2564/3052
f 2063/2565/10513 2038/2540/10585 2036/2538/10586
f 2036/2538/10587 2062/2564/10513 2063/2565/10513
f 2041/2543/10513 1993/2495/10588 2038/2540/10589
f 2038/2540/10590 2063/2565/10513 2041/2543/10513
f 2064/2566/10591 2027/2529/10592 2029/2531/10593
f 2029/2531/10593 2065/2567/10594 2064/2566/10595
f 2066/2568/10596 2025/2527/10597 2027/2529/10598
f 2027/2529/10599 2064/2569/10600 2066/2568/10601
f 2067/2570/10602 2023/2525/10603 2025/2527/10604
f 2025/2527/10605 2066/2571/10606 2067/2570/10607
f 2068/2572/10608 2021/2523/10609 2023/2525/10610
f 2023/2525/10611 2067/2573/10612 2068/2572/10613
f 2069/2574/10614 2019/2521/10615 2021/2523/10616
f 2021/2523/10617 2068/2575/10618 2069/2574/10619
f 2070/2576/10620 2017/2519/10621 2019/2521/10622
f 2019/2521/10623 2069/2577/10624 2070/2576/10625
f 2071/2578/10626 2015/2517/10627 2017/2519/10628
f 2017/2519/10629 2070/2579/10630 2071/2578/10631
f 2072/2580/10632 2013/2515/10633 2015/2517/10634
f 2015/2517/10635 2071/2581/10636 2072/2580/10637
f 2073/2582/10638 2011/2513/10639 2013/2515/10640
f 2013/2515/10641 2072/2583/10642 2073/2582/10643
f 2074/2584/10644 2009/2511/10645 2011/2513/10646
f 2011/2513/10647 2073/2585/10648 2074/2584/10649
f 2075/2586/10650 2007/2509/10651 2009/2511/10652
f 2009/2511/10653 2074/2587/10654 2075/2586/10655
f 2076/2588/10656 2005/2507/10657 2007/2509/10658
f 2007/2509/10659 2075/2589/10660 2076/2588/10661
f 2077/2590/10662 2003/2505/10663 2005/2507/10664
f 2005/2507/10665 2076/2591/10666 2077/2590/10667
f 2078/2592/10668 2001/2503/10669 2003/2505/10670
f 2003/2505/10671 2077/2593/10672 2078/2592/10673
f 2079/2594/10674 1999/2501/10675 2001/2503/10676
f 2001/2503/10677 2078/2595/10678 2079/2594/10679
f 2080/2596/10680 1997/2499/10681 1999/2501/10682
f 1999/2501/10683 2079/2597/10684 2080/2596/10685
f 2081/2598/10686 1995/2497/10687 1997/2499/10688
f 1997/2499/10689 2080/2599/10690 2081/2598/10691
f 2082/2600/10692 1992/2494/10693 1995/2497/10694
f 1995/2497/10695 2081/2601/10696 2082/2600/10697
f 2083/2602/10698 2039/2541/10699 1992/2494/10700
f 1992/2494/10701 2082/2603/10702 2083/2602/10703
f 2084/2604/10704 2037/2539/10705 2039/2541/10706
f 2039/2541/10707 2083/2605/10708 2084/2604/10709
f 2085/2606/10710 2035/2537/10711 2037/2539/10712
f 2037/2539/10713 2084/2607/10714 2085/2606/10715
f 2086/2608/10716 2033/2535/10717 2035/2537/10718
f 2035/2537/10719 2085/2609/10720 2086/2608/10721
f 2087/2610/10722 2031/2533/10723 2033/2535/10724
f 2033/2535/10725 2086/2611/10726 2087/2610/10727
f 2065/2612/10728 2029/2531/10729 2031/2533/10730
f 2031/2533/10731 2087/2613/10732 2065/2612/10733
f 2088/2614/10734 2089/2615/10735 2090/2616/10736
f 2090/2616/10737 2091/2617/10738 2088/2614/10739
f 2092/2618/10740 2093/2619/10741 2094/2620/10742
f 2094/2620/10743 2095/2621/10744 2092/2618/10745
f 2096/2622/10746 2097/2623/10747 2098/2624/10748
f 2098/2624/10749 2099/2625/10750 2096/2622/10751
f 2100/2626/10752 2101/2627/10753 2102/2628/10754
f 2102/2628/10755 2103/2629/10756 2100/2626/10757
f 2104/2630/10758 2105/2631/10759 2106/2632/10760
f 2106/2632/10761 2107/2633/10762 2104/2630/10763
f 2108/2634/10764 2109/2635/10765 2110/2636/10766
f 2110/2636/10767 2111/2637/10768 2108/2634/10769
f 2112/2638/10770 2113/2639/10771 2114/2640/10772
f 2114/2640/10773 2115/2641/10774 2112/2638/10775
f 2116/2642/10776 2117/2643/10777 2118/2644/10778
f 2118/2644/10779 2119/2645/10780 2116/2642/10781
f 2120/2646/10782 2121/2647/10783 2122/2648/10784
f 2122/2648/10785 2123/2649/10786 2120/2646/10787
f 2124/2650/10788 2125/2651/10789 2126/2652/10790
f 2126/2652/10791 2127/2653/10792 2124/2650/10793
f 2128/2654/10794 2129/2655/10795 2130/2656/10796
f 2130/2656/10797 2131/2657/10798 2128/2654/10799
f 2132/2658/10800 2133/2659/10801 2134/2660/10802
f 2134/2660/10803 2135/2661/10804 2132/2658/10805
f 2136/2662/10806 2137/2663/10807 2138/2664/10808
f 2138/2664/10809 2139/2665/10810 2136/2662/10811
f 2140/2666/10812 2141/2667/10813 2142/2668/10814
f 2142/2668/10815 2143/2669/10816 2140/2666/10817
f 2144/2670/10818 2145/2671/10819 2146/2672/10820
f 2146/2672/10821 2147/2673/10822 2144/2670/10823
f 2148/2674/10824 2149/2675/10825 2150/2676/10826
f 2150/2676/10827 2151/2677/10828 2148/2674/10829
f 2152/2678/10830 2153/2679/10831 2154/2680/10832
f 2154/2680/10833 2155/2681/10834 2152/2678/10835
f 2156/2682/10836 2157/2683/10837 2158/2684/10838
f 2158/2684/10839 2159/2685/10840 2156/2682/10841
f 2160/2686/10842 2161/2687/10843 2162/2688/10844
f 2162/2688/10845 2163/2689/10846 2160/2686/10847
f 2164/2690/10848 2165/2691/10849 2166/2692/10850
f 2166/2692/10851 2167/2693/10852 2164/2690/10853
f 2168/2694/10854 2093/2619/10855 2091/2617/10856
f 2091/2617/10857 2169/2695/10858 2168/2694/10859
f 2170/2696/10860 2097/2623/10861 2094/2620/10862
f 2094/2620/10863 2171/2697/10864 2170/2696/10865
f 2172/2698/10866 2101/2627/10867 2098/2624/10868
f 2098/2624/10869 2173/2699/10870 2172/2698/10871
f 2174/2700/10872 2105/2631/10873 2102/2628/10874
f 2102/2628/10875 2175/2701/10876 2174/2700/10877
f 2176/2702/10878 2109/2635/10879 2106/2632/10880
f 2106/2632/10881 2177/2703/10882 2176/2702/10883
f 2178/2704/10884 2113/2639/10885 2110/2636/10886
f 2110/2636/10887 2179/2705/10888 2178/2704/10889
f 2180/2706/10890 2117/2643/10891 2114/2640/10892
f 2114/2640/10893 2181/2707/10894 2180/2706/10895
f 2182/2708/10896 2121/2647/10897 2118/2644/10898
f 2118/2644/10899 2183/2709/10900 2182/2708/10901
f 2184/2710/10902 2125/2651/10903 2122/2648/10904
f 2122/2648/10905 2185/2711/10906 2184/2710/10907
f 2186/2712/10908 2129/2655/10909 2126/2652/10910
f 2126/2652/10911 2187/2713/10912 2186/2712/10913
f 2188/2714/10914 2133/2659/10915 2130/2656/10916
f 2130/2656/10917 2189/2715/10918 2188/2714/10919
f 2190/2716/10920 2137/2663/10921 2134/2660/10922
f 2134/2660/10923 2191/2717/10924 2190/2716/10925
f 2192/2718/10926 2141/2667/10927 2138/2664/10928
f 2138/2664/10929 2193/2719/10930 2192/2718/10931
f 2194/2720/10932 2145/2721/10933 2142/2668/10934
f 2142/2668/10935 2195/2722/10936 2194/2720/10937
f 2196/2723/10938 2149/2675/10939 2146/2672/10940
f 2146/2672/10941 2197/2724/10942 2196/2723/10943
f 2198/2725/10944 2153/2679/10945 2150/2676/10946
f 2150/2676/10947 2199/2726/10948 2198/2725/10949
f 2200/2727/10950 2157/2683/10951 2154/2680/10952
f 2154/2680/10953 2201/2728/10954 2200/2727/10955
f 2202/2729/10956 2161/2687/10957 2158/2684/10958
f 2158/2684/10959 2203/2730/10960 2202/2729/10961
f 2204/2731/10962 2165/2691/10963 2162/2688/10964
f 2162/2688/10965 2205/2732/10966 2204/2731/10967
f 2206/2733/10968 2090/2616/10969 2166/2692/10970
f 2166/2692/10971 2207/2734/10972 2206/2733/10973
f 2208/2735/10974 2209/2736/10975 2210/2737/10976
f 2210/2737/10977 2211/2738/10978 2208/2735/10979
f 2212/2739/10980 2213/2740/10981 2214/2741/10982
f 2214/2741/10983 2215/2742/10984 2212/2739/10985
f 2216/2743/10986 2217/2744/10987 2218/2745/10988
f 2218/2745/10989 2219/2746/10990 2216/2743/10991
f 2220/2747/10992 2221/2748/10993 2222/2749/10994
f 2222/2749/10995 2223/2750/10996 2220/2747/10997
f 2224/2751/10998 2225/2752/10999 2226/2753/11000
f 2226/2753/11001 2227/2754/11002 2224/2751/11003
f 2228/2755/11004 2229/2756/11005 2230/2757/11006
f 2230/2757/11007 2231/2758/11008 2228/2755/11009
f 2232/2759/11010 2233/2760/11011 2234/2761/11012
f 2234/2761/11013 2235/2762/11014 2232/2759/11015
f 2236/2763/11016 2237/2764/11017 2238/2765/11018
f 2238/2765/11019 2239/2766/11020 2236/2763/11021
f 2240/2767/11022 2241/2768/11023 2242/2769/11024
f 2242/2769/11025 2243/2770/11026 2240/2767/11027
f 2244/2771/11028 2245/2772/11029 2246/2773/11030
f 2246/2773/11031 2247/2774/11032 2244/2771/11033
f 2248/2775/11034 2249/2776/11035 2250/2777/11036
f 2250/2777/11037 2251/2778/11038 2248/2775/11039
f 2252/2779/11040 2253/2780/11041 2254/2781/11042
f 2254/2781/11043 2255/2782/11044 2252/2779/11045
f 2256/2783/11046 2257/2784/11047 2258/2785/11048
f 2258/2785/11049 2259/2786/11050 2256/2783/11051
f 2260/2787/11052 2261/2788/11053 2262/2789/11054
f 2262/2789/11055 2263/2790/11056 2260/2787/11057
f 2264/2791/11058 2265/2792/11059 2266/2793/11060
f 2266/2793/11061 2267/2794/11062 2264/2791/11063
f 2268/2795/11064 2269/2796/11065 2270/2797/11066
f 2270/2797/11067 2271/2798/11068 2268/2795/11069
f 2272/2799/11070 2273/2800/11071 2274/2801/11072
f 2274/2801/11073 2275/2802/11074 2272/2799/11075
f 2276/2803/11076 2277/2804/11077 2278/2805/11078
f 2278/2805/11079 2279/2806/11080 2276/2803/11081
f 2280/2807/11082 2281/2808/11083 2282/2809/11084
f 2282/2809/11085 2283/2810/11086 2280/2807/11087
f 2284/2811/11088 2285/2812/11089 2286/2813/11090
f 2286/2813/11090 2287/2814/11091 2284/2811/11092
f 2288/2815/11093 2209/2736/11094 2208/2735/11095
f 2208/2735/11096 2289/2816/11097 2288/2815/11098
f 2290/2817/11099 2213/2740/11100 2212/2739/11101
f 2212/2739/11102 2291/2818/11103 2290/2817/11104
f 2292/2819/11105 2217/2744/11106 2216/2743/11107
f 2216/2743/11108 2293/2820/11109 2292/2819/11110
f 2294/2821/11111 2221/2748/11112 2220/2747/11113
f 2220/2747/11114 2295/2822/11115 2294/2821/11116
f 2296/2823/11117 2225/2752/11118 2224/2751/11119
f 2224/2751/11120 2297/2824/11121 2296/2823/11122
f 2298/2825/11123 2229/2756/11124 2228/2755/11125
f 2228/2755/11126 2299/2826/11127 2298/2825/11128
f 2300/2827/11129 2233/2760/11130 2232/2759/11131
f 2232/2759/11132 2301/2828/11133 2300/2827/11134
f 2302/2829/11135 2237/2764/11136 2236/2763/11137
f 2236/2763/11138 2303/2830/11139 2302/2829/11140
f 2304/2831/11141 2241/2768/11142 2240/2767/11143
f 2240/2767/11144 2305/2832/11145 2304/2831/11146
f 2306/2833/11147 2245/2772/11148 2244/2771/11149
f 2244/2771/11150 2307/2834/11151 2306/2833/11152
f 2308/2835/11153 2249/2776/11154 2248/2775/11155
f 2248/2775/11156 2309/2836/11157 2308/2835/11158
f 2310/2837/11159 2253/2780/11160 2252/2779/11161
f 2252/2779/11162 2311/2838/11163 2310/2837/11164
f 2312/2839/11165 2257/2784/11166 2256/2783/11167
f 2256/2783/11168 2313/2840/11169 2312/2839/11170
f 2314/2841/11171 2261/2788/11172 2260/2787/11173
f 2260/2787/11174 2315/2842/11175 2314/2841/11176
f 2316/2843/11177 2265/2792/11178 2264/2791/11179
f 2264/2791/11180 2317/2844/11181 2316/2843/11182
f 2318/2845/11183 2269/2796/11184 2268/2795/11185
f 2268/2795/11186 2319/2846/11187 2318/2845/11188
f 2320/2847/11189 2273/2800/11190 2272/2799/11191
f 2272/2799/11192 2321/2848/11193 2320/2847/11194
f 2322/2849/11195 2277/2804/11196 2276/2803/11197
f 2276/2803/11198 2323/2850/11199 2322/2849/11200
f 2324/2851/11201 2281/2808/11202 2280/2807/11203
f 2280/2807/11204 2325/2852/11205 2324/2851/11206
f 2326/2853/11207 2284/2811/11208 2287/2814/11209
f 2287/2814/11210 2327/2854/11211 2326/2853/11212
f 2328/2855/11213 2089/2615/11214 2088/2614/11215
f 2088/2614/11216 2329/2856/11217 2328/2855/11218
f 2330/2857/11219 2092/2618/11220 2095/2621/11221
f 2095/2621/11222 2331/2858/11223 2330/2857/11224
f 2332/2859/11225 2096/2622/11226 2099/2625/11227
f 2099/2625/11228 2333/2860/11229 2332/2859/11230
f 2334/2861/11231 2100/2626/11232 2103/2629/11233
f 2103/2629/11234 2335/2862/11235 2334/2861/11236
f 2336/2863/11237 2104/2630/11238 2107/2633/11239
f 2107/2633/11240 2337/2864/11241 2336/2863/11242
f 2338/2865/11243 2108/2634/11244 2111/2637/11245
f 2111/2637/11246 2339/2866/11247 2338/2865/11248
f 2340/2867/11249 2112/2638/11250 2115/2641/11251
f 2115/2641/11252 2341/2868/11253 2340/2867/11254
f 2342/2869/11255 2116/2642/11256 2119/2645/11257
f 2119/2645/11258 2343/2870/11259 2342/2869/11260
f 2344/2871/11261 2120/2646/11262 2123/2649/11263
f 2123/2649/11264 2345/2872/11265 2344/2871/11266
f 2346/2873/11267 2124/2650/11268 2127/2653/11269
f 2127/2653/11270 2347/2874/11271 2346/2873/11272
f 2348/2875/11273 2128/2654/11274 2131/2657/11275
f 2131/2657/11276 2349/2876/11277 2348/2875/11278
f 2350/2877/11279 2132/2658/11280 2135/2661/11281
f 2135/2661/11282 2351/2878/11283 2350/2877/11284
f 2352/2879/11285 2136/2662/11286 2139/2665/11287
f 2139/2665/11288 2353/2880/11289 2352/2879/11290
f 2354/2881/11291 2140/2666/11292 2143/2669/11293
f 2143/2669/11294 2355/2882/11295 2354/2881/11296
f 2356/2883/11297 2144/2670/11298 2147/2673/11299
f 2147/2673/11300 2357/2884/11301 2356/2883/11302
f 2358/2885/11303 2148/2674/11304 2151/2677/11305
f 2151/2677/11306 2359/2886/11307 2358/2885/11308
f 2360/2887/11309 2152/2678/11310 2155/2681/11311
f 2155/2681/11312 2361/2888/11313 2360/2887/11314
f 2362/2889/11315 2156/2682/11316 2159/2685/11317
f 2159/2685/11318 2363/2890/11319 2362/2889/11320
f 2364/2891/11321 2160/2686/11322 2163/2689/11323
f 2163/2689/11324 2365/2892/11325 2364/2891/11326
f 2366/2893/11327 2164/2690/11328 2167/2693/11329
f 2167/2693/11330 2367/2894/11331 2366/2893/11332
f 2329/2856/11333 2368/2895/11334 2369/2896/11335
f 2369/2896/11336 2328/2855/11337 2329/2856/11338
f 2331/2858/11339 2370/2897/11340 2371/2898/11341
f 2371/2898/11342 2330/2857/11343 2331/2858/11344
f 2333/2860/11345 2372/2899/11346 2373/2900/11347
f 2373/2900/11348 2332/2859/11349 2333/2860/11350
f 2335/2862/11351 2374/2901/11352 2375/2902/11353
f 2375/2902/11354 2334/2861/11355 2335/2862/11356
f 2337/2864/11357 2376/2903/11358 2377/2904/11359
f 2377/2904/11360 2336/2863/11361 2337/2864/11362
f 2339/2866/11363 2378/2905/11364 2379/2906/11365
f 2379/2906/11366 2338/2865/11367 2339/2866/11368
f 2341/2868/11369 2380/2907/11370 2381/2908/11371
f 2381/2908/11372 2340/2867/11373 2341/2868/11374
f 2343/2870/11375 2382/2909/11376 2383/2910/11377
f 2383/2910/11378 2342/2869/11379 2343/2870/11380
f 2345/2872/11381 2384/2911/11382 2385/2912/11383
f 2385/2912/11384 2344/2871/11385 2345/2872/11386
f 2347/2874/11387 2386/2913/11388 2387/2914/11389
f 2387/2914/11390 2346/2873/11391 2347/2874/11392
f 2349/2876/11393 2388/2915/11394 2389/2916/11395
f 2389/2916/11396 2348/2875/11397 2349/2876/11398
f 2351/2878/11399 2390/2917/11400 2391/2918/11401
f 2391/2918/11402 2350/2877/11403 2351/2878/11404
f 2353/2880/11405 2392/2919/11406 2393/2920/11407
f 2393/2920/11408 2352/2879/11409 2353/2880/11410
f 2355/2882/11411 2394/2921/11412 2395/2922/11413
f 2395/2922/11414 2354/2881/11415 2355/2882/11416
f 2357/2884/11417 2396/2923/11418 2397/2924/11419
f 2397/2924/11420 2356/2883/11421 2357/2884/11422
f 2359/2886/11423 2398/2925/11424 2399/2926/11425
f 2399/2926/11426 2358/2885/11427 2359/2886/11428
f 2361/2888/11429 2400/2927/11430 2401/2928/11431
f 2401/2928/11432 2360/2887/11433 2361/2888/11434
f 2363/2890/11435 2402/2929/11436 2403/2930/11437
f 2403/2930/11438 2362/2889/11439 2363/2890/11440
f 2365/2892/11441 2404/2931/11442 2405/2932/11443
f 2405/2932/11444 2364/2891/11445 2365/2892/11446
f 2367/2894/11447 2406/2933/11448 2407/2934/11449
f 2407/2934/11450 2366/2893/11451 2367/2894/11452
f 2408/2935/11453 2409/2936/11454 2369/2896/11455
f 2369/2896/11456 2368/2895/11457 2408/2935/11458
f 2410/2937/11459 2371/2898/11460 2370/2897/11461
f 2370/2897/11462 2411/2938/11463 2410/2937/11464
f 2412/2939/11465 2373/2900/11466 2372/2899/11467
f 2372/2899/11468 2413/2940/11469 2412/2939/11470
f 2414/2941/11471 2375/2902/11472 2374/2901/11473
f 2374/2901/11474 2415/2942/11475 2414/2941/11476
f 2416/2943/11477 2377/2904/11478 2376/2903/11479
f 2376/2903/11480 2417/2944/11481 2416/2943/11482
f 2418/2945/11483 2379/2906/11484 2378/2905/11485
f 2378/2905/11486 2419/2946/11487 2418/2945/11488
f 2420/2947/11489 2381/2908/11490 2380/2907/11491
f 2380/2907/11492 2421/2948/11493 2420/2947/11494
f 2422/2949/11495 2383/2910/11496 2382/2909/11497
f 2382/2909/11498 2423/2950/11499 2422/2949/11500
f 2424/2951/11501 2385/2912/11502 2384/2911/11503
f 2384/2911/11504 2425/2952/11505 2424/2951/11506
f 2426/2953/11507 2387/2914/11508 2386/2913/11509
f 2386/2913/11510 2427/2954/11511 2426/2953/11512
f 2428/2955/11513 2389/2916/11514 2388/2915/11515
f 2388/2915/11516 2429/2956/11517 2428/2955/11518
f 2430/2957/11519 2391/2918/11520 2390/2917/11521
f 2390/2917/11522 2431/2958/11523 2430/2957/11524
f 2432/2959/11525 2393/2920/11526 2392/2919/11527
f 2392/2919/11528 2433/2960/11529 2432/2959/11530
f 2434/2961/11531 2395/2922/11532 2394/2921/11533
f 2394/2921/11534 2435/2962/11535 2434/2961/11536
f 2436/2963/11537 2397/2924/11538 2396/2923/11539
f 2396/2923/11540 2437/2964/11541 2436/2963/11542
f 2438/2965/11543 2399/2926/11544 2398/2925/11545
f 2398/2925/11546 2439/2966/11547 2438/2965/11548
f 2440/2967/11549 2401/2928/11550 2400/2927/11551
f 2400/2927/11552 2441/2968/11553 2440/2967/11554
f 2442/2969/11555 2403/2930/11556 2402/2929/11557
f 2402/2929/11558 2443/2970/11559 2442/2969/11560
f 2444/2971/11561 2405/2932/11562 2404/2931/11563
f 2404/2931/11564 2445/2972/11565 2444/2971/11566
f 2446/2973/11567 2407/2934/11568 2406/2933/11569
f 2406/2933/11570 2447/2974/11571 2446/2973/11572
f 2448/2975/11573 2449/2976/11574 2409/2936/11575
f 2409/2936/11576 2408/2935/11577 2448/2975/11578
f 2450/2977/11579 2410/2937/11580 2411/2938/11581
f 2411/2938/11582 2451/2978/11583 2450/2977/11584
f 2452/2979/11585 2412/2939/11586 2413/2940/11587
f 2413/2940/11588 2453/2980/11589 2452/2979/11590
f 2454/2981/11591 2414/2941/11592 2415/2942/11593
f 2415/2942/11594 2455/2982/11595 2454/2981/11596
f 2456/2983/11597 2416/2943/11598 2417/2944/11599
f 2417/2944/11600 2457/2984/11601 2456/2983/11602
f 2458/2985/11603 2418/2945/11604 2419/2946/11605
f 2419/2946/11606 2459/2986/11607 2458/2985/11608
f 2460/2987/11609 2420/2947/11610 2421/2948/11611
f 2421/2948/11612 2461/2988/11613 2460/2987/11614
f 2462/2989/11615 2422/2949/11616 2423/2950/11617
f 2423/2950/11618 2463/2990/11619 2462/2989/11620
f 2464/2991/11621 2424/2951/11622 2425/2952/11623
f 2425/2952/11624 2465/2992/11625 2464/2991/11626
f 2466/2993/11627 2426/2953/11628 2427/2954/11629
f 2427/2954/11630 2467/2994/11631 2466/2993/11632
f 2468/2995/11633 2428/2955/11634 2429/2956/11635
f 2429/2956/11636 2469/2996/11637 2468/2995/11638
f 2470/2997/11639 2430/2957/11640 2431/2958/11641
f 2431/2958/11642 2471/2998/11643 2470/2997/11644
f 2472/2999/11645 2432/2959/11646 2433/2960/11647
f 2433/2960/11648 2473/3000/11649 2472/2999/11650
f 2474/3001/11651 2434/2961/11652 2435/2962/11653
f 2435/2962/11654 2475/3002/11655 2474/3001/11656
f 2476/3003/11657 2436/2963/11658 2437/2964/11659
f 2437/2964/11660 2477/3004/11661 2476/3003/11662
f 2478/3005/11663 2438/2965/11664 2439/2966/11665
f 2439/2966/11666 2479/3006/11667 2478/3005/11668
f 2480/3007/11669 2440/2967/11670 2441/2968/11671
f 2441/2968/11672 2481/3008/11673 2480/3007/11674
f 2482/3009/11675 2442/2969/11676 2443/2970/11677
f 2443/2970/11678 2483/3010/11679 2482/3009/11680
f 2484/3011/11681 2444/2971/11682 2445/2972/11683
f 2445/2972/11684 2485/3012/11685 2484/3011/11686
f 2486/3013/11687 2446/2973/11688 2447/2974/11689
f 2447/2974/11690 2487/3014/11691 2486/3013/11692
f 2409/2936/11693 2449/2976/11694 2487/3014/11695
f 2487/3014/11696 2447/2974/11697 2409/2936/11698
f 2445/2972/11699 2446/2973/11700 2486/3013/11701
f 2486/3013/11702 2485/3012/11703 2445/2972/11704
f 2443/2970/11705 2444/2971/11706 2484/3011/11707
f 2484/3011/11708 2483/3010/11709 2443/2970/11710
f 2441/2968/11711 2442/2969/11712 2482/3009/11713
f 2482/3009/11714 2481/3008/11715 2441/2968/11716
f 2439/2966/11717 2440/2967/11718 2480/3007/11719
f 2480/3007/11720 2479/3006/11721 2439/2966/11722
f 2437/2964/11723 2438/2965/11724 2478/3005/11725
f 2478/3005/11726 2477/3004/11727 2437/2964/11728
f 2435/2962/11729 2436/3015/11730 2476/3016/11731
f 2476/3016/11732 2475/3002/11733 2435/2962/11734
f 2433/2960/11735 2434/2961/11736 2474/3001/11737
f 2474/3001/11738 2473/3000/11739 2433/2960/11740
f 2431/2958/11741 2432/2959/11742 2472/2999/11743
f 2472/2999/11744 2471/2998/11745 2431/2958/11746
f 2429/2956/11747 2430/2957/11748 2470/2997/11749
f 2470/2997/11750 2469/2996/11751 2429/2956/11752
f 2427/2954/11753 2428/2955/11754 2468/2995/11755
f 2468/2995/11756 2467/2994/11757 2427/2954/11758
f 2425/2952/11759 2426/2953/11760 2466/2993/11761
f 2466/2993/11762 2465/2992/11763 2425/2952/11764
f 2423/2950/11765 2424/2951/11766 2464/2991/11767
f 2464/2991/11768 2463/2990/11769 2423/2950/11770
f 2421/2948/11771 2422/2949/11772 2462/2989/11773
f 2462/2989/11774 2461/2988/11775 2421/2948/11776
f 2419/2946/11777 2420/2947/11778 2460/2987/11779
f 2460/2987/11780 2459/2986/11781 2419/2946/11782
f 2417/2944/11783 2418/2945/11784 2458/2985/11785
f 2458/2985/11786 2457/2984/11787 2417/2944/11788
f 2415/2942/11789 2416/2943/11790 2456/2983/11791
f 2456/2983/11792 2455/2982/11793 2415/2942/11794
f 2413/2940/11795 2414/2941/11796 2454/2981/11797
f 2454/2981/11798 2453/2980/11799 2413/2940/11800
f 2411/2938/11801 2412/2939/11802 2452/2979/11803
f 2452/2979/11804 2451/2978/11805 2411/2938/11806
f 2408/2935/11807 2410/2937/11808 2450/2977/11809
f 2450/2977/11810 2448/2975/11811 2408/2935/11812
f 2369/2896/11813 2409/2936/11814 2447/2974/11815
f 2447/2974/11816 2406/2933/11817 2369/2896/11818
f 2404/2931/11819 2407/2934/11820 2446/2973/11821
f 2446/2973/11822 2445/2972/11823 2404/2931/11824
f 2402/2929/11825 2405/2932/11826 2444/2971/11827
f 2444/2971/11828 2443/2970/11829 2402/2929/11830
f 2400/2927/11831 2403/2930/11832 2442/2969/11833
f 2442/2969/11834 2441/2968/11835 2400/2927/11836
f 2398/2925/11837 2401/2928/11838 2440/2967/11839
f 2440/2967/11840 2439/2966/11841 2398/2925/11842
f 2396/2923/11843 2399/2926/11844 2438/2965/11845
f 2438/2965/11846 2437/2964/11847 2396/2923/11848
f 2394/2921/11849 2397/3017/11850 2436/3015/11851
f 2436/3015/11852 2435/2962/11853 2394/2921/11854
f 2392/2919/11855 2395/2922/11856 2434/2961/11857
f 2434/2961/11858 2433/2960/11859 2392/2919/11860
f 2390/2917/11861 2393/2920/11862 2432/2959/11863
f 2432/2959/11864 2431/2958/11865 2390/2917/11866
f 2388/2915/11867 2391/2918/11868 2430/2957/11869
f 2430/2957/11870 2429/2956/11871 2388/2915/11872
f 2386/2913/11873 2389/2916/11874 2428/2955/11875
f 2428/2955/11876 2427/2954/11877 2386/2913/11878
f 2384/2911/11879 2387/2914/11880 2426/2953/11881
f 2426/2953/11882 2425/2952/11883 2384/2911/11884
f 2382/2909/11885 2385/2912/11886 2424/2951/11887
f 2424/2951/11888 2423/2950/11889 2382/2909/11890
f 2380/2907/11891 2383/2910/11892 2422/2949/11893
f 2422/2949/11894 2421/2948/11895 2380/2907/11896
f 2378/2905/11897 2381/2908/11898 2420/2947/11899
f 2420/2947/11900 2419/2946/11901 2378/2905/11902
f 2376/2903/11903 2379/2906/11904 2418/2945/11905
f 2418/2945/11906 2417/2944/11907 2376/2903/11908
f 2374/2901/11909 2377/2904/11910 2416/2943/11911
f 2416/2943/11912 2415/2942/11913 2374/2901/11914
f 2372/2899/11915 2375/2902/11916 2414/2941/11917
f 2414/2941/11918 2413/2940/11919 2372/2899/11920
f 2370/2897/11921 2373/2900/11922 2412/2939/11923
f 2412/2939/11924 2411/2938/11925 2370/2897/11926
f 2368/2895/11927 2371/2898/11928 2410/2937/11929
f 2410/2937/11930 2408/2935/11931 2368/2895/11932
f 2328/2855/11933 2369/2896/11934 2406/2933/11935
f 2406/2933/11936 2367/2894/11937 2328/2855/11938
f 2366/2893/11939 2407/2934/11940 2404/2931/11941
f 2404/2931/11942 2365/2892/11943 2366/2893/11944
f 2364/2891/11945 2405/2932/11946 2402/2929/11947
f 2402/2929/11948 2363/2890/11949 2364/2891/11950
f 2362/2889/11951 2403/2930/11952 2400/2927/11953
f 2400/2927/11954 2361/2888/11955 2362/2889/11956
f 2360/2887/11957 2401/2928/11958 2398/2925/11959
f 2398/2925/11960 2359/2886/11961 2360/2887/11962
f 2358/2885/11963 2399/2926/11964 2396/2923/11965
f 2396/2923/11966 2357/2884/11967 2358/2885/11968
f 2356/3018/11969 2397/3017/11970 2394/2921/11971
f 2394/2921/11972 2355/2882/11973 2356/3018/11974
f 2354/2881/11975 2395/2922/11976 2392/2919/11977
f 2392/2919/11978 2353/2880/11979 2354/2881/11980
f 2352/2879/11981 2393/2920/11982 2390/2917/11983
f 2390/2917/11984 2351/2878/11985 2352/2879/11986
f 2350/2877/11987 2391/2918/11988 2388/2915/11989
f 2388/2915/11990 2349/2876/11991 2350/2877/11992
f 2348/2875/11993 2389/2916/11994 2386/2913/11995
f 2386/2913/11996 2347/2874/11997 2348/2875/11998
f 2346/2873/11999 2387/2914/12000 2384/2911/12001
f 2384/2911/12002 2345/2872/12003 2346/2873/12004
f 2344/2871/12005 2385/2912/12006 2382/2909/12007
f 2382/2909/12008 2343/2870/12009 2344/2871/12010
f 2342/2869/12011 2383/2910/12012 2380/2907/12013
f 2380/2907/12014 2341/2868/12015 2342/2869/12016
f 2340/2867/12017 2381/2908/12018 2378/2905/12019
f 2378/2905/12020 2339/2866/12021 2340/2867/12022
f 2338/2865/12023 2379/2906/12024 2376/2903/12025
f 2376/2903/12026 2337/2864/12027 2338/2865/12028
f 2336/2863/12029 2377/2904/12030 2374/2901/12031
f 2374/2901/12032 2335/2862/12033 2336/2863/12034
f 2334/2861/12035 2375/2902/12036 2372/2899/12037
f 2372/2899/12038 2333/2860/12039 2334/2861/12040
f 2332/2859/12041 2373/2900/12042 2370/2897/12043
f 2370/2897/12044 2331/2858/12045 2332/2859/12046
f 2330/2857/12047 2371/2898/12048 2368/2895/12049
f 2368/2895/12050 2329/2856/12051 2330/2857/12052
f 2089/2615/12053 2328/2855/12054 2367/2894/12055
f 2367/2894/12056 2167/2693/12057 2089/2615/12058
f 2164/2690/12059 2366/2893/12060 2365/2892/12061
f 2365/2892/12062 2163/2689/12063 2164/2690/12064
f 2160/2686/12065 2364/2891/12066 2363/2890/12067
f 2363/2890/12068 2159/2685/12069 2160/2686/12070
f 2156/2682/12071 2362/2889/12072 2361/2888/12073
f 2361/2888/12074 2155/2681/12075 2156/2682/12076
f 2152/2678/12077 2360/2887/12078 2359/2886/12079
f 2359/2886/12080 2151/2677/12081 2152/2678/12082
f 2148/2674/12083 2358/2885/12084 2357/2884/12085
f 2357/2884/12086 2147/2673/12087 2148/2674/12088
f 2144/3019/12089 2356/3018/12090 2355/2882/12091
f 2355/2882/12092 2143/2669/12093 2144/3019/12094
f 2140/2666/12095 2354/2881/12096 2353/2880/12097
f 2353/2880/12098 2139/2665/12099 2140/2666/12100
f 2136/2662/12101 2352/2879/12102 2351/2878/12103
f 2351/2878/12104 2135/2661/12105 2136/2662/12106
f 2132/2658/12107 2350/2877/12108 2349/2876/12109
f 2349/2876/12110 2131/2657/12111 2132/2658/12112
f 2128/2654/12113 2348/2875/12114 2347/2874/12115
f 2347/2874/12116 2127/2653/12117 2128/2654/12118
f 2124/2650/12119 2346/2873/12120 2345/2872/12121
f 2345/2872/12122 2123/2649/12123 2124/2650/12124
f 2120/2646/12125 2344/2871/12126 2343/2870/12127
f 2343/2870/12128 2119/2645/12129 2120/2646/12130
f 2116/2642/12131 2342/2869/12132 2341/2868/12133
f 2341/2868/12134 2115/2641/12135 2116/2642/12136
f 2112/2638/12137 2340/2867/12138 2339/2866/12139
f 2339/2866/12140 2111/2637/12141 2112/2638/12142
f 2108/2634/12143 2338/2865/12144 2337/2864/12145
f 2337/2864/12146 2107/2633/12147 2108/2634/12148
f 2104/2630/12149 2336/2863/12150 2335/2862/12151
f 2335/2862/12152 2103/2629/12153 2104/2630/12154
f 2100/2626/12155 2334/2861/12156 2333/2860/12157
f 2333/2860/12158 2099/2625/12159 2100/2626/12160
f 2096/2622/12161 2332/2859/12162 2331/2858/12163
f 2331/2858/12164 2095/2621/12165 2096/2622/12166
f 2092/2618/12167 2330/2857/12168 2329/2856/12169
f 2329/2856/12170 2088/2614/12171 2092/2618/12172
f 2488/3020/12173 2489/3021/12174 2327/2854/12175
f 2327/2854/12176 2324/2851/12177 2488/3020/12178
f 2281/2808/12179 2324/2851/12180 2327/2854/12181
f 2327/2854/12182 2287/2814/12183 2281/2808/12184
f 2490/3022/12185 2326/2853/12186 2327/2854/12187
f 2327/2854/12188 2489/3021/12189 2490/3022/12190
f 2491/3023/12191 2492/3024/12192 2325/2852/12193
f 2325/2852/12194 2322/2849/12195 2491/3023/12196
f 2277/2804/12197 2322/2849/12198 2325/2852/12199
f 2325/2852/12200 2280/2807/12201 2277/2804/12202
f 2488/3020/12203 2324/2851/12204 2325/2852/12205
f 2325/2852/12206 2492/3024/12207 2488/3020/12208
f 2493/3025/12209 2494/3026/12210 2323/2850/12211
f 2323/2850/12212 2320/2847/12213 2493/3025/12214
f 2273/2800/12215 2320/2847/12216 2323/2850/12217
f 2323/2850/12218 2276/2803/12219 2273/2800/12220
f 2491/3023/12221 2322/2849/12222 2323/2850/12223
f 2323/2850/12224 2494/3026/12225 2491/3023/12226
f 2495/3027/12227 2496/3028/12228 2321/2848/12229
f 2321/2848/12230 2318/2845/12231 2495/3027/12232
f 2269/2796/12233 2318/2845/12234 2321/2848/12235
f 2321/2848/12236 2272/2799/12237 2269/2796/12238
f 2493/3025/12239 2320/2847/12240 2321/2848/12241
f 2321/2848/12242 2496/3028/12243 2493/3025/12244
f 2497/3029/12245 2498/3030/12246 2319/2846/12247
f 2319/2846/12248 2316/2843/12249 2497/3029/12250
f 2265/2792/12251 2316/2843/12252 2319/2846/12253
f 2319/2846/12254 2268/2795/12255 2265/2792/12256
f 2495/3027/12257 2318/2845/12258 2319/2846/12259
f 2319/2846/12260 2498/3030/12261 2495/3027/12262
f 2499/3031/12263 2500/3032/12264 2317/2844/12265
f 2317/2844/12266 2314/3033/12267 2499/3031/12268
f 2261/3034/12269 2314/3033/12270 2317/2844/12271
f 2317/2844/12272 2264/2791/12273 2261/3034/12274
f 2497/3029/12275 2316/2843/12276 2317/2844/12277
f 2317/2844/12278 2500/3032/12279 2497/3029/12280
f 2501/3035/12281 2502/3036/12282 2315/2842/12283
f 2315/2842/12284 2312/2839/12285 2501/3035/12286
f 2257/2784/12287 2312/2839/12288 2315/2842/12289
f 2315/2842/12290 2260/2787/12291 2257/2784/12292
f 2499/3037/12293 2314/2841/12294 2315/2842/12295
f 2315/2842/12296 2502/3036/12297 2499/3037/12298
f 2503/3038/12299 2504/3039/12300 2313/2840/12301
f 2313/2840/12302 2310/2837/12303 2503/3038/12304
f 2253/2780/12305 2310/2837/12306 2313/2840/12307
f 2313/2840/12308 2256/2783/12309 2253/2780/12310
f 2501/3035/12311 2312/2839/12312 2313/2840/12313
f 2313/2840/12314 2504/3039/12315 2501/3035/12316
f 2505/3040/12317 2506/3041/12318 2311/2838/12319
f 2311/2838/12320 2308/2835/12321 2505/3040/12322
f 2249/2776/12323 2308/2835/12324 2311/2838/12325
f 2311/2838/12326 2252/2779/12327 2249/2776/12328
f 2503/3038/12329 2310/2837/12330 2311/2838/12331
f 2311/2838/12332 2506/3041/12333 2503/3038/12334
f 2507/3042/12335 2508/3043/12336 2309/2836/12337
f 2309/2836/12338 2306/2833/12339 2507/3042/12340
f 2245/2772/12341 2306/2833/12342 2309/2836/12343
f 2309/2836/12344 2248/2775/12345 2245/2772/12346
f 2505/3040/12347 2308/2835/12348 2309/2836/12349
f 2309/2836/12350 2508/3043/12351 2505/3040/12352
f 2509/3044/12353 2510/3045/12354 2307/2834/12355
f 2307/2834/12356 2304/2831/12357 2509/3044/12358
f 2241/2768/12359 2304/2831/12360 2307/2834/12361
f 2307/2834/12362 2244/2771/12363 2241/2768/12364
f 2507/3042/12365 2306/2833/12366 2307/2834/12367
f 2307/2834/12368 2510/3045/12369 2507/3042/12370
f 2511/3046/12371 2512/3047/12372 2305/2832/12373
f 2305/2832/12374 2302/2829/12375 2511/3046/12376
f 2237/2764/12377 2302/2829/12378 2305/2832/12379
f 2305/2832/12380 2240/2767/12381 2237/2764/12382
f 2509/3044/12383 2304/2831/12384 2305/2832/12385
f 2305/2832/12386 2512/3047/12387 2509/3044/12388
f 2513/3048/12389 2514/3049/12390 2303/2830/12391
f 2303/2830/12392 2300/2827/12393 2513/3048/12394
f 2233/2760/12395 2300/2827/12396 2303/2830/12397
f 2303/2830/12398 2236/2763/12399 2233/2760/12400
f 2511/3046/12401 2302/2829/12402 2303/2830/12403
f 2303/2830/12404 2514/3049/12405 2511/3046/12406
f 2515/3050/12407 2516/3051/12408 2301/2828/12409
f 2301/2828/12410 2298/2825/12411 2515/3050/12412
f 2229/2756/12413 2298/2825/12414 2301/2828/12415
f 2301/2828/12416 2232/2759/12417 2229/2756/12418
f 2513/3048/12419 2300/2827/12420 2301/2828/12421
f 2301/2828/12422 2516/3051/12423 2513/3048/12424
f 2517/3052/12425 2518/3053/12426 2299/2826/12427
f 2299/2826/12428 2296/2823/12429 2517/3052/12430
f 2225/2752/12431 2296/2823/12432 2299/2826/12433
f 2299/2826/12434 2228/2755/12435 2225/2752/12436
f 2515/3050/12437 2298/2825/12438 2299/2826/12439
f 2299/2826/12440 2518/3053/12441 2515/3050/12442
f 2519/3054/12443 2520/3055/12444 2297/2824/12445
f 2297/2824/12446 2294/2821/12447 2519/3054/12448
f 2221/2748/12449 2294/2821/12450 2297/2824/12451
f 2297/2824/12452 2224/2751/12453 2221/2748/12454
f 2517/3052/12455 2296/2823/12456 2297/2824/12457
f 2297/2824/12458 2520/3055/12459 2517/3052/12460
f 2521/3056/12461 2522/3057/12462 2295/2822/12463
f 2295/2822/12464 2292/2819/12465 2521/3056/12466
f 2217/2744/12467 2292/2819/12468 2295/2822/12469
f 2295/2822/12470 2220/2747/12471 2217/2744/12472
f 2519/3054/12473 2294/2821/12474 2295/2822/12475
f 2295/2822/12476 2522/3057/12477 2519/3054/12478
f 2523/3058/12479 2524/3059/12480 2293/2820/12481
f 2293/2820/12482 2290/2817/12483 2523/3058/12484
f 2213/2740/12485 2290/2817/12486 2293/2820/12487
f 2293/2820/12488 2216/2743/12489 2213/2740/12490
f 2521/3056/12491 2292/2819/12492 2293/2820/12493
f 2293/2820/12494 2524/3059/12495 2521/3056/12496
f 2525/3060/12497 2526/3061/12498 2291/2818/12499
f 2291/2818/12500 2288/2815/12501 2525/3060/12502
f 2209/2736/12503 2288/2815/12504 2291/2818/12505
f 2291/2818/12506 2212/2739/12507 2209/2736/12508
f 2523/3058/12509 2290/2817/12510 2291/2818/12511
f 2291/2818/12512 2526/3061/12513 2523/3058/12514
f 2490/3022/12515 2527/3062/12516 2289/2816/12517
f 2289/2816/12518 2326/2853/12519 2490/3022/12520
f 2284/2811/12521 2326/2853/12522 2289/2816/12523
f 2289/2816/12524 2208/2735/12525 2284/2811/12526
f 2525/3060/12527 2288/2815/12528 2289/2816/12529
f 2289/2816/12530 2527/3062/12531 2525/3060/12532
f 2282/2809/12533 2281/2808/12534 2287/2814/12535
f 2287/2814/12536 2286/2813/12537 2282/2809/12538
f 2278/2805/12539 2277/2804/12540 2280/2807/12541
f 2280/2807/12542 2283/2810/12543 2278/2805/12544
f 2274/2801/12545 2273/2800/12546 2276/2803/12547
f 2276/2803/12548 2279/2806/12549 2274/2801/12550
f 2270/2797/12551 2269/2796/12552 2272/2799/12553
f 2272/2799/12554 2275/2802/12555 2270/2797/12556
f 2266/2793/12557 2265/2792/12558 2268/2795/12559
f 2268/2795/12560 2271/2798/12561 2266/2793/12562
f 2262/3063/12563 2261/3034/12564 2264/2791/12565
f 2264/2791/12566 2267/2794/12567 2262/3063/12568
f 2258/2785/12569 2257/2784/12570 2260/2787/12571
f 2260/2787/12572 2263/2790/12573 2258/2785/12574
f 2254/2781/12575 2253/2780/12576 2256/2783/12577
f 2256/2783/12578 2259/2786/12579 2254/2781/12580
f 2250/2777/12581 2249/2776/12582 2252/2779/12583
f 2252/2779/12584 2255/2782/12585 2250/2777/12586
f 2246/2773/12587 2245/2772/12588 2248/2775/12589
f 2248/2775/12590 2251/2778/12591 2246/2773/12592
f 2242/2769/12593 2241/2768/12594 2244/2771/12595
f 2244/2771/12596 2247/2774/12597 2242/2769/12598
f 2238/2765/12599 2237/2764/12600 2240/2767/12601
f 2240/2767/12602 2243/2770/12603 2238/2765/12604
f 2234/2761/12605 2233/2760/12606 2236/2763/12607
f 2236/2763/12608 2239/2766/12609 2234/2761/12610
f 2230/2757/12611 2229/2756/12612 2232/2759/12613
f 2232/2759/12614 2235/2762/12615 2230/2757/12616
f 2226/2753/12617 2225/2752/12618 2228/2755/12619
f 2228/2755/12620 2231/2758/12621 2226/2753/12622
f 2222/2749/12623 2221/2748/12624 2224/2751/12625
f 2224/2751/12626 2227/2754/12627 2222/2749/12628
f 2218/2745/12629 2217/2744/12630 2220/2747/12631
f 2220/2747/12632 2223/2750/12633 2218/2745/12634
f 2214/2741/12635 2213/2740/12636 2216/2743/12637
f 2216/2743/12638 2219/2746/12639 2214/2741/12640
f 2210/2737/12641 2209/2736/12642 2212/2739/12643
f 2212/2739/12644 2215/2742/12645 2210/2737/12646
f 2211/2738/12647 2285/2812/12648 2284/2811/12649
f 2284/2811/12650 2208/2735/12651 2211/2738/12652
f 2282/3064/12653 2286/3065/12654 2207/2734/12655
f 2207/2734/12656 2204/2731/12657 2282/3064/12658
f 2165/2691/12659 2204/2731/12660 2207/2734/12661
f 2207/2734/12662 2166/2692/12663 2165/2691/12664
f 2285/3066/12665 2206/2733/12666 2207/2734/12667
f 2207/2734/12668 2286/3065/12669 2285/3066/12670
f 2278/3067/12671 2283/3068/12672 2205/2732/12673
f 2205/2732/12674 2202/2729/12675 2278/3067/12676
f 2161/2687/12677 2202/2729/12678 2205/2732/12679
f 2205/2732/12680 2162/2688/12681 2161/2687/12682
f 2282/3064/12683 2204/2731/12684 2205/2732/12685
f 2205/2732/12686 2283/3068/12687 2282/3064/12688
f 2274/3069/12689 2279/3070/12690 2203/2730/12691
f 2203/2730/12692 2200/2727/12693 2274/3069/12694
f 2157/2683/12695 2200/2727/12696 2203/2730/12697
f 2203/2730/12698 2158/2684/12699 2157/2683/12700
f 2278/3067/12701 2202/2729/12702 2203/2730/12703
f 2203/2730/12704 2279/3070/12705 2278/3067/12706
f 2270/3071/12707 2275/3072/12708 2201/2728/12709
f 2201/2728/12710 2198/2725/12711 2270/3071/12712
f 2153/2679/12713 2198/2725/12714 2201/2728/12715
f 2201/2728/12716 2154/2680/12717 2153/2679/12718
f 2274/3069/12719 2200/2727/12720 2201/2728/12721
f 2201/2728/12722 2275/3072/12723 2274/3069/12724
f 2266/3073/12725 2271/3074/12726 2199/2726/12727
f 2199/2726/12728 2196/2723/12729 2266/3073/12730
f 2149/2675/12731 2196/2723/12732 2199/2726/12733
f 2199/2726/12734 2150/2676/12735 2149/2675/12736
f 2270/3071/12737 2198/2725/12738 2199/2726/12739
f 2199/2726/12740 2271/3074/12741 2270/3071/12742
f 2262/3075/12743 2267/3076/12744 2197/2724/12745
f 2197/2724/12746 2194/3077/12747 2262/3075/12748
f 2145/2671/12749 2194/3077/12750 2197/2724/12751
f 2197/2724/12752 2146/2672/12753 2145/2671/12754
f 2266/3073/12755 2196/2723/12756 2197/2724/12757
f 2197/2724/12758 2267/3076/12759 2266/3073/12760
f 2258/3078/12761 2263/3079/12762 2195/2722/12763
f 2195/2722/12764 2192/2718/12765 2258/3078/12766
f 2141/2667/12767 2192/2718/12768 2195/2722/12769
f 2195/2722/12770 2142/2668/12771 2141/2667/12772
f 2262/3080/12773 2194/2720/12774 2195/2722/12775
f 2195/2722/12776 2263/3079/12777 2262/3080/12778
f 2254/3081/12779 2259/3082/12780 2193/2719/12781
f 2193/2719/12782 2190/2716/12783 2254/3081/12784
f 2137/2663/12785 2190/2716/12786 2193/2719/12787
f 2193/2719/12788 2138/2664/12789 2137/2663/12790
f 2258/3078/12791 2192/2718/12792 2193/2719/12793
f 2193/2719/12794 2259/3082/12795 2258/3078/12796
f 2250/3083/12797 2255/3084/12798 2191/2717/12799
f 2191/2717/12800 2188/2714/12801 2250/3083/12802
f 2133/2659/12803 2188/2714/12804 2191/2717/12805
f 2191/2717/12806 2134/2660/12807 2133/2659/12808
f 2254/3081/12809 2190/2716/12810 2191/2717/12811
f 2191/2717/12812 2255/3084/12813 2254/3081/12814
f 2246/3085/12815 2251/3086/12816 2189/2715/12817
f 2189/2715/12818 2186/2712/12819 2246/3085/12820
f 2129/2655/12821 2186/2712/12822 2189/2715/12823
f 2189/2715/12824 2130/2656/12825 2129/2655/12826
f 2250/3083/12827 2188/2714/12828 2189/2715/12829
f 2189/2715/12830 2251/3086/12831 2250/3083/12832
f 2242/3087/12833 2247/3088/12834 2187/2713/12835
f 2187/2713/12836 2184/2710/12837 2242/3087/12838
f 2125/2651/12839 2184/2710/12840 2187/2713/12841
f 2187/2713/12842 2126/2652/12843 2125/2651/12844
f 2246/3085/12845 2186/2712/12846 2187/2713/12847
f 2187/2713/12848 2247/3088/12849 2246/3085/12850
f 2238/3089/12851 2243/3090/12852 2185/2711/12853
f 2185/2711/12854 2182/2708/12855 2238/3089/12856
f 2121/2647/12857 2182/2708/12858 2185/2711/12859
f 2185/2711/12860 2122/2648/12861 2121/2647/12862
f 2242/3087/12863 2184/2710/12864 2185/2711/12865
f 2185/2711/12866 2243/3090/12867 2242/3087/12868
f 2234/3091/12869 2239/3092/12870 2183/2709/12871
f 2183/2709/12872 2180/2706/12873 2234/3091/12874
f 2117/2643/12875 2180/2706/12876 2183/2709/12877
f 2183/2709/12878 2118/2644/12879 2117/2643/12880
f 2238/3089/12881 2182/2708/12882 2183/2709/12883
f 2183/2709/12884 2239/3092/12885 2238/3089/12886
f 2230/3093/12887 2235/3094/12888 2181/2707/12889
f 2181/2707/12890 2178/2704/12891 2230/3093/12892
f 2113/2639/12893 2178/2704/12894 2181/2707/12895
f 2181/2707/12896 2114/2640/12897 2113/2639/12898
f 2234/3091/12899 2180/2706/12900 2181/2707/12901
f 2181/2707/12902 2235/3094/12903 2234/3091/12904
f 2226/3095/12905 2231/3096/12906 2179/2705/12907
f 2179/2705/12908 2176/2702/12909 2226/3095/12910
f 2109/2635/12911 2176/2702/12912 2179/2705/12913
f 2179/2705/12914 2110/2636/12915 2109/2635/12916
f 2230/3093/12917 2178/2704/12918 2179/2705/12919
f 2179/2705/12920 2231/3096/12921 2230/3093/12922
f 2222/3097/12923 2227/3098/12924 2177/2703/12925
f 2177/2703/12926 2174/2700/12927 2222/3097/12928
f 2105/2631/12929 2174/2700/12930 2177/2703/12931
f 2177/2703/12932 2106/2632/12933 2105/2631/12934
f 2226/3095/12935 2176/2702/12936 2177/2703/12937
f 2177/2703/12938 2227/3098/12939 2226/3095/12940
f 2218/3099/12941 2223/3100/12942 2175/2701/12943
f 2175/2701/12944 2172/2698/12945 2218/3099/12946
f 2101/2627/12947 2172/2698/12948 2175/2701/12949
f 2175/2701/12950 2102/2628/12951 2101/2627/12952
f 2222/3097/12953 2174/2700/12954 2175/2701/12955
f 2175/2701/12956 2223/3100/12957 2222/3097/12958
f 2214/3101/12959 2219/3102/12960 2173/2699/12961
f 2173/2699/12962 2170/2696/12963 2214/3101/12964
f 2097/2623/12965 2170/2696/12966 2173/2699/12967
f 2173/2699/12968 2098/2624/12969 2097/2623/12970
f 2218/3099/12971 2172/2698/12972 2173/2699/12973
f 2173/2699/12974 2219/3102/12975 2218/3099/12976
f 2210/3103/12977 2215/3104/12978 2171/2697/12979
f 2171/2697/12980 2168/2694/12981 2210/3103/12982
f 2093/2619/12983 2168/2694/12984 2171/2697/12985
f 2171/2697/12986 2094/2620/12987 2093/2619/12988
f 2214/3101/12989 2170/2696/12990 2171/2697/12991
f 2171/2697/12992 2215/3104/12993 2214/3101/12994
f 2285/3066/12995 2211/3105/12996 2169/2695/12997
f 2169/2695/12998 2206/2733/12999 2285/3066/13000
f 2090/2616/13001 2206/2733/13002 2169/2695/13003
f 2169/2695/13004 2091/2617/13005 2090/2616/13006
f 2210/3103/13007 2168/2694/13008 2169/2695/13009
f 2169/2695/13010 2211/3105/13011 2210/3103/13012
f 2090/2616/13013 2089/2615/13014 2167/2693/13015
f 2167/2693/13016 2166/2692/13017 2090/2616/13018
f 2162/2688/13019 2165/2691/13020 2164/2690/13021
f 2164/2690/13022 2163/2689/13023 2162/2688/13024
f 2158/2684/13025 2161/2687/13026 2160/2686/13027
f 2160/2686/13028 2159/2685/13029 2158/2684/13030
f 2154/2680/13031 2157/2683/13032 2156/2682/13033
f 2156/2682/13034 2155/2681/13035 2154/2680/13036
f 2150/2676/13037 2153/2679/13038 2152/2678/13039
f 2152/2678/13040 2151/2677/13041 2150/2676/13042
f 2146/2672/13043 2149/2675/13044 2148/2674/13045
f 2148/2674/13046 2147/2673/13047 2146/2672/13048
f 2142/2668/13049 2145/2721/13050 2144/3019/13051
f 2144/3019/13052 2143/2669/13053 2142/2668/13054
f 2138/2664/13055 2141/2667/13056 2140/2666/13057
f 2140/2666/13058 2139/2665/13059 2138/2664/13060
f 2134/2660/13061 2137/2663/13062 2136/2662/13063
f 2136/2662/13064 2135/2661/13065 2134/2660/13066
f 2130/2656/13067 2133/2659/13068 2132/2658/13069
f 2132/2658/13070 2131/2657/13071 2130/2656/13072
f 2126/2652/13073 2129/2655/13074 2128/2654/13075
f 2128/2654/13076 2127/2653/13077 2126/2652/13078
f 2122/2648/13079 2125/2651/13080 2124/2650/13081
f 2124/2650/13082 2123/2649/13083 2122/2648/13084
f 2118/2644/13085 2121/2647/13086 2120/2646/13087
f 2120/2646/13088 2119/2645/13089 2118/2644/13090
f 2114/2640/13091 2117/2643/13092 2116/2642/13093
f 2116/2642/13094 2115/2641/13095 2114/2640/13096
f 2110/2636/13097 2113/2639/13098 2112/2638/13099
f 2112/2638/13100 2111/2637/13101 2110/2636/13102
f 2106/2632/13103 2109/2635/13104 2108/2634/13105
f 2108/2634/13106 2107/2633/13107 2106/2632/13108
f 2102/2628/13109 2105/2631/13110 2104/2630/13111
f 2104/2630/13112 2103/2629/13113 2102/2628/13114
f 2098/2624/13115 2101/2627/13116 2100/2626/13117
f 2100/2626/13118 2099/2625/13119 2098/2624/13120
f 2094/2620/13121 2097/2623/13122 2096/2622/13123
f 2096/2622/13124 2095/2621/13125 2094/2620/13126
f 2091/2617/13127 2093/2619/13128 2092/2618/13129
f 2092/2618/13130 2088/2614/13131 2091/2617/13132
f 2528/3106/5615 2529/3107/5616 2530/3108/5617
f 2530/3108/5618 2531/3109/5617 2528/3106/5616
f 2532/3110/5619 2533/3111/5620 2529/3107/5621
f 2529/3107/5622 2528/3106/5621 2532/3110/5620
f 2534/3112/5827 2535/3113/5624 2533/3111/5625
f 2533/3111/5626 2532/3110/5625 2534/3112/5624
f 2536/3114/5627 2537/3115/5628 2535/3113/5629
f 2535/3113/5630 2534/3112/5629 2536/3114/5628
f 2538/3116/5631 2539/3117/5632 2537/3115/5633
f 2537/3115/5634 2536/3114/5633 2538/3116/5632
f 2540/3118/5635 2541/3119/5636 2539/3117/5637
f 2539/3117/5638 2538/3116/5637 2540/3118/5636
f 2542/3120/5639 2543/3121/5640 2541/3119/5641
f 2541/3119/5642 2540/3118/5641 2542/3120/5640
f 2544/3122/5643 2545/3123/5644 2543/3121/5645
f 2543/3121/5646 2542/3120/5647 2544/3122/5644
f 2546/3124/5648 2547/3125/5649 2545/3123/5650
f 2545/3123/5651 2544/3122/5650 2546/3124/5649
f 2548/3126/5652 2549/3127/5653 2547/3125/5654
f 2547/3125/5655 2546/3124/5654 2548/3126/5653
f 2550/3128/5656 2551/3129/5657 2549/3127/5658
f 2549/3127/5659 2548/3126/5658 2550/3128/5657
f 2552/3130/5660 2553/3131/5661 2551/3129/5662
f 2551/3129/5663 2550/3128/5662 2552/3130/5661
f 2554/3132/5664 2555/3133/5665 2553/3131/5666
f 2553/3131/5667 2552/3130/5666 2554/3132/5665
f 2556/3134/5668 2557/3135/5669 2555/3133/5670
f 2555/3133/5671 2554/3132/5670 2556/3134/5669
f 2558/3136/5672 2559/3137/5673 2557/3135/5674
f 2557/3135/5675 2556/3134/5674 2558/3136/5673
f 2560/3138/5676 2561/3139/5677 2559/3140/5678
f 2559/3140/5679 2558/3141/5678 2560/3138/5677
f 2562/3142/5680 2563/3143/5681 2561/3139/5682
f 2561/3139/5683 2560/3138/5682 2562/3142/5681
f 2564/3144/5684 2565/3145/5685 2563/3143/5686
f 2563/3143/5687 2562/3142/5686 2564/3144/5685
f 2566/3146/5688 2567/3147/5689 2565/3145/5690
f 2565/3145/5691 2564/3144/5690 2566/3146/5689
f 2531/3109/5830 2530/3108/5693 2567/3147/5696
f 2567/3147/5695 2566/3146/5694 2531/3109/5693
f 2568/3148/5699 2528/3149/5699 2531/3150/5699
f 2531/3150/5832 2569/3151/5832 2568/3148/5832
f 2570/3152/5699 2532/3153/5699 2528/3149/5699
f 2528/3149/5699 2568/3148/5699 2570/3152/5699
f 2571/3154/5699 2534/3155/5699 2532/3153/5699
f 2532/3153/5699 2570/3152/5699 2571/3154/5699
f 2572/3156/5699 2536/3157/5699 2534/3155/5699
f 2534/3155/5699 2571/3154/5699 2572/3156/5699
f 2573/3158/5699 2538/3159/5699 2536/3157/5699
f 2536/3157/5699 2572/3156/5699 2573/3158/5699
f 2574/3160/5699 2540/3161/5699 2538/3159/5699
f 2538/3159/5699 2573/3158/5699 2574/3160/5699
f 2575/3162/5699 2542/3163/5699 2540/3161/5699
f 2540/3161/5699 2574/3160/5699 2575/3162/5699
f 2576/3164/5699 2544/3165/5699 2542/3163/5699
f 2542/3163/5699 2575/3162/5699 2576/3164/5699
f 2577/3166/5699 2546/3167/5699 2544/3165/5699
f 2544/3165/5699 2576/3164/5699 2577/3166/5699
f 2578/3168/5699 2548/3169/5699 2546/3167/5699
f 2546/3167/5699 2577/3166/5699 2578/3168/5699
f 2579/3170/5699 2550/3171/5699 2548/3169/5699
f 2548/3169/5699 2578/3168/5699 2579/3170/5699
f 2580/3172/5699 2552/3173/5699 2550/3171/5699
f 2550/3171/5699 2579/3170/5699 2580/3172/5699
f 2581/3174/5699 2554/3175/5699 2552/3173/5699
f 2552/3173/5699 2580/3172/5699 2581/3174/5699
f 2582/3176/5699 2556/3177/5699 2554/3175/5699
f 2554/3175/5699 2581/3174/5699 2582/3176/5699
f 2583/3178/13133 2558/3179/5699 2556/3177/5699
f 2556/3177/5699 2582/3176/5699 2583/3178/5710
f 2584/3180/5711 2560/3181/5699 2558/3179/5699
f 2558/3179/5699 2583/3178/5712 2584/3180/5713
f 2585/3182/5699 2562/3183/5699 2560/3181/5699
f 2560/3181/5699 2584/3180/5714 2585/3182/5699
f 2586/3184/5699 2564/3185/5699 2562/3183/5699
f 2562/3183/5699 2585/3182/5699 2586/3184/5699
f 2587/3186/5699 2566/3187/5699 2564/3185/5699
f 2564/3185/5699 2586/3184/5699 2587/3186/5699
f 2569/3151/5700 2531/3150/5700 2566/3187/5700
f 2566/3187/5699 2587/3186/5699 2569/3151/5699
f 2588/3188/5715 2568/3189/5716 2569/3190/5717
f 2569/3190/5718 2589/3191/5719 2588/3188/5720
f 2590/3192/5721 2570/3193/5722 2568/3189/5723
f 2568/3189/5724 2588/3188/13134 2590/3192/5726
f 2591/3194/5727 2571/3195/5665 2570/3193/5728
f 2570/3193/5729 2590/3192/5666 2591/3194/5730
f 2592/3196/5731 2572/3197/5839 2571/3195/5733
f 2571/3195/5734 2591/3194/5735 2592/3196/5736
f 2593/3198/5737 2573/3199/13135 2572/3197/5739
f 2572/3197/5740 2592/3196/5741 2593/3198/5742
f 2594/3200/5743 2574/3201/5677 2573/3199/5744
f 2573/3199/5745 2593/3198/5678 2594/3200/5746
f 2595/3202/5747 2575/3203/5681 2574/3201/5748
f 2574/3201/5749 2594/3200/5750 2595/3202/5751
f 2596/3204/5752 2576/3205/5843 2575/3203/5754
f 2575/3203/5755 2595/3202/5756 2596/3204/5757
f 2597/3206/5758 2577/3207/5759 2576/3205/5760
f 2576/3205/5761 2596/3204/5762 2597/3206/13136
f 2598/3208/5764 2578/3209/5693 2577/3207/5765
f 2577/3207/5766 2597/3206/5767 2598/3208/5768
f 2599/3210/5769 2579/3211/5770 2578/3209/5771
f 2578/3209/5772 2598/3208/5617 2599/3210/5773
f 2600/3212/5774 2580/3213/5849 2579/3211/5776
f 2579/3211/5777 2599/3210/13137 2600/3212/13138
f 2601/3214/5780 2581/3215/5781 2580/3213/5782
f 2580/3213/5783 2600/3212/5625 2601/3214/5784
f 2602/3216/5785 2582/3217/5786 2581/3215/5787
f 2581/3215/5788 2601/3214/13139 2602/3216/5790
f 2603/3218/5791 2583/3219/5791 2582/3217/5792
f 2582/3217/5793 2602/3216/5794 2603/3218/5791
f 2604/3220/5795 2605/3221/5795 2606/3222/5795
f 2606/3222/5795 2607/3223/5795 2604/3220/5795
f 2608/3224/5796 2585/3225/5797 2584/3226/5798
f 2584/3226/5798 2609/3227/5798 2608/3224/5799
f 2610/3228/5800 2586/3229/5801 2585/3225/5802
f 2585/3225/5803 2608/3224/5804 2610/3228/5805
f 2611/3230/5806 2587/3231/5807 2586/3229/5808
f 2586/3229/5809 2610/3228/5810 2611/3230/5811
f 2589/3191/5812 2569/3190/5653 2587/3231/5813
f 2587/3231/5814 2611/3230/5654 2589/3191/5815
f 2529/3232/5819 2588/3233/5819 2589/3234/5819
f 2589/3234/5819 2530/3235/5819 2529/3232/5819
f 2533/3236/5819 2590/3237/5819 2588/3233/5819
f 2588/3233/5819 2529/3232/5819 2533/3236/5819
f 2535/3238/5819 2591/3239/5819 2590/3237/5819
f 2590/3237/13140 2533/3236/13140 2535/3238/13140
f 2537/3240/5819 2592/3241/5819 2591/3239/5819
f 2591/3239/5819 2535/3238/5819 2537/3240/5819
f 2539/3242/5819 2593/3243/5819 2592/3241/5819
f 2592/3241/5819 2537/3240/5819 2539/3242/5819
f 2541/3244/5819 2594/3245/5819 2593/3243/5819
f 2593/3243/5819 2539/3242/5819 2541/3244/5819
f 2543/3246/5819 2595/3247/5819 2594/3245/5819
f 2594/3245/5819 2541/3244/5819 2543/3246/5819
f 2545/3248/5819 2596/3249/5819 2595/3247/5819
f 2595/3247/5819 2543/3246/5819 2545/3248/5819
f 2547/3250/5819 2597/3251/5819 2596/3249/5819
f 2596/3249/5819 2545/3248/5819 2547/3250/5819
f 2549/3252/5819 2598/3253/5819 2597/3251/5819
f 2597/3251/5819 2547/3250/5819 2549/3252/5819
f 2551/3254/5819 2599/3255/5819 2598/3253/5819
f 2598/3253/5819 2549/3252/5819 2551/3254/5819
f 2553/3256/5819 2600/3257/5819 2599/3255/5819
f 2599/3255/13140 2551/3254/13140 2553/3256/13140
f 2555/3258/5819 2601/3259/5819 2600/3257/5819
f 2600/3257/5819 2553/3256/5819 2555/3258/5819
f 2557/3260/5819 2602/3261/5819 2601/3259/5819
f 2601/3259/5819 2555/3258/5819 2557/3260/5819
f 2559/3262/5819 2603/3263/5819 2602/3261/5819
f 2602/3261/5819 2557/3260/5819 2559/3262/5819
f 2561/3264/5819 2609/3265/5819 2603/3263/5819
f 2603/3263/5819 2559/3262/5819 2561/3264/5819
f 2563/3266/5819 2608/3267/5819 2609/3265/5819
f 2609/3265/5819 2561/3264/5819 2563/3266/5819
f 2565/3268/5819 2610/3269/5819 2608/3267/5819
f 2608/3267/5819 2563/3266/5819 2565/3268/5819
f 2567/3270/5819 2611/3271/5819 2610/3269/5819
f 2610/3269/5819 2565/3268/5819 2567/3270/5819
f 2530/3235/5819 2589/3234/5819 2611/3271/5819
f 2611/3271/13140 2567/3270/13140 2530/3235/13140
f 2606/3272/5825 2583/3273/5825 2603/3274/5825
f 2603/3274/5825 2607/3275/5825 2606/3272/5825
f 2612/3276/5819 2613/3277/5819 2614/3278/5819
f 2614/3278/5819 2615/3279/5819 2612/3276/5819
f 2604/3220/5826 2609/3280/5826 2584/3281/5826
f 2584/3281/5826 2605/3221/5826 2604/3220/5826
f 2616/3282/5615 2617/3283/5616 2618/3284/5617
f 2618/3284/5618 2619/3285/5617 2616/3282/5616
f 2620/3286/5619 2621/3287/5620 2617/3283/5621
f 2617/3283/5622 2616/3282/5621 2620/3286/5620
f 2622/3288/5827 2623/3289/5624 2621/3287/5625
f 2621/3287/5626 2620/3286/5625 2622/3288/5624
f 2624/3290/5627 2625/3291/5628 2623/3289/5629
f 2623/3289/5630 2622/3288/5629 2624/3290/5628
f 2626/3292/5631 2627/3293/5632 2625/3291/5633
f 2625/3291/5634 2624/3290/5633 2626/3292/5632
f 2628/3294/5635 2629/3295/5636 2627/3293/5637
f 2627/3293/5638 2626/3292/5637 2628/3294/5636
f 2630/3296/5639 2631/3297/5640 2629/3295/5641
f 2629/3295/13141 2628/3294/5641 2630/3296/5640
f 2632/3298/5643 2633/3299/5644 2631/3297/5647
f 2631/3297/5646 2630/3296/5647 2632/3298/5644
f 2634/3300/5648 2635/3301/5649 2633/3299/5650
f 2633/3299/5651 2632/3298/5650 2634/3300/5649
f 2636/3302/5652 2637/3303/5653 2635/3301/5654
f 2635/3301/5655 2634/3300/5654 2636/3302/5653
f 2638/3304/5656 2639/3305/5657 2637/3303/5658
f 2637/3303/5659 2636/3302/5658 2638/3304/5657
f 2640/3306/5660 2641/3307/5661 2639/3305/5662
f 2639/3305/5663 2638/3304/5662 2640/3306/5661
f 2642/3308/5664 2643/3309/5665 2641/3307/5666
f 2641/3307/5667 2640/3306/5666 2642/3308/5665
f 2644/3310/5668 2645/3311/5669 2643/3309/5670
f 2643/3309/5671 2642/3308/5670 2644/3310/5669
f 2646/3312/5672 2647/3313/5673 2645/3311/5674
f 2645/3311/5675 2644/3310/5674 2646/3312/5673
f 2648/3314/5676 2649/3315/5677 2647/3316/5678
f 2647/3316/5679 2646/3317/5678 2648/3314/5677
f 2650/3318/5680 2651/3319/5681 2649/3315/5682
f 2649/3315/5683 2648/3314/5682 2650/3318/5681
f 2652/3320/5684 2653/3321/5685 2651/3319/5686
f 2651/3319/5687 2650/3318/5686 2652/3320/5685
f 2654/3322/5688 2655/3323/5689 2653/3321/5690
f 2653/3321/5691 2652/3320/5690 2654/3322/5689
f 2619/3285/5830 2618/3284/5693 2655/3323/5694
f 2655/3323/5695 2654/3322/5696 2619/3285/5693
f 2656/3324/5700 2616/3325/5700 2619/3326/5700
f 2619/3326/5699 2657/3327/5699 2656/3324/5699
f 2658/3328/5699 2620/3329/5699 2616/3325/5699
f 2616/3325/5699 2656/3324/5699 2658/3328/5699
f 2659/3330/5699 2622/3331/5699 2620/3329/5699
f 2620/3329/5699 2658/3328/5699 2659/3330/5699
f 2660/3332/5699 2624/3333/5699 2622/3331/5699
f 2622/3331/5699 2659/3330/5699 2660/3332/5699
f 2661/3334/5699 2626/3335/5699 2624/3333/5699
f 2624/3333/5699 2660/3332/5699 2661/3334/5699
f 2662/3336/5699 2628/3337/5699 2626/3335/5699
f 2626/3335/5699 2661/3334/5699 2662/3336/5699
f 2663/3338/5699 2630/3339/5699 2628/3337/5699
f 2628/3337/5699 2662/3336/5699 2663/3338/5699
f 2664/3340/5699 2632/3341/5699 2630/3339/5699
f 2630/3339/5699 2663/3338/5699 2664/3340/5699
f 2665/3342/5699 2634/3343/5699 2632/3341/5699
f 2632/3341/5699 2664/3340/5699 2665/3342/5699
f 2666/3344/5699 2636/3345/5699 2634/3343/5699
f 2634/3343/5700 2665/3342/5700 2666/3344/5700
f 2667/3346/5699 2638/3347/5699 2636/3345/5699
f 2636/3345/5699 2666/3344/5699 2667/3346/5699
f 2668/3348/5699 2640/3349/5699 2638/3347/5699
f 2638/3347/5832 2667/3346/5832 2668/3348/5832
f 2669/3350/5700 2642/3351/5700 2640/3349/5700
f 2640/3349/5699 2668/3348/5699 2669/3350/5699
f 2670/3352/5699 2644/3353/5699 2642/3351/5699
f 2642/3351/5699 2669/3350/5699 2670/3352/5699
f 2671/3354/5700 2646/3355/5700 2644/3353/5700
f 2644/3353/5699 2670/3352/5699 2671/3354/5699
f 2672/3356/5699 2648/3357/5699 2646/3355/5699
f 2646/3355/5699 2671/3354/5699 2672/3356/5699
f 2673/3358/5699 2650/3359/5699 2648/3357/5699
f 2648/3357/5699 2672/3356/5699 2673/3358/5699
f 2674/3360/5700 2652/3361/5700 2650/3359/5700
f 2650/3359/5699 2673/3358/5699 2674/3360/5699
f 2675/3362/5700 2654/3363/5700 2652/3361/5700
f 2652/3361/5699 2674/3360/5699 2675/3362/5699
f 2657/3327/5700 2619/3326/5700 2654/3363/5700
f 2654/3363/5699 2675/3362/5699 2657/3327/5699
f 2676/3364/5715 2656/3365/5716 2657/3366/5834
f 2657/3366/5718 2677/3367/5719 2676/3364/5835
f 2678/3368/5721 2658/3369/5836 2656/3365/5837
f 2656/3365/5724 2676/3364/5725 2678/3368/5838
f 2679/3370/5727 2659/3371/5665 2658/3369/5728
f 2658/3369/5729 2678/3368/5666 2679/3370/5730
f 2680/3372/5731 2660/3373/5732 2659/3371/5733
f 2659/3371/5734 2679/3370/5735 2680/3372/5736
f 2681/3374/5737 2661/3375/5738 2660/3373/5739
f 2660/3373/5740 2680/3372/5741 2681/3374/5742
f 2682/3376/5840 2662/3377/5677 2661/3375/5744
f 2661/3375/5841 2681/3374/5678 2682/3376/5746
f 2683/3378/5747 2663/3379/5681 2662/3377/5748
f 2662/3377/5749 2682/3376/5842 2683/3378/5751
f 2684/3380/5752 2664/3381/5753 2663/3379/5754
f 2663/3379/5755 2683/3378/5756 2684/3380/5757
f 2685/3382/5758 2665/3383/5759 2664/3381/5760
f 2664/3381/5761 2684/3380/5762 2685/3382/5763
f 2686/3384/5764 2666/3385/5693 2665/3383/5845
f 2665/3383/5766 2685/3382/5767 2686/3384/5846
f 2687/3386/5769 2667/3387/5770 2666/3385/5847
f 2666/3385/5772 2686/3384/5617 2687/3386/5848
f 2688/3388/5774 2668/3389/13142 2667/3387/5850
f 2667/3387/5777 2687/3386/5778 2688/3388/5851
f 2689/3390/5780 2669/3391/5624 2668/3389/5782
f 2668/3389/5783 2688/3388/5625 2689/3390/5784
f 2690/3392/5785 2670/3393/13143 2669/3391/5787
f 2669/3391/5788 2689/3390/13139 2690/3392/5790
f 2691/3394/5791 2671/3395/5791 2670/3393/5792
f 2670/3393/5793 2690/3392/5794 2691/3394/5791
f 2692/3396/5795 2693/3397/5795 2694/3398/5795
f 2694/3398/5795 2695/3399/5795 2692/3396/5795
f 2696/3400/5796 2673/3401/5852 2672/3402/5798
f 2672/3402/5798 2697/3403/5798 2696/3400/5799
f 2698/3404/5800 2674/3405/13144 2673/3401/5802
f 2673/3401/5803 2696/3400/5804 2698/3404/5805
f 2699/3406/5806 2675/3407/5807 2674/3405/5808
f 2674/3405/5809 2698/3404/5810 2699/3406/5811
f 2677/3367/5812 2657/3366/13145 2675/3407/5853
f 2675/3407/5814 2699/3406/5654 2677/3367/5855
f 2617/3408/13146 2676/3409/13147 2677/3410/13148
f 2677/3410/13149 2618/3411/13150 2617/3408/13151
f 2621/3412/13152 2678/3413/13153 2676/3409/13154
f 2676/3409/13155 2617/3408/13156 2621/3412/13157
f 2623/3414/13158 2679/3415/13159 2678/3413/13160
f 2678/3413/13161 2621/3412/13162 2623/3414/13163
f 2625/3416/13164 2680/3417/13165 2679/3415/13166
f 2679/3415/13167 2623/3414/13168 2625/3416/13169
f 2627/3418/13170 2681/3419/13171 2680/3417/13172
f 2680/3417/13173 2625/3416/13174 2627/3418/13175
f 2629/3420/13176 2682/3421/13177 2681/3419/13178
f 2681/3419/13179 2627/3418/13180 2629/3420/13181
f 2631/3422/13182 2683/3423/13183 2682/3421/13184
f 2682/3421/13185 2629/3420/13186 2631/3422/13187
f 2633/3424/13188 2684/3425/13189 2683/3423/13190
f 2683/3423/13191 2631/3422/13192 2633/3424/13193
f 2635/3426/13194 2685/3427/13195 2684/3425/13196
f 2684/3425/13197 2633/3424/13198 2635/3426/13199
f 2637/3428/13200 2686/3429/5910 2685/3427/13201
f 2685/3427/13202 2635/3426/13203 2637/3428/5914
f 2639/3430/13204 2687/3431/13205 2686/3429/13206
f 2686/3429/13207 2637/3428/13208 2639/3430/13209
f 2641/3432/13210 2688/3433/13211 2687/3431/5923
f 2687/3431/13212 2639/3430/13213 2641/3432/13214
f 2643/3434/13215 2689/3435/13216 2688/3433/13217
f 2688/3433/13218 2641/3432/13219 2643/3434/13220
f 2645/3436/13221 2690/3437/13222 2689/3435/13223
f 2689/3435/13224 2643/3434/13225 2645/3436/13226
f 2647/3438/13227 2691/3439/13228 2690/3437/13229
f 2690/3437/13230 2645/3436/13231 2647/3438/13232
f 2649/3440/13233 2697/3441/13234 2691/3439/13235
f 2691/3439/13236 2647/3438/13237 2649/3440/13238
f 2651/3442/13239 2696/3443/13240 2697/3441/13241
f 2697/3441/13242 2649/3440/13243 2651/3442/13244
f 2653/3444/13245 2698/3445/13246 2696/3443/13247
f 2696/3443/13248 2651/3442/13249 2653/3444/13250
f 2655/3446/13251 2699/3447/13252 2698/3445/13253
f 2698/3445/13254 2653/3444/13255 2655/3446/13256
f 2618/3411/13257 2677/3410/5969 2699/3447/13258
f 2699/3447/13259 2655/3446/13260 2618/3411/13261
f 2700/3448/5699 2701/3449/5699 2702/3450/5699
f 2702/3450/5699 2703/3451/5699 2700/3448/5699
f 2694/3452/5825 2671/3453/5825 2691/3454/5825
f 2691/3454/5825 2695/3455/5825 2694/3452/5825
f 2692/3396/5826 2697/3456/5826 2672/3457/5826
f 2672/3457/5826 2693/3397/5826 2692/3396/5826
f 2606/3272/5825 2695/3455/5825 2691/3454/5825
f 2691/3454/5825 2583/3273/5825 2606/3272/5825
f 2584/3281/5826 2697/3456/5826 2692/3396/5826
f 2692/3396/5826 2605/3221/5826 2584/3281/5826
f 2606/3222/5795 2605/3221/5795 2692/3396/5795
f 2692/3396/5795 2695/3399/5795 2606/3222/5795
f 2691/3458/5974 2697/3456/5975 2584/3281/5976
f 2584/3281/5977 2583/3459/5978 2691/3458/5979
f 2701/3449/5980 2672/3457/5980 2671/3460/5980
f 2671/3460/5980 2702/3461/5980 2701/3449/5980
f 2702/3462/5825 2671/3453/5825 2694/3452/5825
f 2694/3452/5825 2703/3463/5825 2702/3462/5825
f 2703/3464/5795 2694/3398/5795 2693/3397/5795
f 2693/3397/5795 2700/3448/5795 2703/3464/5795
f 2700/3448/5826 2693/3397/5826 2672/3457/5826
f 2672/3457/5826 2701/3449/5826 2700/3448/5826
f 2613/3465/5980 2603/3466/5980 2609/3280/5980
f 2609/3280/5980 2614/3278/5980 2613/3465/5980
f 2614/3278/5826 2609/3280/5826 2604/3220/5826
f 2604/3220/5826 2615/3279/5826 2614/3278/5826
f 2615/3279/5795 2604/3220/5795 2607/3223/5795
f 2607/3223/5795 2612/3467/5795 2615/3279/5795
f 2612/3468/5825 2607/3275/5825 2603/3274/5825
f 2603/3274/5825 2613/3469/5825 2612/3468/5825
f 2704/3470/13262 2705/3471/13263 2706/3472/13264
f 2706/3472/13265 2707/3473/13266 2704/3470/13267
f 2707/3473/13268 2706/3472/13269 2708/3474/13270
f 2708/3474/13271 2709/3475/13272 2707/3473/13273
f 2709/3475/13274 2708/3474/13274 2710/3476/13275
f 2710/3476/13275 2711/3477/13275 2709/3475/13274
f 2711/3477/13276 2710/3476/13276 2712/3478/13277
f 2712/3478/13278 2713/3479/13279 2711/3477/13280
f 2713/3479/13281 2712/3478/13281 2714/3480/13282
f 2714/3480/13283 2715/3481/13284 2713/3479/13285
f 2715/3481/13286 2714/3480/13286 2716/3482/13287
f 2716/3482/13287 2717/3483/13287 2715/3481/13286
f 2717/3483/13288 2716/3482/13289 2718/3484/13290
f 2718/3484/13291 2719/3485/13292 2717/3483/13293
f 2719/3486/13294 2718/3487/13295 2720/3488/13296
f 2720/3488/13297 2721/3489/13298 2719/3486/13299
f 2721/3489/13300 2720/3488/13301 2722/3490/13302
f 2722/3490/13303 2723/3491/13304 2721/3489/13305
f 2723/3491/13306 2722/3490/13307 2724/3492/13308
f 2724/3492/13309 2725/3493/13310 2723/3491/13311
f 2725/3493/13312 2724/3492/13313 2726/3494/13314
f 2726/3494/13315 2727/3495/13316 2725/3493/13317
f 2727/3495/13318 2726/3494/13319 2728/3496/13320
f 2728/3496/13321 2729/3497/13322 2727/3495/13323
f 2729/3497/13324 2728/3496/13324 2730/3498/13325
f 2730/3498/13325 2731/3499/13325 2729/3497/13324
f 2731/3499/13326 2730/3498/13326 2732/3500/13327
f 2732/3500/13328 2733/3501/13328 2731/3499/13329
f 2733/3501/13330 2732/3500/13330 2734/3502/13331
f 2734/3502/13332 2735/3503/13332 2733/3501/13333
f 2735/3503/13334 2734/3502/13334 2736/3504/13335
f 2736/3504/13335 2737/3505/13335 2735/3503/13334
f 2737/3505/13336 2736/3504/13337 2738/3506/13338
f 2738/3506/13339 2739/3507/13340 2737/3505/13341
f 2739/3507/13342 2738/3506/13343 2740/3508/13344
f 2740/3508/13345 2741/3509/13346 2739/3507/13347
f 2741/3509/13348 2740/3508/13349 2742/3510/13350
f 2742/3510/13351 2743/3511/13352 2741/3509/13353
f 2743/3511/13354 2742/3510/13355 2705/3471/13356
f 2705/3471/13357 2704/3470/13358 2743/3511/13359
f 2706/3512/5819 2705/3513/5819 2744/3514/5819
f 2708/3515/5819 2706/3512/5819 2744/3514/5819
f 2710/3516/5819 2708/3515/5819 2744/3514/5819
f 2712/3517/5819 2710/3516/5819 2744/3514/5819
f 2714/3518/5819 2712/3517/5819 2744/3514/5819
f 2716/3519/5819 2714/3518/5819 2744/3514/5819
f 2718/3520/5819 2716/3519/5819 2744/3514/5819
f 2720/3521/5819 2718/3520/5819 2744/3514/5819
f 2722/3522/5819 2720/3521/5819 2744/3514/5819
f 2724/3523/5819 2722/3522/5819 2744/3514/5819
f 2726/3524/5819 2724/3523/5819 2744/3514/5819
f 2728/3525/5819 2726/3524/5819 2744/3514/5819
f 2730/3526/5819 2728/3525/5819 2744/3514/5819
f 2732/3527/5819 2730/3526/5819 2744/3514/5819
f 2734/3528/5819 2732/3527/5819 2744/3514/5819
f 2736/3529/5819 2734/3528/5819 2744/3514/5819
f 2738/3530/5819 2736/3529/5819 2744/3514/5819
f 2740/3531/5819 2738/3530/5819 2744/3514/5819
f 2742/3532/13140 2740/3531/13140 2744/3514/13140
f 2705/3513/5818 2742/3532/5818 2744/3514/5818
f 2704/3533/5699 2707/3534/5699 2745/3535/5699
f 2707/3534/5699 2709/3536/5699 2745/3535/5699
f 2709/3536/5699 2711/3537/5699 2745/3535/5699
f 2711/3537/5699 2713/3538/5699 2745/3535/5699
f 2713/3538/5699 2715/3539/5699 2745/3535/5699
f 2715/3539/5700 2717/3540/5700 2745/3535/5700
f 2717/3540/5699 2719/3541/5699 2745/3535/5699
f 2719/3541/5699 2721/3542/5704 2745/3535/5699
f 2721/3542/5699 2723/3543/5699 2745/3535/5699
f 2723/3543/5699 2725/3544/5699 2745/3535/5699
f 2725/3544/5699 2727/3545/5699 2745/3535/5699
f 2727/3545/5699 2729/3546/5699 2745/3535/5699
f 2729/3546/5699 2731/3547/5699 2745/3535/5699
f 2731/3547/5699 2733/3548/5699 2745/3535/5699
f 2733/3548/5699 2735/3549/5699 2745/3535/5699
f 2735/3549/5699 2737/3550/5699 2745/3535/5699
f 2737/3550/5699 2739/3551/5699 2745/3535/5699
f 2739/3551/5699 2741/3552/5699 2745/3535/5699
f 2741/3552/13360 2743/3553/5699 2745/3535/5699
f 2743/3553/5699 2704/3533/5699 2745/3535/5699
f 2746/3554/13262 2747/3555/13263 2748/3556/13264
f 2748/3556/13265 2749/3557/13266 2746/3554/13267
f 2749/3557/13268 2748/3556/13361 2750/3558/13270
f 2750/3558/13271 2751/3559/13362 2749/3557/13273
f 2751/3559/13274 2750/3558/13274 2752/3560/13275
f 2752/3560/13275 2753/3561/13275 2751/3559/13274
f 2753/3561/13276 2752/3560/13276 2754/3562/13277
f 2754/3562/13278 2755/3563/13278 2753/3561/13280
f 2755/3563/13281 2754/3562/13281 2756/3564/13282
f 2756/3564/13283 2757/3565/13283 2755/3563/13285
f 2757/3565/13286 2756/3564/13286 2758/3566/13287
f 2758/3566/13287 2759/3567/13287 2757/3565/13286
f 2759/3567/13288 2758/3566/13289 2760/3568/13290
f 2760/3568/13291 2761/3569/13363 2759/3567/13293
f 2761/3569/13294 2760/3568/13295 2762/3570/13296
f 2762/3570/13297 2763/3571/13298 2761/3569/13299
f 2763/3572/13300 2762/3573/13301 2764/3574/13302
f 2764/3574/13303 2765/3575/13304 2763/3572/13305
f 2765/3575/13306 2764/3574/13364 2766/3576/13308
f 2766/3576/13309 2767/3577/13310 2765/3575/13311
f 2767/3577/13312 2766/3576/13313 2768/3578/13314
f 2768/3578/13315 2769/3579/13365 2767/3577/13317
f 2769/3579/13318 2768/3578/13319 2770/3580/13320
f 2770/3580/13321 2771/3581/13322 2769/3579/13323
f 2771/3581/13324 2770/3580/13324 2772/3582/13325
f 2772/3582/13325 2773/3583/13325 2771/3581/13324
f 2773/3583/13326 2772/3582/13326 2774/3584/13327
f 2774/3584/13328 2775/3585/13328 2773/3583/13329
f 2775/3585/13330 2774/3584/13330 2776/3586/13331
f 2776/3586/13332 2777/3587/13332 2775/3585/13333
f 2777/3587/13334 2776/3586/13334 2778/3588/13335
f 2778/3588/13335 2779/3589/13335 2777/3587/13334
f 2779/3589/13336 2778/3588/13366 2780/3590/13338
f 2780/3590/13339 2781/3591/13340 2779/3589/13367
f 2781/3591/13342 2780/3590/13368 2782/3592/13344
f 2782/3592/13345 2783/3593/13346 2781/3591/13347
f 2783/3593/13348 2782/3592/13349 2784/3594/13350
f 2784/3594/13351 2785/3595/13352 2783/3593/13353
f 2785/3595/13354 2784/3594/13355 2747/3555/13356
f 2747/3555/13357 2746/3554/13358 2785/3595/13359
f 2748/3596/5819 2747/3597/5819 2786/3598/5819
f 2750/3599/5819 2748/3596/5819 2786/3598/5819
f 2752/3600/13369 2750/3599/13369 2786/3598/13369
f 2754/3601/5819 2752/3600/5819 2786/3598/5819
f 2756/3602/5819 2754/3601/5819 2786/3598/5819
f 2758/3603/5819 2756/3602/5819 2786/3598/5819
f 2760/3604/5819 2758/3603/5819 2786/3598/5819
f 2762/3605/13370 2760/3604/13370 2786/3598/13370
f 2764/3606/13371 2762/3605/13371 2786/3598/13371
f 2766/3607/13372 2764/3606/13372 2786/3598/13372
f 2768/3608/13371 2766/3607/13371 2786/3598/13371
f 2770/3609/5819 2768/3608/5819 2786/3598/5819
f 2772/3610/5819 2770/3609/5819 2786/3598/5819
f 2774/3611/5819 2772/3610/5819 2786/3598/5819
f 2776/3612/5819 2774/3611/5819 2786/3598/5819
f 2778/3613/5821 2776/3612/5821 2786/3598/5821
f 2780/3614/13369 2778/3613/13369 2786/3598/13369
f 2782/3615/5819 2780/3614/5819 2786/3598/5819
f 2784/3616/5819 2782/3615/5819 2786/3598/5819
f 2747/3597/5819 2784/3616/5819 2786/3598/5819
f 2746/3617/5707 2749/3618/5707 2787/3619/5707
f 2749/3618/5699 2751/3620/5699 2787/3619/5699
f 2751/3620/5699 2753/3621/5699 2787/3619/5699
f 2753/3621/5699 2755/3622/5699 2787/3619/5699
f 2755/3622/5699 2757/3623/5699 2787/3619/5699
f 2757/3623/5699 2759/3624/5699 2787/3619/5699
f 2759/3624/5699 2761/3625/5699 2787/3619/5699
f 2761/3625/5699 2763/3626/5699 2787/3619/5699
f 2763/3626/13373 2765/3627/13373 2787/3619/13373
f 2765/3627/13374 2767/3628/13374 2787/3619/13374
f 2767/3628/13375 2769/3629/13375 2787/3619/13375
f 2769/3629/5699 2771/3630/5699 2787/3619/5699
f 2771/3630/5699 2773/3631/5699 2787/3619/5699
f 2773/3631/5699 2775/3632/5699 2787/3619/5699
f 2775/3632/5699 2777/3633/5699 2787/3619/5699
f 2777/3633/5699 2779/3634/5699 2787/3619/5699
f 2779/3634/5699 2781/3635/5699 2787/3619/5699
f 2781/3635/5699 2783/3636/5699 2787/3619/5699
f 2783/3636/5699 2785/3637/5699 2787/3619/5699
f 2785/3637/5699 2746/3617/5699 2787/3619/5699
f 2788/3638/13376 2789/3639/13377 2790/3640/13378
f 2790/3640/13379 2791/3641/13380 2788/3638/13381
f 2792/3642/13382 2793/3643/13383 2789/3639/13384
f 2789/3639/13385 2788/3638/13386 2792/3642/13387
f 2794/3644/13388 2795/3645/13389 2793/3643/13390
f 2793/3643/13391 2792/3642/13392 2794/3644/13393
f 2796/3646/13394 2797/3647/13395 2795/3645/5629
f 2795/3645/13396 2794/3644/13397 2796/3646/13398
f 2798/3648/13399 2799/3649/13400 2797/3647/5633
f 2797/3647/13401 2796/3646/13402 2798/3648/13403
f 2800/3650/13404 2801/3651/5636 2799/3649/5637
f 2799/3649/13405 2798/3648/13406 2800/3650/13407
f 2802/3652/13408 2803/3653/13409 2801/3651/13410
f 2801/3651/13411 2800/3650/13412 2802/3652/13413
f 2804/3654/13414 2805/3655/13415 2803/3653/13416
f 2803/3653/13417 2802/3652/13418 2804/3654/13419
f 2806/3656/13420 2807/3657/13421 2805/3655/13422
f 2805/3655/13423 2804/3654/13424 2806/3656/13425
f 2808/3658/13426 2809/3659/13427 2807/3657/13428
f 2807/3657/5655 2806/3656/13429 2808/3658/13430
f 2810/3660/13431 2811/3661/13432 2809/3659/13433
f 2809/3659/13434 2808/3658/13435 2810/3660/13436
f 2812/3662/13437 2813/3663/5836 2811/3661/13134
f 2811/3661/13438 2810/3660/13439 2812/3662/13440
f 2814/3664/13441 2815/3665/13442 2813/3663/13443
f 2813/3663/13444 2812/3662/13445 2814/3664/13446
f 2816/3666/13447 2817/3667/5839 2815/3665/13448
f 2815/3665/13449 2814/3664/13450 2816/3666/13451
f 2818/3668/13452 2819/3669/13453 2817/3667/13454
f 2817/3667/13455 2816/3666/13456 2818/3668/13457
f 2820/3670/13458 2821/3671/5677 2819/3672/13459
f 2819/3672/13460 2818/3673/13461 2820/3670/13462
f 2822/3674/13463 2823/3675/13464 2821/3671/13465
f 2821/3671/13466 2820/3670/13467 2822/3674/13468
f 2824/3676/13469 2825/3677/13470 2823/3675/13471
f 2823/3675/13472 2822/3674/13473 2824/3676/13474
f 2826/3678/13475 2827/3679/13476 2825/3677/13477
f 2825/3677/13478 2824/3676/13479 2826/3678/13480
f 2791/3641/13481 2790/3640/13482 2827/3679/13483
f 2827/3679/13484 2826/3678/13485 2791/3641/13486
f 2828/3680/13487 2788/3681/13487 2791/3682/13487
f 2791/3682/13488 2829/3683/13488 2828/3680/13488
f 2830/3684/13489 2792/3685/13489 2788/3681/13490
f 2788/3681/13491 2828/3680/13492 2830/3684/13493
f 2831/3686/13494 2794/3687/13494 2792/3685/13494
f 2792/3685/13494 2830/3684/13494 2831/3686/13494
f 2832/3688/13495 2796/3689/13496 2794/3687/13497
f 2794/3687/13498 2831/3686/13498 2832/3688/13498
f 2833/3690/13499 2798/3691/13499 2796/3689/13500
f 2796/3689/13501 2832/3688/13501 2833/3690/13501
f 2834/3692/13502 2800/3693/13502 2798/3691/13502
f 2798/3691/13502 2833/3690/13502 2834/3692/13502
f 2835/3694/13503 2802/3695/13504 2800/3693/13505
f 2800/3693/13506 2834/3692/13506 2835/3694/13506
f 2836/3696/13507 2804/3697/13508 2802/3695/13509
f 2802/3695/13510 2835/3694/13510 2836/3696/13510
f 2837/3698/13489 2806/3699/13511 2804/3697/13512
f 2804/3697/13513 2836/3696/13513 2837/3698/13513
f 2838/3700/13514 2808/3701/13514 2806/3699/13514
f 2806/3699/13508 2837/3698/13515 2838/3700/13516
f 2839/3702/13517 2810/3703/13518 2808/3701/13518
f 2808/3701/13519 2838/3700/13519 2839/3702/13504
f 2840/3704/13520 2812/3705/13520 2810/3703/13520
f 2810/3703/13521 2839/3702/13521 2840/3704/13521
f 2841/3706/13494 2814/3707/13494 2812/3705/13494
f 2812/3705/13522 2840/3704/13522 2841/3706/13522
f 2842/3708/13523 2816/3709/13523 2814/3707/13524
f 2814/3707/13525 2841/3706/13525 2842/3708/13525
f 2843/3710/13526 2818/3711/13500 2816/3709/13501
f 2816/3709/13527 2842/3708/13527 2843/3710/13528
f 2844/3712/13529 2820/3713/13502 2818/3711/13502
f 2818/3711/13502 2843/3710/13530 2844/3712/13531
f 2845/3714/13532 2822/3715/13505 2820/3713/13533
f 2820/3713/13534 2844/3712/13535 2845/3714/13534
f 2846/3716/13536 2824/3717/13536 2822/3715/13536
f 2822/3715/13537 2845/3714/13537 2846/3716/13537
f 2847/3718/13538 2826/3719/13538 2824/3717/13499
f 2824/3717/13539 2846/3716/13512 2847/3718/13540
f 2829/3683/13541 2791/3682/13541 2826/3719/13541
f 2826/3719/13542 2847/3718/13524 2829/3683/13543
f 2848/3720/13544 2828/3721/13545 2829/3722/13546
f 2829/3722/13547 2849/3723/13548 2848/3720/13549
f 2850/3724/13550 2830/3725/13551 2828/3721/13552
f 2828/3721/13553 2848/3720/13554 2850/3724/13555
f 2851/3726/13556 2831/3727/13557 2830/3725/13558
f 2830/3725/13559 2850/3724/13560 2851/3726/13561
f 2852/3728/13562 2832/3729/13563 2831/3727/13564
f 2831/3727/13565 2851/3726/13566 2852/3728/13567
f 2853/3730/13568 2833/3731/13569 2832/3729/13570
f 2832/3729/13571 2852/3728/13572 2853/3730/13573
f 2854/3732/13574 2834/3733/13575 2833/3731/13576
f 2833/3731/13577 2853/3730/13578 2854/3732/13579
f 2855/3734/13580 2835/3735/13581 2834/3733/13582
f 2834/3733/13583 2854/3732/13584 2855/3734/13585
f 2856/3736/13586 2836/3737/13587 2835/3735/13588
f 2835/3735/13589 2855/3734/13590 2856/3736/13591
f 2857/3738/13592 2837/3739/13593 2836/3737/13594
f 2836/3737/13595 2856/3736/13596 2857/3738/13597
f 2858/3740/13598 2838/3741/13599 2837/3739/13600
f 2837/3739/13601 2857/3738/13602 2858/3740/13603
f 2859/3742/13604 2839/3743/13605 2838/3741/13606
f 2838/3741/13607 2858/3740/13608 2859/3742/13609
f 2860/3744/13610 2840/3745/13611 2839/3743/13612
f 2839/3743/13613 2859/3742/13614 2860/3744/13615
f 2861/3746/13616 2841/3747/13617 2840/3745/13618
f 2840/3745/13619 2860/3744/13620 2861/3746/13621
f 2862/3748/13622 2842/3749/13623 2841/3747/13624
f 2841/3747/13625 2861/3746/13626 2862/3748/13627
f 2863/3750/13628 2843/3751/13628 2842/3749/13629
f 2842/3749/13630 2862/3748/13631 2863/3750/13632
f 2864/3752/5795 2865/3753/5795 2866/3754/5795
f 2866/3754/5795 2867/3755/5795 2864/3752/5795
f 2868/3756/13633 2845/3757/13634 2844/3758/13635
f 2844/3758/13636 2869/3759/13636 2868/3756/13637
f 2870/3760/13638 2846/3761/13639 2845/3757/13640
f 2845/3757/13641 2868/3756/13642 2870/3760/13643
f 2871/3762/13644 2847/3763/13645 2846/3761/13646
f 2846/3761/13647 2870/3760/13648 2871/3762/13649
f 2849/3723/13650 2829/3722/13651 2847/3763/13652
f 2847/3763/13653 2871/3762/13654 2849/3723/13655
f 2789/3764/13656 2848/3765/13657 2849/3766/13658
f 2849/3766/13659 2790/3767/13660 2789/3764/13661
f 2793/3768/13662 2850/3769/13663 2848/3765/13664
f 2848/3765/13665 2789/3764/13666 2793/3768/13667
f 2795/3770/13668 2851/3771/13669 2850/3769/13670
f 2850/3769/13671 2793/3768/13672 2795/3770/13673
f 2797/3772/13674 2852/3773/13675 2851/3771/13676
f 2851/3771/13677 2795/3770/13678 2797/3772/13679
f 2799/3774/13680 2853/3775/13681 2852/3773/13682
f 2852/3773/13683 2797/3772/13684 2799/3774/13685
f 2801/3776/13686 2854/3777/13687 2853/3775/13688
f 2853/3775/13689 2799/3774/13690 2801/3776/13691
f 2803/3778/13692 2855/3779/13693 2854/3777/13694
f 2854/3777/13695 2801/3776/13695 2803/3778/13696
f 2805/3780/13697 2856/3781/13698 2855/3779/13699
f 2855/3779/13700 2803/3778/13701 2805/3780/13702
f 2807/3782/13703 2857/3783/13704 2856/3781/13705
f 2856/3781/13706 2805/3780/13707 2807/3782/13708
f 2809/3784/13709 2858/3785/13710 2857/3783/13711
f 2857/3783/13712 2807/3782/13713 2809/3784/13714
f 2811/3786/13715 2859/3787/13716 2858/3785/13717
f 2858/3785/13718 2809/3784/13719 2811/3786/13720
f 2813/3788/13721 2860/3789/13722 2859/3787/13723
f 2859/3787/13724 2811/3786/13725 2813/3788/13726
f 2815/3790/13727 2861/3791/13728 2860/3789/13729
f 2860/3789/13730 2813/3788/13731 2815/3790/13732
f 2817/3792/13733 2862/3793/13734 2861/3791/13735
f 2861/3791/13736 2815/3790/13737 2817/3792/13738
f 2819/3794/13739 2863/3795/13740 2862/3793/13741
f 2862/3793/13742 2817/3792/13743 2819/3794/13744
f 2821/3796/13745 2869/3797/13746 2863/3795/13747
f 2863/3795/13748 2819/3794/13749 2821/3796/13750
f 2823/3798/13751 2868/3799/13752 2869/3797/13753
f 2869/3797/13754 2821/3796/13755 2823/3798/13756
f 2825/3800/13757 2870/3801/13758 2868/3799/13759
f 2868/3799/13760 2823/3798/13761 2825/3800/13762
f 2827/3802/13763 2871/3803/13764 2870/3801/13765
f 2870/3801/13766 2825/3800/13767 2827/3802/13768
f 2790/3767/13769 2849/3766/13770 2871/3803/13771
f 2871/3803/13772 2827/3802/13773 2790/3767/13774
f 2865/3804/13775 2844/3805/13776 2843/3806/13777
f 2843/3806/13778 2866/3754/13775 2865/3804/13775
f 2866/3754/13779 2843/3806/13780 2863/3807/13779
f 2863/3807/13781 2867/3755/13782 2866/3754/13783
f 2864/3808/13784 2869/3809/13784 2844/3810/13784
f 2844/3810/5826 2865/3811/5826 2864/3808/5826
f 2872/3812/13785 2873/3813/5770 2874/3814/13786
f 2874/3814/13787 2875/3815/13786 2872/3812/5770
f 2876/3816/13788 2877/3817/13789 2873/3813/13790
f 2873/3813/13791 2872/3812/13790 2876/3816/13789
f 2878/3818/13792 2879/3819/13389 2877/3817/13390
f 2877/3817/13793 2876/3816/13390 2878/3818/13389
f 2880/3820/13794 2881/3821/13395 2879/3819/5629
f 2879/3819/5630 2878/3818/5629 2880/3820/13395
f 2882/3822/13795 2883/3823/13400 2881/3821/5633
f 2881/3821/5634 2880/3820/5633 2882/3822/13400
f 2884/3824/5635 2885/3825/5636 2883/3823/5637
f 2883/3823/5638 2882/3822/5637 2884/3824/5636
f 2886/3826/13796 2887/3827/13409 2885/3825/13410
f 2885/3825/13797 2884/3824/13410 2886/3826/13409
f 2888/3828/13798 2889/3829/13415 2887/3827/13416
f 2887/3827/13799 2886/3826/13416 2888/3828/13415
f 2890/3830/13800 2891/3831/13801 2889/3829/13802
f 2889/3829/13803 2888/3828/13802 2890/3830/13801
f 2892/3832/5652 2893/3833/5653 2891/3831/5654
f 2891/3831/5655 2890/3830/5654 2892/3832/5653
f 2894/3834/13804 2895/3835/13805 2893/3833/13806
f 2893/3833/13807 2892/3832/13806 2894/3834/13805
f 2896/3836/5660 2897/3837/13808 2895/3835/5662
f 2895/3835/5663 2894/3834/5662 2896/3836/13808
f 2898/3838/5664 2899/3839/5665 2897/3837/5666
f 2897/3837/5667 2896/3836/5666 2898/3838/5665
f 2900/3840/13809 2901/3841/13810 2899/3839/13811
f 2899/3839/13812 2898/3838/13811 2900/3840/13810
f 2902/3842/13813 2903/3843/13453 2901/3841/13814
f 2901/3841/13815 2900/3840/13814 2902/3842/13453
f 2904/3844/5676 2905/3845/5677 2903/3846/5678
f 2903/3846/5679 2902/3847/5678 2904/3844/5677
f 2906/3848/13816 2907/3849/13817 2905/3845/5682
f 2905/3845/5683 2904/3844/5682 2906/3848/13817
f 2908/3850/5684 2909/3851/5685 2907/3849/13818
f 2907/3849/13819 2906/3848/13818 2908/3850/5685
f 2910/3852/5688 2911/3853/5689 2909/3851/5690
f 2909/3851/5691 2908/3850/5690 2910/3852/5689
f 2875/3815/5830 2874/3814/5693 2911/3853/5694
f 2911/3853/5695 2910/3852/5696 2875/3815/5693
f 2912/3854/5700 2872/3855/5700 2875/3856/5700
f 2875/3856/5699 2913/3857/5699 2912/3854/5699
f 2914/3858/5699 2876/3859/5699 2872/3855/5699
f 2872/3855/5699 2912/3854/5699 2914/3858/5699
f 2915/3860/5699 2878/3861/5699 2876/3859/5699
f 2876/3859/5699 2914/3858/5699 2915/3860/5699
f 2916/3862/5699 2880/3863/5699 2878/3861/5699
f 2878/3861/5699 2915/3860/5699 2916/3862/5699
f 2917/3864/5699 2882/3865/5699 2880/3863/5699
f 2880/3863/5699 2916/3862/5699 2917/3864/5699
f 2918/3866/5699 2884/3867/5699 2882/3865/5699
f 2882/3865/5699 2917/3864/5699 2918/3866/5699
f 2919/3868/5699 2886/3869/5699 2884/3867/5699
f 2884/3867/5699 2918/3866/5699 2919/3868/5699
f 2920/3870/5699 2888/3871/5699 2886/3869/5699
f 2886/3869/5699 2919/3868/5699 2920/3870/5699
f 2921/3872/5700 2890/3873/5700 2888/3871/5700
f 2888/3871/5699 2920/3870/5699 2921/3872/5699
f 2922/3874/5832 2892/3875/5832 2890/3873/5832
f 2890/3873/5699 2921/3872/5699 2922/3874/5699
f 2923/3876/5699 2894/3877/5699 2892/3875/5699
f 2892/3875/5699 2922/3874/5699 2923/3876/5699
f 2924/3878/5699 2896/3879/5699 2894/3877/5699
f 2894/3877/5699 2923/3876/5699 2924/3878/5699
f 2925/3880/5699 2898/3881/5699 2896/3879/5699
f 2896/3879/5699 2924/3878/5699 2925/3880/5699
f 2926/3882/5699 2900/3883/5699 2898/3881/5699
f 2898/3881/5699 2925/3880/5699 2926/3882/5699
f 2927/3884/5699 2902/3885/5699 2900/3883/5699
f 2900/3883/5699 2926/3882/5699 2927/3884/5699
f 2928/3886/5699 2904/3887/5699 2902/3885/5699
f 2902/3885/5699 2927/3884/5699 2928/3886/5699
f 2929/3888/5699 2906/3889/5699 2904/3887/5699
f 2904/3887/5699 2928/3886/5699 2929/3888/5699
f 2930/3890/5700 2908/3891/5700 2906/3889/5700
f 2906/3889/5699 2929/3888/5699 2930/3890/5699
f 2931/3892/5699 2910/3893/5699 2908/3891/5699
f 2908/3891/5699 2930/3890/5699 2931/3892/5699
f 2913/3857/5699 2875/3856/5699 2910/3893/5699
f 2910/3893/5699 2931/3892/5699 2913/3857/5699
f 2932/3894/5715 2912/3895/5716 2913/3896/5834
f 2913/3896/5718 2933/3897/5719 2932/3894/13820
f 2934/3898/5721 2914/3899/5722 2912/3895/13821
f 2912/3895/13822 2932/3894/13134 2934/3898/13823
f 2935/3900/5727 2915/3901/5665 2914/3899/5728
f 2914/3899/5729 2934/3898/5666 2935/3900/5730
f 2936/3902/5731 2916/3903/13824 2915/3901/5733
f 2915/3901/5734 2935/3900/5735 2936/3902/5736
f 2937/3904/5737 2917/3905/13135 2916/3903/13825
f 2916/3903/13826 2936/3902/5674 2937/3904/13827
f 2938/3906/5840 2918/3907/5677 2917/3905/5744
f 2917/3905/5841 2937/3904/5678 2938/3906/5746
f 2939/3908/5747 2919/3909/5681 2918/3907/5748
f 2918/3907/5749 2938/3906/5842 2939/3908/5751
f 2940/3910/13828 2920/3911/5685 2919/3909/13829
f 2919/3909/13830 2939/3908/5686 2940/3910/13831
f 2941/3912/13832 2921/3913/13833 2920/3911/13834
f 2920/3911/13835 2940/3910/5690 2941/3912/13836
f 2942/3914/5764 2922/3915/5693 2921/3913/13837
f 2921/3913/5766 2941/3912/5767 2942/3914/13838
f 2943/3916/13839 2923/3917/13840 2922/3915/13841
f 2922/3915/13842 2942/3914/13843 2943/3916/13844
f 2944/3918/13845 2924/3919/13789 2923/3917/13846
f 2923/3917/13847 2943/3916/13790 2944/3918/13848
f 2945/3920/13849 2925/3921/13850 2924/3919/13851
f 2924/3919/13852 2944/3918/13853 2945/3920/13854
f 2946/3922/13855 2926/3923/5628 2925/3921/13856
f 2925/3921/13857 2945/3920/5629 2946/3922/13858
f 2947/3924/13859 2927/3925/13859 2926/3923/13860
f 2926/3923/13861 2946/3922/5633 2947/3924/13859
f 2948/3926/5795 2949/3927/5795 2950/3928/5795
f 2950/3928/5795 2951/3929/5795 2948/3926/5795
f 2952/3930/13862 2929/3931/13863 2928/3932/13864
f 2928/3932/13864 2953/3933/13864 2952/3930/13865
f 2954/3934/5800 2930/3935/5801 2929/3931/13866
f 2929/3931/13867 2952/3930/13868 2954/3934/5805
f 2955/3936/5806 2931/3937/5807 2930/3935/5808
f 2930/3935/5809 2954/3934/5810 2955/3936/5811
f 2933/3897/5812 2913/3896/5653 2931/3937/5853
f 2931/3937/5814 2955/3936/5654 2933/3897/5855
f 2873/3938/13869 2932/3939/13870 2933/3940/13871
f 2933/3940/13872 2874/3941/13873 2873/3938/13874
f 2877/3942/13875 2934/3943/13876 2932/3939/13877
f 2932/3939/13878 2873/3938/13879 2877/3942/13880
f 2879/3944/13881 2935/3945/13882 2934/3943/13883
f 2934/3943/13884 2877/3942/13885 2879/3944/13886
f 2881/3946/13887 2936/3947/13888 2935/3945/13889
f 2935/3945/13890 2879/3944/13891 2881/3946/13892
f 2883/3948/13893 2937/3949/13894 2936/3947/13895
f 2936/3947/13896 2881/3946/13897 2883/3948/13898
f 2885/3950/13899 2938/3951/13900 2937/3949/13901
f 2937/3949/13902 2883/3948/13903 2885/3950/13904
f 2887/3952/13905 2939/3953/13906 2938/3951/13907
f 2938/3951/13908 2885/3950/13909 2887/3952/13910
f 2889/3954/13911 2940/3955/13912 2939/3953/13913
f 2939/3953/13914 2887/3952/13915 2889/3954/13916
f 2891/3956/13917 2941/3957/13918 2940/3955/13919
f 2940/3955/13920 2889/3954/13921 2891/3956/13922
f 2893/3958/13923 2942/3959/13924 2941/3957/13925
f 2941/3957/13926 2891/3956/13927 2893/3958/13928
f 2895/3960/13929 2943/3961/13930 2942/3959/13931
f 2942/3959/13932 2893/3958/13933 2895/3960/13934
f 2897/3962/13935 2944/3963/13936 2943/3961/13937
f 2943/3961/13938 2895/3960/13939 2897/3962/13940
f 2899/3964/13941 2945/3965/13942 2944/3963/13943
f 2944/3963/13944 2897/3962/13945 2899/3964/13946
f 2901/3966/13947 2946/3967/13948 2945/3965/13949
f 2945/3965/13950 2899/3964/13951 2901/3966/13952
f 2903/3968/13953 2947/3969/13954 2946/3967/13955
f 2946/3967/13956 2901/3966/13957 2903/3968/13958
f 2905/3970/13959 2953/3971/13960 2947/3969/13961
f 2947/3969/13962 2903/3968/13963 2905/3970/13964
f 2907/3972/13965 2952/3973/13966 2953/3971/13967
f 2953/3971/13968 2905/3970/13969 2907/3972/13970
f 2909/3974/13971 2954/3975/13972 2952/3973/13973
f 2952/3973/13974 2907/3972/13975 2909/3974/13976
f 2911/3976/13977 2955/3977/13978 2954/3975/13979
f 2954/3975/13980 2909/3974/13981 2911/3976/13982
f 2874/3941/13983 2933/3940/13984 2955/3977/13985
f 2955/3977/13986 2911/3976/13987 2874/3941/13988
f 2950/3928/5825 2927/3978/5825 2947/3979/5825
f 2947/3979/5825 2951/3929/5825 2950/3928/5825
f 2948/3980/5826 2953/3981/5826 2928/3982/5826
f 2928/3982/5826 2949/3983/5826 2948/3980/5826
f 2956/3984/13989 2957/3985/5770 2958/3986/13786
f 2958/3986/13990 2959/3987/13786 2956/3984/5770
f 2960/3988/13991 2961/3989/13789 2957/3985/13790
f 2957/3985/13992 2956/3984/13790 2960/3988/13789
f 2962/3990/13993 2963/3991/13389 2961/3989/13390
f 2961/3989/13793 2960/3988/13390 2962/3990/13389
f 2964/3992/13794 2965/3993/13395 2963/3991/5629
f 2963/3991/5630 2962/3990/5629 2964/3992/13395
f 2966/3994/13795 2967/3995/13400 2965/3993/5633
f 2965/3993/5634 2964/3992/5633 2966/3994/13400
f 2968/3996/5635 2969/3997/5636 2967/3995/5637
f 2967/3995/5638 2966/3994/5637 2968/3996/5636
f 2970/3998/13796 2971/3999/13409 2969/3997/13410
f 2969/3997/13797 2968/3996/13410 2970/3998/13409
f 2972/4000/13798 2973/4001/13415 2971/3999/13416
f 2971/3999/13799 2970/3998/13416 2972/4000/13415
f 2974/4002/13800 2975/4003/13801 2973/4001/13802
f 2973/4001/13803 2972/4000/13802 2974/4002/13801
f 2976/4004/13994 2977/4005/5653 2975/4003/5654
f 2975/4003/13995 2974/4002/5654 2976/4004/5653
f 2978/4006/13996 2979/4007/13805 2977/4005/13806
f 2977/4005/13997 2976/4004/13806 2978/4006/13805
f 2980/4008/13998 2981/4009/13808 2979/4007/5662
f 2979/4007/13999 2978/4006/5662 2980/4008/13808
f 2982/4010/5664 2983/4011/5665 2981/4009/5666
f 2981/4009/5667 2980/4008/5666 2982/4010/5665
f 2984/4012/13809 2985/4013/13810 2983/4011/13811
f 2983/4011/13812 2982/4010/13811 2984/4012/13810
f 2986/4014/14000 2987/4015/13453 2985/4013/13814
f 2985/4013/14001 2984/4012/13814 2986/4014/13453
f 2988/4016/5676 2989/4017/5677 2987/4018/5678
f 2987/4018/5679 2986/4019/5678 2988/4016/5677
f 2990/4020/13816 2991/4021/13817 2989/4017/5682
f 2989/4017/5683 2988/4016/5682 2990/4020/13817
f 2992/4022/5684 2993/4023/5685 2991/4021/13818
f 2991/4021/13819 2990/4020/13818 2992/4022/5685
f 2994/4024/5688 2995/4025/5689 2993/4023/5690
f 2993/4023/5691 2992/4022/5690 2994/4024/5689
f 2959/3987/14002 2958/3986/5693 2995/4025/5694
f 2995/4025/14003 2994/4024/5694 2959/3987/5693
f 2996/4026/5699 2956/4027/5699 2959/4028/5699
f 2959/4028/5699 2997/4029/5699 2996/4026/5699
f 2998/4030/5699 2960/4031/5699 2956/4027/5699
f 2956/4027/5699 2996/4026/5699 2998/4030/5699
f 2999/4032/5699 2962/4033/5699 2960/4031/5699
f 2960/4031/5699 2998/4030/5699 2999/4032/5699
f 3000/4034/5699 2964/4035/5699 2962/4033/5699
f 2962/4033/5699 2999/4032/5699 3000/4034/5699
f 3001/4036/5699 2966/4037/5699 2964/4035/5699
f 2964/4035/5699 3000/4034/5699 3001/4036/5699
f 3002/4038/5699 2968/4039/5699 2966/4037/5699
f 2966/4037/5699 3001/4036/5699 3002/4038/5699
f 3003/4040/5699 2970/4041/5699 2968/4039/5699
f 2968/4039/5699 3002/4038/5699 3003/4040/5699
f 3004/4042/5699 2972/4043/5699 2970/4041/5699
f 2970/4041/5699 3003/4040/5699 3004/4042/5699
f 3005/4044/5699 2974/4045/5699 2972/4043/5699
f 2972/4043/5699 3004/4042/5699 3005/4044/5699
f 3006/4046/5699 2976/4047/5699 2974/4045/5699
f 2974/4045/5699 3005/4044/5699 3006/4046/5699
f 3007/4048/5699 2978/4049/5699 2976/4047/5699
f 2976/4047/5699 3006/4046/5699 3007/4048/5699
f 3008/4050/5699 2980/4051/5699 2978/4049/5699
f 2978/4049/5699 3007/4048/5699 3008/4050/5699
f 3009/4052/5699 2982/4053/5699 2980/4051/5699
f 2980/4051/5699 3008/4050/5699 3009/4052/5699
f 3010/4054/5699 2984/4055/5699 2982/4053/5699
f 2982/4053/5699 3009/4052/5699 3010/4054/5699
f 3011/4056/5699 2986/4057/5699 2984/4055/5699
f 2984/4055/5699 3010/4054/5699 3011/4056/5699
f 3012/4058/5699 2988/4059/5699 2986/4057/5699
f 2986/4057/5699 3011/4056/5699 3012/4058/5699
f 3013/4060/5699 2990/4061/5699 2988/4059/5699
f 2988/4059/5699 3012/4058/5699 3013/4060/5699
f 3014/4062/5699 2992/4063/5699 2990/4061/5699
f 2990/4061/5699 3013/4060/5699 3014/4062/5699
f 3015/4064/5699 2994/4065/5699 2992/4063/5699
f 2992/4063/5699 3014/4062/5699 3015/4064/5699
f 2997/4029/5699 2959/4028/5699 2994/4065/5699
f 2994/4065/5699 3015/4064/5699 2997/4029/5699
f 3016/4066/5715 2996/4067/5716 2997/4068/5834
f 2997/4068/5718 3017/4069/5719 3016/4066/13820
f 3018/4070/5721 2998/4071/5836 2996/4067/13821
f 2996/4067/5724 3016/4066/13134 3018/4070/13823
f 3019/4072/5727 2999/4073/5665 2998/4071/5728
f 2998/4071/5729 3018/4070/5666 3019/4072/5730
f 3020/4074/5731 3000/4075/5732 2999/4073/5733
f 2999/4073/5734 3019/4072/5735 3020/4074/5736
f 3021/4076/5737 3001/4077/13135 3000/4075/13825
f 3000/4075/13826 3020/4074/14004 3021/4076/5742
f 3022/4078/5840 3002/4079/5677 3001/4077/5744
f 3001/4077/5841 3021/4076/5678 3022/4078/5746
f 3023/4080/5747 3003/4081/5681 3002/4079/5748
f 3002/4079/5749 3022/4078/5842 3023/4080/5751
f 3024/4082/13828 3004/4083/5685 3003/4081/13829
f 3003/4081/13830 3023/4080/5686 3024/4082/13831
f 3025/4084/13832 3005/4085/14005 3004/4083/13834
f 3004/4083/13835 3024/4082/5690 3025/4084/13836
f 3026/4086/5764 3006/4087/5693 3005/4085/13837
f 3005/4085/5766 3025/4084/14006 3026/4086/14007
f 3027/4088/13839 3007/4089/14008 3006/4087/14009
f 3006/4087/13842 3026/4086/13843 3027/4088/13844
f 3028/4090/13845 3008/4091/13789 3007/4089/13846
f 3007/4089/13847 3027/4088/13790 3028/4090/13848
f 3029/4092/13849 3009/4093/13850 3008/4091/13851
f 3008/4091/13852 3028/4090/14010 3029/4092/13854
f 3030/4094/13855 3010/4095/5628 3009/4093/13856
f 3009/4093/13857 3029/4092/14011 3030/4094/13858
f 3031/4096/13859 3011/4097/13859 3010/4095/13860
f 3010/4095/13861 3030/4094/5633 3031/4096/13859
f 3032/4098/5795 3033/4099/5795 3034/4100/5795
f 3034/4100/5795 3035/4101/5795 3032/4098/5795
f 3036/4102/13862 3013/4103/13863 3012/4104/13864
f 3012/4104/13864 3037/4105/13864 3036/4102/13865
f 3038/4106/5800 3014/4107/5801 3013/4103/13866
f 3013/4103/13867 3036/4102/13868 3038/4106/5805
f 3039/4108/5806 3015/4109/5807 3014/4107/5808
f 3014/4107/5809 3038/4106/5810 3039/4108/5811
f 3017/4069/5812 2997/4068/5653 3015/4109/5853
f 3015/4109/5814 3039/4108/5654 3017/4069/5855
f 2957/4110/5819 3016/4111/5819 3017/4112/5819
f 3017/4112/5819 2958/4113/5819 2957/4110/5819
f 2961/4114/5819 3018/4115/5819 3016/4111/5819
f 3016/4111/5819 2957/4110/5819 2961/4114/5819
f 2963/4116/5819 3019/4117/5819 3018/4115/5819
f 3018/4115/5819 2961/4114/5819 2963/4116/5819
f 2965/4118/5819 3020/4119/5819 3019/4117/5819
f 3019/4117/5819 2963/4116/5819 2965/4118/5819
f 2967/4120/5819 3021/4121/5819 3020/4119/5819
f 3020/4119/5819 2965/4118/5819 2967/4120/5819
f 2969/4122/5819 3022/4123/5819 3021/4121/5819
f 3021/4121/5819 2967/4120/5819 2969/4122/5819
f 2971/4124/5819 3023/4125/5819 3022/4123/5819
f 3022/4123/5819 2969/4122/5819 2971/4124/5819
f 2973/4126/5819 3024/4127/5819 3023/4125/5819
f 3023/4125/5819 2971/4124/5819 2973/4126/5819
f 2975/4128/5819 3025/4129/5819 3024/4127/5819
f 3024/4127/5819 2973/4126/5819 2975/4128/5819
f 2977/4130/5819 3026/4131/5819 3025/4129/5819
f 3025/4129/5819 2975/4128/5819 2977/4130/5819
f 2979/4132/5819 3027/4133/5819 3026/4131/5819
f 3026/4131/5819 2977/4130/5819 2979/4132/5819
f 2981/4134/5819 3028/4135/5819 3027/4133/5819
f 3027/4133/5819 2979/4132/5819 2981/4134/5819
f 2983/4136/5819 3029/4137/5819 3028/4135/5819
f 3028/4135/5819 2981/4134/5819 2983/4136/5819
f 2985/4138/5819 3030/4139/5819 3029/4137/5819
f 3029/4137/5819 2983/4136/5819 2985/4138/5819
f 2987/4140/5819 3031/4141/5819 3030/4139/5819
f 3030/4139/5819 2985/4138/5819 2987/4140/5819
f 2989/4142/5819 3037/4143/5819 3031/4141/5819
f 3031/4141/5819 2987/4140/5819 2989/4142/5819
f 2991/4144/5819 3036/4145/5819 3037/4143/5819
f 3037/4143/5819 2989/4142/5819 2991/4144/5819
f 2993/4146/5819 3038/4147/5819 3036/4145/5819
f 3036/4145/5819 2991/4144/5819 2993/4146/5819
f 2995/4148/5819 3039/4149/5819 3038/4147/5819
f 3038/4147/5819 2993/4146/5819 2995/4148/5819
f 2958/4113/5819 3017/4112/5819 3039/4149/5819
f 3039/4149/5819 2995/4148/5819 2958/4113/5819
f 3034/4100/5825 3011/4150/5825 3031/4151/5825
f 3031/4151/5825 3035/4101/5825 3034/4100/5825
f 3035/4101/5819 3031/4151/5819 3037/4152/5819
f 3037/4152/5819 3032/4153/5819 3035/4101/5819
f 3032/4154/5826 3037/4155/5826 3012/4156/5826
f 3012/4156/5826 3033/4157/5826 3032/4154/5826
f 2863/3807/14012 2927/3978/14013 2950/3928/14014
f 2950/3928/14015 2867/3755/14016 2863/3807/14015
f 2864/3808/5826 2949/3983/5826 2928/3982/5826
f 2928/3982/14017 2869/3809/14017 2864/3808/14017
f 2950/3928/5795 2949/3927/5795 2864/3752/5795
f 2864/3752/5795 2867/3755/5795 2950/3928/5795
f 2863/3807/14018 2869/4158/14018 2928/4159/14018
f 2928/4159/14019 2927/3978/14019 2863/3807/14019
f 3012/4156/5826 2953/3981/5826 2948/3980/5826
f 2948/3980/5826 3033/4157/5826 3012/4156/5826
f 2947/3979/5825 3011/4150/5825 3034/4100/5825
f 3034/4100/5825 2951/3929/5825 2947/3979/5825
f 2947/3979/5980 2953/4160/5980 3012/4161/5980
f 3012/4161/5980 3011/4150/5980 2947/3979/5980
f 2948/3926/5795 2951/3929/5795 3034/4100/5795
f 3034/4100/5795 3033/4099/5795 2948/3926/5795
f 3040/4162/14020 3041/4163/14021 3042/4164/14022
f 3042/4164/14023 3043/4165/14024 3040/4162/14025
f 3044/4166/14026 3045/4167/5849 3041/4163/13137
f 3041/4163/14027 3040/4162/14028 3044/4166/14029
f 3046/4168/14030 3047/4169/5624 3045/4167/5625
f 3045/4167/14031 3044/4166/14032 3046/4168/14033
f 3048/4170/14034 3049/4171/5628 3047/4169/5629
f 3047/4169/14035 3046/4168/13397 3048/4170/14036
f 3050/4172/13399 3051/4173/5632 3049/4171/5633
f 3049/4171/13401 3048/4170/14037 3050/4172/13403
f 3052/4174/13404 3053/4175/5636 3051/4173/5637
f 3051/4173/13405 3050/4172/13406 3052/4174/13407
f 3054/4176/14038 3055/4177/5640 3053/4175/5641
f 3053/4175/14039 3052/4174/14040 3054/4176/14041
f 3056/4178/14042 3057/4179/5644 3055/4177/5647
f 3055/4177/5646 3054/4176/14043 3056/4178/14044
f 3058/4180/14045 3059/4181/14046 3057/4179/5650
f 3057/4179/14047 3056/4178/14048 3058/4180/14049
f 3060/4182/13426 3061/4183/13427 3059/4181/13428
f 3059/4181/5655 3058/4180/13429 3060/4182/13430
f 3062/4184/14050 3063/4185/14051 3061/4183/14052
f 3061/4183/14053 3060/4182/14054 3062/4184/14055
f 3064/4186/13437 3065/4187/5836 3063/4185/13134
f 3063/4185/14056 3062/4184/14057 3064/4186/13437
f 3066/4188/13441 3067/4189/13442 3065/4187/13443
f 3065/4187/14058 3064/4186/13445 3066/4188/13446
f 3068/4190/14059 3069/4191/14060 3067/4189/14061
f 3067/4189/14062 3066/4188/14063 3068/4190/14064
f 3070/4192/14065 3071/4193/14066 3069/4191/5741
f 3069/4191/14067 3068/4190/14068 3070/4192/14069
f 3072/4194/13458 3073/4195/5677 3071/4196/13459
f 3071/4196/13460 3070/4197/13461 3072/4194/13462
f 3074/4198/14070 3075/4199/13817 3073/4195/13465
f 3073/4195/13466 3072/4194/14071 3074/4198/14072
f 3076/4200/13469 3077/4201/13470 3075/4199/13471
f 3075/4199/13472 3074/4198/14073 3076/4200/13474
f 3078/4202/14074 3079/4203/5759 3077/4201/5762
f 3077/4201/13478 3076/4200/13479 3078/4202/14075
f 3043/4165/13481 3042/4164/13482 3079/4203/13483
f 3079/4203/13484 3078/4202/13485 3043/4165/13486
f 3080/4204/14076 3040/4205/14077 3043/4206/14078
f 3043/4206/14079 3081/4207/14079 3080/4204/14079
f 3082/4208/13537 3044/4209/13537 3040/4205/13537
f 3040/4205/14080 3080/4204/14080 3082/4208/14080
f 3083/4210/14081 3046/4211/14082 3044/4209/14083
f 3044/4209/14084 3082/4208/14085 3083/4210/13500
f 3084/4212/13522 3048/4213/14086 3046/4211/14087
f 3046/4211/14088 3083/4210/14088 3084/4212/14088
f 3085/4214/13495 3050/4215/13495 3048/4213/13495
f 3048/4213/14089 3084/4212/14090 3085/4214/14091
f 3086/4216/14092 3052/4217/14092 3050/4215/14092
f 3050/4215/14088 3085/4214/14088 3086/4216/14088
f 3087/4218/14088 3054/4219/13495 3052/4217/14081
f 3052/4217/13497 3086/4216/13497 3087/4218/13497
f 3088/4220/14093 3056/4221/14094 3054/4219/14095
f 3054/4219/14096 3087/4218/14096 3088/4220/14096
f 3089/4222/14097 3058/4223/14098 3056/4221/14099
f 3056/4221/14100 3088/4220/14101 3089/4222/14102
f 3090/4224/13499 3060/4225/13499 3058/4223/13499
f 3058/4223/14103 3089/4222/14103 3090/4224/14103
f 3091/4226/14104 3062/4227/14105 3060/4225/14106
f 3060/4225/13495 3090/4224/13495 3091/4226/13495
f 3092/4228/14107 3064/4229/14108 3062/4227/14109
f 3062/4227/13494 3091/4226/13494 3092/4228/13494
f 3093/4230/14110 3066/4231/14110 3064/4229/14110
f 3064/4229/14111 3092/4228/14111 3093/4230/14111
f 3094/4232/13510 3068/4233/14112 3066/4231/14113
f 3066/4231/14114 3093/4230/14114 3094/4232/14115
f 3095/4234/14116 3070/4235/14096 3068/4233/14090
f 3068/4233/14117 3094/4232/14117 3095/4234/14118
f 3096/4236/14119 3072/4237/13498 3070/4235/13498
f 3070/4235/13498 3095/4234/14120 3096/4236/14121
f 3097/4238/14122 3074/4239/14123 3072/4237/14122
f 3072/4237/14080 3096/4236/14124 3097/4238/14080
f 3098/4240/14125 3076/4241/14126 3074/4239/14127
f 3074/4239/14096 3097/4238/14096 3098/4240/14096
f 3099/4242/14128 3078/4243/14129 3076/4241/14130
f 3076/4241/14131 3098/4240/14131 3099/4242/14132
f 3081/4207/14133 3043/4206/14133 3078/4243/14133
f 3078/4243/13534 3099/4242/13534 3081/4207/13498
f 3100/4244/14134 3080/4245/14135 3081/4246/14136
f 3081/4246/13547 3101/4247/13548 3100/4244/13549
f 3102/4248/13550 3082/4249/13551 3080/4245/13552
f 3080/4245/13553 3100/4244/13554 3102/4248/14137
f 3103/4250/13556 3083/4251/13557 3082/4249/13558
f 3082/4249/13559 3102/4248/13560 3103/4250/13561
f 3104/4252/13562 3084/4253/13563 3083/4251/14138
f 3083/4251/14139 3103/4250/14140 3104/4252/14141
f 3105/4254/13568 3085/4255/13569 3084/4253/13570
f 3084/4253/14142 3104/4252/14143 3105/4254/14144
f 3106/4256/13574 3086/4257/13575 3085/4255/14145
f 3085/4255/14146 3105/4254/13578 3106/4256/14147
f 3107/4258/13580 3087/4259/13581 3086/4257/13582
f 3086/4257/13583 3106/4256/13584 3107/4258/14148
f 3108/4260/14149 3088/4261/14150 3087/4259/14151
f 3087/4259/14152 3107/4258/13590 3108/4260/13591
f 3109/4262/14153 3089/4263/14154 3088/4261/14155
f 3088/4261/13595 3108/4260/13596 3109/4262/13597
f 3110/4264/13598 3090/4265/13599 3089/4263/13600
f 3089/4263/13601 3109/4262/13602 3110/4264/14156
f 3111/4266/14157 3091/4267/14158 3090/4265/14159
f 3090/4265/13607 3110/4264/13608 3111/4266/13609
f 3112/4268/14160 3092/4269/14161 3091/4267/14162
f 3091/4267/14163 3111/4266/14164 3112/4268/14165
f 3113/4270/14166 3093/4271/14167 3092/4269/14168
f 3092/4269/13619 3112/4268/13620 3113/4270/13621
f 3114/4272/14169 3094/4273/14170 3093/4271/14171
f 3093/4271/13625 3113/4270/13626 3114/4272/14172
f 3115/4274/14173 3095/4275/14173 3094/4273/13629
f 3094/4273/13630 3114/4272/13631 3115/4274/13632
f 3116/4276/5795 3117/4277/5795 3118/4278/5795
f 3118/4278/5795 3119/4279/5795 3116/4276/5795
f 3120/4280/14174 3097/4281/13634 3096/4282/13635
f 3096/4282/13636 3121/4283/13636 3120/4280/14175
f 3122/4284/13638 3098/4285/13639 3097/4281/14176
f 3097/4281/14177 3120/4280/14178 3122/4284/14179
f 3123/4286/13644 3099/4287/13645 3098/4285/13646
f 3098/4285/13647 3122/4284/14180 3123/4286/13649
f 3101/4247/13650 3081/4246/14181 3099/4287/14182
f 3099/4287/13653 3123/4286/14183 3101/4247/13655
f 3041/4288/14184 3100/4289/14185 3101/4290/14186
f 3101/4290/14187 3042/4291/14188 3041/4288/14189
f 3045/4292/14190 3102/4293/14191 3100/4289/14192
f 3100/4289/14193 3041/4288/14194 3045/4292/14195
f 3047/4294/14196 3103/4295/14197 3102/4293/14198
f 3102/4293/14199 3045/4292/14200 3047/4294/14201
f 3049/4296/14202 3104/4297/14203 3103/4295/14204
f 3103/4295/14205 3047/4294/14206 3049/4296/14207
f 3051/4298/14208 3105/4299/14209 3104/4297/14210
f 3104/4297/14211 3049/4296/14212 3051/4298/14213
f 3053/4300/14214 3106/4301/14215 3105/4299/14216
f 3105/4299/14217 3051/4298/14218 3053/4300/14219
f 3055/4302/14220 3107/4303/14220 3106/4301/14221
f 3106/4301/14222 3053/4300/14222 3055/4302/14223
f 3057/4304/14224 3108/4305/14225 3107/4303/14226
f 3107/4303/14227 3055/4302/14228 3057/4304/14229
f 3059/4306/14230 3109/4307/14231 3108/4305/14232
f 3108/4305/13706 3057/4304/13707 3059/4306/14233
f 3061/4308/14234 3110/4309/14235 3109/4307/14236
f 3109/4307/14237 3059/4306/14238 3061/4308/14239
f 3063/4310/14240 3111/4311/14241 3110/4309/14242
f 3110/4309/14243 3061/4308/14244 3063/4310/14245
f 3065/4312/14246 3112/4313/14247 3111/4311/14248
f 3111/4311/14249 3063/4310/14250 3065/4312/14251
f 3067/4314/14252 3113/4315/14253 3112/4313/14254
f 3112/4313/14255 3065/4312/14256 3067/4314/14257
f 3069/4316/14258 3114/4317/14259 3113/4315/13735
f 3113/4315/14260 3067/4314/14261 3069/4316/14262
f 3071/4318/14263 3115/4319/14264 3114/4317/14265
f 3114/4317/14266 3069/4316/14267 3071/4318/14268
f 3073/4320/14269 3121/4321/14270 3115/4319/14271
f 3115/4319/14272 3071/4318/14273 3073/4320/14274
f 3075/4322/14275 3120/4323/14276 3121/4321/14277
f 3121/4321/14278 3073/4320/14279 3075/4322/14280
f 3077/4324/14281 3122/4325/14282 3120/4323/14283
f 3120/4323/14284 3075/4322/14285 3077/4324/14286
f 3079/4326/14287 3123/4327/14288 3122/4325/14289
f 3122/4325/14290 3077/4324/14291 3079/4326/14292
f 3042/4291/14293 3101/4290/14294 3123/4327/14295
f 3123/4327/14296 3079/4326/14297 3042/4291/14298
f 3117/4328/13775 3096/4329/13776 3095/4330/13777
f 3095/4330/13778 3118/4278/13775 3117/4328/13775
f 3118/4278/13779 3095/4330/13780 3115/4331/13779
f 3115/4331/14299 3119/4279/14300 3118/4278/14299
f 3116/4332/13784 3121/4333/13784 3096/4334/13784
f 3096/4334/5826 3117/4335/5826 3116/4332/5826
f 3124/4336/5615 3125/4337/5616 3126/4338/5617
f 3126/4338/5618 3127/4339/5617 3124/4336/5616
f 3128/4340/5619 3129/4341/5620 3125/4337/5621
f 3125/4337/5622 3124/4336/5621 3128/4340/5620
f 3130/4342/5827 3131/4343/5624 3129/4341/5625
f 3129/4341/5626 3128/4340/5625 3130/4342/5624
f 3132/4344/5627 3133/4345/5628 3131/4343/5629
f 3131/4343/5630 3130/4342/5629 3132/4344/5628
f 3134/4346/5631 3135/4347/5632 3133/4345/5633
f 3133/4345/5634 3132/4344/5633 3134/4346/5632
f 3136/4348/5635 3137/4349/5636 3135/4347/5637
f 3135/4347/5638 3134/4346/5637 3136/4348/5636
f 3138/4350/5639 3139/4351/5640 3137/4349/5641
f 3137/4349/5642 3136/4348/5641 3138/4350/5640
f 3140/4352/5643 3141/4353/5644 3139/4351/5645
f 3139/4351/5828 3138/4350/5645 3140/4352/5644
f 3142/4354/5648 3143/4355/5649 3141/4353/5650
f 3141/4353/5651 3140/4352/5650 3142/4354/5649
f 3144/4356/5652 3145/4357/5653 3143/4355/5654
f 3143/4355/5655 3142/4354/5654 3144/4356/5653
f 3146/4358/5656 3147/4359/5657 3145/4357/5658
f 3145/4357/5659 3144/4356/5658 3146/4358/5657
f 3148/4360/5660 3149/4361/5661 3147/4359/5662
f 3147/4359/5663 3146/4358/5662 3148/4360/5661
f 3150/4362/5664 3151/4363/5665 3149/4361/5666
f 3149/4361/5667 3148/4360/5666 3150/4362/5665
f 3152/4364/5668 3153/4365/5669 3151/4363/5670
f 3151/4363/5671 3150/4362/5670 3152/4364/5669
f 3154/4366/5672 3155/4367/5673 3153/4365/5674
f 3153/4365/5675 3152/4364/5674 3154/4366/5673
f 3156/4368/5676 3157/4369/5677 3155/4370/5678
f 3155/4370/5679 3154/4371/5678 3156/4368/5677
f 3158/4372/5680 3159/4373/5681 3157/4369/5682
f 3157/4369/5683 3156/4368/5682 3158/4372/5681
f 3160/4374/5684 3161/4375/5685 3159/4373/5686
f 3159/4373/5687 3158/4372/5686 3160/4374/5685
f 3162/4376/5688 3163/4377/5689 3161/4375/5690
f 3161/4375/5691 3160/4374/14301 3162/4376/5689
f 3127/4339/5692 3126/4338/5693 3163/4377/5767
f 3163/4377/14302 3162/4376/5767 3127/4339/5693
f 3164/4378/5699 3124/4379/5699 3127/4380/5699
f 3127/4380/5699 3165/4381/5699 3164/4378/5699
f 3166/4382/5702 3128/4383/5702 3124/4379/5702
f 3124/4379/5702 3164/4378/5702 3166/4382/5702
f 3167/4384/5699 3130/4385/5699 3128/4383/5699
f 3128/4383/5699 3166/4382/5699 3167/4384/5699
f 3168/4386/5699 3132/4387/5699 3130/4385/5699
f 3130/4385/5703 3167/4384/5703 3168/4386/5703
f 3169/4388/5699 3134/4389/5699 3132/4387/5699
f 3132/4387/5699 3168/4386/5699 3169/4388/5699
f 3170/4390/5699 3136/4391/5699 3134/4389/5699
f 3134/4389/5699 3169/4388/5699 3170/4390/5699
f 3171/4392/5699 3138/4393/5699 3136/4391/5699
f 3136/4391/5699 3170/4390/5699 3171/4392/5699
f 3172/4394/5704 3140/4395/5704 3138/4393/5704
f 3138/4393/5699 3171/4392/5699 3172/4394/5699
f 3173/4396/5705 3142/4397/5705 3140/4395/5705
f 3140/4395/5704 3172/4394/5704 3173/4396/5704
f 3174/4398/14303 3144/4399/14303 3142/4397/14303
f 3142/4397/5701 3173/4396/5701 3174/4398/5701
f 3175/4400/5699 3146/4401/5699 3144/4399/5699
f 3144/4399/5699 3174/4398/5699 3175/4400/5699
f 3176/4402/5701 3148/4403/5701 3146/4401/5701
f 3146/4401/5701 3175/4400/5701 3176/4402/5701
f 3177/4404/5699 3150/4405/5699 3148/4403/5699
f 3148/4403/5699 3176/4402/5699 3177/4404/5699
f 3178/4406/5699 3152/4407/5699 3150/4405/5699
f 3150/4405/5704 3177/4404/5704 3178/4406/5704
f 3179/4408/5699 3154/4409/5699 3152/4407/5699
f 3152/4407/5699 3178/4406/5699 3179/4408/5699
f 3180/4410/5699 3156/4411/5699 3154/4409/5699
f 3154/4409/5699 3179/4408/5699 3180/4410/5699
f 3181/4412/5699 3158/4413/5699 3156/4411/5699
f 3156/4411/5699 3180/4410/5699 3181/4412/5699
f 3182/4414/5703 3160/4415/5703 3158/4413/5703
f 3158/4413/5699 3181/4412/5699 3182/4414/5699
f 3183/4416/5833 3162/4417/5833 3160/4415/5833
f 3160/4415/5703 3182/4414/5703 3183/4416/5703
f 3165/4381/5831 3127/4380/5831 3162/4417/5831
f 3162/4417/5702 3183/4416/5702 3165/4381/5702
f 3184/4418/5715 3164/4419/5716 3165/4420/5834
f 3165/4420/5718 3185/4421/5719 3184/4418/13820
f 3186/4422/5721 3166/4423/5836 3164/4419/5837
f 3164/4419/5724 3184/4418/13134 3186/4422/5838
f 3187/4424/5727 3167/4425/5665 3166/4423/5728
f 3166/4423/5729 3186/4422/5666 3187/4424/5730
f 3188/4426/5731 3168/4427/13824 3167/4425/5733
f 3167/4425/5734 3187/4424/5735 3188/4426/5736
f 3189/4428/5737 3169/4429/13135 3168/4427/5739
f 3168/4427/5740 3188/4426/5741 3189/4428/5742
f 3190/4430/5840 3170/4431/5677 3169/4429/5744
f 3169/4429/5841 3189/4428/5678 3190/4430/5746
f 3191/4432/5747 3171/4433/5681 3170/4431/5748
f 3170/4431/5749 3190/4430/5842 3191/4432/5751
f 3192/4434/5752 3172/4435/5753 3171/4433/5754
f 3171/4433/5755 3191/4432/5756 3192/4434/5757
f 3193/4436/5758 3173/4437/5759 3172/4435/5760
f 3172/4435/5761 3192/4434/5762 3193/4436/5763
f 3194/4438/14304 3174/4439/5693 3173/4437/5845
f 3173/4437/5766 3193/4436/5767 3194/4438/5846
f 3195/4440/5769 3175/4441/5770 3174/4439/5847
f 3174/4439/5772 3194/4438/5617 3195/4440/14305
f 3196/4442/5774 3176/4443/5849 3175/4441/5850
f 3175/4441/5777 3195/4440/13137 3196/4442/5851
f 3197/4444/5780 3177/4445/5624 3176/4443/5782
f 3176/4443/5783 3196/4442/5625 3197/4444/5784
f 3198/4446/14306 3178/4447/14307 3177/4445/5787
f 3177/4445/5788 3197/4444/13139 3198/4446/14308
f 3199/4448/13859 3179/4449/13859 3178/4447/13860
f 3178/4447/13861 3198/4446/5633 3199/4448/13859
f 3200/4450/5795 3201/4451/5795 3202/4452/5795
f 3202/4452/5795 3203/4453/5795 3200/4450/5795
f 3204/4454/13862 3181/4455/13863 3180/4456/13864
f 3180/4456/13864 3205/4457/13864 3204/4454/13865
f 3206/4458/5800 3182/4459/13144 3181/4455/13866
f 3181/4455/14309 3204/4454/14310 3206/4458/5805
f 3207/4460/5806 3183/4461/5807 3182/4459/5808
f 3182/4459/5809 3206/4458/5810 3207/4460/5811
f 3185/4421/5812 3165/4420/5653 3183/4461/5853
f 3183/4461/5814 3207/4460/5654 3185/4421/5855
f 3125/4462/14311 3184/4463/14312 3185/4464/14313
f 3185/4464/14314 3126/4465/14315 3125/4462/14316
f 3129/4466/14317 3186/4467/14318 3184/4463/14319
f 3184/4463/14320 3125/4462/14321 3129/4466/14322
f 3131/4468/14323 3187/4469/14324 3186/4467/13883
f 3186/4467/14325 3129/4466/14326 3131/4468/14327
f 3133/4470/14328 3188/4471/14329 3187/4469/14330
f 3187/4469/14331 3131/4468/14332 3133/4470/14333
f 3135/4472/14334 3189/4473/14335 3188/4471/14336
f 3188/4471/14337 3133/4470/14338 3135/4472/14335
f 3137/4474/14339 3190/4475/14340 3189/4473/14341
f 3189/4473/14342 3135/4472/14343 3137/4474/14344
f 3139/4476/14345 3191/4477/14346 3190/4475/14347
f 3190/4475/14348 3137/4474/14348 3139/4476/14349
f 3141/4478/14350 3192/4479/14351 3191/4477/14352
f 3191/4477/14353 3139/4476/14354 3141/4478/14355
f 3143/4480/14356 3193/4481/14357 3192/4479/14358
f 3192/4479/14359 3141/4478/14360 3143/4480/14361
f 3145/4482/14362 3194/4483/14363 3193/4481/13925
f 3193/4481/14364 3143/4480/14365 3145/4482/14366
f 3147/4484/14367 3195/4485/14368 3194/4483/14369
f 3194/4483/13932 3145/4482/13933 3147/4484/13934
f 3149/4486/14370 3196/4487/14371 3195/4485/13937
f 3195/4485/14372 3147/4484/14373 3149/4486/14374
f 3151/4488/14375 3197/4489/14376 3196/4487/14377
f 3196/4487/14378 3149/4486/13945 3151/4488/14379
f 3153/4490/14380 3198/4491/14381 3197/4489/14382
f 3197/4489/14383 3151/4488/14384 3153/4490/14385
f 3155/4492/14386 3199/4493/14387 3198/4491/14388
f 3198/4491/14389 3153/4490/14390 3155/4492/14391
f 3157/4494/14392 3205/4495/14393 3199/4493/14394
f 3199/4493/14395 3155/4492/14396 3157/4494/14397
f 3159/4496/14398 3204/4497/14399 3205/4495/14400
f 3205/4495/14401 3157/4494/14402 3159/4496/14403
f 3161/4498/14404 3206/4499/14405 3204/4497/14406
f 3204/4497/14407 3159/4496/14408 3161/4498/14409
f 3163/4500/14410 3207/4501/14411 3206/4499/14412
f 3206/4499/14413 3161/4498/14414 3163/4500/13982
f 3126/4465/14415 3185/4464/14416 3207/4501/14417
f 3207/4501/13986 3163/4500/14418 3126/4465/14419
f 3202/4452/5825 3179/4502/5825 3199/4503/5825
f 3199/4503/5825 3203/4453/5825 3202/4452/5825
f 3200/4504/5826 3205/4505/5826 3180/4506/5826
f 3180/4506/5826 3201/4507/5826 3200/4504/5826
f 3208/4508/14420 3209/4509/5616 3210/4510/5617
f 3210/4510/14421 3211/4511/5617 3208/4508/5616
f 3212/4512/5619 3213/4513/5620 3209/4509/5621
f 3209/4509/14422 3208/4508/5621 3212/4512/5620
f 3214/4514/5623 3215/4515/5624 3213/4513/5625
f 3213/4513/5626 3212/4512/5625 3214/4514/5624
f 3216/4516/5627 3217/4517/5628 3215/4515/5629
f 3215/4515/5630 3214/4514/5629 3216/4516/5628
f 3218/4518/5631 3219/4519/5632 3217/4517/5633
f 3217/4517/5634 3216/4516/5633 3218/4518/5632
f 3220/4520/5635 3221/4521/5636 3219/4519/5637
f 3219/4519/5638 3218/4518/5637 3220/4520/5636
f 3222/4522/14423 3223/4523/5640 3221/4521/5641
f 3221/4521/13141 3220/4520/5641 3222/4522/5640
f 3224/4524/5643 3225/4525/5644 3223/4523/5645
f 3223/4523/5646 3222/4522/5647 3224/4524/5644
f 3226/4526/5648 3227/4527/5649 3225/4525/5650
f 3225/4525/5651 3224/4524/5650 3226/4526/5649
f 3228/4528/13994 3229/4529/5653 3227/4527/5654
f 3227/4527/13995 3226/4526/5654 3228/4528/5653
f 3230/4530/5656 3231/4531/5657 3229/4529/5658
f 3229/4529/14424 3228/4528/5658 3230/4530/5657
f 3232/4532/13998 3233/4533/5661 3231/4531/5662
f 3231/4531/13999 3230/4530/5662 3232/4532/5661
f 3234/4534/5664 3235/4535/5665 3233/4533/5666
f 3233/4533/5667 3232/4532/5666 3234/4534/5665
f 3236/4536/5668 3237/4537/5669 3235/4535/5670
f 3235/4535/5671 3234/4534/5670 3236/4536/5669
f 3238/4538/5672 3239/4539/5673 3237/4537/5674
f 3237/4537/5675 3236/4536/5674 3238/4538/5673
f 3240/4540/5676 3241/4541/5677 3239/4542/5678
f 3239/4542/5679 3238/4543/5678 3240/4540/5677
f 3242/4544/5680 3243/4545/5681 3241/4541/5682
f 3241/4541/5683 3240/4540/5682 3242/4544/5681
f 3244/4546/5684 3245/4547/5685 3243/4545/5686
f 3243/4545/5687 3242/4544/5686 3244/4546/5685
f 3246/4548/5688 3247/4549/5689 3245/4547/5690
f 3245/4547/5691 3244/4546/14301 3246/4548/5689
f 3211/4511/14002 3210/4510/5693 3247/4549/5767
f 3247/4549/14425 3246/4548/5767 3211/4511/5693
f 3248/4550/5702 3208/4551/5702 3211/4552/5702
f 3211/4552/5699 3249/4553/5699 3248/4550/5699
f 3250/4554/5701 3212/4555/5701 3208/4551/5701
f 3208/4551/5702 3248/4550/5702 3250/4554/5702
f 3251/4556/5703 3214/4557/5703 3212/4555/5703
f 3212/4555/5702 3250/4554/5702 3251/4556/5702
f 3252/4558/5699 3216/4559/5699 3214/4557/5699
f 3214/4557/5699 3251/4556/5699 3252/4558/5699
f 3253/4560/5699 3218/4561/5699 3216/4559/5699
f 3216/4559/5699 3252/4558/5699 3253/4560/5699
f 3254/4562/5704 3220/4563/5704 3218/4561/5704
f 3218/4561/5703 3253/4560/5703 3254/4562/5703
f 3255/4564/5699 3222/4565/5699 3220/4563/5699
f 3220/4563/5699 3254/4562/5699 3255/4564/5699
f 3256/4566/5705 3224/4567/5705 3222/4565/5705
f 3222/4565/5704 3255/4564/5704 3256/4566/5704
f 3257/4568/5701 3226/4569/5701 3224/4567/5701
f 3224/4567/5704 3256/4566/5704 3257/4568/5704
f 3258/4570/5705 3228/4571/5705 3226/4569/5705
f 3226/4569/5702 3257/4568/5702 3258/4570/5702
f 3259/4572/5699 3230/4573/5699 3228/4571/5699
f 3228/4571/5702 3258/4570/5702 3259/4572/5702
f 3260/4574/5702 3232/4575/5702 3230/4573/5702
f 3230/4573/5701 3259/4572/5701 3260/4574/5701
f 3261/4576/5699 3234/4577/5699 3232/4575/5699
f 3232/4575/5701 3260/4574/5701 3261/4576/5701
f 3262/4578/5704 3236/4579/5704 3234/4577/5704
f 3234/4577/5699 3261/4576/5699 3262/4578/5699
f 3263/4580/5699 3238/4581/5699 3236/4579/5699
f 3236/4579/5699 3262/4578/5699 3263/4580/5699
f 3264/4582/5704 3240/4583/5704 3238/4581/5704
f 3238/4581/5699 3263/4580/5699 3264/4582/5699
f 3265/4584/5704 3242/4585/5704 3240/4583/5704
f 3240/4583/5699 3264/4582/5699 3265/4584/5699
f 3266/4586/5833 3244/4587/5833 3242/4585/5833
f 3242/4585/5703 3265/4584/5703 3266/4586/5703
f 3267/4588/5704 3246/4589/5704 3244/4587/5704
f 3244/4587/5701 3266/4586/5701 3267/4588/5701
f 3249/4553/5702 3211/4552/5702 3246/4589/5702
f 3246/4589/5706 3267/4588/5706 3249/4553/5706
f 3268/4590/5715 3248/4591/5716 3249/4592/5834
f 3249/4592/5718 3269/4593/5719 3268/4590/13820
f 3270/4594/5721 3250/4595/5836 3248/4591/5837
f 3248/4591/5724 3268/4590/5725 3270/4594/13823
f 3271/4596/5727 3251/4597/5665 3250/4595/5728
f 3250/4595/14426 3270/4594/5666 3271/4596/5730
f 3272/4598/5731 3252/4599/5839 3251/4597/5733
f 3251/4597/5734 3271/4596/5735 3272/4598/5736
f 3273/4600/5737 3253/4601/13135 3252/4599/5739
f 3252/4599/5740 3272/4598/5741 3273/4600/5742
f 3274/4602/5840 3254/4603/5677 3253/4601/5744
f 3253/4601/5841 3273/4600/5678 3274/4602/5746
f 3275/4604/5747 3255/4605/5681 3254/4603/5748
f 3254/4603/5749 3274/4602/5842 3275/4604/5751
f 3276/4606/5752 3256/4607/5753 3255/4605/5754
f 3255/4605/5755 3275/4604/5756 3276/4606/5757
f 3277/4608/5758 3257/4609/5759 3256/4607/5760
f 3256/4607/5761 3276/4606/5762 3277/4608/5763
f 3278/4610/14304 3258/4611/5693 3257/4609/5845
f 3257/4609/5766 3277/4608/5767 3278/4610/14007
f 3279/4612/5769 3259/4613/5770 3258/4611/5847
f 3258/4611/5772 3278/4610/5617 3279/4612/14305
f 3280/4614/5774 3260/4615/5849 3259/4613/5850
f 3259/4613/5777 3279/4612/13137 3280/4614/5851
f 3281/4616/5780 3261/4617/5624 3260/4615/5782
f 3260/4615/14427 3280/4614/5625 3281/4616/5784
f 3282/4618/14306 3262/4619/14428 3261/4617/5787
f 3261/4617/5788 3281/4616/13139 3282/4618/14308
f 3283/4620/13859 3263/4621/13859 3262/4619/13860
f 3262/4619/13861 3282/4618/5633 3283/4620/13859
f 3284/4622/5795 3285/4623/5795 3286/4624/5795
f 3286/4624/5795 3287/4625/5795 3284/4622/5795
f 3288/4626/13862 3265/4627/13863 3264/4628/13864
f 3264/4628/13864 3289/4629/13864 3288/4626/13865
f 3290/4630/5800 3266/4631/13144 3265/4627/13866
f 3265/4627/14309 3288/4626/14310 3290/4630/5805
f 3291/4632/5806 3267/4633/5807 3266/4631/5808
f 3266/4631/5809 3290/4630/5810 3291/4632/5811
f 3269/4593/5812 3249/4592/5653 3267/4633/5853
f 3267/4633/5814 3291/4632/5654 3269/4593/5855
f 3209/4634/5821 3268/4635/5821 3269/4636/5821
f 3269/4636/5819 3210/4637/5819 3209/4634/5819
f 3213/4638/5818 3270/4639/5818 3268/4635/5818
f 3268/4635/13140 3209/4634/13140 3213/4638/13140
f 3215/4640/5819 3271/4641/5819 3270/4639/5819
f 3270/4639/14429 3213/4638/14429 3215/4640/14429
f 3217/4642/5819 3272/4643/5819 3271/4641/5819
f 3271/4641/14430 3215/4640/14430 3217/4642/14430
f 3219/4644/5819 3273/4645/5819 3272/4643/5819
f 3272/4643/5820 3217/4642/5820 3219/4644/5820
f 3221/4646/5819 3274/4647/5819 3273/4645/5819
f 3273/4645/5821 3219/4644/5821 3221/4646/5821
f 3223/4648/5819 3275/4649/5819 3274/4647/5819
f 3274/4647/5819 3221/4646/5819 3223/4648/5819
f 3225/4650/5819 3276/4651/5819 3275/4649/5819
f 3275/4649/5821 3223/4648/5821 3225/4650/5821
f 3227/4652/5816 3277/4653/5816 3276/4651/5816
f 3276/4651/5816 3225/4650/5816 3227/4652/5816
f 3229/4654/5816 3278/4655/5816 3277/4653/5816
f 3277/4653/5821 3227/4652/5821 3229/4654/5821
f 3231/4656/5819 3279/4657/5819 3278/4655/5819
f 3278/4655/5819 3229/4654/5819 3231/4656/5819
f 3233/4658/13140 3280/4659/13140 3279/4657/13140
f 3279/4657/14431 3231/4656/14431 3233/4658/14431
f 3235/4660/5821 3281/4661/5821 3280/4659/5821
f 3280/4659/14429 3233/4658/14429 3235/4660/14429
f 3237/4662/5821 3282/4663/5821 3281/4661/5821
f 3281/4661/14432 3235/4660/14432 3237/4662/14432
f 3239/4664/5819 3283/4665/5819 3282/4663/5819
f 3282/4663/5820 3237/4662/5820 3239/4664/5820
f 3241/4666/5819 3289/4667/5819 3283/4665/5819
f 3283/4665/5819 3239/4664/5819 3241/4666/5819
f 3243/4668/5819 3288/4669/5819 3289/4667/5819
f 3289/4667/5819 3241/4666/5819 3243/4668/5819
f 3245/4670/5819 3290/4671/5819 3288/4669/5819
f 3288/4669/5821 3243/4668/5821 3245/4670/5821
f 3247/4672/5820 3291/4673/5820 3290/4671/5820
f 3290/4671/5824 3245/4670/5824 3247/4672/5824
f 3210/4637/13140 3269/4636/13140 3291/4673/13140
f 3291/4673/5817 3247/4672/5817 3210/4637/5817
f 3286/4624/5825 3263/4674/5825 3283/4675/5825
f 3283/4675/5825 3287/4625/5825 3286/4624/5825
f 3287/4625/5819 3283/4675/5819 3289/4676/5819
f 3289/4676/5819 3284/4677/5819 3287/4625/5819
f 3284/4678/5826 3289/4679/5826 3264/4680/5826
f 3264/4680/5826 3285/4681/5826 3284/4678/5826
f 3115/4331/14433 3179/4502/14013 3202/4452/14433
f 3202/4452/14434 3119/4279/14434 3115/4331/14435
f 3116/4332/5826 3201/4507/5826 3180/4506/5826
f 3180/4506/14017 3121/4333/14017 3116/4332/14017
f 3202/4452/5795 3201/4451/5795 3116/4276/5795
f 3116/4276/5795 3119/4279/5795 3202/4452/5795
f 3115/4331/14018 3121/4682/14018 3180/4683/14018
f 3180/4683/14019 3179/4502/14019 3115/4331/14019
f 3264/4680/5826 3205/4505/5826 3200/4504/5826
f 3200/4504/5826 3285/4681/5826 3264/4680/5826
f 3199/4503/5825 3263/4674/5825 3286/4624/5825
f 3286/4624/5825 3203/4453/5825 3199/4503/5825
f 3199/4503/5980 3205/4684/5980 3264/4685/5980
f 3264/4685/5980 3263/4674/5980 3199/4503/5980
f 3200/4450/5795 3203/4453/5795 3286/4624/5795
f 3286/4624/5795 3285/4623/5795 3200/4450/5795
