# Blender 4.0.2
# www.blender.org
o Cylinder
v -0.004010 -0.022588 0.433515
v -0.008361 -0.021390 0.433515
v -0.016857 -0.018937 0.427186
v -0.012821 -0.021840 0.427186
v -0.023119 -0.000491 0.433515
v -0.024104 0.008297 0.427186
v -0.025241 0.003457 0.427186
v -0.022561 -0.004970 0.433515
v 0.004740 0.021802 0.472023
v 0.005795 0.021511 0.472023
v 0.006849 0.021221 0.472023
v 0.007903 0.020931 0.472023
v 0.003080 0.022188 0.437081
v -0.001290 0.022384 0.437081
v 0.003686 0.022092 0.472023
v 0.022358 0.005175 0.433515
v 0.020030 0.009727 0.437081
v 0.021521 0.005615 0.437081
v 0.022916 0.000696 0.433515
v 0.016594 -0.015754 0.433515
v 0.019086 -0.011289 0.437081
v 0.016495 -0.014813 0.437081
v 0.013180 -0.018706 0.433515
v 0.006420 -0.024407 0.427186
v 0.011077 -0.022664 0.427186
v -0.014086 -0.143607 0.042992
v -0.013727 -0.139968 0.048565
v -0.027508 -0.138611 0.048565
v -0.028224 -0.142215 0.042992
v 0.112136 -0.074945 0.000000
v 0.103754 -0.085158 0.000000
v 0.088015 -0.072242 0.000000
v 0.095125 -0.063579 0.000000
v 0.013834 -0.139968 0.048565
v 0.013202 -0.133559 0.053691
v 0.000053 -0.134854 0.053691
v 0.000053 -0.141326 0.048565
v 0.040865 -0.134592 0.048565
v 0.038995 -0.128428 0.053691
v 0.026351 -0.132264 0.053691
v 0.027614 -0.138611 0.048565
v 0.066328 -0.124045 0.048565
v 0.063292 -0.118364 0.053691
v 0.051639 -0.124593 0.053691
v 0.054116 -0.130572 0.048565
v 0.089244 -0.108733 0.048565
v 0.085158 -0.103754 0.053691
v 0.074944 -0.112136 0.053691
v 0.078540 -0.117517 0.048565
v 0.108732 -0.089244 0.048565
v 0.103754 -0.085158 0.053691
v 0.095371 -0.095372 0.053691
v 0.099948 -0.099948 0.048565
v 0.124044 -0.066329 0.048565
v 0.118364 -0.063292 0.053691
v 0.112136 -0.074945 0.053691
v 0.117517 -0.078541 0.048565
v 0.134591 -0.040866 0.048565
v 0.128428 -0.038996 0.053691
v 0.124593 -0.051640 0.053691
v 0.130572 -0.054117 0.048565
v 0.139968 -0.013835 0.048565
v 0.133559 -0.013203 0.053691
v 0.132264 -0.026352 0.053691
v 0.138611 -0.027615 0.048565
v 0.139968 0.013726 0.048565
v 0.133559 0.013095 0.053691
v 0.134854 -0.000054 0.053691
v 0.141326 -0.000054 0.048565
v 0.134592 0.040757 0.048565
v 0.128428 0.038888 0.053691
v 0.132264 0.026244 0.053691
v 0.138611 0.027506 0.048565
v 0.124044 0.066220 0.048565
v 0.118364 0.063184 0.053691
v 0.124593 0.051531 0.053691
v 0.130572 0.054008 0.048565
v 0.108732 0.089136 0.048565
v 0.103754 0.085050 0.053691
v 0.112136 0.074836 0.053691
v 0.117517 0.078432 0.048565
v 0.089244 0.108624 0.048565
v 0.085158 0.103646 0.053691
v 0.095372 0.095263 0.053691
v 0.099948 0.099840 0.048565
v 0.066328 0.123936 0.048565
v 0.063292 0.118256 0.053691
v 0.074944 0.112028 0.053691
v 0.078540 0.117409 0.048565
v 0.040865 0.134483 0.048565
v 0.038995 0.128320 0.053691
v 0.051639 0.124484 0.053691
v 0.054116 0.130464 0.048565
v 0.013834 0.139860 0.048565
v 0.013202 0.133450 0.053691
v 0.026352 0.132155 0.053691
v 0.027614 0.138503 0.048565
v -0.013727 0.139860 0.048565
v -0.013096 0.133450 0.053691
v 0.000053 0.134745 0.053691
v 0.000053 0.141217 0.048565
v -0.040758 0.134483 0.048565
v -0.038889 0.128320 0.053691
v -0.026245 0.132155 0.053691
v -0.027508 0.138503 0.048565
v -0.066221 0.123936 0.048565
v -0.063185 0.118256 0.053691
v -0.051533 0.124484 0.053691
v -0.054009 0.130464 0.048565
v -0.089137 0.108624 0.048565
v -0.085052 0.103646 0.053691
v -0.074838 0.112028 0.053691
v -0.078434 0.117409 0.048565
v -0.108626 0.089136 0.048565
v -0.103647 0.085050 0.053691
v -0.095265 0.095264 0.053691
v -0.099841 0.099840 0.048565
v -0.123938 0.066220 0.048565
v -0.118258 0.063184 0.053691
v -0.112029 0.074836 0.053691
v -0.117410 0.078432 0.048565
v -0.134485 0.040757 0.048565
v -0.128322 0.038888 0.053691
v -0.124486 0.051531 0.053691
v -0.130465 0.054008 0.048565
v -0.139862 0.013726 0.048565
v -0.133452 0.013095 0.053691
v -0.132157 0.026244 0.053691
v -0.138505 0.027507 0.048565
v -0.139862 -0.013835 0.048565
v -0.133452 -0.013203 0.053691
v -0.134747 -0.000054 0.053691
v -0.141219 -0.000054 0.048565
v -0.134485 -0.040866 0.048565
v -0.128322 -0.038996 0.053691
v -0.132157 -0.026352 0.053691
v -0.138505 -0.027615 0.048565
v -0.123938 -0.066328 0.048565
v -0.118258 -0.063292 0.053691
v -0.124486 -0.051640 0.053691
v -0.130465 -0.054116 0.048565
v -0.108626 -0.089244 0.048565
v -0.103647 -0.085158 0.053691
v -0.112029 -0.074945 0.053691
v -0.117410 -0.078540 0.048565
v -0.089137 -0.108733 0.048565
v -0.085052 -0.103754 0.053691
v -0.095265 -0.095372 0.053691
v -0.099841 -0.099948 0.048565
v -0.066221 -0.124045 0.048565
v -0.063185 -0.118364 0.053691
v -0.074838 -0.112136 0.053691
v -0.078434 -0.117517 0.048565
v -0.040759 -0.134592 0.048565
v -0.038889 -0.128428 0.053691
v -0.051533 -0.124593 0.053691
v -0.054009 -0.130572 0.048565
v -0.013096 -0.133559 0.053691
v -0.026245 -0.132264 0.053691
v -0.029836 -0.131456 0.192143
v -0.054911 -0.123117 0.192143
v -0.003616 -0.134743 0.192143
v 0.022742 -0.132852 0.192143
v 0.048224 -0.125855 0.192143
v 0.071852 -0.114021 0.192143
v 0.092717 -0.097805 0.192143
v 0.110017 -0.077830 0.192143
v 0.123088 -0.054863 0.192143
v 0.131427 -0.029788 0.192143
v 0.134714 -0.003568 0.192143
v 0.132823 0.022789 0.192143
v 0.125826 0.048272 0.192143
v 0.113992 0.071899 0.192143
v 0.097775 0.092764 0.192143
v 0.077800 0.110064 0.192143
v 0.054834 0.123135 0.192143
v 0.029758 0.131474 0.192143
v 0.003538 0.134761 0.192143
v -0.022820 0.132870 0.192143
v -0.048302 0.125872 0.192143
v -0.071929 0.114038 0.192143
v -0.092794 0.097822 0.192143
v -0.110095 0.077847 0.192143
v -0.123166 0.054881 0.192143
v -0.131505 0.029806 0.192143
v -0.134792 0.003586 0.192143
v -0.132900 -0.022772 0.192143
v -0.125903 -0.048254 0.192143
v -0.114069 -0.071881 0.192143
v -0.097853 -0.092746 0.192143
v -0.077878 -0.110046 0.192143
v 0.000053 -0.134854 0.053691
v -0.054911 -0.123117 0.192143
v -0.031118 -0.137111 0.230712
v -0.029836 -0.131456 0.234848
v -0.054911 -0.123117 0.234848
v -0.057271 -0.128413 0.230712
v -0.003770 -0.140539 0.230712
v -0.003616 -0.134743 0.234848
v 0.023722 -0.138566 0.230712
v 0.022742 -0.132852 0.234848
v 0.050300 -0.131268 0.230712
v 0.048224 -0.125855 0.234848
v 0.074944 -0.118925 0.230712
v 0.071852 -0.114021 0.234848
v 0.096706 -0.102012 0.230712
v 0.092717 -0.097805 0.234848
v 0.114751 -0.081178 0.230712
v 0.110017 -0.077830 0.234848
v 0.128384 -0.057223 0.230712
v 0.123088 -0.054863 0.234848
v 0.137082 -0.031070 0.230712
v 0.131427 -0.029788 0.234848
v 0.140510 -0.003722 0.230712
v 0.134714 -0.003568 0.234848
v 0.138537 0.023769 0.230712
v 0.132823 0.022789 0.234848
v 0.131239 0.050347 0.230712
v 0.125826 0.048272 0.234848
v 0.118896 0.074991 0.230712
v 0.113992 0.071899 0.234848
v 0.101982 0.096753 0.230712
v 0.097775 0.092764 0.234848
v 0.081148 0.114797 0.230712
v 0.077800 0.110064 0.234848
v 0.057194 0.128431 0.230712
v 0.054834 0.123135 0.234848
v 0.031040 0.137128 0.230712
v 0.029758 0.131474 0.234848
v 0.003692 0.140557 0.230712
v 0.003538 0.134761 0.234848
v -0.023799 0.138584 0.230712
v -0.022820 0.132870 0.234848
v -0.050378 0.131286 0.230712
v -0.048302 0.125872 0.234848
v -0.075021 0.118943 0.230712
v -0.071929 0.114038 0.234848
v -0.096784 0.102029 0.230712
v -0.092794 0.097822 0.234848
v -0.114828 0.081195 0.230712
v -0.110095 0.077847 0.234848
v -0.128461 0.057241 0.230712
v -0.123166 0.054881 0.234848
v -0.137159 0.031087 0.230712
v -0.131505 0.029806 0.234848
v -0.140588 0.003740 0.230712
v -0.134792 0.003586 0.234848
v -0.138615 -0.023752 0.230712
v -0.132900 -0.022772 0.234848
v -0.131317 -0.050330 0.230712
v -0.125903 -0.048254 0.234848
v -0.118974 -0.074973 0.230712
v -0.114069 -0.071881 0.234848
v -0.102060 -0.096735 0.230712
v -0.097853 -0.092746 0.234848
v -0.081226 -0.114780 0.230712
v -0.077878 -0.110046 0.234848
v -0.057271 -0.128413 0.230712
v -0.054911 -0.123117 0.234848
v -0.072078 -0.113873 0.319443
v -0.092930 -0.097641 0.319443
v -0.048459 -0.125725 0.319443
v -0.022982 -0.132741 0.319443
v 0.003374 -0.134652 0.319443
v 0.029597 -0.131385 0.319443
v 0.054679 -0.123065 0.319443
v 0.077655 -0.110011 0.319443
v 0.097643 -0.092726 0.319443
v 0.113875 -0.071873 0.319443
v 0.125727 -0.048255 0.319443
v 0.132743 -0.022778 0.319443
v 0.134654 0.003578 0.319443
v 0.131387 0.029801 0.319443
v 0.123066 0.054882 0.319443
v 0.110013 0.077858 0.319443
v 0.092727 0.097846 0.319443
v 0.071875 0.114078 0.319443
v 0.048256 0.125930 0.319443
v 0.022779 0.132946 0.319443
v -0.003577 0.134857 0.319443
v -0.029800 0.131590 0.319443
v -0.054882 0.123269 0.319443
v -0.077858 0.110216 0.319443
v -0.097846 0.092931 0.319443
v -0.114078 0.072078 0.319443
v -0.125930 0.048459 0.319443
v -0.132946 0.022983 0.319443
v -0.134857 -0.003374 0.319443
v -0.131590 -0.029596 0.319443
v -0.123269 -0.054677 0.319443
v -0.110216 -0.077653 0.319443
v -0.092930 -0.097641 0.319443
v 0.009523 -0.020029 0.437081
v 0.005411 -0.021520 0.437081
v 0.000492 -0.022915 0.433515
v 0.004971 -0.022357 0.433515
v 0.007328 0.021143 0.437081
v 0.012193 0.019570 0.433515
v 0.008158 0.021595 0.433515
v 0.012618 0.022045 0.427186
v 0.016655 0.019142 0.427186
v 0.009477 0.030598 0.422790
v -0.002878 0.031939 0.422790
v 0.008093 0.024105 0.427186
v 0.020939 -0.007327 0.437081
v 0.018765 -0.011812 0.472023
v 0.018094 -0.012675 0.472023
v 0.017422 -0.013538 0.472023
v 0.016750 -0.014401 0.472023
v 0.016078 -0.015264 0.472023
v -0.057271 -0.128413 0.195858
v -0.081226 -0.114780 0.195858
v -0.059041 -0.132385 0.202505
v -0.083737 -0.118330 0.202505
v -0.059041 -0.132385 0.224065
v -0.083737 -0.118330 0.224065
v -0.102060 -0.096735 0.195858
v -0.105215 -0.099728 0.202505
v 0.135299 0.051904 0.224065
v 0.142823 0.024504 0.224065
v 0.142823 0.024504 0.202505
v 0.135299 0.051904 0.202505
v 0.118301 -0.083688 0.224065
v 0.099698 -0.105167 0.224065
v 0.099698 -0.105167 0.202505
v 0.118301 -0.083688 0.202505
v -0.105215 -0.099728 0.224065
v -0.118974 -0.074973 0.195858
v -0.122652 -0.077292 0.202505
v 0.058964 0.132402 0.224065
v 0.083659 0.118348 0.224065
v 0.083659 0.118348 0.202505
v 0.058964 0.132402 0.202505
v -0.122652 -0.077292 0.224065
v -0.131317 -0.050330 0.195858
v -0.135377 -0.051887 0.202505
v -0.135377 -0.051887 0.224065
v -0.138615 -0.023752 0.195858
v -0.142901 -0.024486 0.202505
v -0.142901 -0.024486 0.224065
v -0.140588 0.003740 0.195858
v -0.144935 0.003855 0.202505
v -0.144935 0.003855 0.224065
v -0.137159 0.031087 0.195858
v -0.141400 0.032049 0.202505
v 0.144857 -0.003837 0.224065
v 0.141322 -0.032031 0.224065
v 0.141322 -0.032031 0.202505
v 0.144857 -0.003837 0.202505
v -0.141400 0.032049 0.224065
v -0.128461 0.057241 0.195858
v -0.132433 0.059011 0.202505
v -0.099776 0.105185 0.224065
v -0.077341 0.122621 0.224065
v -0.077341 0.122621 0.202505
v -0.099776 0.105185 0.202505
v -0.132433 0.059011 0.224065
v -0.114828 0.081195 0.195858
v -0.118378 0.083706 0.202505
v -0.118378 0.083706 0.224065
v -0.096784 0.102029 0.195858
v -0.051935 0.135346 0.224065
v -0.024534 0.142870 0.224065
v -0.024534 0.142870 0.202505
v -0.051935 0.135346 0.202505
v -0.075021 0.118943 0.195858
v -0.050378 0.131286 0.195858
v -0.023799 0.138584 0.195858
v 0.003807 0.144904 0.224065
v 0.032001 0.141369 0.224065
v 0.032001 0.141369 0.202505
v 0.003807 0.144904 0.202505
v 0.003692 0.140557 0.195858
v 0.031040 0.137128 0.195858
v 0.057194 0.128431 0.195858
v 0.081148 0.114797 0.195858
v 0.101982 0.096753 0.195858
v 0.105138 0.099745 0.202505
v 0.105138 0.099745 0.224065
v 0.118896 0.074991 0.195858
v 0.122575 0.077310 0.202505
v 0.122575 0.077310 0.224065
v 0.131239 0.050347 0.195858
v 0.138537 0.023769 0.195858
v 0.140510 -0.003722 0.195858
v 0.132356 -0.058993 0.224065
v 0.132356 -0.058993 0.202505
v 0.137082 -0.031070 0.195858
v 0.077263 -0.122604 0.224065
v 0.051857 -0.135328 0.224065
v 0.051857 -0.135328 0.202505
v 0.077263 -0.122604 0.202505
v 0.128384 -0.057223 0.195858
v 0.114751 -0.081178 0.195858
v 0.096706 -0.102012 0.195858
v 0.074944 -0.118925 0.195858
v 0.050300 -0.131268 0.195858
v 0.023722 -0.138566 0.195858
v 0.024457 -0.142852 0.202505
v 0.024457 -0.142852 0.224065
v -0.003770 -0.140539 0.195858
v -0.003885 -0.144886 0.202505
v -0.003885 -0.144886 0.224065
v -0.031118 -0.137111 0.195858
v -0.032079 -0.141351 0.202505
v -0.032079 -0.141351 0.224065
v -0.059041 -0.132385 0.224065
v -0.059041 -0.132385 0.202505
v -0.057271 -0.128413 0.195858
v -0.013727 -0.139968 0.003359
v -0.014086 -0.143607 0.007165
v -0.028224 -0.142215 0.007165
v -0.027508 -0.138611 0.003359
v -0.120466 -0.080582 0.007165
v -0.120466 -0.080582 0.042992
v -0.127163 -0.068052 0.042992
v -0.133860 -0.055523 0.042992
v -0.133860 -0.055523 0.007165
v -0.127163 -0.068052 0.007165
v -0.040759 -0.134592 0.003359
v -0.041820 -0.138091 0.007165
v -0.055416 -0.133967 0.007165
v -0.054009 -0.130572 0.003359
v -0.066221 -0.124045 0.003359
v -0.067945 -0.127269 0.007165
v -0.080475 -0.120572 0.007165
v -0.078434 -0.117517 0.003359
v -0.041820 -0.138091 0.042992
v -0.055416 -0.133967 0.042992
v 0.120572 -0.080582 0.007165
v 0.120572 -0.080582 0.042992
v 0.111559 -0.091564 0.042992
v 0.102546 -0.102546 0.042992
v 0.102546 -0.102546 0.007165
v 0.111559 -0.091564 0.007165
v -0.067945 -0.127269 0.042992
v -0.080475 -0.120572 0.042992
v -0.089137 -0.108733 0.003359
v -0.091457 -0.111559 0.007165
v -0.102440 -0.102546 0.007165
v -0.099841 -0.099948 0.003359
v 0.080581 -0.120572 0.007165
v 0.080581 -0.120572 0.042992
v 0.068051 -0.127270 0.042992
v 0.055522 -0.133967 0.042992
v 0.055522 -0.133967 0.007165
v 0.068051 -0.127270 0.007165
v -0.108626 -0.089244 0.003359
v -0.111453 -0.091564 0.007165
v -0.117410 -0.078540 0.003359
v 0.000053 -0.145000 0.007165
v 0.000053 -0.145000 0.042992
v -0.123938 -0.066328 0.003359
v -0.130465 -0.054116 0.003359
v 0.028331 -0.142215 0.007165
v 0.028331 -0.142215 0.042992
v 0.014192 -0.143607 0.042992
v 0.000053 -0.145000 0.042992
v 0.000053 -0.145000 0.007165
v 0.014192 -0.143607 0.007165
v -0.134485 -0.040866 0.003359
v -0.137984 -0.041927 0.007165
v -0.142108 -0.028332 0.007165
v -0.138505 -0.027615 0.003359
v -0.137984 -0.041927 0.042992
v -0.142108 -0.028332 0.042992
v 0.041926 -0.138091 0.042992
v 0.041926 -0.138091 0.007165
v -0.139862 -0.013835 0.003359
v -0.143501 -0.014193 0.007165
v -0.144894 -0.000054 0.007165
v -0.141219 -0.000054 0.003359
v 0.000053 0.144892 0.007165
v 0.000053 0.144892 0.042992
v 0.014192 0.143499 0.042992
v 0.028331 0.142107 0.042992
v 0.028331 0.142107 0.007165
v 0.014192 0.143499 0.007165
v -0.143501 -0.014193 0.042992
v -0.144894 -0.000054 0.042992
v -0.139862 0.013726 0.003359
v -0.143501 0.014085 0.007165
v -0.142108 0.028223 0.007165
v -0.138505 0.027507 0.003359
v -0.134485 0.040757 0.003359
v -0.137984 0.041819 0.007165
v -0.133860 0.055414 0.007165
v -0.130465 0.054008 0.003359
v 0.145000 -0.000054 0.007165
v 0.145000 -0.000054 0.042992
v 0.143607 -0.014193 0.042992
v 0.142215 -0.028332 0.042992
v 0.142215 -0.028332 0.007165
v 0.143607 -0.014193 0.007165
v -0.143501 0.014085 0.042992
v -0.142108 0.028223 0.042992
v -0.137984 0.041819 0.042992
v -0.133860 0.055414 0.042992
v -0.123938 0.066220 0.003359
v -0.127163 0.067944 0.007165
v -0.120466 0.080473 0.007165
v -0.117410 0.078432 0.003359
v -0.108626 0.089136 0.003359
v -0.111453 0.091456 0.007165
v -0.102440 0.102438 0.007165
v -0.099841 0.099840 0.003359
v -0.089137 0.108624 0.003359
v -0.091457 0.111451 0.007165
v -0.080475 0.120464 0.007165
v -0.078434 0.117409 0.003359
v 0.120572 0.080473 0.007165
v 0.120572 0.080473 0.042992
v 0.127269 0.067944 0.042992
v 0.133967 0.055414 0.042992
v 0.133967 0.055414 0.007165
v 0.127269 0.067944 0.007165
v -0.120466 0.080473 0.042992
v -0.111453 0.091456 0.042992
v -0.102440 0.102438 0.042992
v -0.066221 0.123936 0.003359
v -0.067945 0.127161 0.007165
v -0.055415 0.133858 0.007165
v -0.054009 0.130464 0.003359
v -0.080475 0.120464 0.042992
v -0.067945 0.127161 0.042992
v -0.055415 0.133858 0.042992
v -0.091457 0.111451 0.042992
v -0.040758 0.134483 0.003359
v -0.041820 0.137982 0.007165
v -0.028224 0.142107 0.007165
v -0.027508 0.138503 0.003359
v -0.028224 0.142107 0.042992
v -0.014086 0.143499 0.042992
v -0.014086 0.143499 0.007165
v -0.013727 0.139860 0.003359
v 0.000053 0.141217 0.003359
v -0.041820 0.137982 0.042992
v 0.013834 0.139860 0.003359
v 0.027614 0.138503 0.003359
v -0.091457 -0.111559 0.042992
v -0.102440 -0.102546 0.042992
v 0.040865 0.134483 0.003359
v 0.041927 0.137982 0.007165
v 0.055522 0.133858 0.007165
v 0.054116 0.130464 0.003359
v 0.066328 0.123936 0.003359
v 0.068052 0.127161 0.007165
v 0.080581 0.120464 0.007165
v 0.078540 0.117409 0.003359
v 0.055522 0.133858 0.042992
v 0.068052 0.127161 0.042992
v 0.080581 0.120464 0.042992
v 0.089244 0.108624 0.003359
v 0.091564 0.111451 0.007165
v 0.102546 0.102438 0.007165
v 0.099948 0.099840 0.003359
v 0.102546 0.102438 0.042992
v 0.111559 0.091456 0.042992
v 0.111559 0.091456 0.007165
v 0.108732 0.089136 0.003359
v 0.117517 0.078432 0.003359
v 0.124044 0.066220 0.003359
v 0.130572 0.054008 0.003359
v 0.138091 0.041819 0.042992
v 0.142215 0.028223 0.042992
v 0.142215 0.028223 0.007165
v 0.138091 0.041819 0.007165
v 0.134592 0.040757 0.003359
v 0.138611 0.027506 0.003359
v 0.139968 0.013726 0.003359
v 0.143607 0.014084 0.007165
v 0.141326 -0.000054 0.003359
v 0.143607 0.014084 0.042992
v -0.127163 0.067944 0.042992
v 0.139968 -0.013835 0.003359
v 0.138611 -0.027615 0.003359
v -0.111453 -0.091564 0.042992
v 0.134591 -0.040866 0.003359
v 0.138091 -0.041927 0.007165
v 0.133967 -0.055523 0.007165
v 0.130572 -0.054117 0.003359
v 0.138091 -0.041927 0.042992
v 0.133967 -0.055523 0.042992
v 0.124044 -0.066329 0.003359
v 0.127269 -0.068052 0.007165
v 0.117517 -0.078541 0.003359
v 0.091564 0.111451 0.042992
v 0.108732 -0.089244 0.003359
v 0.099948 -0.099948 0.003359
v 0.127269 -0.068052 0.042992
v 0.089244 -0.108733 0.003359
v 0.091564 -0.111559 0.007165
v 0.078540 -0.117517 0.003359
v 0.066328 -0.124045 0.003359
v 0.054116 -0.130572 0.003359
v 0.091564 -0.111559 0.042992
v 0.040865 -0.134592 0.003359
v 0.027614 -0.138611 0.003359
v 0.041927 0.137982 0.042992
v 0.013834 -0.139968 0.003359
v 0.000053 -0.141326 0.003359
v 0.144797 0.003840 0.363078
v 0.142742 -0.024500 0.363078
v 0.142742 -0.024500 0.340082
v 0.144797 0.003840 0.340082
v 0.057877 -0.130256 0.329763
v 0.058802 -0.132335 0.340082
v 0.031832 -0.141282 0.340082
v 0.031331 -0.139062 0.329763
v -0.115502 -0.081387 0.370115
v -0.110216 -0.077653 0.377151
v -0.123269 -0.054677 0.377151
v -0.129183 -0.057307 0.370115
v -0.096152 -0.082960 0.384416
v -0.091788 -0.079186 0.389681
v -0.099598 -0.070156 0.389681
v -0.104333 -0.073500 0.384416
v -0.145000 -0.003635 0.363078
v -0.141327 -0.003540 0.370115
v -0.139324 0.024081 0.370115
v -0.142945 0.024705 0.363078
v -0.099917 -0.104999 0.340082
v -0.099917 -0.104999 0.363078
v -0.118504 -0.083506 0.363078
v -0.118504 -0.083506 0.340082
v -0.141487 -0.031831 0.363078
v -0.145000 -0.003635 0.340082
v -0.141487 -0.031831 0.340082
v -0.110511 -0.062625 0.384416
v -0.105495 -0.059775 0.389681
v -0.111393 -0.049395 0.389681
v -0.116690 -0.051751 0.384416
v -0.142725 -0.003576 0.329763
v -0.142945 0.024705 0.340082
v -0.140702 0.024319 0.329763
v -0.083710 0.118504 0.363078
v -0.059005 0.132540 0.363078
v -0.059005 0.132540 0.340082
v -0.083710 0.118504 0.340082
v -0.119550 0.075534 0.370115
v -0.114078 0.072078 0.377151
v -0.097846 0.092931 0.377151
v -0.102539 0.097387 0.370115
v -0.110658 0.069919 0.379017
v -0.102786 0.080032 0.379017
v -0.094914 0.090146 0.379017
v -0.085219 0.098529 0.379017
v -0.075525 0.106912 0.379017
v -0.077858 0.110216 0.377151
v -0.125930 0.048459 0.377151
v -0.122155 0.047009 0.379017
v -0.116407 0.058464 0.379017
v -0.120628 -0.039880 0.384416
v -0.115152 -0.038064 0.389681
v -0.118911 -0.026732 0.389681
v -0.124566 -0.028010 0.384416
v -0.098350 -0.103348 0.329763
v -0.116645 -0.082193 0.329763
v -0.131590 -0.029596 0.377151
v -0.137903 -0.031022 0.370115
v 0.082195 -0.116440 0.329763
v 0.083507 -0.118299 0.340082
v 0.123407 0.041074 0.379017
v 0.127442 0.028910 0.379017
v 0.131387 0.029801 0.377151
v 0.123066 0.054882 0.377151
v 0.110013 0.077858 0.377151
v 0.106709 0.075525 0.379017
v 0.113040 0.064382 0.379017
v -0.126112 -0.015599 0.384416
v -0.120387 -0.014885 0.389681
v -0.121863 -0.003038 0.389681
v -0.127658 -0.003188 0.384416
v -0.130461 -0.057876 0.329763
v -0.139267 -0.031330 0.329763
v 0.130258 0.058080 0.329763
v 0.139064 0.031535 0.329763
v -0.132540 -0.058801 0.363078
v -0.126754 0.009286 0.384416
v -0.121000 0.008869 0.389681
v -0.120136 0.020776 0.389681
v -0.125849 0.021760 0.384416
v -0.133276 0.051283 0.329763
v -0.131971 0.050781 0.370115
v -0.132946 0.022983 0.377151
v -0.128961 0.022296 0.379017
v -0.125558 0.034653 0.379017
v -0.122529 0.033818 0.384416
v -0.116966 0.032286 0.389681
v -0.113796 0.043797 0.389681
v -0.119208 0.045876 0.384416
v 0.103350 -0.098146 0.329763
v -0.081591 0.115502 0.370115
v -0.113598 0.057055 0.384416
v -0.108442 0.054467 0.389681
v -0.103087 0.065138 0.389681
v -0.107989 0.068233 0.384416
v 0.051896 0.135401 0.363078
v 0.077292 0.122657 0.363078
v 0.077292 0.122657 0.340082
v 0.051896 0.135401 0.340082
v -0.076280 -0.120528 0.329763
v -0.077495 -0.122452 0.340082
v -0.099917 -0.104999 0.340082
v -0.098350 -0.103348 0.329763
v -0.100307 0.078102 0.384416
v -0.095754 0.074558 0.389681
v -0.088421 0.083979 0.389681
v -0.092624 0.087972 0.384416
v 0.132337 0.059005 0.363078
v 0.141284 0.032036 0.363078
v 0.141284 0.032036 0.340082
v 0.132337 0.059005 0.340082
v 0.003636 -0.144795 0.340082
v 0.003577 -0.142520 0.329763
v -0.134857 -0.003374 0.377151
v 0.075322 -0.106708 0.379017
v 0.064179 -0.113039 0.379017
v 0.053035 -0.119370 0.379017
v 0.054679 -0.123065 0.377151
v 0.077655 -0.110011 0.377151
v 0.097643 -0.092726 0.377151
v 0.113875 -0.071873 0.377151
v 0.110456 -0.069714 0.379017
v 0.102583 -0.079828 0.379017
v 0.094711 -0.089941 0.379017
v 0.085016 -0.098324 0.379017
v -0.083164 0.096153 0.384416
v -0.079390 0.091789 0.389681
v -0.070360 0.099598 0.389681
v -0.073704 0.104333 0.384416
v -0.058080 0.130461 0.329763
v -0.032035 0.141487 0.340082
v -0.031534 0.139267 0.329763
v -0.051282 -0.133072 0.329763
v -0.052099 -0.135196 0.340082
v 0.116204 -0.058259 0.379017
v 0.125727 -0.048255 0.377151
v 0.132743 -0.022778 0.377151
v 0.128758 -0.022092 0.379017
v 0.125355 -0.034448 0.379017
v -0.062830 0.110512 0.384416
v -0.059980 0.105495 0.389681
v -0.049599 0.111393 0.389681
v -0.051955 0.116690 0.384416
v -0.003780 0.142725 0.329763
v 0.024115 0.140702 0.329763
v 0.076077 0.120733 0.329763
v 0.099715 0.105203 0.340082
v 0.098147 0.103553 0.329763
v -0.057512 0.129183 0.370115
v -0.031226 0.137903 0.370115
v -0.032035 0.141487 0.363078
v -0.040084 0.120628 0.384416
v -0.038268 0.115152 0.389681
v -0.026936 0.118911 0.389681
v -0.028214 0.124566 0.384416
v -0.120733 0.076280 0.329763
v -0.122657 0.077496 0.340082
v -0.105203 0.099918 0.340082
v -0.103553 0.098351 0.329763
v -0.024318 -0.140498 0.329763
v -0.105203 0.099918 0.363078
v -0.015803 0.126112 0.384416
v -0.015089 0.120387 0.389681
v -0.003242 0.121863 0.389681
v -0.003392 0.127659 0.384416
v -0.003839 0.145000 0.340082
v -0.132540 -0.058801 0.340082
v -0.054882 0.123269 0.377151
v -0.029800 0.131590 0.377151
v -0.130814 -0.003269 0.379017
v -0.129888 0.009513 0.379017
v -0.119574 -0.053034 0.379017
v -0.123610 -0.040870 0.379017
v -0.127645 -0.028705 0.379017
v -0.129230 -0.015987 0.379017
v 0.009083 0.126754 0.384416
v 0.008665 0.121000 0.389681
v 0.020573 0.120136 0.389681
v 0.021557 0.125849 0.384416
v 0.118301 0.083711 0.340082
v 0.116442 0.082398 0.329763
v 0.135198 -0.051895 0.363078
v 0.122454 -0.077291 0.363078
v 0.122454 -0.077291 0.340082
v 0.135198 -0.051895 0.340082
v 0.115299 0.081591 0.370115
v 0.128980 0.057512 0.370115
v 0.033615 0.122529 0.384416
v 0.032083 0.116966 0.389681
v 0.043593 0.113797 0.389681
v 0.045673 0.119208 0.384416
v 0.051080 0.133276 0.329763
v 0.099715 0.105203 0.363078
v 0.097184 0.102539 0.370115
v 0.118301 0.083711 0.363078
v -0.016191 0.129230 0.379017
v -0.003473 0.130815 0.379017
v -0.003577 0.134857 0.377151
v -0.064382 0.113243 0.379017
v -0.053238 0.119574 0.379017
v -0.028909 0.127645 0.379017
v -0.041074 0.123610 0.379017
v 0.056851 0.113599 0.384416
v 0.054264 0.108442 0.389681
v 0.064934 0.103088 0.389681
v 0.068030 0.107989 0.384416
v 0.077899 0.100307 0.384416
v 0.074355 0.095754 0.389681
v 0.083776 0.088421 0.389681
v 0.087769 0.092625 0.384416
v -0.003839 0.145000 0.363078
v -0.003744 0.141327 0.370115
v 0.023878 0.139324 0.370115
v 0.024501 0.142945 0.363078
v 0.095949 0.083165 0.384416
v 0.091585 0.079391 0.389681
v 0.099395 0.070360 0.389681
v 0.104130 0.073704 0.384416
v -0.113243 -0.064177 0.379017
v -0.092930 -0.097641 0.377151
v -0.090145 -0.094709 0.379017
v -0.098529 -0.085015 0.379017
v 0.050578 0.131971 0.370115
v 0.048256 0.125930 0.377151
v 0.071875 0.114078 0.377151
v 0.075330 0.119550 0.370115
v 0.110309 0.062830 0.384416
v 0.105292 0.059980 0.389681
v 0.111190 0.049600 0.389681
v 0.116487 0.051956 0.384416
v 0.140500 -0.024114 0.329763
v 0.133073 -0.051078 0.329763
v 0.139121 -0.023876 0.370115
v 0.131768 -0.050577 0.370115
v 0.120425 0.040085 0.384416
v 0.114949 0.038268 0.389681
v 0.118708 0.026937 0.389681
v 0.124363 0.028214 0.384416
v 0.119347 -0.075329 0.370115
v -0.080032 -0.102582 0.379017
v -0.090145 -0.094709 0.379017
v -0.092930 -0.097641 0.377151
v -0.072078 -0.113873 0.377151
v -0.048459 -0.125725 0.377151
v -0.047008 -0.121950 0.379017
v -0.058463 -0.116202 0.379017
v 0.125909 0.015803 0.384416
v 0.120184 0.015090 0.389681
v 0.121660 0.003243 0.389681
v 0.127456 0.003392 0.384416
v 0.142522 0.003781 0.329763
v 0.105000 -0.099713 0.363078
v 0.083507 -0.118299 0.363078
v 0.105000 -0.099713 0.340082
v 0.022779 0.132946 0.377151
v 0.126551 -0.009082 0.384416
v 0.120797 -0.008664 0.389681
v 0.119933 -0.020572 0.389681
v 0.125647 -0.021556 0.384416
v 0.137700 0.031227 0.370115
v 0.141124 0.003745 0.370115
v 0.129685 -0.009309 0.379017
v 0.134654 0.003578 0.377151
v 0.129027 0.016192 0.379017
v 0.122326 -0.033614 0.384416
v 0.116763 -0.032082 0.389681
v 0.113593 -0.043592 0.389681
v 0.119005 -0.045672 0.384416
v 0.113396 -0.056850 0.384416
v 0.108239 -0.054262 0.389681
v 0.102884 -0.064933 0.389681
v 0.107786 -0.068028 0.384416
v 0.120530 -0.076076 0.329763
v 0.024501 0.142945 0.340082
v 0.102336 -0.097183 0.370115
v 0.081388 -0.115298 0.370115
v 0.058260 0.116407 0.379017
v 0.069715 0.110659 0.379017
v 0.009310 0.129888 0.379017
v 0.022093 0.128961 0.379017
v 0.046805 0.122155 0.379017
v 0.034449 0.125558 0.379017
v 0.100104 -0.077898 0.384416
v 0.095551 -0.074354 0.389681
v 0.088218 -0.083775 0.389681
v 0.092421 -0.087767 0.384416
v -0.135401 0.052099 0.363078
v -0.135401 0.052099 0.340082
v 0.057309 -0.128978 0.370115
v 0.082961 -0.095948 0.384416
v 0.079187 -0.091584 0.389681
v 0.070157 -0.099393 0.389681
v 0.073501 -0.104129 0.384416
v 0.058802 -0.132335 0.363078
v 0.062627 -0.110307 0.384416
v 0.059777 -0.105291 0.389681
v 0.049396 -0.111188 0.389681
v 0.051752 -0.116485 0.384416
v 0.031832 -0.141282 0.363078
v 0.031023 -0.137698 0.370115
v 0.003541 -0.141122 0.370115
v 0.003636 -0.144795 0.363078
v -0.024081 -0.139119 0.370115
v -0.022982 -0.132741 0.377151
v -0.050781 -0.131766 0.370115
v -0.034652 -0.125353 0.379017
v 0.003374 -0.134652 0.377151
v 0.003270 -0.130610 0.379017
v -0.009513 -0.129683 0.379017
v 0.039881 -0.120423 0.384416
v 0.038065 -0.114947 0.389681
v 0.026733 -0.118706 0.389681
v 0.028011 -0.124361 0.384416
v -0.024704 -0.142740 0.363078
v 0.015600 -0.125907 0.384416
v 0.014886 -0.120182 0.389681
v 0.003039 -0.121658 0.389681
v 0.003189 -0.127454 0.384416
v -0.082398 0.116645 0.329763
v -0.052099 -0.135196 0.363078
v 0.098326 0.085220 0.379017
v 0.092727 0.097846 0.377151
v 0.079829 0.102786 0.379017
v -0.009286 -0.126549 0.384416
v -0.008868 -0.120795 0.389681
v -0.020776 -0.119931 0.389681
v -0.021760 -0.125645 0.384416
v -0.075533 -0.119345 0.370115
v -0.077495 -0.122452 0.363078
v -0.024704 -0.142740 0.340082
v -0.033818 -0.122324 0.384416
v -0.032286 -0.116762 0.389681
v -0.043796 -0.113592 0.389681
v -0.045876 -0.119003 0.384416
v 0.015988 -0.129025 0.379017
v 0.029597 -0.131385 0.377151
v 0.040871 -0.123405 0.379017
v -0.057054 -0.113394 0.384416
v -0.054467 -0.108237 0.389681
v -0.065137 -0.102883 0.389681
v -0.068233 -0.107785 0.384416
v -0.097387 -0.102334 0.370115
v -0.099917 -0.104999 0.363078
v -0.078102 -0.100102 0.384416
v -0.074558 -0.095550 0.389681
v -0.083979 -0.088216 0.389681
v -0.087971 -0.092420 0.384416
v 0.000053 -0.141326 0.048565
v 0.013202 -0.133559 0.000000
v 0.000053 -0.134854 0.000000
v 0.026351 -0.132264 0.000000
v 0.038995 -0.128428 0.000000
v 0.051639 -0.124593 0.000000
v 0.063292 -0.118364 0.000000
v 0.074944 -0.112136 0.000000
v 0.085158 -0.103754 0.000000
v 0.095371 -0.095372 0.000000
v 0.118364 -0.063292 0.000000
v 0.124593 -0.051640 0.000000
v 0.128428 -0.038996 0.000000
v 0.132264 -0.026352 0.000000
v 0.133559 -0.013203 0.000000
v 0.134854 -0.000054 0.000000
v 0.133559 0.013095 0.000000
v 0.132264 0.026244 0.000000
v 0.128428 0.038888 0.000000
v 0.124593 0.051531 0.000000
v 0.118364 0.063184 0.000000
v 0.112136 0.074836 0.000000
v 0.103754 0.085050 0.000000
v 0.095372 0.095263 0.000000
v 0.085158 0.103646 0.000000
v 0.074944 0.112028 0.000000
v 0.063292 0.118256 0.000000
v 0.051639 0.124484 0.000000
v 0.038995 0.128320 0.000000
v 0.026352 0.132155 0.000000
v 0.013202 0.133450 0.000000
v 0.000053 0.134745 0.000000
v -0.013096 0.133450 0.000000
v -0.026245 0.132155 0.000000
v -0.038889 0.128320 0.000000
v -0.051533 0.124484 0.000000
v -0.063185 0.118256 0.000000
v -0.074838 0.112028 0.000000
v -0.085052 0.103646 0.000000
v -0.095265 0.095264 0.000000
v -0.103647 0.085050 0.000000
v -0.112029 0.074836 0.000000
v -0.118258 0.063184 0.000000
v -0.124486 0.051531 0.000000
v -0.128322 0.038888 0.000000
v -0.132157 0.026244 0.000000
v -0.133452 0.013095 0.000000
v -0.134747 -0.000054 0.000000
v -0.133452 -0.013203 0.000000
v -0.132157 -0.026352 0.000000
v -0.128322 -0.038996 0.000000
v -0.124486 -0.051640 0.000000
v -0.118258 -0.063292 0.000000
v -0.112029 -0.074945 0.000000
v -0.103647 -0.085158 0.000000
v -0.095265 -0.095372 0.000000
v -0.085052 -0.103754 0.000000
v -0.074838 -0.112136 0.000000
v -0.063185 -0.118364 0.000000
v -0.051533 -0.124593 0.000000
v -0.038889 -0.128428 0.000000
v -0.026245 -0.132264 0.000000
v -0.013096 -0.133559 0.000000
v 0.000053 -0.134854 0.000000
v 0.000053 -0.141326 0.003359
v -0.122657 0.077496 0.363078
v -0.097387 -0.102334 0.370115
v -0.069918 -0.110454 0.379017
v 0.028706 -0.127440 0.379017
v -0.022296 -0.128756 0.379017
v 0.089943 0.094914 0.379017
v 0.121952 -0.046804 0.379017
v 0.130612 0.003474 0.379017
v 0.119371 0.053239 0.379017
v -0.106912 -0.075321 0.379017
v -0.087971 -0.092420 0.384416
v -0.083979 -0.088216 0.389681
v -0.084357 -0.072760 0.394693
v -0.091534 -0.064461 0.394693
v -0.077181 -0.081058 0.394693
v -0.005174 0.022562 0.433515
v -0.000695 0.023120 0.433515
v 0.003253 0.025242 0.427186
v -0.096953 -0.054922 0.394693
v -0.102373 -0.045383 0.394693
v -0.105827 -0.034970 0.394693
v -0.109281 -0.024557 0.394693
v -0.110638 -0.013671 0.394693
v -0.111995 -0.002784 0.394693
v -0.111201 0.008158 0.394693
v -0.110408 0.019101 0.394693
v -0.107495 0.029678 0.394693
v -0.104582 0.040255 0.394693
v -0.099661 0.050061 0.394693
v -0.094741 0.059867 0.394693
v -0.088002 0.068524 0.394693
v -0.081263 0.077181 0.394693
v -0.072964 0.084358 0.394693
v -0.064666 0.091534 0.394693
v -0.055127 0.096953 0.394693
v -0.045588 0.102373 0.394693
v -0.035174 0.105827 0.394693
v -0.024761 0.109282 0.394693
v -0.013875 0.110638 0.394693
v -0.002988 0.111995 0.394693
v 0.007955 0.111201 0.394693
v 0.018897 0.110408 0.394693
v 0.029474 0.107495 0.394693
v 0.040052 0.104582 0.394693
v 0.049858 0.099661 0.394693
v 0.059663 0.094741 0.394693
v 0.068321 0.088002 0.394693
v 0.076978 0.081263 0.394693
v 0.084155 0.072965 0.394693
v 0.091331 0.064666 0.394693
v 0.096750 0.055127 0.394693
v 0.102170 0.045588 0.394693
v 0.105624 0.035175 0.394693
v 0.109079 0.024762 0.394693
v 0.110435 0.013875 0.394693
v 0.111792 0.002988 0.394693
v 0.110998 -0.007954 0.394693
v 0.110205 -0.018896 0.394693
v 0.107292 -0.029473 0.394693
v 0.104379 -0.040051 0.394693
v 0.099458 -0.049856 0.394693
v 0.094538 -0.059662 0.394693
v 0.087799 -0.068319 0.394693
v 0.081060 -0.076977 0.394693
v 0.072761 -0.084153 0.394693
v 0.064463 -0.091329 0.394693
v 0.054924 -0.096749 0.394693
v 0.045385 -0.102168 0.394693
v 0.034972 -0.105623 0.394693
v 0.024558 -0.109077 0.394693
v 0.013672 -0.110434 0.394693
v 0.002785 -0.111790 0.394693
v -0.008158 -0.110997 0.394693
v -0.019100 -0.110203 0.394693
v -0.029677 -0.107290 0.394693
v -0.040255 -0.104377 0.394693
v -0.050060 -0.099457 0.394693
v -0.059866 -0.094536 0.394693
v -0.068524 -0.087797 0.394693
v -0.077181 -0.081058 0.394693
v 0.020937 0.009459 0.433515
v 0.025210 0.001717 0.427186
v 0.024408 0.006624 0.427186
v 0.018707 0.013384 0.433515
v 0.020047 0.015507 0.427186
v 0.015222 0.028152 0.422790
v -0.019141 0.016858 0.427186
v -0.015506 0.020251 0.427186
v -0.028012 0.015504 0.422790
v -0.031737 0.003647 0.422790
v -0.022044 0.012822 0.427186
v 0.017765 0.013469 0.437081
v 0.014814 0.016698 0.437081
v 0.021799 0.003933 0.472023
v 0.021934 0.002848 0.472023
v 0.022070 0.001763 0.472023
v 0.022205 0.000678 0.472023
v 0.021664 0.005018 0.472023
v 0.022181 0.001291 0.437081
v 0.022590 -0.003806 0.433515
v 0.022665 0.011280 0.427186
v 0.015755 0.016798 0.433515
v 0.021841 -0.012617 0.427186
v 0.018938 -0.016654 0.427186
v 0.030317 -0.009337 0.422790
v 0.031658 0.003018 0.422790
v 0.023901 -0.008092 0.427186
v -0.021594 0.008362 0.433515
v -0.019570 0.012396 0.433515
v -0.009726 0.020234 0.437081
v -0.009458 0.021140 0.433515
v -0.013469 0.017969 0.437081
v -0.022187 0.003284 0.437081
v -0.022792 0.004010 0.433515
v -0.022384 -0.001086 0.437081
v -0.015957 -0.016593 0.433515
v -0.022868 -0.011076 0.427186
v -0.020250 -0.015302 0.427186
v -0.012396 -0.019366 0.433515
v 0.027870 -0.015082 0.422790
v 0.019891 -0.024610 0.422790
v 0.036583 -0.082379 0.405211
v 0.051970 -0.073637 0.405211
v 0.065355 -0.062062 0.405211
v 0.076225 -0.048098 0.405211
v 0.064815 -0.040892 0.409606
v 0.055570 -0.052769 0.409606
v 0.043058 -0.040887 0.414001
v 0.050226 -0.031679 0.414001
v -0.025413 -0.001512 0.427186
v -0.021140 -0.009254 0.433515
v -0.024611 -0.006419 0.427186
v -0.028310 -0.014524 0.422790
v -0.024892 -0.019750 0.422790
v -0.032485 -0.084160 0.405211
v -0.034320 -0.088935 0.400631
v -0.016292 -0.093899 0.400631
v -0.015424 -0.088859 0.405211
v 0.088936 -0.034116 0.400631
v 0.080550 -0.050829 0.400631
v 0.083652 -0.052788 0.396425
v 0.092361 -0.035432 0.396425
v 0.077817 0.055123 0.400631
v 0.087054 0.038865 0.400631
v 0.090406 0.040356 0.396425
v 0.080814 0.057240 0.396425
v -0.099124 -0.002452 0.396425
v -0.097719 0.016915 0.396425
v -0.096723 -0.021721 0.396425
v -0.090609 -0.040151 0.396425
v -0.016915 -0.097515 0.396425
v -0.035636 -0.092359 0.396425
v -0.052992 -0.083650 0.396425
v -0.068315 -0.071723 0.396425
v -0.081017 -0.057035 0.396425
v 0.001087 -0.022180 0.437081
v -0.003283 -0.021983 0.437081
v 0.082380 0.036787 0.405211
v 0.073639 0.052173 0.405211
v 0.028168 0.014946 0.422790
v 0.025038 -0.003252 0.427186
v 0.030500 0.009154 0.422790
v 0.065585 0.069267 0.400631
v 0.068112 0.071927 0.396425
v 0.052789 0.083855 0.396425
v 0.050830 0.080753 0.400631
v 0.095253 0.002562 0.400631
v 0.098921 0.002656 0.396425
v 0.096520 0.021926 0.396425
v 0.092941 0.021117 0.400631
v -0.095456 -0.002357 0.400631
v -0.094104 0.016293 0.400631
v -0.087256 -0.038660 0.400631
v -0.093144 -0.020913 0.400631
v 0.016089 0.094104 0.400631
v 0.034117 0.089139 0.400631
v 0.035433 0.092564 0.396425
v 0.016712 0.097720 0.396425
v 0.093901 -0.016088 0.400631
v 0.097517 -0.016711 0.396425
v -0.002561 0.095456 0.400631
v -0.002656 0.099124 0.396425
v -0.021925 0.096723 0.396425
v -0.021117 0.093144 0.400631
v 0.040152 -0.090404 0.396425
v 0.038662 -0.087052 0.400631
v 0.020914 -0.092940 0.400631
v 0.021722 -0.096518 0.396425
v 0.002358 -0.095252 0.400631
v 0.002453 -0.098919 0.396425
v 0.002226 -0.090139 0.405211
v 0.019787 -0.087951 0.405211
v 0.008872 -0.030360 0.422790
v 0.002737 -0.031517 0.422790
v -0.003507 -0.031455 0.422790
v -0.051033 -0.080548 0.400631
v 0.002595 0.022171 0.472023
v -0.005614 0.021724 0.437081
v -0.000677 0.022409 0.472023
v 0.000414 0.022329 0.472023
v 0.001505 0.022250 0.472023
v -0.065788 -0.069062 0.400631
v -0.068315 -0.071723 0.396425
v -0.040355 0.090609 0.396425
v -0.038864 0.087257 0.400631
v -0.005018 0.021868 0.472023
v -0.009169 0.020490 0.472023
v -0.008131 0.020835 0.472023
v -0.007093 0.021179 0.472023
v -0.006055 0.021523 0.472023
v 0.048099 0.076428 0.405211
v 0.062063 0.065558 0.405211
v 0.087952 0.019990 0.405211
v 0.032282 0.084365 0.405211
v 0.027441 0.071768 0.409606
v 0.012930 0.075765 0.409606
v 0.010002 0.058761 0.414001
v 0.021251 0.055663 0.414001
v 0.024751 0.020172 0.422790
v 0.015221 0.089064 0.405211
v -0.002429 0.090343 0.405211
v -0.019990 0.088155 0.405211
v -0.009014 0.030782 0.422790
v -0.015364 -0.027730 0.422790
v -0.009619 -0.030176 0.422790
v -0.007531 -0.020938 0.437081
v -0.048302 -0.076223 0.405211
v -0.062266 -0.065354 0.405211
v -0.001716 0.025413 0.427186
v -0.006623 0.024612 0.427186
v -0.013383 0.018911 0.433515
v 0.021984 -0.003079 0.437081
v 0.021391 -0.008157 0.433515
v 0.001513 -0.025209 0.427186
v -0.003456 -0.025037 0.427186
v 0.088860 -0.015220 0.405211
v 0.090140 0.002430 0.405211
v -0.080752 0.051033 0.400631
v -0.076428 0.048302 0.405211
v -0.065558 0.062266 0.405211
v -0.069267 0.065789 0.400631
v -0.036786 0.082583 0.405211
v 0.054920 -0.077815 0.400631
v -0.078020 -0.054919 0.400631
v 0.071724 -0.068111 0.396425
v 0.069064 -0.065584 0.400631
v 0.057036 -0.080812 0.396425
v -0.089139 0.034320 0.400631
v -0.092564 0.035637 0.396425
v 0.015265 0.016282 0.472023
v 0.011290 0.019289 0.437081
v 0.011813 0.018969 0.472023
v 0.012676 0.018297 0.472023
v 0.013539 0.017626 0.472023
v 0.014402 0.016954 0.472023
v -0.014806 0.028450 0.422790
v -0.052172 0.073842 0.405211
v -0.024491 0.020661 0.422790
v -0.020032 0.025032 0.422790
v -0.057239 0.081017 0.396425
v -0.055123 0.078020 0.400631
v -0.012879 -0.018093 0.472023
v -0.013742 -0.017421 0.472023
v -0.014605 -0.016749 0.472023
v -0.015468 -0.016077 0.472023
v -0.011493 -0.019085 0.437081
v -0.012016 -0.018764 0.472023
v -0.021523 -0.005852 0.472023
v -0.021867 -0.004814 0.472023
v -0.020233 -0.009522 0.437081
v -0.017968 -0.013265 0.437081
v -0.020490 -0.008965 0.472023
v -0.020834 -0.007928 0.472023
v -0.021178 -0.006890 0.472023
v -0.073841 -0.051968 0.405211
v -0.065788 -0.069062 0.400631
v -0.062266 -0.065354 0.405211
v -0.030642 -0.008732 0.422790
v -0.088155 -0.019786 0.405211
v -0.082583 -0.036582 0.405211
v -0.084365 0.032486 0.405211
v -0.071927 0.068315 0.396425
v -0.021142 0.007532 0.437081
v -0.019288 0.011494 0.437081
v -0.016797 0.015958 0.433515
v 0.084162 -0.032281 0.405211
v -0.031799 -0.002596 0.422790
v 0.003807 0.022793 0.433515
v -0.008296 -0.023900 0.427186
v -0.003889 -0.021888 0.472023
v -0.004943 -0.021597 0.472023
v -0.005998 -0.021307 0.472023
v -0.007052 -0.021016 0.472023
v -0.008106 -0.020726 0.472023
v -0.083855 0.052992 0.396425
v -0.089063 0.015425 0.405211
v -0.090343 -0.002225 0.405211
v -0.011279 0.022869 0.427186
v 0.015303 -0.020046 0.427186
v -0.022868 -0.011076 0.427186
v 0.009255 -0.020936 0.433515
v -0.018910 -0.013179 0.433515
v 0.000474 -0.022204 0.472023
v -0.000617 -0.022125 0.472023
v -0.001708 -0.022046 0.472023
v -0.002798 -0.021967 0.472023
v 0.022126 -0.000413 0.472023
v 0.022047 -0.001504 0.472023
v 0.021968 -0.002594 0.472023
v 0.021889 -0.003685 0.472023
v 0.020287 0.009170 0.472023
v 0.020631 0.008132 0.472023
v 0.020975 0.007094 0.472023
v 0.021320 0.006056 0.472023
v -0.018869 -0.011818 0.472023
v -0.019409 -0.010867 0.472023
v -0.019949 -0.009916 0.472023
v -0.015017 -0.016494 0.437081
v -0.018329 -0.012769 0.472023
v 0.019367 -0.012192 0.433515
v -0.015957 -0.016593 0.433515
v -0.021724 -0.005410 0.437081
v -0.022002 -0.003729 0.472023
v -0.022137 -0.002643 0.472023
v -0.022273 -0.001558 0.472023
v -0.022408 -0.000473 0.472023
v -0.019459 0.011039 0.472023
v -0.018968 0.012017 0.472023
v -0.020930 0.008107 0.472023
v -0.020440 0.009084 0.472023
v -0.019949 0.010062 0.472023
v -0.003932 0.022003 0.472023
v -0.002847 0.022138 0.472023
v -0.001762 0.022273 0.472023
v -0.022091 0.003890 0.472023
v -0.021801 0.004944 0.472023
v -0.021511 0.005998 0.472023
v -0.021220 0.007053 0.472023
v 0.007928 -0.020630 0.472023
v 0.006890 -0.020974 0.472023
v 0.005853 -0.021319 0.472023
v 0.004815 -0.021663 0.472023
v 0.013266 -0.017764 0.437081
v 0.008966 -0.020286 0.472023
v 0.020727 -0.007902 0.472023
v 0.020237 -0.008880 0.472023
v 0.019746 -0.009857 0.472023
v 0.019256 -0.010835 0.472023
v -0.011493 -0.019085 0.437081
v 0.008881 0.020440 0.472023
v 0.009858 0.019950 0.472023
v 0.010835 0.019459 0.472023
v -0.015454 0.016184 0.472023
v -0.014627 0.016899 0.472023
v -0.013800 0.017614 0.472023
v -0.012973 0.018330 0.472023
v -0.016697 0.015018 0.437081
v -0.016281 0.015468 0.472023
v -0.015468 -0.016077 0.472023
v -0.016183 -0.015250 0.472023
v -0.016898 -0.014423 0.472023
v -0.017614 -0.013596 0.472023
v 0.022816 -0.005011 0.484482
v 0.023122 -0.003898 0.484482
v 0.021889 -0.003685 0.486013
v 0.021598 -0.004739 0.486013
v 0.023373 -0.000442 0.484482
v 0.023457 0.000710 0.484482
v 0.022205 0.000678 0.486013
v 0.022126 -0.000413 0.486013
v 0.023028 0.004148 0.484482
v 0.022885 0.005294 0.484482
v 0.021664 0.005018 0.486013
v 0.021799 0.003933 0.486013
v 0.021794 0.008583 0.484482
v 0.021431 0.009679 0.484482
v 0.020287 0.009170 0.486013
v 0.020631 0.008132 0.486013
v 0.019719 0.012691 0.484482
v 0.019149 0.013696 0.484482
v 0.018126 0.012973 0.486013
v 0.018666 0.012023 0.486013
v 0.016882 0.016316 0.484482
v 0.016127 0.017190 0.484482
v 0.015265 0.016282 0.486013
v 0.015980 0.015455 0.486013
v 0.013393 0.019318 0.484482
v 0.012481 0.020028 0.484482
v 0.011813 0.018969 0.486013
v 0.012676 0.018297 0.486013
v 0.009385 0.021581 0.484482
v 0.008352 0.022099 0.484482
v 0.007903 0.020931 0.486013
v 0.008881 0.020440 0.486013
v 0.005012 0.023019 0.484482
v 0.003899 0.023326 0.484482
v 0.003686 0.022092 0.486013
v 0.004740 0.021802 0.486013
v 0.000443 0.023577 0.484482
v -0.000709 0.023660 0.484482
v -0.000677 0.022409 0.486013
v 0.000414 0.022329 0.486013
v -0.015418 -0.017695 0.484482
v -0.014507 -0.018404 0.484482
v -0.013742 -0.017421 0.486013
v -0.014605 -0.016749 0.486013
v -0.004147 0.023232 0.484482
v -0.005293 0.023089 0.484482
v -0.005018 0.021868 0.486013
v -0.003932 0.022003 0.486013
v -0.011652 -0.020341 0.484482
v -0.010620 -0.020859 0.484482
v -0.010061 -0.019745 0.486013
v -0.011038 -0.019255 0.486013
v -0.008582 0.021998 0.484482
v -0.009678 0.021634 0.484482
v -0.009169 0.020490 0.486013
v -0.008131 0.020835 0.486013
v -0.007442 -0.022201 0.484482
v -0.006328 -0.022508 0.484482
v -0.005998 -0.021307 0.486013
v -0.007052 -0.021016 0.486013
v -0.012691 0.019923 0.484482
v -0.013695 0.019352 0.484482
v -0.012973 0.018330 0.486013
v -0.012022 0.018870 0.486013
v -0.002950 -0.023205 0.484482
v -0.001798 -0.023288 0.484482
v -0.001708 -0.022046 0.486013
v -0.002798 -0.021967 0.486013
v -0.016316 0.017086 0.484482
v -0.017189 0.016331 0.484482
v -0.016281 0.015468 0.486013
v -0.015454 0.016184 0.486013
v 0.001652 -0.023313 0.484482
v 0.002798 -0.023170 0.484482
v 0.002644 -0.021933 0.486013
v 0.001559 -0.022069 0.486013
v -0.019317 0.013596 0.484482
v -0.020027 0.012685 0.484482
v -0.018968 0.012017 0.486013
v -0.018296 0.012880 0.486013
v 0.006187 -0.022521 0.484482
v 0.007283 -0.022157 0.484482
v 0.006890 -0.020974 0.486013
v 0.005853 -0.021319 0.486013
v -0.021581 0.009588 0.484482
v -0.022099 0.008556 0.484482
v -0.020930 0.008107 0.486013
v -0.020440 0.009084 0.486013
v 0.010479 -0.020859 0.484482
v 0.011484 -0.020289 0.484482
v 0.010868 -0.019205 0.486013
v 0.009917 -0.019746 0.486013
v -0.023019 0.005216 0.484482
v -0.023325 0.004102 0.484482
v -0.022091 0.003890 0.486013
v -0.021801 0.004944 0.486013
v 0.014365 -0.018392 0.484482
v 0.015239 -0.017637 0.484482
v 0.014424 -0.016694 0.486013
v 0.013597 -0.017410 0.486013
v -0.023576 0.000647 0.484482
v -0.023659 -0.000505 0.484482
v -0.022408 -0.000473 0.486013
v -0.022329 0.000618 0.486013
v 0.017696 -0.015215 0.484482
v 0.018405 -0.014303 0.484482
v 0.017422 -0.013538 0.486013
v 0.016750 -0.014401 0.486013
v -0.023231 -0.003943 0.484482
v -0.023088 -0.005090 0.484482
v -0.021867 -0.004814 0.486013
v -0.022002 -0.003729 0.486013
v 0.020342 -0.011448 0.484482
v 0.020860 -0.010416 0.484482
v 0.019746 -0.009857 0.486013
v 0.019256 -0.010835 0.486013
v -0.021997 -0.008378 0.484482
v -0.021634 -0.009474 0.484482
v -0.020490 -0.008965 0.486013
v -0.020834 -0.007928 0.486013
v 0.022202 -0.007238 0.484482
v 0.022509 -0.006125 0.484482
v 0.021308 -0.005794 0.486013
v 0.021017 -0.006848 0.486013
v -0.019922 -0.012487 0.484482
v -0.019352 -0.013491 0.484482
v -0.018329 -0.012769 0.486013
v -0.018869 -0.011818 0.486013
v 0.023206 -0.002746 0.484482
v 0.023289 -0.001594 0.484482
v 0.022047 -0.001504 0.486013
v 0.021968 -0.002594 0.486013
v -0.017085 -0.016112 0.484482
v -0.016330 -0.016985 0.484482
v -0.015468 -0.016077 0.486013
v -0.016183 -0.015250 0.486013
v 0.023314 0.001856 0.484482
v 0.023171 0.003002 0.484482
v 0.021934 0.002848 0.486013
v 0.022070 0.001763 0.486013
v -0.022329 0.000618 0.472023
v -0.022250 0.001708 0.472023
v -0.022171 0.002799 0.472023
v -0.012022 0.018870 0.472023
v -0.011071 0.019410 0.472023
v -0.010120 0.019950 0.472023
v 0.018126 0.012973 0.472023
v 0.018666 0.012023 0.472023
v 0.019206 0.011072 0.472023
v 0.019747 0.010121 0.472023
v 0.011819 -0.018665 0.472023
v 0.010868 -0.019205 0.472023
v 0.009917 -0.019746 0.472023
v 0.012770 -0.018125 0.472023
v 0.003729 -0.021798 0.472023
v 0.002644 -0.021933 0.472023
v 0.001559 -0.022069 0.472023
v -0.009084 -0.020236 0.472023
v -0.010061 -0.019745 0.472023
v -0.011038 -0.019255 0.472023
v 0.021598 -0.004739 0.472023
v 0.021308 -0.005794 0.472023
v 0.021017 -0.006848 0.472023
v 0.015980 0.015455 0.472023
v 0.016695 0.014628 0.472023
v 0.017411 0.013801 0.472023
v 0.015251 -0.015979 0.472023
v 0.014424 -0.016694 0.472023
v 0.013597 -0.017410 0.472023
v -0.018296 0.012880 0.472023
v -0.017625 0.013742 0.472023
v -0.016953 0.014605 0.472023
v 0.000053 0.114287 0.000000
v 0.011207 0.113189 0.000000
v 0.009442 0.095267 0.010298
v 0.000053 0.096192 0.010298
v -0.032979 0.108837 0.000000
v -0.043704 0.105584 0.000000
v -0.032979 -0.108945 0.000000
v -0.022254 -0.112199 0.000000
v 0.063578 -0.095126 0.000000
v 0.072242 -0.088016 0.000000
v -0.011100 0.113189 0.000000
v -0.063472 -0.095126 0.000000
v -0.053588 -0.100409 0.000000
v 0.080905 -0.080906 0.000000
v -0.022254 0.112090 0.000000
v -0.043704 -0.105692 0.000000
v 0.043810 -0.105692 0.000000
v 0.053694 -0.100409 0.000000
v 0.022360 0.112090 0.000000
v -0.080799 -0.080906 0.000000
v -0.072135 -0.088016 0.000000
v 0.022360 -0.112199 0.000000
v 0.033085 -0.108945 0.000000
v 0.043810 0.105584 0.000000
v 0.033085 0.108837 0.000000
v -0.095019 -0.063579 0.000000
v -0.087909 -0.072242 0.000000
v 0.000053 -0.114396 0.000000
v 0.011207 -0.113297 0.000000
v 0.063578 0.095017 0.000000
v 0.053694 0.100300 0.000000
v -0.105585 -0.043811 0.000000
v -0.100302 -0.053695 0.000000
v 0.080905 0.080797 0.000000
v 0.072242 0.087907 0.000000
v -0.112092 -0.022361 0.000000
v -0.108839 -0.033086 0.000000
v 0.095125 0.063470 0.000000
v 0.088015 0.072134 0.000000
v -0.114289 -0.000054 0.000000
v -0.113191 -0.011208 0.000000
v 0.105692 0.043702 0.000000
v 0.100409 0.053586 0.000000
v -0.112092 0.022253 0.000000
v -0.113191 0.011099 0.000000
v 0.112198 0.022253 0.000000
v 0.108945 0.032977 0.000000
v -0.105585 0.043702 0.000000
v -0.108839 0.032978 0.000000
v 0.114395 -0.000054 0.000000
v 0.113297 0.011099 0.000000
v -0.095019 0.063471 0.000000
v -0.100302 0.053586 0.000000
v 0.112198 -0.022361 0.000000
v 0.113297 -0.011208 0.000000
v -0.080799 0.080797 0.000000
v -0.087909 0.072134 0.000000
v 0.105692 -0.043811 0.000000
v 0.108945 -0.033086 0.000000
v -0.063472 0.095017 0.000000
v -0.072135 0.087907 0.000000
v 0.100408 -0.053695 0.000000
v -0.053588 0.100300 0.000000
v -0.011100 -0.113297 0.000000
v 0.000053 -0.114396 0.000000
v -0.036779 0.088866 0.010298
v -0.027751 0.091604 0.010298
v -0.023626 0.078006 0.015171
v -0.031315 0.075674 0.015171
v 0.094451 0.018722 0.010298
v 0.091712 0.027750 0.010298
v 0.027858 0.091604 0.010298
v 0.018830 0.094343 0.010298
v 0.096300 -0.000054 0.010298
v 0.095375 0.009334 0.010298
v 0.045205 0.084419 0.010298
v 0.036885 0.088866 0.010298
v 0.094451 -0.018831 0.010298
v 0.095375 -0.009443 0.010298
v 0.060818 0.073987 0.010298
v 0.053525 0.079971 0.010298
v 0.088974 -0.036886 0.010298
v 0.091712 -0.027859 0.010298
v 0.074095 0.060710 0.010298
v 0.068110 0.068002 0.010298
v 0.080079 -0.053526 0.010298
v 0.084526 -0.045206 0.010298
v -0.018724 -0.094451 0.010298
v -0.009335 -0.095376 0.010298
v 0.084527 0.045097 0.010298
v 0.080079 0.053417 0.010298
v 0.068110 -0.068111 0.010298
v 0.074095 -0.060818 0.010298
v -0.036779 -0.088974 0.010298
v -0.027751 -0.091712 0.010298
v 0.088974 0.036778 0.010298
v 0.053525 -0.080080 0.010298
v 0.060817 -0.074095 0.010298
v -0.053419 -0.080080 0.010298
v -0.045099 -0.084527 0.010298
v 0.036885 -0.088974 0.010298
v 0.045205 -0.084527 0.010298
v -0.068003 -0.068110 0.010298
v -0.060711 -0.074095 0.010298
v 0.018830 -0.094451 0.010298
v 0.027857 -0.091712 0.010298
v -0.079973 -0.053526 0.010298
v -0.073988 -0.060818 0.010298
v 0.000053 -0.096300 0.010298
v 0.009442 -0.095376 0.010298
v -0.088867 -0.036886 0.010298
v -0.084420 -0.045206 0.010298
v 0.000053 -0.096300 0.010298
v -0.094344 -0.018831 0.010298
v -0.091606 -0.027858 0.010298
v -0.096194 -0.000054 0.010298
v -0.095269 -0.009443 0.010298
v -0.094344 0.018722 0.010298
v -0.095269 0.009334 0.010298
v -0.088867 0.036778 0.010298
v -0.091606 0.027750 0.010298
v -0.079973 0.053417 0.010298
v -0.084420 0.045097 0.010298
v -0.068003 0.068002 0.010298
v -0.073988 0.060710 0.010298
v -0.053419 0.079972 0.010298
v -0.060711 0.073987 0.010298
v -0.045099 0.084419 0.010298
v -0.018724 0.094343 0.010298
v -0.009335 0.095267 0.010298
v 0.016044 0.080338 0.015171
v 0.023733 0.078006 0.015171
v 0.017767 0.058340 0.018389
v 0.012016 0.060085 0.018389
v 0.068207 0.045484 0.015171
v 0.063110 0.051695 0.015171
v -0.007942 0.081126 0.015171
v -0.015938 0.080338 0.015171
v 0.075782 0.031313 0.015171
v 0.071994 0.038399 0.015171
v 0.008049 0.081126 0.015171
v 0.000053 0.081913 0.015171
v 0.080446 0.015937 0.015171
v 0.078114 0.023625 0.015171
v 0.082021 -0.000054 0.015171
v 0.081234 0.007941 0.015171
v 0.038507 0.071887 0.015171
v 0.031421 0.075674 0.015171
v 0.080446 -0.016045 0.015171
v 0.081234 -0.008050 0.015171
v 0.051803 0.063002 0.015171
v 0.045592 0.068099 0.015171
v 0.075782 -0.031422 0.015171
v 0.078114 -0.023734 0.015171
v 0.058013 0.057906 0.015171
v 0.068207 -0.045593 0.015171
v 0.071994 -0.038507 0.015171
v -0.015938 -0.080447 0.015171
v -0.007942 -0.081234 0.015171
v 0.058013 -0.058014 0.015171
v 0.063110 -0.051803 0.015171
v -0.031315 -0.075782 0.015171
v -0.023626 -0.078114 0.015171
v 0.045592 -0.068208 0.015171
v 0.051803 -0.063111 0.015171
v -0.045486 -0.068208 0.015171
v -0.038400 -0.071995 0.015171
v 0.031421 -0.075782 0.015171
v 0.038507 -0.071995 0.015171
v -0.057907 -0.058014 0.015171
v -0.051696 -0.063111 0.015171
v 0.016044 -0.080447 0.015171
v 0.023733 -0.078115 0.015171
v -0.068101 -0.045593 0.015171
v -0.063004 -0.051803 0.015171
v 0.000053 -0.082022 0.015171
v 0.008049 -0.081234 0.015171
v -0.075675 -0.031422 0.015171
v -0.071888 -0.038507 0.015171
v 0.000053 -0.082022 0.015171
v -0.080340 -0.016045 0.015171
v -0.078008 -0.023734 0.015171
v -0.081915 -0.000054 0.015171
v -0.081127 -0.008050 0.015171
v -0.080340 0.015937 0.015171
v -0.081127 0.007941 0.015171
v -0.075675 0.031313 0.015171
v -0.078008 0.023625 0.015171
v -0.068101 0.045484 0.015171
v -0.071888 0.038399 0.015171
v -0.057907 0.057906 0.015171
v -0.063004 0.051695 0.015171
v -0.045486 0.068099 0.015171
v -0.051696 0.063002 0.015171
v -0.038400 0.071887 0.015171
v 0.043411 0.043303 0.018389
v 0.047224 0.038658 0.018389
v 0.006864 0.005535 0.016596
v 0.006313 0.006206 0.016596
v 0.061371 -0.000054 0.018389
v 0.060781 0.005927 0.018389
v 0.028819 0.053762 0.018389
v 0.023518 0.056595 0.018389
v 0.060192 -0.012017 0.018389
v 0.060781 -0.006035 0.018389
v 0.038765 0.047116 0.018389
v 0.034119 0.050929 0.018389
v 0.056703 -0.023519 0.018389
v 0.058448 -0.017768 0.018389
v 0.051037 -0.034120 0.018389
v 0.053870 -0.028820 0.018389
v -0.011909 -0.060193 0.018389
v -0.005928 -0.060782 0.018389
v 0.053870 0.028711 0.018389
v 0.051037 0.034012 0.018389
v 0.043411 -0.043412 0.018389
v 0.047224 -0.038766 0.018389
v -0.023412 -0.056704 0.018389
v -0.017661 -0.058448 0.018389
v 0.058448 0.017659 0.018389
v 0.056703 0.023411 0.018389
v 0.034119 -0.051037 0.018389
v 0.038765 -0.047225 0.018389
v -0.034013 -0.051037 0.018389
v -0.028712 -0.053871 0.018389
v 0.060192 0.011908 0.018389
v 0.023518 -0.056704 0.018389
v 0.028819 -0.053871 0.018389
v -0.043305 -0.043412 0.018389
v -0.038659 -0.047225 0.018389
v 0.012016 -0.060193 0.018389
v 0.017767 -0.058448 0.018389
v -0.050930 -0.034120 0.018389
v -0.047117 -0.038766 0.018389
v 0.000053 -0.061371 0.018389
v 0.006034 -0.060782 0.018389
v -0.056597 -0.023519 0.018389
v -0.053763 -0.028820 0.018389
v 0.000053 -0.061371 0.018389
v -0.060086 -0.012017 0.018389
v -0.058341 -0.017768 0.018389
v -0.061264 -0.000054 0.018389
v -0.060675 -0.006035 0.018389
v -0.060086 0.011908 0.018389
v -0.060675 0.005927 0.018389
v -0.056597 0.023411 0.018389
v -0.058341 0.017659 0.018389
v -0.050930 0.034012 0.018389
v -0.053763 0.028711 0.018389
v -0.043305 0.043303 0.018389
v -0.047117 0.038658 0.018389
v -0.034013 0.050929 0.018389
v -0.038659 0.047116 0.018389
v -0.023412 0.056595 0.018389
v -0.028712 0.053762 0.018389
v -0.011909 0.060085 0.018389
v -0.017661 0.058340 0.018389
v 0.000053 0.061263 0.018389
v -0.005928 0.060674 0.018389
v 0.006034 0.060674 0.018389
v 0.008736 0.001673 0.016596
v 0.008821 0.000809 0.016596
v 0.008821 0.000809 0.013954
v 0.008736 0.001673 0.013954
v 0.007414 -0.004973 0.016596
v 0.007823 -0.004207 0.016596
v -0.001674 -0.008737 0.016596
v -0.000810 -0.008822 0.016596
v 0.007823 0.004099 0.016596
v 0.007414 0.004864 0.016596
v 0.006313 -0.006314 0.016596
v 0.006864 -0.005643 0.016596
v -0.003335 -0.008233 0.016596
v -0.002504 -0.008485 0.016596
v 0.008484 0.002503 0.016596
v 0.008232 0.003334 0.016596
v 0.004972 -0.007415 0.016596
v 0.005643 -0.006865 0.016596
v -0.004865 -0.007415 0.016596
v -0.004100 -0.007824 0.016596
v 0.003441 -0.008233 0.016596
v 0.004206 -0.007824 0.016596
v -0.006207 -0.006314 0.016596
v -0.005536 -0.006865 0.016596
v 0.008821 -0.000918 0.016596
v 0.008906 -0.000054 0.016596
v 0.001780 -0.008737 0.016596
v 0.002611 -0.008485 0.016596
v -0.007308 -0.004973 0.016596
v -0.006757 -0.005643 0.016596
v 0.008484 -0.002612 0.016596
v 0.008736 -0.001781 0.016596
v 0.000053 -0.008907 0.016596
v 0.000917 -0.008822 0.016596
v -0.008126 -0.003442 0.016596
v -0.007717 -0.004207 0.016596
v 0.008232 -0.003442 0.016596
v 0.000053 -0.008907 0.016596
v -0.008630 -0.001781 0.016596
v -0.008378 -0.002612 0.016596
v -0.008800 -0.000054 0.016596
v -0.008715 -0.000918 0.016596
v -0.008630 0.001673 0.016596
v -0.008715 0.000809 0.016596
v -0.008126 0.003334 0.016596
v -0.008378 0.002503 0.016596
v -0.007308 0.004864 0.016596
v -0.007717 0.004099 0.016596
v -0.006207 0.006206 0.016596
v -0.006757 0.005535 0.016596
v -0.004865 0.007307 0.016596
v -0.005536 0.006756 0.016596
v -0.003335 0.008125 0.016596
v -0.004100 0.007716 0.016596
v -0.001674 0.008629 0.016596
v -0.002504 0.008377 0.016596
v 0.000053 0.008799 0.016596
v -0.000810 0.008714 0.016596
v 0.001780 0.008629 0.016596
v 0.000917 0.008714 0.016596
v 0.003441 0.008125 0.016596
v 0.002611 0.008377 0.016596
v 0.004972 0.007307 0.016596
v 0.004206 0.007716 0.016596
v 0.005643 0.006756 0.016596
v 0.000917 -0.008822 0.013954
v 0.000053 -0.008907 0.013954
v -0.000810 -0.008822 0.013954
v -0.001674 -0.008737 0.013954
v -0.002504 -0.008485 0.013954
v -0.003335 -0.008233 0.013954
v -0.004100 -0.007824 0.013954
v -0.004865 -0.007415 0.013954
v -0.005536 -0.006865 0.013954
v -0.006207 -0.006314 0.013954
v -0.006757 -0.005643 0.013954
v -0.007308 -0.004973 0.013954
v -0.007717 -0.004207 0.013954
v -0.008126 -0.003442 0.013954
v -0.008378 -0.002612 0.013954
v -0.008630 -0.001781 0.013954
v -0.008715 -0.000918 0.013954
v -0.008800 -0.000054 0.013954
v -0.008715 0.000809 0.013954
v -0.008630 0.001673 0.013954
v -0.008378 0.002503 0.013954
v -0.008126 0.003334 0.013954
v -0.007717 0.004099 0.013954
v -0.007308 0.004864 0.013954
v -0.006757 0.005535 0.013954
v -0.006207 0.006206 0.013954
v -0.005536 0.006756 0.013954
v -0.004865 0.007307 0.013954
v -0.004100 0.007716 0.013954
v -0.003335 0.008125 0.013954
v -0.002504 0.008377 0.013954
v -0.001674 0.008629 0.013954
v -0.000810 0.008714 0.013954
v 0.000053 0.008799 0.013954
v 0.000917 0.008714 0.013954
v 0.001780 0.008629 0.013954
v 0.002611 0.008377 0.013954
v 0.003441 0.008125 0.013954
v 0.004206 0.007716 0.013954
v 0.004972 0.007307 0.013954
v 0.005643 0.006756 0.013954
v 0.006313 0.006206 0.013954
v 0.006864 0.005535 0.013954
v 0.007414 0.004864 0.013954
v 0.007823 0.004099 0.013954
v 0.008232 0.003334 0.013954
v 0.008484 0.002503 0.013954
v 0.008736 0.001673 0.013954
v 0.008821 0.000809 0.013954
v 0.008906 -0.000054 0.013954
v 0.008821 -0.000918 0.013954
v 0.008736 -0.001781 0.013954
v 0.008484 -0.002612 0.013954
v 0.008232 -0.003442 0.013954
v 0.007823 -0.004207 0.013954
v 0.007414 -0.004973 0.013954
v 0.006864 -0.005643 0.013954
v 0.006313 -0.006314 0.013954
v 0.005643 -0.006865 0.013954
v 0.004972 -0.007415 0.013954
v 0.004206 -0.007824 0.013954
v 0.003441 -0.008233 0.013954
v 0.002611 -0.008485 0.013954
v 0.001780 -0.008737 0.013954
v 0.003441 -0.008233 0.013954
v 0.004206 -0.007824 0.013954
v -0.006207 -0.006314 0.013954
v -0.005536 -0.006865 0.013954
v 0.008821 -0.000918 0.013954
v 0.008906 -0.000054 0.013954
v 0.001780 -0.008737 0.013954
v 0.002611 -0.008485 0.013954
v -0.007308 -0.004973 0.013954
v -0.006757 -0.005643 0.013954
v 0.008484 -0.002612 0.013954
v 0.008736 -0.001781 0.013954
v 0.000053 -0.008907 0.013954
v 0.000917 -0.008822 0.013954
v -0.008126 -0.003442 0.013954
v -0.007717 -0.004207 0.013954
v 0.007823 -0.004207 0.013954
v 0.008232 -0.003442 0.013954
v -0.000810 -0.008822 0.013954
v 0.000053 -0.008907 0.013954
v -0.008630 -0.001781 0.013954
v -0.008378 -0.002612 0.013954
v 0.006864 -0.005643 0.013954
v 0.007414 -0.004973 0.013954
v -0.002504 -0.008485 0.013954
v -0.001674 -0.008737 0.013954
v -0.008800 -0.000054 0.013954
v -0.008715 -0.000918 0.013954
v 0.005643 -0.006865 0.013954
v 0.006313 -0.006314 0.013954
v -0.004100 -0.007824 0.013954
v -0.003335 -0.008233 0.013954
v -0.008630 0.001673 0.013954
v -0.008715 0.000809 0.013954
v 0.004972 -0.007415 0.013954
v -0.004865 -0.007415 0.013954
v -0.008126 0.003334 0.013954
v -0.008378 0.002503 0.013954
v -0.007308 0.004864 0.013954
v -0.007717 0.004099 0.013954
v -0.006207 0.006206 0.013954
v -0.006757 0.005535 0.013954
v -0.004865 0.007307 0.013954
v -0.005536 0.006756 0.013954
v -0.003335 0.008125 0.013954
v -0.004100 0.007716 0.013954
v -0.001674 0.008629 0.013954
v -0.002504 0.008377 0.013954
v 0.000053 0.008799 0.013954
v -0.000810 0.008714 0.013954
v 0.001780 0.008629 0.013954
v 0.000917 0.008714 0.013954
v 0.003441 0.008125 0.013954
v 0.002611 0.008377 0.013954
v 0.004972 0.007307 0.013954
v 0.004206 0.007716 0.013954
v 0.006313 0.006206 0.013954
v 0.005643 0.006756 0.013954
v 0.007414 0.004864 0.013954
v 0.006864 0.005535 0.013954
v 0.008232 0.003334 0.013954
v 0.007823 0.004099 0.013954
v 0.008484 0.002503 0.013954
v 0.014449 -0.016673 0.495498
v 0.013623 -0.017389 0.495498
v 0.018765 -0.011812 0.486013
v 0.021972 -0.002561 0.495498
v 0.021894 -0.003652 0.495498
v 0.017442 -0.013512 0.495498
v 0.016772 -0.014376 0.495498
v 0.020727 -0.007902 0.486013
v 0.022067 0.001796 0.495498
v 0.022204 0.000711 0.495498
v 0.019761 -0.009828 0.495498
v 0.019272 -0.010806 0.495498
v 0.021311 0.006088 0.495498
v 0.021657 0.005051 0.495498
v 0.021317 -0.005762 0.495498
v 0.021028 -0.006817 0.495498
v 0.019732 0.010151 0.495498
v 0.020273 0.009201 0.495498
v 0.022049 -0.001471 0.495498
v 0.021320 0.006056 0.486013
v 0.017390 0.013827 0.495498
v 0.018107 0.013001 0.495498
v 0.021930 0.002881 0.495498
v 0.019747 0.010121 0.486013
v 0.014377 0.016975 0.495498
v 0.015241 0.016305 0.495498
v 0.020965 0.007126 0.495498
v 0.017411 0.013801 0.486013
v 0.010807 0.019476 0.495498
v 0.011785 0.018987 0.495498
v 0.019190 0.011101 0.495498
v 0.014402 0.016954 0.486013
v 0.006817 0.021231 0.495498
v 0.007872 0.020943 0.495498
v 0.020975 0.007094 0.486013
v 0.016674 0.014653 0.495498
v 0.010835 0.019459 0.486013
v 0.002562 0.022175 0.495498
v 0.003653 0.022098 0.495498
v 0.019206 0.011072 0.486013
v 0.013513 0.017646 0.495498
v 0.006849 0.021221 0.486013
v -0.001795 0.022271 0.495498
v -0.000710 0.022408 0.495498
v 0.016695 0.014628 0.486013
v 0.009828 0.019965 0.495498
v 0.002595 0.022171 0.486013
v -0.006087 0.021514 0.495498
v -0.005050 0.021860 0.495498
v 0.013539 0.017626 0.486013
v 0.005763 0.021520 0.495498
v -0.001762 0.022273 0.486013
v -0.010150 0.019935 0.495498
v -0.009200 0.020477 0.495498
v 0.009858 0.019950 0.486013
v 0.001472 0.022253 0.495498
v -0.006055 0.021523 0.486013
v -0.013826 0.017594 0.495498
v -0.013000 0.018310 0.495498
v 0.005795 0.021511 0.486013
v -0.002880 0.022134 0.495498
v -0.010120 0.019950 0.486013
v -0.016975 0.014580 0.495498
v -0.016304 0.015444 0.495498
v 0.001505 0.022250 0.486013
v -0.007125 0.021169 0.495498
v -0.013800 0.017614 0.486013
v -0.019475 0.011010 0.495498
v -0.018986 0.011988 0.495498
v -0.002847 0.022138 0.486013
v -0.011100 0.019394 0.495498
v -0.016953 0.014605 0.486013
v -0.021231 0.007021 0.495498
v -0.020942 0.008076 0.495498
v -0.007093 0.021179 0.486013
v -0.014652 0.016877 0.495498
v -0.019459 0.011039 0.486013
v -0.022175 0.002766 0.495498
v -0.022097 0.003857 0.495498
v -0.011071 0.019410 0.486013
v -0.017645 0.013716 0.495498
v -0.021220 0.007053 0.486013
v -0.022270 -0.001591 0.495498
v -0.022407 -0.000506 0.495498
v -0.014627 0.016899 0.486013
v -0.019964 0.010032 0.495498
v -0.022171 0.002799 0.486013
v -0.021514 -0.005884 0.495498
v -0.021860 -0.004846 0.495498
v -0.017625 0.013742 0.486013
v -0.021520 0.005966 0.495498
v -0.022273 -0.001558 0.486013
v -0.019934 -0.009946 0.495498
v -0.020476 -0.008996 0.495498
v -0.019949 0.010062 0.486013
v -0.022252 0.001675 0.495498
v -0.021523 -0.005852 0.486013
v -0.017593 -0.013622 0.495498
v -0.018310 -0.012796 0.495498
v -0.021511 0.005998 0.486013
v -0.022133 -0.002676 0.495498
v 0.021378 -0.009384 0.484482
v 0.021896 -0.008351 0.484482
v 0.020237 -0.008880 0.486013
v 0.019114 -0.013392 0.484482
v 0.019824 -0.012480 0.484482
v 0.018094 -0.012675 0.486013
v 0.016113 -0.016881 0.484482
v 0.016986 -0.016126 0.484482
v 0.016078 -0.015264 0.486013
v 0.015251 -0.015979 0.486013
v 0.012488 -0.019718 0.484482
v 0.013492 -0.019148 0.484482
v 0.012770 -0.018125 0.486013
v 0.011819 -0.018665 0.486013
v 0.008379 -0.021793 0.484482
v 0.009475 -0.021430 0.484482
v 0.008966 -0.020286 0.486013
v 0.007928 -0.020630 0.486013
v 0.003944 -0.023027 0.484482
v 0.005090 -0.022884 0.484482
v 0.004815 -0.021663 0.486013
v 0.003729 -0.021798 0.486013
v -0.000646 -0.023372 0.484482
v 0.000506 -0.023455 0.484482
v 0.000474 -0.022204 0.486013
v -0.000617 -0.022125 0.486013
v -0.005215 -0.022815 0.484482
v -0.004101 -0.023121 0.484482
v -0.003889 -0.021888 0.486013
v -0.004943 -0.021597 0.486013
v -0.009588 -0.021377 0.484482
v -0.008555 -0.021895 0.484482
v -0.008106 -0.020726 0.486013
v -0.009084 -0.020236 0.486013
v -0.013596 -0.019113 0.484482
v -0.012684 -0.019823 0.484482
v -0.012016 -0.018764 0.486013
v -0.012879 -0.018093 0.486013
v -0.018596 -0.014364 0.484482
v -0.017841 -0.015238 0.484482
v -0.016898 -0.014423 0.486013
v -0.017614 -0.013596 0.486013
v -0.021063 -0.010478 0.484482
v -0.020493 -0.011483 0.484482
v -0.019409 -0.010867 0.486013
v -0.019949 -0.009916 0.486013
v -0.022725 -0.006186 0.484482
v -0.022361 -0.007282 0.484482
v -0.021178 -0.006890 0.486013
v -0.023517 -0.001651 0.484482
v -0.023374 -0.002797 0.484482
v -0.022137 -0.002643 0.486013
v -0.023409 0.002950 0.484482
v -0.023492 0.001798 0.484482
v -0.022250 0.001708 0.486013
v -0.022405 0.007443 0.484482
v -0.022712 0.006329 0.484482
v -0.020545 0.011653 0.484482
v -0.021063 0.010621 0.484482
v -0.017899 0.015419 0.484482
v -0.018608 0.014508 0.484482
v -0.014568 0.018597 0.484482
v -0.015442 0.017841 0.484482
v -0.010682 0.021064 0.484482
v -0.011686 0.020493 0.484482
v -0.006390 0.022725 0.484482
v -0.007486 0.022362 0.484482
v -0.001855 0.023517 0.484482
v -0.003001 0.023375 0.484482
v 0.002747 0.023410 0.484482
v 0.001595 0.023493 0.484482
v 0.007239 0.022406 0.484482
v 0.006125 0.022713 0.484482
v 0.011449 0.020546 0.484482
v 0.010417 0.021063 0.484482
v 0.015216 0.017899 0.484482
v 0.014304 0.018609 0.484482
v 0.018393 0.014569 0.484482
v 0.017638 0.015443 0.484482
v 0.020860 0.010683 0.484482
v 0.020290 0.011687 0.484482
v 0.022522 0.006390 0.484482
v 0.022158 0.007487 0.484482
v 0.022522 0.006390 0.473553
v 0.022158 0.007487 0.473553
v 0.022787 0.007695 0.475220
v 0.023160 0.006568 0.475220
v 0.023828 0.003084 0.482816
v 0.023828 0.003084 0.475220
v 0.023681 0.004262 0.475220
v 0.023534 0.005441 0.475220
v 0.023534 0.005441 0.482816
v 0.023681 0.004262 0.482816
v 0.020860 0.010683 0.473553
v 0.020290 0.011687 0.473553
v 0.020866 0.012014 0.475220
v 0.021452 0.010982 0.475220
v -0.003083 0.024032 0.482816
v -0.003083 0.024032 0.475220
v -0.004262 0.023885 0.475220
v -0.005440 0.023738 0.475220
v -0.005440 0.023738 0.482816
v -0.004262 0.023885 0.482816
v 0.018393 0.014569 0.473553
v 0.017638 0.015443 0.473553
v 0.018139 0.015876 0.475220
v 0.018915 0.014978 0.475220
v -0.024325 -0.000522 0.482816
v -0.024325 -0.000522 0.475220
v -0.024178 -0.001701 0.475220
v -0.024031 -0.002879 0.475220
v -0.024031 -0.002879 0.482816
v -0.024178 -0.001701 0.482816
v 0.015216 0.017899 0.473553
v 0.014304 0.018609 0.473553
v 0.014711 0.019131 0.475220
v 0.015648 0.018402 0.475220
v 0.020866 0.012014 0.482816
v 0.020279 0.013047 0.475220
v 0.019692 0.014079 0.475220
v 0.019692 0.014079 0.482816
v 0.020279 0.013047 0.482816
v 0.011449 0.020546 0.473553
v 0.010417 0.021063 0.473553
v 0.010714 0.021655 0.475220
v 0.011775 0.021123 0.475220
v -0.023737 -0.005236 0.482816
v -0.023737 -0.005236 0.475220
v -0.023363 -0.006363 0.475220
v -0.022989 -0.007490 0.475220
v -0.022989 -0.007490 0.482816
v -0.023363 -0.006363 0.482816
v 0.007239 0.022406 0.473553
v 0.006125 0.022713 0.473553
v 0.006301 0.023351 0.475220
v 0.007446 0.023036 0.475220
v -0.022720 0.008795 0.482816
v -0.022720 0.008795 0.475220
v -0.023035 0.007650 0.475220
v -0.023350 0.006505 0.475220
v -0.023350 0.006505 0.482816
v -0.023035 0.007650 0.482816
v 0.002747 0.023410 0.473553
v 0.001595 0.023493 0.473553
v 0.001643 0.024154 0.475220
v 0.002827 0.024068 0.475220
v 0.013876 -0.019691 0.482816
v 0.013876 -0.019691 0.475220
v 0.014774 -0.018914 0.475220
v 0.015672 -0.018138 0.475220
v 0.015672 -0.018138 0.482816
v 0.014774 -0.018914 0.482816
v -0.001855 0.023517 0.473553
v -0.003001 0.023375 0.473553
v -0.001905 0.024179 0.475220
v -0.014079 0.019896 0.482816
v -0.014079 0.019896 0.475220
v -0.014977 0.019119 0.475220
v -0.015875 0.018342 0.475220
v -0.015875 0.018342 0.482816
v -0.014977 0.019119 0.482816
v -0.006390 0.022725 0.473553
v -0.007486 0.022362 0.473553
v -0.007694 0.022990 0.475220
v -0.006567 0.023364 0.475220
v -0.023666 0.005360 0.475220
v -0.023981 0.004215 0.475220
v -0.023981 0.004215 0.482816
v -0.023666 0.005360 0.482816
v -0.010682 0.021064 0.473553
v -0.011686 0.020493 0.473553
v -0.012014 0.021069 0.475220
v -0.010981 0.021656 0.475220
v -0.012014 0.021069 0.482816
v -0.013046 0.020483 0.475220
v -0.013046 0.020483 0.482816
v -0.014568 0.018597 0.473553
v -0.015442 0.017841 0.473553
v -0.006504 -0.023147 0.482816
v -0.006504 -0.023147 0.475220
v -0.005359 -0.023462 0.475220
v -0.004214 -0.023777 0.475220
v -0.004214 -0.023777 0.482816
v -0.005359 -0.023462 0.482816
v -0.017899 0.015419 0.473553
v -0.018608 0.014508 0.473553
v -0.019131 0.014915 0.475220
v -0.018401 0.015852 0.475220
v -0.019131 0.014915 0.482816
v -0.019860 0.013978 0.475220
v -0.020589 0.013040 0.475220
v -0.020589 0.013040 0.482816
v -0.019860 0.013978 0.482816
v -0.020545 0.011653 0.473553
v -0.021063 0.010621 0.473553
v -0.021655 0.010918 0.475220
v -0.021122 0.011979 0.475220
v -0.021068 -0.011810 0.482816
v -0.021068 -0.011810 0.475220
v -0.020482 -0.012842 0.475220
v -0.019895 -0.013875 0.475220
v -0.019895 -0.013875 0.482816
v -0.020482 -0.012842 0.482816
v -0.022405 0.007443 0.473553
v -0.022712 0.006329 0.473553
v 0.022039 0.009949 0.482816
v 0.022039 0.009949 0.475220
v 0.021452 0.010982 0.482816
v -0.023409 0.002950 0.473553
v -0.023492 0.001798 0.473553
v -0.024153 0.001846 0.475220
v -0.024067 0.003031 0.475220
v 0.009746 -0.022038 0.482816
v 0.009746 -0.022038 0.475220
v 0.010778 -0.021451 0.475220
v 0.011811 -0.020864 0.475220
v 0.011811 -0.020864 0.482816
v 0.010778 -0.021451 0.482816
v -0.023517 -0.001651 0.473553
v -0.023374 -0.002797 0.473553
v -0.023884 -0.004058 0.475220
v -0.023884 -0.004058 0.482816
v -0.022725 -0.006186 0.473553
v -0.022361 -0.007282 0.473553
v 0.018139 0.015876 0.482816
v 0.018915 0.014978 0.482816
v -0.021063 -0.010478 0.473553
v -0.020493 -0.011483 0.473553
v -0.021655 -0.010777 0.475220
v -0.024153 0.001846 0.482816
v -0.024239 0.000662 0.475220
v -0.024239 0.000662 0.482816
v -0.018596 -0.014364 0.473553
v -0.017841 -0.015238 0.473553
v -0.018342 -0.015671 0.475220
v -0.019118 -0.014773 0.475220
v -0.000726 0.024325 0.482816
v -0.000726 0.024325 0.475220
v -0.001905 0.024179 0.482816
v -0.013596 -0.019113 0.473553
v -0.012684 -0.019823 0.473553
v -0.013040 -0.020385 0.475220
v -0.013977 -0.019656 0.475220
v -0.009949 0.022242 0.482816
v -0.009949 0.022242 0.475220
v -0.010981 0.021656 0.482816
v -0.009588 -0.021377 0.473553
v -0.008555 -0.021895 0.473553
v -0.008794 -0.022516 0.475220
v -0.009855 -0.021983 0.475220
v 0.000523 -0.024121 0.482816
v 0.000523 -0.024121 0.475220
v 0.001702 -0.023974 0.475220
v 0.002880 -0.023827 0.475220
v 0.002880 -0.023827 0.482816
v 0.001702 -0.023974 0.482816
v -0.005215 -0.022815 0.473553
v -0.004101 -0.023121 0.473553
v -0.024067 0.003031 0.482816
v -0.000646 -0.023372 0.473553
v 0.000506 -0.023455 0.473553
v -0.000661 -0.024035 0.475220
v -0.022242 -0.009745 0.482816
v -0.022242 -0.009745 0.475220
v -0.021655 -0.010777 0.482816
v 0.003944 -0.023027 0.473553
v 0.005090 -0.022884 0.473553
v 0.005237 -0.023533 0.475220
v 0.004059 -0.023680 0.475220
v -0.008794 -0.022516 0.482816
v -0.007649 -0.022831 0.475220
v -0.007649 -0.022831 0.482816
v 0.008379 -0.021793 0.473553
v 0.009475 -0.021430 0.473553
v 0.008618 -0.022412 0.475220
v 0.008591 0.022721 0.482816
v 0.008591 0.022721 0.475220
v 0.006301 0.023351 0.482816
v 0.007446 0.023036 0.482816
v 0.012488 -0.019718 0.473553
v 0.013492 -0.019148 0.473553
v 0.012843 -0.020278 0.475220
v 0.023148 -0.006300 0.482816
v 0.023148 -0.006300 0.475220
v 0.023463 -0.005155 0.475220
v 0.023778 -0.004011 0.475220
v 0.023778 -0.004011 0.482816
v 0.023463 -0.005155 0.482816
v 0.016113 -0.016881 0.473553
v 0.016986 -0.016126 0.473553
v 0.017469 -0.016584 0.475220
v 0.016570 -0.017361 0.475220
v 0.014711 0.019131 0.482816
v 0.013774 0.019861 0.475220
v 0.012837 0.020590 0.475220
v 0.012837 0.020590 0.482816
v 0.013774 0.019861 0.482816
v 0.019114 -0.013392 0.473553
v 0.019824 -0.012480 0.473553
v 0.020387 -0.012836 0.475220
v 0.019657 -0.013773 0.475220
v 0.017362 0.016774 0.475220
v 0.016585 0.017672 0.475220
v 0.016585 0.017672 0.482816
v 0.017362 0.016774 0.482816
v 0.021378 -0.009384 0.473553
v 0.021896 -0.008351 0.473553
v 0.022517 -0.008590 0.475220
v 0.021984 -0.009652 0.475220
v 0.022787 0.007695 0.482816
v 0.023160 0.006568 0.482816
v 0.023314 0.001856 0.473553
v 0.023171 0.003002 0.473553
v 0.023975 0.001906 0.475220
v 0.004011 0.023982 0.482816
v 0.004011 0.023982 0.475220
v 0.001643 0.024154 0.482816
v 0.002827 0.024068 0.482816
v -0.017085 -0.016112 0.473553
v -0.016330 -0.016985 0.473553
v -0.016788 -0.017468 0.475220
v -0.017565 -0.016569 0.475220
v 0.023864 -0.002826 0.475220
v 0.023950 -0.001642 0.475220
v 0.023950 -0.001642 0.482816
v 0.023864 -0.002826 0.482816
v 0.023206 -0.002746 0.473553
v 0.023289 -0.001594 0.473553
v -0.003030 -0.023863 0.475220
v -0.001846 -0.023949 0.475220
v -0.001846 -0.023949 0.482816
v -0.003030 -0.023863 0.482816
v -0.019922 -0.012487 0.473553
v -0.019352 -0.013491 0.473553
v -0.014914 -0.018927 0.482816
v -0.014914 -0.018927 0.475220
v -0.013040 -0.020385 0.482816
v -0.013977 -0.019656 0.482816
v 0.022202 -0.007238 0.473553
v 0.022509 -0.006125 0.473553
v 0.022832 -0.007445 0.475220
v -0.018342 -0.015671 0.482816
v -0.016788 -0.017468 0.482816
v -0.017565 -0.016569 0.482816
v -0.021997 -0.008378 0.473553
v -0.021634 -0.009474 0.473553
v -0.022616 -0.008618 0.475220
v -0.000661 -0.024035 0.482816
v 0.020342 -0.011448 0.473553
v 0.020860 -0.010416 0.473553
v 0.021452 -0.010713 0.475220
v 0.020919 -0.011774 0.475220
v 0.015648 0.018402 0.482816
v -0.023231 -0.003943 0.473553
v -0.023088 -0.005090 0.473553
v 0.020387 -0.012836 0.482816
v 0.021452 -0.010713 0.482816
v 0.020919 -0.011774 0.482816
v 0.017696 -0.015215 0.473553
v 0.018405 -0.014303 0.473553
v 0.018928 -0.014710 0.475220
v 0.018198 -0.015647 0.475220
v -0.021655 0.010918 0.482816
v -0.022187 0.009856 0.475220
v -0.022187 0.009856 0.482816
v -0.023576 0.000647 0.473553
v -0.023659 -0.000505 0.473553
v 0.017469 -0.016584 0.482816
v 0.018928 -0.014710 0.482816
v 0.018198 -0.015647 0.482816
v 0.014365 -0.018392 0.473553
v 0.015239 -0.017637 0.473553
v 0.022517 -0.008590 0.482816
v 0.021984 -0.009652 0.482816
v -0.023019 0.005216 0.473553
v -0.023325 0.004102 0.473553
v -0.016773 0.017566 0.475220
v -0.017672 0.016789 0.475220
v -0.017672 0.016789 0.482816
v -0.016773 0.017566 0.482816
v 0.010479 -0.020859 0.473553
v 0.011484 -0.020289 0.473553
v -0.007694 0.022990 0.482816
v -0.006567 0.023364 0.482816
v -0.021581 0.009588 0.473553
v -0.022099 0.008556 0.473553
v -0.019118 -0.014773 0.482816
v 0.006187 -0.022521 0.473553
v 0.007283 -0.022157 0.473553
v 0.007491 -0.022786 0.475220
v 0.006364 -0.023159 0.475220
v 0.007491 -0.022786 0.482816
v 0.008618 -0.022412 0.482816
v -0.019317 0.013596 0.473553
v -0.020027 0.012685 0.473553
v -0.011978 -0.020918 0.475220
v -0.010917 -0.021451 0.475220
v -0.010917 -0.021451 0.482816
v -0.011978 -0.020918 0.482816
v 0.001652 -0.023313 0.473553
v 0.002798 -0.023170 0.473553
v 0.010714 0.021655 0.482816
v 0.009653 0.022188 0.475220
v 0.009653 0.022188 0.482816
v -0.016316 0.017086 0.473553
v -0.017189 0.016331 0.473553
v -0.009855 -0.021983 0.482816
v -0.002950 -0.023205 0.473553
v -0.001798 -0.023288 0.473553
v 0.005237 -0.023533 0.482816
v 0.006364 -0.023159 0.482816
v -0.012691 0.019923 0.473553
v -0.013695 0.019352 0.473553
v 0.011775 0.021123 0.482816
v -0.007442 -0.022201 0.473553
v -0.006328 -0.022508 0.473553
v 0.000458 0.024239 0.475220
v 0.000458 0.024239 0.482816
v -0.008582 0.021998 0.473553
v -0.009678 0.021634 0.473553
v -0.008821 0.022616 0.475220
v 0.022832 -0.007445 0.482816
v -0.011652 -0.020341 0.473553
v -0.010620 -0.020859 0.473553
v -0.004147 0.023232 0.473553
v -0.005293 0.023089 0.473553
v 0.012843 -0.020278 0.482816
v -0.015418 -0.017695 0.473553
v -0.014507 -0.018404 0.473553
v -0.015851 -0.018197 0.475220
v 0.019657 -0.013773 0.482816
v 0.000443 0.023577 0.473553
v -0.000709 0.023660 0.473553
v 0.024036 -0.000457 0.475220
v 0.024122 0.000727 0.475220
v 0.024122 0.000727 0.482816
v 0.024036 -0.000457 0.482816
v 0.005012 0.023019 0.473553
v 0.003899 0.023326 0.473553
v 0.005156 0.023667 0.475220
v -0.016788 -0.017468 0.482816
v -0.016788 -0.017468 0.475220
v -0.015851 -0.018197 0.482816
v 0.009385 0.021581 0.473553
v 0.008352 0.022099 0.473553
v 0.004059 -0.023680 0.482816
v 0.013393 0.019318 0.473553
v 0.012481 0.020028 0.473553
v 0.005156 0.023667 0.482816
v 0.016882 0.016316 0.473553
v 0.016127 0.017190 0.473553
v 0.022413 0.008822 0.475220
v 0.022413 0.008822 0.482816
v 0.019719 0.012691 0.473553
v 0.019149 0.013696 0.473553
v 0.023975 0.001906 0.482816
v 0.021794 0.008583 0.473553
v 0.021431 0.009679 0.473553
v -0.021122 0.011979 0.482816
v 0.023028 0.004148 0.473553
v 0.022885 0.005294 0.473553
v -0.018401 0.015852 0.482816
v 0.023373 -0.000442 0.473553
v 0.023457 0.000710 0.473553
v 0.016570 -0.017361 0.482816
v 0.022816 -0.005011 0.473553
v 0.023122 -0.003898 0.473553
v -0.022616 -0.008618 0.482816
v -0.014579 -0.016771 0.495498
v -0.015443 -0.016100 0.495498
v -0.021168 -0.006921 0.495498
v -0.011010 -0.019271 0.495498
v -0.011988 -0.018782 0.495498
v -0.019393 -0.010896 0.495498
v -0.004911 -0.021604 0.495498
v -0.005966 -0.021316 0.495498
v -0.016877 -0.014448 0.495498
v -0.000584 -0.022126 0.495498
v -0.001674 -0.022048 0.495498
v -0.013716 -0.017441 0.495498
v 0.003762 -0.021792 0.495498
v 0.002677 -0.021929 0.495498
v -0.010031 -0.019760 0.495498
v 0.007959 -0.020618 0.495498
v 0.006922 -0.020964 0.495498
v -0.003856 -0.021893 0.495498
v 0.011847 -0.018647 0.495498
v 0.010897 -0.019189 0.495498
v 0.000507 -0.022203 0.495498
v 0.015275 -0.015956 0.495498
v 0.004847 -0.021656 0.495498
v 0.018113 -0.012648 0.495498
v 0.008997 -0.020272 0.495498
v 0.020250 -0.008849 0.495498
v 0.012797 -0.018106 0.495498
v 0.021605 -0.004707 0.495498
v 0.016101 -0.015240 0.495498
v 0.022127 -0.000380 0.495498
v 0.018783 -0.011784 0.495498
v 0.021794 0.003966 0.495498
v 0.020739 -0.007871 0.495498
v 0.020619 0.008163 0.495498
v 0.018648 0.012051 0.495498
v 0.015957 0.015479 0.495498
v 0.012649 0.018316 0.495498
v 0.008850 0.020454 0.495498
v 0.004708 0.021809 0.495498
v 0.000381 0.022330 0.495498
v -0.003965 0.021997 0.495498
v -0.008162 0.020823 0.495498
v -0.012050 0.018852 0.495498
v -0.015478 0.016161 0.495498
v -0.018315 0.012852 0.495498
v -0.020453 0.009054 0.495498
v -0.021808 0.004912 0.495498
v -0.022329 0.000585 0.495498
v -0.021996 -0.003761 0.495498
v -0.020822 -0.007958 0.495498
v -0.018851 -0.011846 0.495498
v -0.016160 -0.015274 0.495498
v -0.012852 -0.018112 0.495498
v -0.009053 -0.020249 0.495498
v -0.008075 -0.020738 0.495498
v -0.015468 -0.016077 0.486013
v -0.007020 -0.021027 0.495498
v -0.008075 -0.020738 0.495498
v -0.002765 -0.021971 0.495498
v 0.001592 -0.022066 0.495498
v 0.005884 -0.021310 0.495498
v 0.009947 -0.019731 0.495498
v -0.008821 0.022616 0.482816
v -0.016330 -0.016985 0.484482
v -0.016330 -0.016985 0.473553
v 0.010099 0.020506 0.499291
v 0.011104 0.020003 0.499291
v 0.010807 0.019476 0.500000
v 0.009828 0.019965 0.500000
v 0.005922 0.022104 0.499291
v 0.007006 0.021807 0.499291
v 0.006817 0.021231 0.500000
v 0.005763 0.021520 0.500000
v -0.007209 -0.021602 0.499291
v -0.008292 -0.021306 0.499291
v -0.008075 -0.020738 0.500000
v -0.007020 -0.021027 0.500000
v 0.001514 0.022856 0.499291
v 0.002635 0.022777 0.499291
v 0.002562 0.022175 0.500000
v 0.001472 0.022253 0.500000
v -0.002838 -0.022572 0.499291
v -0.003958 -0.022492 0.499291
v -0.003856 -0.021893 0.500000
v -0.002765 -0.021971 0.500000
v -0.002956 0.022734 0.499291
v -0.001841 0.022875 0.499291
v -0.001795 0.022271 0.500000
v -0.002880 0.022134 0.500000
v 0.001638 -0.022670 0.499291
v 0.000524 -0.022811 0.499291
v 0.000507 -0.022203 0.500000
v 0.001592 -0.022066 0.500000
v -0.007316 0.021742 0.499291
v -0.006250 0.022098 0.499291
v -0.006087 0.021514 0.500000
v -0.007125 0.021169 0.500000
v 0.006048 -0.021893 0.499291
v 0.004982 -0.022248 0.499291
v 0.004847 -0.021656 0.500000
v 0.005884 -0.021310 0.500000
v -0.011399 0.019919 0.499291
v -0.010423 0.020476 0.499291
v -0.010150 0.019935 0.500000
v -0.011100 0.019394 0.500000
v 0.010220 -0.020271 0.499291
v 0.009245 -0.020827 0.499291
v 0.008997 -0.020272 0.500000
v 0.009947 -0.019731 0.500000
v -0.015048 0.017334 0.499291
v -0.014200 0.018070 0.499291
v -0.013826 0.017594 0.500000
v -0.014652 0.016877 0.500000
v 0.013997 -0.017866 0.499291
v 0.013148 -0.018602 0.499291
v 0.012797 -0.018106 0.500000
v 0.013623 -0.017389 0.500000
v -0.018123 0.014087 0.499291
v -0.017434 0.014975 0.499291
v -0.016975 0.014580 0.500000
v -0.017645 0.013716 0.500000
v 0.017231 -0.014770 0.499291
v 0.016543 -0.015657 0.499291
v 0.016101 -0.015240 0.500000
v 0.016772 -0.014376 0.500000
v -0.020505 0.010303 0.499291
v -0.020003 0.011307 0.499291
v -0.019475 0.011010 0.500000
v -0.019964 0.010032 0.500000
v 0.019800 -0.011103 0.499291
v 0.019297 -0.012108 0.499291
v 0.018783 -0.011784 0.500000
v 0.019272 -0.010806 0.500000
v -0.022103 0.006126 0.499291
v -0.021806 0.007210 0.499291
v -0.021231 0.007021 0.500000
v -0.021520 0.005966 0.500000
v 0.021603 -0.007005 0.499291
v 0.021307 -0.008088 0.499291
v 0.020739 -0.007871 0.500000
v 0.021028 -0.006817 0.500000
v -0.022855 0.001718 0.499291
v -0.022776 0.002839 0.499291
v -0.022175 0.002766 0.500000
v -0.022252 0.001675 0.500000
v 0.022573 -0.002634 0.499291
v 0.022493 -0.003755 0.499291
v 0.021894 -0.003652 0.500000
v 0.021972 -0.002561 0.500000
v -0.022733 -0.002752 0.499291
v -0.022874 -0.001637 0.499291
v -0.022270 -0.001591 0.500000
v -0.022133 -0.002676 0.500000
v 0.022671 0.001842 0.499291
v 0.022812 0.000728 0.499291
v 0.022204 0.000711 0.500000
v 0.022067 0.001796 0.500000
v -0.021742 -0.007112 0.499291
v -0.022097 -0.006047 0.499291
v -0.021514 -0.005884 0.500000
v -0.021168 -0.006921 0.500000
v 0.021894 0.006251 0.499291
v 0.022249 0.005186 0.499291
v 0.021657 0.005051 0.500000
v 0.021311 0.006088 0.500000
v -0.019918 -0.011195 0.499291
v -0.020475 -0.010220 0.499291
v -0.019934 -0.009946 0.500000
v -0.019393 -0.010896 0.500000
v 0.020272 0.010424 0.499291
v 0.020828 0.009448 0.499291
v 0.020273 0.009201 0.500000
v 0.019732 0.010151 0.500000
v -0.017333 -0.014844 0.499291
v -0.018070 -0.013996 0.499291
v -0.017593 -0.013622 0.500000
v -0.016877 -0.014448 0.500000
v 0.017867 0.014200 0.499291
v 0.018603 0.013352 0.499291
v 0.018107 0.013001 0.500000
v 0.017390 0.013827 0.500000
v -0.014086 -0.017919 0.499291
v -0.014974 -0.017230 0.499291
v -0.014579 -0.016771 0.500000
v -0.013716 -0.017441 0.500000
v 0.014771 0.017435 0.499291
v 0.015658 0.016746 0.499291
v 0.015241 0.016305 0.500000
v 0.014377 0.016975 0.500000
v -0.010302 -0.020301 0.499291
v -0.011307 -0.019799 0.499291
v -0.011010 -0.019271 0.500000
v -0.010031 -0.019760 0.500000
v 0.012109 0.019501 0.499291
v 0.011785 0.018987 0.500000
v -0.005042 -0.022196 0.499291
v -0.004911 -0.021604 0.500000
v 0.008089 0.021510 0.499291
v 0.007872 0.020943 0.500000
v -0.000597 -0.022731 0.499291
v -0.000584 -0.022126 0.500000
v 0.003756 0.022697 0.499291
v 0.003653 0.022098 0.500000
v 0.003867 -0.022389 0.499291
v 0.003762 -0.021792 0.500000
v -0.000727 0.023015 0.499291
v -0.000710 0.022408 0.500000
v 0.008179 -0.021182 0.499291
v 0.007959 -0.020618 0.500000
v -0.005185 0.022453 0.499291
v -0.005050 0.021860 0.500000
v 0.012172 -0.019158 0.499291
v 0.011847 -0.018647 0.500000
v -0.009448 0.021032 0.499291
v -0.009200 0.020477 0.500000
v 0.015694 -0.016394 0.499291
v 0.015275 -0.015956 0.500000
v -0.013351 0.018806 0.499291
v -0.013000 0.018310 0.500000
v 0.018609 -0.012995 0.499291
v 0.018113 -0.012648 0.500000
v -0.016746 0.015862 0.499291
v -0.016304 0.015444 0.500000
v 0.020804 -0.009093 0.499291
v 0.020250 -0.008849 0.500000
v -0.019500 0.012312 0.499291
v -0.018986 0.011988 0.500000
v 0.022197 -0.004838 0.499291
v 0.021605 -0.004707 0.500000
v -0.021510 0.008293 0.499291
v -0.020942 0.008076 0.500000
v 0.022732 -0.000393 0.499291
v 0.022127 -0.000380 0.500000
v -0.022696 0.003959 0.499291
v -0.022097 0.003857 0.500000
v 0.022390 0.004071 0.499291
v 0.021794 0.003966 0.500000
v -0.023015 -0.000523 0.499291
v -0.022407 -0.000506 0.500000
v 0.021184 0.008383 0.499291
v 0.020619 0.008163 0.500000
v -0.022452 -0.004981 0.499291
v -0.021860 -0.004846 0.500000
v 0.019159 0.012376 0.499291
v 0.018648 0.012051 0.500000
v -0.021031 -0.009244 0.499291
v -0.020476 -0.008996 0.500000
v 0.016395 0.015898 0.499291
v 0.015957 0.015479 0.500000
v -0.018806 -0.013147 0.499291
v -0.018310 -0.012796 0.500000
v 0.012996 0.018812 0.499291
v 0.012649 0.018316 0.500000
v -0.015861 -0.016542 0.499291
v -0.015443 -0.016100 0.500000
v 0.009094 0.021008 0.499291
v 0.008850 0.020454 0.500000
v -0.012311 -0.019296 0.499291
v -0.011988 -0.018782 0.500000
v 0.004839 0.022400 0.499291
v 0.004708 0.021809 0.500000
v -0.006125 -0.021899 0.499291
v -0.005966 -0.021316 0.500000
v 0.000394 0.022936 0.499291
v 0.000381 0.022330 0.500000
v -0.001717 -0.022651 0.499291
v -0.001674 -0.022048 0.500000
v -0.004070 0.022594 0.499291
v -0.003965 0.021997 0.500000
v 0.002753 -0.022529 0.499291
v 0.002677 -0.021929 0.500000
v -0.008382 0.021387 0.499291
v -0.008162 0.020823 0.500000
v 0.007113 -0.021538 0.499291
v 0.006922 -0.020964 0.500000
v -0.012375 0.019363 0.499291
v -0.012050 0.018852 0.500000
v 0.011196 -0.019714 0.499291
v 0.010897 -0.019189 0.500000
v -0.015897 0.016598 0.499291
v -0.015478 0.016161 0.500000
v 0.014845 -0.017130 0.499291
v 0.014449 -0.016673 0.500000
v -0.018812 0.013200 0.499291
v -0.018315 0.012852 0.500000
v 0.017920 -0.013883 0.499291
v 0.017442 -0.013512 0.500000
v -0.021007 0.009298 0.499291
v -0.020453 0.009054 0.500000
v 0.020302 -0.010098 0.499291
v 0.019761 -0.009828 0.500000
v -0.022400 0.005043 0.499291
v -0.021808 0.004912 0.500000
v 0.021900 -0.005922 0.499291
v 0.021317 -0.005762 0.500000
v -0.022935 0.000598 0.499291
v -0.022329 0.000585 0.500000
v 0.022652 -0.001514 0.499291
v 0.022049 -0.001471 0.500000
v -0.022593 -0.003866 0.499291
v -0.021996 -0.003761 0.500000
v 0.022531 0.002957 0.499291
v 0.021930 0.002881 0.500000
v -0.021386 -0.008178 0.499291
v -0.020822 -0.007958 0.500000
v 0.021539 0.007317 0.499291
v 0.020965 0.007126 0.500000
v -0.019362 -0.012171 0.499291
v -0.018851 -0.011846 0.500000
v 0.019715 0.011400 0.499291
v 0.019190 0.011101 0.500000
v -0.016597 -0.015693 0.499291
v -0.016160 -0.015274 0.500000
v 0.017131 0.015049 0.499291
v 0.016674 0.014653 0.500000
v -0.013199 -0.018608 0.499291
v -0.012852 -0.018112 0.500000
v 0.013884 0.018124 0.499291
v 0.013513 0.017646 0.500000
v -0.009297 -0.020803 0.499291
v -0.009053 -0.020249 0.500000
v 0.010807 0.019476 0.500000
v 0.009828 0.019965 0.500000
v 0.009828 0.019965 0.500000
v 0.010807 0.019476 0.500000
v 0.022127 -0.000380 0.500000
v 0.022204 0.000711 0.500000
v 0.022204 0.000711 0.500000
v 0.022127 -0.000380 0.500000
v 0.014377 0.016975 0.500000
v 0.013513 0.017646 0.500000
v 0.013513 0.017646 0.500000
v 0.014377 0.016975 0.500000
v 0.021605 -0.004707 0.500000
v 0.021894 -0.003652 0.500000
v 0.021894 -0.003652 0.500000
v 0.021605 -0.004707 0.500000
v 0.017390 0.013827 0.500000
v 0.016674 0.014653 0.500000
v 0.016674 0.014653 0.500000
v 0.017390 0.013827 0.500000
v 0.020250 -0.008849 0.500000
v 0.020739 -0.007871 0.500000
v 0.020739 -0.007871 0.500000
v 0.020250 -0.008849 0.500000
v 0.019732 0.010151 0.500000
v 0.019190 0.011101 0.500000
v 0.019190 0.011101 0.500000
v 0.019732 0.010151 0.500000
v 0.018113 -0.012648 0.500000
v 0.018783 -0.011784 0.500000
v 0.018783 -0.011784 0.500000
v 0.018113 -0.012648 0.500000
v 0.021311 0.006088 0.500000
v 0.020965 0.007126 0.500000
v 0.020965 0.007126 0.500000
v 0.021311 0.006088 0.500000
v 0.015275 -0.015956 0.500000
v 0.016101 -0.015240 0.500000
v 0.016101 -0.015240 0.500000
v 0.015275 -0.015956 0.500000
v -0.009053 -0.020249 0.500000
v -0.008075 -0.020738 0.500000
v -0.008075 -0.020738 0.500000
v -0.009053 -0.020249 0.500000
v 0.022067 0.001796 0.500000
v 0.021930 0.002881 0.500000
v 0.021930 0.002881 0.500000
v 0.022067 0.001796 0.500000
v 0.011847 -0.018647 0.500000
v 0.012797 -0.018106 0.500000
v 0.012797 -0.018106 0.500000
v 0.011847 -0.018647 0.500000
v -0.012852 -0.018112 0.500000
v -0.011988 -0.018782 0.500000
v -0.011988 -0.018782 0.500000
v -0.012852 -0.018112 0.500000
v 0.021972 -0.002561 0.500000
v 0.022049 -0.001471 0.500000
v 0.022049 -0.001471 0.500000
v 0.021972 -0.002561 0.500000
v 0.007959 -0.020618 0.500000
v 0.008997 -0.020272 0.500000
v 0.008997 -0.020272 0.500000
v 0.007959 -0.020618 0.500000
v -0.016160 -0.015274 0.500000
v -0.015443 -0.016100 0.500000
v -0.015443 -0.016100 0.500000
v -0.016160 -0.015274 0.500000
v 0.021028 -0.006817 0.500000
v 0.021317 -0.005762 0.500000
v 0.021317 -0.005762 0.500000
v 0.021028 -0.006817 0.500000
v 0.003762 -0.021792 0.500000
v 0.004847 -0.021656 0.500000
v 0.004847 -0.021656 0.500000
v 0.003762 -0.021792 0.500000
v -0.018851 -0.011846 0.500000
v -0.018310 -0.012796 0.500000
v -0.018310 -0.012796 0.500000
v -0.018851 -0.011846 0.500000
v 0.019272 -0.010806 0.500000
v 0.019761 -0.009828 0.500000
v 0.019761 -0.009828 0.500000
v 0.019272 -0.010806 0.500000
v -0.000584 -0.022126 0.500000
v 0.000507 -0.022203 0.500000
v 0.000507 -0.022203 0.500000
v -0.000584 -0.022126 0.500000
v -0.020822 -0.007958 0.500000
v -0.020476 -0.008996 0.500000
v -0.020476 -0.008996 0.500000
v -0.020822 -0.007958 0.500000
v 0.016772 -0.014376 0.500000
v 0.017442 -0.013512 0.500000
v 0.017442 -0.013512 0.500000
v 0.016772 -0.014376 0.500000
v -0.004911 -0.021604 0.500000
v -0.003856 -0.021893 0.500000
v -0.003856 -0.021893 0.500000
v -0.004911 -0.021604 0.500000
v -0.021996 -0.003761 0.500000
v -0.021860 -0.004846 0.500000
v -0.021860 -0.004846 0.500000
v -0.021996 -0.003761 0.500000
v 0.013623 -0.017389 0.500000
v 0.014449 -0.016673 0.500000
v 0.014449 -0.016673 0.500000
v 0.013623 -0.017389 0.500000
v -0.011010 -0.019271 0.500000
v -0.010031 -0.019760 0.500000
v -0.010031 -0.019760 0.500000
v -0.011010 -0.019271 0.500000
v -0.022329 0.000585 0.500000
v -0.022407 -0.000506 0.500000
v -0.022407 -0.000506 0.500000
v -0.022329 0.000585 0.500000
v 0.009947 -0.019731 0.500000
v 0.010897 -0.019189 0.500000
v 0.010897 -0.019189 0.500000
v 0.009947 -0.019731 0.500000
v -0.014579 -0.016771 0.500000
v -0.013716 -0.017441 0.500000
v -0.013716 -0.017441 0.500000
v -0.014579 -0.016771 0.500000
v -0.021808 0.004912 0.500000
v -0.022097 0.003857 0.500000
v -0.022097 0.003857 0.500000
v -0.021808 0.004912 0.500000
v 0.005884 -0.021310 0.500000
v 0.006922 -0.020964 0.500000
v 0.006922 -0.020964 0.500000
v 0.005884 -0.021310 0.500000
v -0.017593 -0.013622 0.500000
v -0.016877 -0.014448 0.500000
v -0.016877 -0.014448 0.500000
v -0.017593 -0.013622 0.500000
v -0.020453 0.009054 0.500000
v -0.020942 0.008076 0.500000
v -0.020942 0.008076 0.500000
v -0.020453 0.009054 0.500000
v 0.001592 -0.022066 0.500000
v 0.002677 -0.021929 0.500000
v 0.002677 -0.021929 0.500000
v 0.001592 -0.022066 0.500000
v -0.019934 -0.009946 0.500000
v -0.019393 -0.010896 0.500000
v -0.019393 -0.010896 0.500000
v -0.019934 -0.009946 0.500000
v -0.018315 0.012852 0.500000
v -0.018986 0.011988 0.500000
v -0.018986 0.011988 0.500000
v -0.018315 0.012852 0.500000
v -0.002765 -0.021971 0.500000
v -0.001674 -0.022048 0.500000
v -0.001674 -0.022048 0.500000
v -0.002765 -0.021971 0.500000
v -0.021514 -0.005884 0.500000
v -0.021168 -0.006921 0.500000
v -0.021168 -0.006921 0.500000
v -0.021514 -0.005884 0.500000
v -0.015478 0.016161 0.500000
v -0.016304 0.015444 0.500000
v -0.016304 0.015444 0.500000
v -0.015478 0.016161 0.500000
v -0.007020 -0.021027 0.500000
v -0.005966 -0.021316 0.500000
v -0.005966 -0.021316 0.500000
v -0.007020 -0.021027 0.500000
v -0.022270 -0.001591 0.500000
v -0.022133 -0.002676 0.500000
v -0.022133 -0.002676 0.500000
v -0.022270 -0.001591 0.500000
v -0.012050 0.018852 0.500000
v -0.013000 0.018310 0.500000
v -0.013000 0.018310 0.500000
v -0.012050 0.018852 0.500000
v -0.022175 0.002766 0.500000
v -0.022252 0.001675 0.500000
v -0.022252 0.001675 0.500000
v -0.022175 0.002766 0.500000
v -0.008162 0.020823 0.500000
v -0.009200 0.020477 0.500000
v -0.009200 0.020477 0.500000
v -0.008162 0.020823 0.500000
v -0.021231 0.007021 0.500000
v -0.021520 0.005966 0.500000
v -0.021520 0.005966 0.500000
v -0.021231 0.007021 0.500000
v -0.003965 0.021997 0.500000
v -0.005050 0.021860 0.500000
v -0.005050 0.021860 0.500000
v -0.003965 0.021997 0.500000
v -0.019475 0.011010 0.500000
v -0.019964 0.010032 0.500000
v -0.019964 0.010032 0.500000
v -0.019475 0.011010 0.500000
v 0.000381 0.022330 0.500000
v -0.000710 0.022408 0.500000
v -0.000710 0.022408 0.500000
v 0.000381 0.022330 0.500000
v -0.016975 0.014580 0.500000
v -0.017645 0.013716 0.500000
v -0.017645 0.013716 0.500000
v -0.016975 0.014580 0.500000
v 0.004708 0.021809 0.500000
v 0.003653 0.022098 0.500000
v 0.003653 0.022098 0.500000
v 0.004708 0.021809 0.500000
v -0.013826 0.017594 0.500000
v -0.014652 0.016877 0.500000
v -0.014652 0.016877 0.500000
v -0.013826 0.017594 0.500000
v 0.008850 0.020454 0.500000
v 0.007872 0.020943 0.500000
v 0.007872 0.020943 0.500000
v 0.008850 0.020454 0.500000
v -0.010150 0.019935 0.500000
v -0.011100 0.019394 0.500000
v -0.011100 0.019394 0.500000
v -0.010150 0.019935 0.500000
v 0.012649 0.018316 0.500000
v 0.011785 0.018987 0.500000
v 0.011785 0.018987 0.500000
v 0.012649 0.018316 0.500000
v -0.006087 0.021514 0.500000
v -0.007125 0.021169 0.500000
v -0.007125 0.021169 0.500000
v -0.006087 0.021514 0.500000
v 0.015957 0.015479 0.500000
v 0.015241 0.016305 0.500000
v 0.015241 0.016305 0.500000
v 0.015957 0.015479 0.500000
v -0.001795 0.022271 0.500000
v -0.002880 0.022134 0.500000
v -0.002880 0.022134 0.500000
v -0.001795 0.022271 0.500000
v 0.018648 0.012051 0.500000
v 0.018107 0.013001 0.500000
v 0.018107 0.013001 0.500000
v 0.018648 0.012051 0.500000
v 0.002562 0.022175 0.500000
v 0.001472 0.022253 0.500000
v 0.001472 0.022253 0.500000
v 0.002562 0.022175 0.500000
v 0.020619 0.008163 0.500000
v 0.020273 0.009201 0.500000
v 0.020273 0.009201 0.500000
v 0.020619 0.008163 0.500000
v 0.006817 0.021231 0.500000
v 0.005763 0.021520 0.500000
v 0.005763 0.021520 0.500000
v 0.006817 0.021231 0.500000
v 0.021794 0.003966 0.500000
v 0.021657 0.005051 0.500000
v 0.021657 0.005051 0.500000
v 0.021794 0.003966 0.500000
v 0.021930 0.002881 0.500000
v 0.021794 0.003966 0.500000
v 0.021657 0.005051 0.500000
v 0.007872 0.020943 0.500000
v 0.006817 0.021231 0.500000
v 0.005763 0.021520 0.500000
v 0.020965 0.007126 0.500000
v 0.020619 0.008163 0.500000
v 0.020273 0.009201 0.500000
v 0.003653 0.022098 0.500000
v 0.002562 0.022175 0.500000
v 0.001472 0.022253 0.500000
v 0.019190 0.011101 0.500000
v 0.018648 0.012051 0.500000
v 0.018107 0.013001 0.500000
v -0.000710 0.022408 0.500000
v -0.001795 0.022271 0.500000
v -0.002880 0.022134 0.500000
v 0.016674 0.014653 0.500000
v 0.015957 0.015479 0.500000
v 0.015241 0.016305 0.500000
v -0.005050 0.021860 0.500000
v -0.006087 0.021514 0.500000
v -0.007125 0.021169 0.500000
v 0.013513 0.017646 0.500000
v 0.012649 0.018316 0.500000
v 0.011785 0.018987 0.500000
v -0.009200 0.020477 0.500000
v -0.010150 0.019935 0.500000
v -0.011100 0.019394 0.500000
v 0.009828 0.019965 0.500000
v 0.008850 0.020454 0.500000
v -0.013000 0.018310 0.500000
v -0.013826 0.017594 0.500000
v -0.014652 0.016877 0.500000
v 0.004708 0.021809 0.500000
v -0.016304 0.015444 0.500000
v -0.016975 0.014580 0.500000
v -0.017645 0.013716 0.500000
v 0.000381 0.022330 0.500000
v -0.018986 0.011988 0.500000
v -0.019475 0.011010 0.500000
v -0.019964 0.010032 0.500000
v -0.003965 0.021997 0.500000
v -0.020942 0.008076 0.500000
v -0.021231 0.007021 0.500000
v -0.021520 0.005966 0.500000
v -0.008162 0.020823 0.500000
v -0.022097 0.003857 0.500000
v -0.022175 0.002766 0.500000
v -0.022252 0.001675 0.500000
v -0.012050 0.018852 0.500000
v -0.022407 -0.000506 0.500000
v -0.022270 -0.001591 0.500000
v -0.022133 -0.002676 0.500000
v -0.008075 -0.020738 0.500000
v -0.008075 -0.020738 0.500000
v -0.008075 -0.020738 0.500000
v -0.007020 -0.021027 0.500000
v -0.005966 -0.021316 0.500000
v -0.015478 0.016161 0.500000
v -0.021860 -0.004846 0.500000
v -0.021514 -0.005884 0.500000
v -0.021168 -0.006921 0.500000
v -0.003856 -0.021893 0.500000
v -0.002765 -0.021971 0.500000
v -0.001674 -0.022048 0.500000
v -0.018315 0.012852 0.500000
v -0.020476 -0.008996 0.500000
v -0.019934 -0.009946 0.500000
v -0.019393 -0.010896 0.500000
v 0.000507 -0.022203 0.500000
v 0.001592 -0.022066 0.500000
v 0.002677 -0.021929 0.500000
v -0.020453 0.009054 0.500000
v -0.018310 -0.012796 0.500000
v -0.017593 -0.013622 0.500000
v -0.016877 -0.014448 0.500000
v 0.004847 -0.021656 0.500000
v 0.005884 -0.021310 0.500000
v 0.006922 -0.020964 0.500000
v -0.021808 0.004912 0.500000
v -0.015443 -0.016100 0.500000
v -0.014579 -0.016771 0.500000
v -0.013716 -0.017441 0.500000
v 0.008997 -0.020272 0.500000
v 0.009947 -0.019731 0.500000
v 0.010897 -0.019189 0.500000
v -0.022329 0.000585 0.500000
v -0.011988 -0.018782 0.500000
v -0.011010 -0.019271 0.500000
v -0.010031 -0.019760 0.500000
v 0.012797 -0.018106 0.500000
v 0.013623 -0.017389 0.500000
v 0.014449 -0.016673 0.500000
v -0.021996 -0.003761 0.500000
v -0.004911 -0.021604 0.500000
v 0.016101 -0.015240 0.500000
v 0.016772 -0.014376 0.500000
v 0.017442 -0.013512 0.500000
v -0.020822 -0.007958 0.500000
v -0.000584 -0.022126 0.500000
v 0.018783 -0.011784 0.500000
v 0.019272 -0.010806 0.500000
v 0.019761 -0.009828 0.500000
v -0.018851 -0.011846 0.500000
v 0.003762 -0.021792 0.500000
v 0.020739 -0.007871 0.500000
v 0.021028 -0.006817 0.500000
v 0.021317 -0.005762 0.500000
v -0.016160 -0.015274 0.500000
v 0.007959 -0.020618 0.500000
v 0.021894 -0.003652 0.500000
v 0.021972 -0.002561 0.500000
v 0.022049 -0.001471 0.500000
v -0.012852 -0.018112 0.500000
v 0.011847 -0.018647 0.500000
v 0.022204 0.000711 0.500000
v 0.022067 0.001796 0.500000
v -0.009053 -0.020249 0.500000
v -0.008075 -0.020738 0.500000
v 0.015275 -0.015956 0.500000
v 0.021311 0.006088 0.500000
v 0.018113 -0.012648 0.500000
v 0.019732 0.010151 0.500000
v 0.020250 -0.008849 0.500000
v 0.017390 0.013827 0.500000
v 0.021605 -0.004707 0.500000
v 0.014377 0.016975 0.500000
v 0.022127 -0.000380 0.500000
v 0.010807 0.019476 0.500000
v 0.013513 0.017646 0.495498
v 0.014377 0.016975 0.495498
v 0.014771 0.017435 0.496208
v 0.013884 0.018124 0.496208
v 0.014971 0.017668 0.496968
v 0.014071 0.018366 0.496968
v 0.014971 0.017668 0.497749
v 0.014071 0.018366 0.497749
v 0.014971 0.017668 0.498530
v 0.014071 0.018366 0.498530
v 0.016674 0.014653 0.495498
v 0.017390 0.013827 0.495498
v 0.017867 0.014200 0.496208
v 0.017131 0.015049 0.496208
v 0.018108 0.014390 0.496968
v 0.017362 0.015250 0.496968
v 0.018108 0.014390 0.497749
v 0.017362 0.015250 0.497749
v 0.018108 0.014390 0.498530
v 0.017362 0.015250 0.498530
v 0.019190 0.011101 0.495498
v 0.019732 0.010151 0.495498
v 0.020272 0.010424 0.496208
v 0.019715 0.011400 0.496208
v 0.020545 0.010563 0.496968
v 0.019982 0.011552 0.496968
v 0.020545 0.010563 0.497749
v 0.019982 0.011552 0.497749
v 0.020545 0.010563 0.498530
v 0.019982 0.011552 0.498530
v 0.020965 0.007126 0.495498
v 0.021311 0.006088 0.495498
v 0.021894 0.006251 0.496208
v 0.021539 0.007317 0.496208
v 0.022189 0.006334 0.496968
v 0.021829 0.007414 0.496968
v 0.022189 0.006334 0.497749
v 0.021829 0.007414 0.497749
v 0.022189 0.006334 0.498530
v 0.021829 0.007414 0.498530
v 0.021930 0.002881 0.495498
v 0.022067 0.001796 0.495498
v 0.022671 0.001842 0.496208
v 0.022531 0.002957 0.496208
v 0.022977 0.001865 0.496968
v 0.022834 0.002995 0.496968
v 0.022977 0.001865 0.497749
v 0.022834 0.002995 0.497749
v 0.022977 0.001865 0.498530
v 0.022834 0.002995 0.498530
v 0.022049 -0.001471 0.495498
v 0.021972 -0.002561 0.495498
v 0.022573 -0.002634 0.496208
v 0.022652 -0.001514 0.496208
v 0.022877 -0.002671 0.496968
v 0.022958 -0.001535 0.496968
v 0.022877 -0.002671 0.497749
v 0.022958 -0.001535 0.497749
v 0.022877 -0.002671 0.498530
v 0.022958 -0.001535 0.498530
v 0.021317 -0.005762 0.495498
v 0.021028 -0.006817 0.495498
v 0.021603 -0.007005 0.496208
v 0.021900 -0.005922 0.496208
v 0.021895 -0.007100 0.496968
v 0.022195 -0.006002 0.496968
v 0.021895 -0.007100 0.497749
v 0.022195 -0.006002 0.497749
v 0.021895 -0.007100 0.498530
v 0.022195 -0.006002 0.498530
v 0.019761 -0.009828 0.495498
v 0.019272 -0.010806 0.495498
v 0.019800 -0.011103 0.496208
v 0.020302 -0.010098 0.496208
v 0.020067 -0.011253 0.496968
v 0.020576 -0.010235 0.496968
v 0.020067 -0.011253 0.497749
v 0.020576 -0.010235 0.497749
v 0.020067 -0.011253 0.498530
v 0.020576 -0.010235 0.498530
v 0.017442 -0.013512 0.495498
v 0.016772 -0.014376 0.495498
v 0.017231 -0.014770 0.496208
v 0.017920 -0.013883 0.496208
v 0.017464 -0.014970 0.496968
v 0.018162 -0.014070 0.496968
v 0.017464 -0.014970 0.497749
v 0.018162 -0.014070 0.497749
v 0.017464 -0.014970 0.498530
v 0.018162 -0.014070 0.498530
v 0.014449 -0.016673 0.495498
v 0.013623 -0.017389 0.495498
v 0.013997 -0.017866 0.496208
v 0.014845 -0.017130 0.496208
v 0.014186 -0.018107 0.496968
v 0.015046 -0.017361 0.496968
v 0.014186 -0.018107 0.497749
v 0.015046 -0.017361 0.497749
v 0.014186 -0.018107 0.498530
v 0.015046 -0.017361 0.498530
v 0.010897 -0.019189 0.495498
v 0.009947 -0.019731 0.495498
v 0.010220 -0.020271 0.496208
v 0.011196 -0.019714 0.496208
v 0.010359 -0.020544 0.496968
v 0.011348 -0.019981 0.496968
v 0.010359 -0.020544 0.497749
v 0.011348 -0.019981 0.497749
v 0.010359 -0.020544 0.498530
v 0.011348 -0.019981 0.498530
v 0.006922 -0.020964 0.495498
v 0.005884 -0.021310 0.495498
v 0.006048 -0.021893 0.496208
v 0.007113 -0.021538 0.496208
v 0.006130 -0.022188 0.496968
v 0.007210 -0.021828 0.496968
v 0.006130 -0.022188 0.497749
v 0.007210 -0.021828 0.497749
v 0.006130 -0.022188 0.498530
v 0.007210 -0.021828 0.498530
v 0.002677 -0.021929 0.495498
v 0.001592 -0.022066 0.495498
v 0.001638 -0.022670 0.496208
v 0.002753 -0.022529 0.496208
v 0.001662 -0.022976 0.496968
v 0.002791 -0.022833 0.496968
v 0.001662 -0.022976 0.497749
v 0.002791 -0.022833 0.497749
v 0.001662 -0.022976 0.498530
v 0.002791 -0.022833 0.498530
v -0.001674 -0.022048 0.495498
v -0.002765 -0.021971 0.495498
v -0.002838 -0.022572 0.496208
v -0.001717 -0.022651 0.496208
v -0.002875 -0.022876 0.496968
v -0.001739 -0.022957 0.496968
v -0.002875 -0.022876 0.497749
v -0.001739 -0.022957 0.497749
v -0.002875 -0.022876 0.498530
v -0.001739 -0.022957 0.498530
v -0.005966 -0.021316 0.495498
v -0.007020 -0.021027 0.495498
v -0.007209 -0.021602 0.496208
v -0.006125 -0.021899 0.496208
v -0.007304 -0.021894 0.496968
v -0.006206 -0.022194 0.496968
v -0.007304 -0.021894 0.497749
v -0.006206 -0.022194 0.497749
v -0.007304 -0.021894 0.498530
v -0.006206 -0.022194 0.498530
v -0.009053 -0.020249 0.495498
v -0.010031 -0.019760 0.495498
v -0.010302 -0.020301 0.496208
v -0.009297 -0.020803 0.496208
v -0.010439 -0.020575 0.496968
v -0.009421 -0.021084 0.496968
v -0.010439 -0.020575 0.497749
v -0.009421 -0.021084 0.497749
v -0.010439 -0.020575 0.498530
v -0.009421 -0.021084 0.498530
v -0.012852 -0.018112 0.495498
v -0.013716 -0.017441 0.495498
v -0.014086 -0.017919 0.496208
v -0.013199 -0.018608 0.496208
v -0.014274 -0.018161 0.496968
v -0.013375 -0.018859 0.496968
v -0.014274 -0.018161 0.497749
v -0.013375 -0.018859 0.497749
v -0.014274 -0.018161 0.498530
v -0.013375 -0.018859 0.498530
v -0.016160 -0.015274 0.495498
v -0.016877 -0.014448 0.495498
v -0.017333 -0.014844 0.496208
v -0.016597 -0.015693 0.496208
v -0.017565 -0.015045 0.496968
v -0.016819 -0.015905 0.496968
v -0.017565 -0.015045 0.497749
v -0.016819 -0.015905 0.497749
v -0.017565 -0.015045 0.498530
v -0.016819 -0.015905 0.498530
v -0.018851 -0.011846 0.495498
v -0.019393 -0.010896 0.495498
v -0.019918 -0.011195 0.496208
v -0.019362 -0.012171 0.496208
v -0.020184 -0.011347 0.496968
v -0.019621 -0.012336 0.496968
v -0.020184 -0.011347 0.497749
v -0.019621 -0.012336 0.497749
v -0.020184 -0.011347 0.498530
v -0.019621 -0.012336 0.498530
v -0.020822 -0.007958 0.495498
v -0.021168 -0.006921 0.495498
v -0.021742 -0.007112 0.496208
v -0.021386 -0.008178 0.496208
v -0.022032 -0.007209 0.496968
v -0.021672 -0.008289 0.496968
v -0.022032 -0.007209 0.497749
v -0.021672 -0.008289 0.497749
v -0.022032 -0.007209 0.498530
v -0.021672 -0.008289 0.498530
v -0.021996 -0.003761 0.495498
v -0.022133 -0.002676 0.495498
v -0.022733 -0.002752 0.496208
v -0.022593 -0.003866 0.496208
v -0.023037 -0.002790 0.496968
v -0.022895 -0.003920 0.496968
v -0.023037 -0.002790 0.497749
v -0.022895 -0.003920 0.497749
v -0.023037 -0.002790 0.498530
v -0.022895 -0.003920 0.498530
v -0.022329 0.000585 0.495498
v -0.022252 0.001675 0.495498
v -0.022855 0.001718 0.496208
v -0.022935 0.000598 0.496208
v -0.023161 0.001740 0.496968
v -0.023242 0.000604 0.496968
v -0.023161 0.001740 0.497749
v -0.023242 0.000604 0.497749
v -0.023161 0.001740 0.498530
v -0.023242 0.000604 0.498530
v -0.021808 0.004912 0.495498
v -0.021520 0.005966 0.495498
v -0.022103 0.006126 0.496208
v -0.022400 0.005043 0.496208
v -0.022398 0.006207 0.496968
v -0.022699 0.005109 0.496968
v -0.022398 0.006207 0.497749
v -0.022699 0.005109 0.497749
v -0.022398 0.006207 0.498530
v -0.022699 0.005109 0.498530
v -0.020453 0.009054 0.495498
v -0.019964 0.010032 0.495498
v -0.020505 0.010303 0.496208
v -0.021007 0.009298 0.496208
v -0.020779 0.010440 0.496968
v -0.021288 0.009421 0.496968
v -0.020779 0.010440 0.497749
v -0.021288 0.009421 0.497749
v -0.020779 0.010440 0.498530
v -0.021288 0.009421 0.498530
v -0.018315 0.012852 0.495498
v -0.017645 0.013716 0.495498
v -0.018123 0.014087 0.496208
v -0.018812 0.013200 0.496208
v -0.018365 0.014275 0.496968
v -0.019063 0.013376 0.496968
v -0.018365 0.014275 0.497749
v -0.019063 0.013376 0.497749
v -0.018365 0.014275 0.498530
v -0.019063 0.013376 0.498530
v -0.015478 0.016161 0.495498
v -0.014652 0.016877 0.495498
v -0.015048 0.017334 0.496208
v -0.015897 0.016598 0.496208
v -0.015249 0.017566 0.496968
v -0.016109 0.016820 0.496968
v -0.015249 0.017566 0.497749
v -0.016109 0.016820 0.497749
v -0.015249 0.017566 0.498530
v -0.016109 0.016820 0.498530
v -0.012050 0.018852 0.495498
v -0.011100 0.019394 0.495498
v -0.011399 0.019919 0.496208
v -0.012375 0.019363 0.496208
v -0.011551 0.020185 0.496968
v -0.012540 0.019621 0.496968
v -0.011551 0.020185 0.497749
v -0.012540 0.019621 0.497749
v -0.011551 0.020185 0.498530
v -0.012540 0.019621 0.498530
v -0.008162 0.020823 0.495498
v -0.007125 0.021169 0.495498
v -0.007316 0.021742 0.496208
v -0.008382 0.021387 0.496208
v -0.007413 0.022033 0.496968
v -0.008493 0.021673 0.496968
v -0.007413 0.022033 0.497749
v -0.008493 0.021673 0.497749
v -0.007413 0.022033 0.498530
v -0.008493 0.021673 0.498530
v -0.003965 0.021997 0.495498
v -0.002880 0.022134 0.495498
v -0.002956 0.022734 0.496208
v -0.004070 0.022594 0.496208
v -0.002994 0.023038 0.496968
v -0.004124 0.022896 0.496968
v -0.002994 0.023038 0.497749
v -0.004124 0.022896 0.497749
v -0.002994 0.023038 0.498530
v -0.004124 0.022896 0.498530
v 0.000381 0.022330 0.495498
v 0.001472 0.022253 0.495498
v 0.001514 0.022856 0.496208
v 0.000394 0.022936 0.496208
v 0.001536 0.023162 0.496968
v 0.000401 0.023242 0.496968
v 0.001536 0.023162 0.497749
v 0.000401 0.023242 0.497749
v 0.001536 0.023162 0.498530
v 0.000401 0.023242 0.498530
v 0.004708 0.021809 0.495498
v 0.005763 0.021520 0.495498
v 0.005922 0.022104 0.496208
v 0.004839 0.022400 0.496208
v 0.006003 0.022399 0.496968
v 0.004905 0.022700 0.496968
v 0.006003 0.022399 0.497749
v 0.004905 0.022700 0.497749
v 0.006003 0.022399 0.498530
v 0.004905 0.022700 0.498530
v 0.008850 0.020454 0.495498
v 0.009828 0.019965 0.495498
v 0.010099 0.020506 0.496208
v 0.009094 0.021008 0.496208
v 0.010236 0.020780 0.496968
v 0.009218 0.021289 0.496968
v 0.010236 0.020780 0.497749
v 0.009218 0.021289 0.497749
v 0.010236 0.020780 0.498530
v 0.009218 0.021289 0.498530
v -0.008075 -0.020738 0.495498
v -0.008292 -0.021306 0.496208
v -0.008402 -0.021593 0.496968
v -0.008402 -0.021593 0.497749
v -0.008402 -0.021593 0.498530
v 0.012649 0.018316 0.495498
v 0.012996 0.018812 0.496208
v 0.013172 0.019064 0.496968
v 0.013172 0.019064 0.497749
v 0.013172 0.019064 0.498530
v -0.011988 -0.018782 0.495498
v -0.012311 -0.019296 0.496208
v -0.012475 -0.019557 0.496968
v -0.012475 -0.019557 0.497749
v -0.012475 -0.019557 0.498530
v 0.015957 0.015479 0.495498
v 0.016395 0.015898 0.496208
v 0.016616 0.016110 0.496968
v 0.016616 0.016110 0.497749
v 0.016616 0.016110 0.498530
v -0.015443 -0.016100 0.495498
v -0.015861 -0.016542 0.496208
v -0.016073 -0.016765 0.496968
v -0.016073 -0.016765 0.497749
v -0.016073 -0.016765 0.498530
v 0.018648 0.012051 0.495498
v 0.019159 0.012376 0.496208
v 0.019418 0.012541 0.496968
v 0.019418 0.012541 0.497749
v 0.019418 0.012541 0.498530
v -0.018310 -0.012796 0.495498
v -0.018806 -0.013147 0.496208
v -0.019057 -0.013325 0.496968
v -0.019057 -0.013325 0.497749
v -0.019057 -0.013325 0.498530
v 0.020619 0.008163 0.495498
v 0.021184 0.008383 0.496208
v 0.021469 0.008494 0.496968
v 0.021469 0.008494 0.497749
v 0.021469 0.008494 0.498530
v -0.020476 -0.008996 0.495498
v -0.021031 -0.009244 0.496208
v -0.021312 -0.009369 0.496968
v -0.021312 -0.009369 0.497749
v -0.021312 -0.009369 0.498530
v 0.021794 0.003966 0.495498
v 0.022390 0.004071 0.496208
v 0.022692 0.004124 0.496968
v 0.022692 0.004124 0.497749
v 0.022692 0.004124 0.498530
v -0.021860 -0.004846 0.495498
v -0.022452 -0.004981 0.496208
v -0.022752 -0.005049 0.496968
v -0.022752 -0.005049 0.497749
v -0.022752 -0.005049 0.498530
v 0.022127 -0.000380 0.495498
v 0.022732 -0.000393 0.496208
v 0.023039 -0.000400 0.496968
v 0.023039 -0.000400 0.497749
v 0.023039 -0.000400 0.498530
v -0.022407 -0.000506 0.495498
v -0.023015 -0.000523 0.496208
v -0.023322 -0.000531 0.496968
v -0.023322 -0.000531 0.497749
v -0.023322 -0.000531 0.498530
v 0.021605 -0.004707 0.495498
v 0.022197 -0.004838 0.496208
v 0.022496 -0.004904 0.496968
v 0.022496 -0.004904 0.497749
v 0.022496 -0.004904 0.498530
v -0.022097 0.003857 0.495498
v -0.022696 0.003959 0.496208
v -0.023000 0.004011 0.496968
v -0.023000 0.004011 0.497749
v -0.023000 0.004011 0.498530
v 0.020250 -0.008849 0.495498
v 0.020804 -0.009093 0.496208
v 0.021085 -0.009217 0.496968
v 0.021085 -0.009217 0.497749
v 0.021085 -0.009217 0.498530
v -0.020942 0.008076 0.495498
v -0.021510 0.008293 0.496208
v -0.021797 0.008403 0.496968
v -0.021797 0.008403 0.497749
v -0.021797 0.008403 0.498530
v 0.018113 -0.012648 0.495498
v 0.018609 -0.012995 0.496208
v 0.018860 -0.013171 0.496968
v 0.018860 -0.013171 0.497749
v 0.018860 -0.013171 0.498530
v -0.018986 0.011988 0.495498
v -0.019500 0.012312 0.496208
v -0.019761 0.012476 0.496968
v -0.019761 0.012476 0.497749
v -0.019761 0.012476 0.498530
v 0.015275 -0.015956 0.495498
v 0.015694 -0.016394 0.496208
v 0.015906 -0.016615 0.496968
v 0.015906 -0.016615 0.497749
v 0.015906 -0.016615 0.498530
v -0.016304 0.015444 0.495498
v -0.016746 0.015862 0.496208
v -0.016969 0.016074 0.496968
v -0.016969 0.016074 0.497749
v -0.016969 0.016074 0.498530
v 0.011847 -0.018647 0.495498
v 0.012172 -0.019158 0.496208
v 0.012337 -0.019417 0.496968
v 0.012337 -0.019417 0.497749
v 0.012337 -0.019417 0.498530
v -0.013000 0.018310 0.495498
v -0.013351 0.018806 0.496208
v -0.013529 0.019058 0.496968
v -0.013529 0.019058 0.497749
v -0.013529 0.019058 0.498530
v 0.007959 -0.020618 0.495498
v 0.008179 -0.021182 0.496208
v 0.008290 -0.021468 0.496968
v 0.008290 -0.021468 0.497749
v 0.008290 -0.021468 0.498530
v -0.009200 0.020477 0.495498
v -0.009448 0.021032 0.496208
v -0.009573 0.021313 0.496968
v -0.009573 0.021313 0.497749
v -0.009573 0.021313 0.498530
v 0.003762 -0.021792 0.495498
v 0.003867 -0.022389 0.496208
v 0.003921 -0.022691 0.496968
v 0.003921 -0.022691 0.497749
v 0.003921 -0.022691 0.498530
v -0.005050 0.021860 0.495498
v -0.005185 0.022453 0.496208
v -0.005253 0.022753 0.496968
v -0.005253 0.022753 0.497749
v -0.005253 0.022753 0.498530
v -0.000584 -0.022126 0.495498
v -0.000597 -0.022731 0.496208
v -0.000603 -0.023038 0.496968
v -0.000603 -0.023038 0.497749
v -0.000603 -0.023038 0.498530
v -0.000710 0.022408 0.495498
v -0.000727 0.023015 0.496208
v -0.000735 0.023323 0.496968
v -0.000735 0.023323 0.497749
v -0.000735 0.023323 0.498530
v -0.004911 -0.021604 0.495498
v -0.005042 -0.022196 0.496208
v -0.005108 -0.022495 0.496968
v -0.005108 -0.022495 0.497749
v -0.005108 -0.022495 0.498530
v 0.003653 0.022098 0.495498
v 0.003756 0.022697 0.496208
v 0.003807 0.023000 0.496968
v 0.003807 0.023000 0.497749
v 0.003807 0.023000 0.498530
v -0.011010 -0.019271 0.495498
v -0.011307 -0.019799 0.496208
v -0.011457 -0.020066 0.496968
v -0.011457 -0.020066 0.497749
v -0.011457 -0.020066 0.498530
v 0.007872 0.020943 0.495498
v 0.008089 0.021510 0.496208
v 0.008199 0.021798 0.496968
v 0.008199 0.021798 0.497749
v 0.008199 0.021798 0.498530
v -0.014579 -0.016771 0.495498
v -0.014974 -0.017230 0.496208
v -0.015174 -0.017463 0.496968
v -0.015174 -0.017463 0.497749
v -0.015174 -0.017463 0.498530
v 0.011785 0.018987 0.495498
v 0.012109 0.019501 0.496208
v 0.012273 0.019762 0.496968
v 0.012273 0.019762 0.497749
v 0.012273 0.019762 0.498530
v -0.017593 -0.013622 0.495498
v -0.018070 -0.013996 0.496208
v -0.018311 -0.014185 0.496968
v -0.018311 -0.014185 0.497749
v -0.018311 -0.014185 0.498530
v 0.015241 0.016305 0.495498
v 0.015658 0.016746 0.496208
v 0.015870 0.016970 0.496968
v 0.015870 0.016970 0.497749
v 0.015870 0.016970 0.498530
v -0.019934 -0.009946 0.495498
v -0.020475 -0.010220 0.496208
v -0.020748 -0.010358 0.496968
v -0.020748 -0.010358 0.497749
v -0.020748 -0.010358 0.498530
v 0.018107 0.013001 0.495498
v 0.018603 0.013352 0.496208
v 0.018854 0.013530 0.496968
v 0.018854 0.013530 0.497749
v 0.018854 0.013530 0.498530
v -0.021514 -0.005884 0.495498
v -0.022097 -0.006047 0.496208
v -0.022392 -0.006129 0.496968
v -0.022392 -0.006129 0.497749
v -0.022392 -0.006129 0.498530
v 0.020273 0.009201 0.495498
v 0.020828 0.009448 0.496208
v 0.021109 0.009574 0.496968
v 0.021109 0.009574 0.497749
v 0.021109 0.009574 0.498530
v -0.022270 -0.001591 0.495498
v -0.022874 -0.001637 0.496208
v -0.023180 -0.001661 0.496968
v -0.023180 -0.001661 0.497749
v -0.023180 -0.001661 0.498530
v 0.021657 0.005051 0.495498
v 0.022249 0.005186 0.496208
v 0.022549 0.005254 0.496968
v 0.022549 0.005254 0.497749
v 0.022549 0.005254 0.498530
v -0.022175 0.002766 0.495498
v -0.022776 0.002839 0.496208
v -0.023080 0.002875 0.496968
v -0.023080 0.002875 0.497749
v -0.023080 0.002875 0.498530
v 0.022204 0.000711 0.495498
v 0.022812 0.000728 0.496208
v 0.023119 0.000736 0.496968
v 0.023119 0.000736 0.497749
v 0.023119 0.000736 0.498530
v -0.021231 0.007021 0.495498
v -0.021806 0.007210 0.496208
v -0.022098 0.007305 0.496968
v -0.022098 0.007305 0.497749
v -0.022098 0.007305 0.498530
v 0.021894 -0.003652 0.495498
v 0.022493 -0.003755 0.496208
v 0.022797 -0.003806 0.496968
v 0.022797 -0.003806 0.497749
v 0.022797 -0.003806 0.498530
v -0.019475 0.011010 0.495498
v -0.020003 0.011307 0.496208
v -0.020270 0.011458 0.496968
v -0.020270 0.011458 0.497749
v -0.020270 0.011458 0.498530
v 0.020739 -0.007871 0.495498
v 0.021307 -0.008088 0.496208
v 0.021594 -0.008198 0.496968
v 0.021594 -0.008198 0.497749
v 0.021594 -0.008198 0.498530
v -0.016975 0.014580 0.495498
v -0.017434 0.014975 0.496208
v -0.017667 0.015174 0.496968
v -0.017667 0.015174 0.497749
v -0.017667 0.015174 0.498530
v 0.018783 -0.011784 0.495498
v 0.019297 -0.012108 0.496208
v 0.019558 -0.012272 0.496968
v 0.019558 -0.012272 0.497749
v 0.019558 -0.012272 0.498530
v -0.013826 0.017594 0.495498
v -0.014200 0.018070 0.496208
v -0.014389 0.018312 0.496968
v -0.014389 0.018312 0.497749
v -0.014389 0.018312 0.498530
v 0.016101 -0.015240 0.495498
v 0.016543 -0.015657 0.496208
v 0.016766 -0.015869 0.496968
v 0.016766 -0.015869 0.497749
v 0.016766 -0.015869 0.498530
v -0.010150 0.019935 0.495498
v -0.010423 0.020476 0.496208
v -0.010562 0.020749 0.496968
v -0.010562 0.020749 0.497749
v -0.010562 0.020749 0.498530
v 0.012797 -0.018106 0.495498
v 0.013148 -0.018602 0.496208
v 0.013326 -0.018853 0.496968
v 0.013326 -0.018853 0.497749
v 0.013326 -0.018853 0.498530
v -0.006087 0.021514 0.495498
v -0.006250 0.022098 0.496208
v -0.006333 0.022393 0.496968
v -0.006333 0.022393 0.497749
v -0.006333 0.022393 0.498530
v 0.008997 -0.020272 0.495498
v 0.009245 -0.020827 0.496208
v 0.009370 -0.021108 0.496968
v 0.009370 -0.021108 0.497749
v 0.009370 -0.021108 0.498530
v -0.001795 0.022271 0.495498
v -0.001841 0.022875 0.496208
v -0.001865 0.023180 0.496968
v -0.001865 0.023180 0.497749
v -0.001865 0.023180 0.498530
v 0.004847 -0.021656 0.495498
v 0.004982 -0.022248 0.496208
v 0.005050 -0.022548 0.496968
v 0.005050 -0.022548 0.497749
v 0.005050 -0.022548 0.498530
v 0.002562 0.022175 0.495498
v 0.002635 0.022777 0.496208
v 0.002672 0.023081 0.496968
v 0.002672 0.023081 0.497749
v 0.002672 0.023081 0.498530
v 0.000507 -0.022203 0.495498
v 0.000524 -0.022811 0.496208
v 0.000532 -0.023118 0.496968
v 0.000532 -0.023118 0.497749
v 0.000532 -0.023118 0.498530
v 0.006817 0.021231 0.495498
v 0.007006 0.021807 0.496208
v 0.007101 0.022098 0.496968
v 0.007101 0.022098 0.497749
v 0.007101 0.022098 0.498530
v -0.003856 -0.021893 0.495498
v -0.003958 -0.022492 0.496208
v -0.004010 -0.022796 0.496968
v -0.004010 -0.022796 0.497749
v -0.004010 -0.022796 0.498530
v 0.010807 0.019476 0.495498
v 0.011104 0.020003 0.496208
v 0.011254 0.020271 0.496968
v 0.011254 0.020271 0.497749
v 0.011254 0.020271 0.498530
vn -0.1973 -0.9043 0.3785
vn -0.4206 -0.8326 0.3604
vn -0.4536 -0.6383 0.6219
vn -0.3039 -0.7407 0.5992
vn -0.9586 0.0273 0.2834
vn -0.7787 0.1874 0.5987
vn -0.7877 0.0099 0.6159
vn -0.9398 -0.1740 0.2942
vn 0.1859 0.9237 -0.3351
vn 0.1179 0.5855 0.8020
vn 0.1861 0.9236 -0.3352
vn 0.2830 0.8931 -0.3497
vn 0.1979 0.9592 0.2020
vn 0.0221 0.9942 0.1053
vn 0.1034 0.9332 -0.3443
vn 0.9440 0.1650 0.2856
vn 0.9270 0.3616 0.0997
vn 0.9805 0.1740 0.0916
vn 0.9561 -0.0140 0.2927
vn 0.6617 -0.6932 0.2857
vn 0.8159 -0.5696 0.0997
vn 0.6894 -0.7186 0.0916
vn 0.5216 -0.8004 0.2954
vn 0.2676 -0.7445 0.6116
vn 0.4284 -0.6649 0.6119
vn -0.0939 -0.9535 0.2863
vn -0.0724 -0.7351 0.6740
vn -0.1447 -0.7274 0.6708
vn -0.1871 -0.9408 0.2825
vn 0.2087 -0.1394 -0.9680
vn 0.1840 -0.1510 -0.9713
vn -0.1985 0.1629 -0.9665
vn -0.2002 0.1338 -0.9706
vn 0.0724 -0.7351 0.6740
vn -0.0388 -0.9059 0.4218
vn -0.0729 -0.8579 0.5086
vn 0.0181 -0.7415 0.6707
vn 0.2144 -0.7069 0.6740
vn 0.1387 -0.8960 0.4219
vn 0.0696 -0.8917 0.4473
vn 0.1447 -0.7274 0.6708
vn 0.3482 -0.6515 0.6740
vn 0.3108 -0.8517 0.4220
vn 0.2423 -0.8609 0.4474
vn 0.2838 -0.6852 0.6708
vn 0.4686 -0.5710 0.6740
vn 0.4709 -0.7747 0.4220
vn 0.4055 -0.7971 0.4474
vn 0.4120 -0.6166 0.6708
vn 0.5710 -0.4686 0.6740
vn 0.6130 -0.6679 0.4220
vn 0.5533 -0.7026 0.4475
vn 0.5244 -0.5244 0.6708
vn 0.6515 -0.3482 0.6740
vn 0.7315 -0.5354 0.4221
vn 0.6797 -0.5812 0.4475
vn 0.6166 -0.4120 0.6708
vn 0.7069 -0.2144 0.6740
vn 0.8219 -0.3825 0.4220
vn 0.7800 -0.4373 0.4475
vn 0.6852 -0.2838 0.6708
vn 0.7351 -0.0724 0.6740
vn 0.8808 -0.2148 0.4220
vn 0.8503 -0.2769 0.4475
vn 0.7274 -0.1447 0.6708
vn 0.7351 0.0724 0.6740
vn 0.9057 -0.0388 0.4221
vn 0.8880 -0.1057 0.4475
vn 0.7416 -0.0000 0.6708
vn 0.7069 0.2144 0.6740
vn 0.8959 0.1386 0.4220
vn 0.8916 0.0697 0.4475
vn 0.7274 0.1447 0.6708
vn 0.6515 0.3482 0.6740
vn 0.8517 0.3107 0.4220
vn 0.8608 0.2424 0.4475
vn 0.6852 0.2838 0.6708
vn 0.5710 0.4686 0.6740
vn 0.7748 0.4709 0.4219
vn 0.7970 0.4057 0.4474
vn 0.6166 0.4120 0.6708
vn 0.4686 0.5710 0.6740
vn 0.6681 0.6129 0.4218
vn 0.7027 0.5533 0.4473
vn 0.5244 0.5244 0.6708
vn 0.3482 0.6515 0.6740
vn 0.5356 0.7316 0.4218
vn 0.5812 0.6798 0.4473
vn 0.4120 0.6166 0.6708
vn 0.2144 0.7069 0.6740
vn 0.3827 0.8220 0.4217
vn 0.4375 0.7801 0.4472
vn 0.2838 0.6852 0.6708
vn 0.0724 0.7351 0.6740
vn 0.2149 0.8809 0.4216
vn 0.2768 0.8506 0.4471
vn 0.1447 0.7274 0.6708
vn -0.0724 0.7351 0.6740
vn 0.0390 0.9060 0.4215
vn 0.1057 0.8883 0.4470
vn -0.0000 0.7416 0.6708
vn -0.2144 0.7069 0.6740
vn -0.1385 0.8962 0.4215
vn -0.0696 0.8918 0.4470
vn -0.1447 0.7274 0.6708
vn -0.3482 0.6515 0.6740
vn -0.3107 0.8520 0.4214
vn -0.2422 0.8612 0.4469
vn -0.2838 0.6852 0.6708
vn -0.4686 0.5710 0.6740
vn -0.4711 0.7749 0.4214
vn -0.4056 0.7974 0.4469
vn -0.4120 0.6166 0.6708
vn -0.5710 0.4686 0.6740
vn -0.6131 0.6683 0.4213
vn -0.5533 0.7031 0.4468
vn -0.5244 0.5244 0.6708
vn -0.6515 0.3482 0.6740
vn -0.7318 0.5357 0.4213
vn -0.6798 0.5816 0.4468
vn -0.6166 0.4120 0.6708
vn -0.7069 0.2144 0.6740
vn -0.8222 0.3827 0.4213
vn -0.7803 0.4377 0.4468
vn -0.6852 0.2838 0.6708
vn -0.7351 0.0724 0.6740
vn -0.8811 0.2150 0.4213
vn -0.8507 0.2769 0.4468
vn -0.7274 0.1447 0.6708
vn -0.7351 -0.0724 0.6740
vn -0.9061 0.0389 0.4214
vn -0.8884 0.1058 0.4468
vn -0.7416 -0.0000 0.6708
vn -0.7069 -0.2144 0.6740
vn -0.8962 -0.1386 0.4214
vn -0.8919 -0.0697 0.4469
vn -0.7274 -0.1447 0.6708
vn -0.6515 -0.3482 0.6740
vn -0.8519 -0.3108 0.4214
vn -0.8612 -0.2422 0.4468
vn -0.6852 -0.2838 0.6708
vn -0.5710 -0.4686 0.6740
vn -0.7749 -0.4711 0.4215
vn -0.7974 -0.4055 0.4469
vn -0.6166 -0.4120 0.6708
vn -0.4686 -0.5710 0.6740
vn -0.6682 -0.6130 0.4215
vn -0.7028 -0.5534 0.4470
vn -0.5244 -0.5244 0.6708
vn -0.3482 -0.6515 0.6740
vn -0.5357 -0.7316 0.4216
vn -0.5815 -0.6798 0.4470
vn -0.4120 -0.6166 0.6708
vn -0.2144 -0.7069 0.6740
vn -0.3826 -0.8221 0.4217
vn -0.4375 -0.7802 0.4471
vn -0.2838 -0.6852 0.6708
vn -0.2148 -0.8809 0.4218
vn -0.2768 -0.8505 0.4472
vn -0.0833 -0.8582 -0.5065
vn -0.2599 -0.8743 -0.4098
vn 0.0858 -0.8580 -0.5064
vn 0.2516 -0.8248 -0.5064
vn 0.4076 -0.7599 -0.5064
vn 0.5481 -0.6657 -0.5063
vn 0.6674 -0.5461 -0.5063
vn 0.7612 -0.4052 -0.5063
vn 0.8256 -0.2490 -0.5064
vn 0.8583 -0.0832 -0.5064
vn 0.8580 0.0859 -0.5064
vn 0.8247 0.2517 -0.5065
vn 0.7597 0.4078 -0.5065
vn 0.6657 0.5480 -0.5066
vn 0.5458 0.6674 -0.5066
vn 0.4052 0.7610 -0.5067
vn 0.2489 0.8254 -0.5068
vn 0.0833 0.8580 -0.5068
vn -0.0856 0.8577 -0.5069
vn -0.2515 0.8245 -0.5069
vn -0.4074 0.7596 -0.5070
vn -0.5478 0.6655 -0.5070
vn -0.6673 0.5457 -0.5070
vn -0.7608 0.4052 -0.5070
vn -0.8252 0.2490 -0.5069
vn -0.8580 0.0832 -0.5069
vn -0.8577 -0.0857 -0.5069
vn -0.8245 -0.2516 -0.5068
vn -0.7596 -0.4076 -0.5068
vn -0.6657 -0.5478 -0.5067
vn -0.5458 -0.6674 -0.5067
vn -0.4052 -0.7610 -0.5066
vn -0.1153 -0.9244 0.3635
vn -0.2722 -0.7867 -0.5541
vn -0.1606 -0.7087 0.6870
vn -0.2744 -0.8579 0.4344
vn -0.4166 -0.7679 0.4866
vn -0.2796 -0.6708 0.6869
vn -0.0193 -0.7264 0.6870
vn -0.1017 -0.8949 0.4345
vn 0.1228 -0.7162 0.6870
vn 0.0747 -0.8976 0.4345
vn 0.2602 -0.6785 0.6870
vn 0.2484 -0.8657 0.4346
vn 0.3875 -0.6147 0.6870
vn 0.4125 -0.8006 0.4347
vn 0.5000 -0.5273 0.6870
vn 0.5607 -0.7047 0.4347
vn 0.5933 -0.4196 0.6870
vn 0.6874 -0.5818 0.4347
vn 0.6637 -0.2958 0.6870
vn 0.7877 -0.4366 0.4346
vn 0.7087 -0.1606 0.6870
vn 0.8578 -0.2745 0.4346
vn 0.7264 -0.0193 0.6870
vn 0.8949 -0.1018 0.4346
vn 0.7162 0.1228 0.6870
vn 0.8976 0.0747 0.4344
vn 0.6785 0.2602 0.6870
vn 0.8658 0.2484 0.4344
vn 0.6147 0.3875 0.6870
vn 0.8009 0.4124 0.4341
vn 0.5273 0.5000 0.6870
vn 0.7050 0.5608 0.4340
vn 0.4196 0.5933 0.6870
vn 0.5821 0.6876 0.4339
vn 0.2958 0.6637 0.6870
vn 0.4367 0.7880 0.4339
vn 0.1606 0.7087 0.6870
vn 0.2747 0.8582 0.4337
vn 0.0193 0.7264 0.6870
vn 0.1020 0.8953 0.4336
vn -0.1228 0.7162 0.6870
vn -0.0746 0.8981 0.4334
vn -0.2602 0.6785 0.6870
vn -0.2484 0.8662 0.4335
vn -0.3875 0.6147 0.6870
vn -0.4127 0.8012 0.4334
vn -0.5000 0.5273 0.6870
vn -0.5610 0.7053 0.4333
vn -0.5933 0.4196 0.6870
vn -0.6878 0.5823 0.4334
vn -0.6637 0.2958 0.6870
vn -0.7882 0.4368 0.4334
vn -0.7087 0.1606 0.6870
vn -0.8583 0.2746 0.4335
vn -0.7264 0.0193 0.6870
vn -0.8953 0.1019 0.4336
vn -0.7162 -0.1228 0.6870
vn -0.8980 -0.0747 0.4337
vn -0.6785 -0.2602 0.6870
vn -0.8661 -0.2484 0.4337
vn -0.6147 -0.3875 0.6870
vn -0.8009 -0.4126 0.4339
vn -0.5273 -0.5000 0.6870
vn -0.7050 -0.5609 0.4340
vn -0.4196 -0.5933 0.6870
vn -0.5820 -0.6876 0.4341
vn -0.3119 -0.6564 0.6869
vn -0.4500 -0.8110 0.3738
vn -0.4449 -0.8481 -0.2879
vn -0.6131 -0.7543 -0.2350
vn -0.2710 -0.9185 -0.2879
vn -0.0865 -0.9538 -0.2878
vn 0.1012 -0.9524 -0.2877
vn 0.2851 -0.9143 -0.2877
vn 0.4580 -0.8411 -0.2876
vn 0.6133 -0.7356 -0.2876
vn 0.7450 -0.6018 -0.2877
vn 0.8481 -0.4449 -0.2878
vn 0.9186 -0.2709 -0.2879
vn 0.9537 -0.0865 -0.2881
vn 0.9522 0.1013 -0.2881
vn 0.9141 0.2851 -0.2882
vn 0.8409 0.4578 -0.2885
vn 0.7354 0.6131 -0.2886
vn 0.6017 0.7448 -0.2887
vn 0.4448 0.8478 -0.2887
vn 0.2708 0.9183 -0.2889
vn 0.0865 0.9534 -0.2890
vn -0.1011 0.9520 -0.2890
vn -0.2848 0.9139 -0.2892
vn -0.4578 0.8408 -0.2890
vn -0.6131 0.7353 -0.2889
vn -0.7446 0.6017 -0.2891
vn -0.8477 0.4448 -0.2889
vn -0.9183 0.2708 -0.2887
vn -0.9535 0.0865 -0.2887
vn -0.9521 -0.1011 -0.2886
vn -0.9141 -0.2849 -0.2885
vn -0.8410 -0.4579 -0.2882
vn -0.7355 -0.6131 -0.2882
vn -0.5973 -0.7298 -0.3326
vn 0.3533 -0.9149 0.1954
vn 0.1299 -0.9774 0.1668
vn -0.0182 -0.9571 0.2893
vn 0.1985 -0.9499 0.2415
vn 0.4349 0.8849 0.1667
vn 0.5514 0.7469 0.3717
vn 0.3973 0.8593 0.3222
vn 0.3257 0.7397 0.5888
vn 0.4681 0.6532 0.5952
vn 0.1322 0.3861 0.9129
vn -0.0109 0.4092 0.9124
vn 0.1961 0.7699 0.6073
vn 0.9109 -0.3983 0.1077
vn 0.8226 -0.4525 -0.3443
vn 0.7822 -0.5252 -0.3352
vn 0.7756 -0.5224 -0.3542
vn 0.7821 -0.5253 -0.3352
vn 0.7168 -0.6032 -0.3497
vn -0.3049 -0.6416 -0.7039
vn -0.4101 -0.5799 -0.7040
vn -0.3973 -0.8737 -0.2808
vn -0.5542 -0.7836 -0.2808
vn -0.3976 -0.8736 0.2808
vn -0.5542 -0.7836 0.2808
vn -0.5154 -0.4887 -0.7040
vn -0.6964 -0.6604 -0.2808
vn 0.8961 0.3436 0.2808
vn 0.9459 0.1622 0.2808
vn 0.9459 0.1622 -0.2808
vn 0.8961 0.3436 -0.2808
vn 0.7836 -0.5542 0.2808
vn 0.6604 -0.6964 0.2808
vn 0.6604 -0.6964 -0.2808
vn 0.7836 -0.5542 -0.2808
vn -0.6964 -0.6604 0.2808
vn -0.6008 -0.3788 -0.7040
vn -0.8119 -0.5118 -0.2808
vn 0.3907 0.8766 0.2808
vn 0.5542 0.7836 0.2808
vn 0.5542 0.7836 -0.2808
vn 0.3907 0.8766 -0.2808
vn -0.8119 -0.5118 0.2808
vn -0.6632 -0.2543 -0.7040
vn -0.8961 -0.3436 -0.2808
vn -0.8961 -0.3436 0.2808
vn -0.7000 -0.1200 -0.7040
vn -0.9459 -0.1622 -0.2808
vn -0.9459 -0.1622 0.2808
vn -0.7100 0.0188 -0.7040
vn -0.9594 0.0255 -0.2808
vn -0.9594 0.0255 0.2808
vn -0.6927 0.1570 -0.7040
vn -0.9360 0.2122 -0.2808
vn 0.9594 -0.0255 0.2808
vn 0.9360 -0.2122 0.2808
vn 0.9360 -0.2122 -0.2808
vn 0.9594 -0.0255 -0.2808
vn -0.9360 0.2122 0.2808
vn -0.6487 0.2891 -0.7040
vn -0.8766 0.3907 -0.2808
vn -0.6604 0.6964 0.2808
vn -0.5118 0.8119 0.2808
vn -0.5118 0.8119 -0.2808
vn -0.6604 0.6964 -0.2808
vn -0.8766 0.3907 0.2808
vn -0.5799 0.4101 -0.7040
vn -0.7836 0.5542 -0.2808
vn -0.7836 0.5542 0.2808
vn -0.4887 0.5154 -0.7040
vn -0.3436 0.8961 0.2808
vn -0.1622 0.9459 0.2808
vn -0.1622 0.9459 -0.2808
vn -0.3436 0.8961 -0.2808
vn -0.3788 0.6008 -0.7040
vn -0.2543 0.6632 -0.7040
vn -0.1200 0.7000 -0.7040
vn 0.0255 0.9594 0.2808
vn 0.2121 0.9360 0.2808
vn 0.2121 0.9360 -0.2808
vn 0.0255 0.9594 -0.2808
vn 0.0188 0.7100 -0.7040
vn 0.1570 0.6927 -0.7040
vn 0.2891 0.6487 -0.7040
vn 0.4101 0.5799 -0.7040
vn 0.5154 0.4887 -0.7040
vn 0.6964 0.6604 -0.2808
vn 0.6964 0.6604 0.2808
vn 0.6008 0.3788 -0.7040
vn 0.8119 0.5118 -0.2808
vn 0.8119 0.5118 0.2808
vn 0.6632 0.2543 -0.7040
vn 0.7000 0.1200 -0.7040
vn 0.7100 -0.0188 -0.7040
vn 0.8766 -0.3907 0.2808
vn 0.8766 -0.3907 -0.2808
vn 0.6927 -0.1570 -0.7040
vn 0.5118 -0.8119 0.2808
vn 0.3436 -0.8961 0.2808
vn 0.3436 -0.8961 -0.2808
vn 0.5118 -0.8119 -0.2808
vn 0.6487 -0.2891 -0.7040
vn 0.5799 -0.4101 -0.7040
vn 0.4887 -0.5154 -0.7040
vn 0.3788 -0.6008 -0.7040
vn 0.2543 -0.6632 -0.7040
vn 0.1200 -0.7000 -0.7040
vn 0.1622 -0.9459 -0.2808
vn 0.1622 -0.9459 0.2808
vn -0.0188 -0.7100 -0.7040
vn -0.0255 -0.9594 -0.2808
vn -0.0255 -0.9594 0.2808
vn -0.1570 -0.6927 -0.7040
vn -0.2122 -0.9360 -0.2808
vn -0.2122 -0.9360 0.2808
vn -0.3829 -0.8801 0.2808
vn -0.3844 -0.8794 -0.2808
vn -0.2732 -0.6557 -0.7039
vn -0.0588 -0.5968 -0.8002
vn -0.0909 -0.9232 -0.3734
vn -0.1815 -0.9125 -0.3666
vn -0.1179 -0.5927 -0.7967
vn -0.7736 -0.5169 -0.3666
vn -0.7976 -0.5329 0.2825
vn -0.8450 -0.4517 0.2863
vn -0.8862 -0.3671 0.2825
vn -0.8595 -0.3560 -0.3666
vn -0.8181 -0.4373 -0.3734
vn -0.1741 -0.5739 -0.8002
vn -0.2693 -0.8877 -0.3734
vn -0.3560 -0.8595 -0.3666
vn -0.2313 -0.5583 -0.7967
vn -0.2827 -0.5289 -0.8002
vn -0.4373 -0.8181 -0.3734
vn -0.5169 -0.7736 -0.3666
vn -0.3357 -0.5025 -0.7967
vn -0.2781 -0.9169 0.2863
vn -0.3671 -0.8862 0.2825
vn 0.7736 -0.5169 -0.3666
vn 0.7976 -0.5329 0.2825
vn 0.7407 -0.6078 0.2863
vn 0.6783 -0.6783 0.2825
vn 0.6579 -0.6579 -0.3666
vn 0.7171 -0.5885 -0.3734
vn -0.4517 -0.8450 0.2863
vn -0.5329 -0.7976 0.2825
vn -0.3804 -0.4636 -0.8002
vn -0.5885 -0.7171 -0.3734
vn -0.6579 -0.6579 -0.3666
vn -0.4273 -0.4273 -0.7967
vn 0.5169 -0.7736 -0.3666
vn 0.5329 -0.7976 0.2825
vn 0.4517 -0.8450 0.2863
vn 0.3671 -0.8862 0.2825
vn 0.3560 -0.8595 -0.3666
vn 0.4373 -0.8181 -0.3734
vn -0.4636 -0.3804 -0.8002
vn -0.7171 -0.5885 -0.3734
vn -0.5025 -0.3357 -0.7967
vn -0.0089 -0.9304 -0.3665
vn -0.0077 -0.9592 0.2825
vn -0.5289 -0.2827 -0.8002
vn -0.5583 -0.2313 -0.7967
vn 0.1815 -0.9125 -0.3666
vn 0.1871 -0.9408 0.2825
vn 0.0939 -0.9535 0.2863
vn 0.0085 -0.9592 0.2825
vn 0.0080 -0.9304 -0.3665
vn 0.0909 -0.9232 -0.3734
vn -0.5738 -0.1741 -0.8002
vn -0.8877 -0.2693 -0.3734
vn -0.9125 -0.1815 -0.3666
vn -0.5927 -0.1179 -0.7967
vn -0.9169 -0.2781 0.2863
vn -0.9408 -0.1871 0.2825
vn 0.2781 -0.9169 0.2863
vn 0.2693 -0.8877 -0.3734
vn -0.5968 -0.0588 -0.8002
vn -0.9232 -0.0909 -0.3734
vn -0.9304 -0.0000 -0.3666
vn -0.6043 -0.0000 -0.7967
vn -0.0000 0.9304 -0.3666
vn -0.0000 0.9593 0.2825
vn 0.0939 0.9535 0.2863
vn 0.1871 0.9408 0.2825
vn 0.1815 0.9125 -0.3666
vn 0.0909 0.9232 -0.3734
vn -0.9535 -0.0939 0.2863
vn -0.9593 -0.0000 0.2825
vn -0.5968 0.0588 -0.8002
vn -0.9232 0.0909 -0.3734
vn -0.9125 0.1815 -0.3666
vn -0.5927 0.1179 -0.7967
vn -0.5738 0.1741 -0.8002
vn -0.8877 0.2693 -0.3734
vn -0.8595 0.3560 -0.3666
vn -0.5583 0.2313 -0.7967
vn 0.9304 -0.0000 -0.3666
vn 0.9593 -0.0000 0.2825
vn 0.9535 -0.0939 0.2863
vn 0.9408 -0.1871 0.2825
vn 0.9125 -0.1815 -0.3666
vn 0.9232 -0.0909 -0.3734
vn -0.9535 0.0939 0.2863
vn -0.9408 0.1871 0.2825
vn -0.9169 0.2781 0.2863
vn -0.8862 0.3671 0.2825
vn -0.5289 0.2827 -0.8002
vn -0.8181 0.4373 -0.3734
vn -0.7736 0.5169 -0.3666
vn -0.5025 0.3357 -0.7967
vn -0.4635 0.3804 -0.8002
vn -0.7171 0.5885 -0.3734
vn -0.6579 0.6579 -0.3666
vn -0.4273 0.4273 -0.7967
vn -0.3804 0.4636 -0.8002
vn -0.5885 0.7171 -0.3734
vn -0.5169 0.7736 -0.3666
vn -0.3357 0.5025 -0.7967
vn 0.7736 0.5169 -0.3666
vn 0.7976 0.5329 0.2825
vn 0.8450 0.4517 0.2863
vn 0.8862 0.3671 0.2825
vn 0.8595 0.3560 -0.3666
vn 0.8181 0.4373 -0.3734
vn -0.7976 0.5329 0.2825
vn -0.7407 0.6078 0.2863
vn -0.6783 0.6783 0.2825
vn -0.2827 0.5289 -0.8002
vn -0.4373 0.8181 -0.3734
vn -0.3560 0.8595 -0.3666
vn -0.2313 0.5583 -0.7967
vn -0.5329 0.7976 0.2825
vn -0.4517 0.8450 0.2863
vn -0.3671 0.8862 0.2825
vn -0.6078 0.7407 0.2863
vn -0.1741 0.5738 -0.8002
vn -0.2693 0.8877 -0.3734
vn -0.1815 0.9125 -0.3666
vn -0.1179 0.5927 -0.7967
vn -0.1871 0.9408 0.2825
vn -0.0939 0.9535 0.2863
vn -0.0909 0.9232 -0.3734
vn -0.0588 0.5968 -0.8002
vn -0.0000 0.6043 -0.7967
vn -0.2781 0.9169 0.2863
vn 0.0588 0.5968 -0.8002
vn 0.1179 0.5927 -0.7967
vn -0.6078 -0.7407 0.2863
vn -0.6783 -0.6783 0.2825
vn 0.1741 0.5738 -0.8002
vn 0.2693 0.8877 -0.3734
vn 0.3560 0.8595 -0.3666
vn 0.2313 0.5583 -0.7967
vn 0.2827 0.5289 -0.8002
vn 0.4373 0.8181 -0.3734
vn 0.5169 0.7736 -0.3666
vn 0.3357 0.5025 -0.7967
vn 0.3671 0.8862 0.2825
vn 0.4517 0.8450 0.2863
vn 0.5329 0.7976 0.2825
vn 0.3804 0.4636 -0.8002
vn 0.5885 0.7171 -0.3734
vn 0.6579 0.6579 -0.3666
vn 0.4273 0.4273 -0.7967
vn 0.6783 0.6783 0.2825
vn 0.7407 0.6078 0.2863
vn 0.7171 0.5885 -0.3734
vn 0.4636 0.3804 -0.8002
vn 0.5025 0.3357 -0.7967
vn 0.5289 0.2827 -0.8002
vn 0.5583 0.2313 -0.7967
vn 0.9169 0.2781 0.2863
vn 0.9408 0.1871 0.2825
vn 0.9125 0.1815 -0.3666
vn 0.8877 0.2693 -0.3734
vn 0.5738 0.1741 -0.8002
vn 0.5927 0.1179 -0.7967
vn 0.5968 0.0588 -0.8002
vn 0.9232 0.0909 -0.3734
vn 0.6043 -0.0000 -0.7967
vn 0.9535 0.0939 0.2863
vn -0.8450 0.4517 0.2863
vn 0.5968 -0.0588 -0.8002
vn 0.5927 -0.1179 -0.7967
vn -0.7407 -0.6078 0.2863
vn 0.5738 -0.1741 -0.8002
vn 0.8877 -0.2693 -0.3734
vn 0.8595 -0.3560 -0.3666
vn 0.5583 -0.2313 -0.7967
vn 0.9169 -0.2781 0.2863
vn 0.8862 -0.3671 0.2825
vn 0.5289 -0.2827 -0.8002
vn 0.8181 -0.4373 -0.3734
vn 0.5025 -0.3357 -0.7967
vn 0.6078 0.7407 0.2863
vn 0.4635 -0.3804 -0.8002
vn 0.4273 -0.4273 -0.7967
vn 0.8450 -0.4517 0.2863
vn 0.3804 -0.4636 -0.8002
vn 0.5885 -0.7171 -0.3734
vn 0.3357 -0.5025 -0.7967
vn 0.2827 -0.5289 -0.8002
vn 0.2313 -0.5583 -0.7967
vn 0.6078 -0.7407 0.2863
vn 0.1741 -0.5738 -0.8002
vn 0.1179 -0.5927 -0.7967
vn 0.2781 0.9169 0.2863
vn 0.0588 -0.5968 -0.8002
vn 0.0178 -0.6042 -0.7966
vn 0.9717 0.0251 0.2349
vn 0.9579 -0.1650 0.2349
vn 0.9798 -0.1688 -0.1076
vn 0.9939 0.0256 -0.1076
vn 0.3696 -0.8310 -0.4157
vn 0.4040 -0.9084 -0.1076
vn 0.2190 -0.9698 -0.1076
vn 0.2004 -0.8871 -0.4157
vn -0.6706 -0.4735 0.5710
vn -0.4297 -0.3041 0.8502
vn -0.5404 -0.2330 0.8085
vn -0.7501 -0.3336 0.5710
vn -0.5886 -0.5090 0.6281
vn -0.4307 -0.3724 0.8221
vn -0.4682 -0.3306 0.8194
vn -0.6375 -0.4502 0.6252
vn -0.9717 -0.0251 0.2349
vn -0.8206 -0.0212 0.5710
vn -0.8090 0.1393 0.5710
vn -0.9579 0.1650 0.2349
vn -0.6869 -0.7188 -0.1076
vn -0.6741 -0.7004 0.2349
vn -0.7940 -0.5607 0.2349
vn -0.8121 -0.5735 -0.1076
vn -0.9481 -0.2142 0.2349
vn -0.9939 -0.0256 -0.1076
vn -0.9698 -0.2190 -0.1076
vn -0.6766 -0.3844 0.6281
vn -0.4950 -0.2813 0.8221
vn -0.5237 -0.2329 0.8194
vn -0.7131 -0.3172 0.6252
vn -0.9092 -0.0235 -0.4157
vn -0.9798 0.1688 -0.1076
vn -0.8963 0.1544 -0.4157
vn -0.5607 0.7940 0.2349
vn -0.3950 0.8881 0.2349
vn -0.4040 0.9084 -0.1076
vn -0.5735 0.8121 -0.1076
vn -0.6941 0.4383 0.5710
vn -0.4957 0.3304 0.8032
vn -0.3901 0.3630 0.8462
vn -0.5953 0.5653 0.5710
vn -0.5620 0.3705 0.7395
vn -0.6058 0.4715 -0.6408
vn -0.5216 0.4733 0.7098
vn -0.4584 0.4899 0.7415
vn -0.3773 0.5343 0.7564
vn -0.3400 0.4814 0.8078
vn -0.5502 0.2250 0.8042
vn -0.6094 0.2511 0.7521
vn -0.5876 0.3244 0.7413
vn -0.7386 -0.2450 0.6281
vn -0.5404 -0.1793 0.8221
vn -0.5591 -0.1263 0.8194
vn -0.7613 -0.1719 0.6252
vn -0.6343 -0.6518 -0.4157
vn -0.7429 -0.5246 -0.4157
vn -0.5228 -0.0983 0.8468
vn -0.8007 -0.1809 0.5710
vn 0.5246 -0.7429 -0.4157
vn 0.5735 -0.8121 -0.1076
vn 0.6520 0.2387 0.7197
vn 0.6359 0.1436 0.7583
vn 0.5722 0.1291 0.8099
vn 0.4812 0.2134 0.8502
vn 0.4794 0.3382 0.8098
vn 0.5326 0.3759 0.7583
vn 0.6136 0.3248 0.7197
vn -0.7722 -0.0962 0.6281
vn -0.5650 -0.0704 0.8221
vn -0.5730 -0.0148 0.8194
vn -0.7802 -0.0201 0.6252
vn -0.8310 -0.3696 -0.4157
vn -0.8871 -0.2004 -0.4157
vn 0.8310 0.3696 -0.4157
vn 0.8871 0.2004 -0.4157
vn -0.8881 -0.3950 0.2349
vn -0.7761 0.0563 0.6281
vn -0.5679 0.0412 0.8221
vn -0.5648 0.0973 0.8194
vn -0.7691 0.1325 0.6252
vn -0.8490 0.3263 -0.4157
vn -0.7663 0.2945 0.5710
vn -0.5878 0.0880 0.8042
vn -0.6516 0.0972 0.7523
vn -0.6494 0.1788 0.7392
vn -0.7502 0.2066 0.6281
vn -0.5489 0.1512 0.8221
vn -0.5350 0.2056 0.8194
vn -0.7285 0.2800 0.6252
vn 0.6595 -0.6263 -0.4157
vn -0.4735 0.6706 0.5710
vn -0.6955 0.3490 0.6281
vn -0.5089 0.2554 0.8221
vn -0.4846 0.3060 0.8194
vn -0.6599 0.4167 0.6252
vn 0.3487 0.9073 0.2349
vn 0.5190 0.8219 0.2349
vn 0.5308 0.8406 -0.1076
vn 0.3566 0.9280 -0.1076
vn -0.4856 -0.7690 -0.4157
vn -0.5308 -0.8406 -0.1076
vn -0.6827 -0.7228 -0.1076
vn -0.6181 -0.6672 -0.4157
vn -0.6141 0.4780 0.6281
vn -0.4493 0.3497 0.8221
vn -0.4156 0.3947 0.8194
vn -0.5659 0.5375 0.6252
vn 0.8881 0.3950 0.2349
vn 0.9481 0.2142 0.2349
vn 0.9698 0.2190 -0.1076
vn 0.9084 0.4040 -0.1076
vn 0.0256 -0.9939 -0.1076
vn 0.0235 -0.9092 -0.4157
vn -0.5949 -0.0291 0.8033
vn 0.3991 -0.5417 0.7398
vn 0.3182 -0.5097 0.7993
vn 0.2733 -0.5946 0.7561
vn 0.2457 -0.5357 0.8079
vn 0.3552 -0.4781 0.8033
vn 0.3770 -0.3760 0.8465
vn 0.4941 -0.3209 0.8080
vn 0.5490 -0.3562 0.7561
vn 0.5126 -0.4324 0.7418
vn 0.4996 -0.4966 0.7098
vn 0.2459 -0.4606 0.8529
vn -0.5090 0.5886 0.6281
vn -0.3724 0.4307 0.8221
vn -0.3306 0.4682 0.8194
vn -0.4502 0.6375 0.6252
vn -0.3696 0.8310 -0.4157
vn -0.2190 0.9698 -0.1076
vn -0.2004 0.8871 -0.4157
vn -0.3263 -0.8490 -0.4157
vn -0.3567 -0.9280 -0.1076
vn 0.6298 -0.2922 0.7197
vn 0.4912 -0.1894 0.8502
vn 0.5780 -0.0998 0.8099
vn 0.6420 -0.1107 0.7587
vn 0.6635 -0.2042 0.7197
vn -0.3844 0.6766 0.6281
vn -0.2813 0.4950 0.8221
vn -0.2329 0.5237 0.8194
vn -0.3172 0.7131 0.6252
vn -0.0235 0.9092 -0.4157
vn 0.1544 0.8963 -0.4157
vn 0.4856 0.7690 -0.4157
vn 0.6846 0.7209 -0.1076
vn 0.6263 0.6595 -0.4157
vn -0.3336 0.7501 0.5710
vn -0.1809 0.8008 0.5710
vn -0.2141 0.9481 0.2349
vn -0.2450 0.7386 0.6281
vn -0.1793 0.5404 0.8221
vn -0.1263 0.5591 0.8194
vn -0.1719 0.7613 0.6252
vn -0.7690 0.4856 -0.4157
vn -0.8406 0.5308 -0.1076
vn -0.7209 0.6846 -0.1076
vn -0.6595 0.6263 -0.4157
vn -0.1544 -0.8963 -0.4157
vn -0.7048 0.6694 0.2349
vn -0.0962 0.7722 0.6281
vn -0.0704 0.5650 0.8221
vn -0.0148 0.5730 0.8194
vn -0.0201 0.7802 0.6252
vn -0.0256 0.9939 -0.1076
vn -0.9084 -0.4040 -0.1076
vn -0.2287 0.5501 0.8032
vn -0.1227 0.5185 0.8462
vn -0.6719 -0.0305 0.7400
vn -0.7696 0.0211 -0.6381
vn -0.6011 -0.2584 0.7562
vn -0.6443 -0.1860 0.7418
vn -0.6904 -0.1395 0.7098
vn -0.6084 -0.0759 0.7900
vn 0.0563 0.7761 0.6281
vn 0.0412 0.5679 0.8221
vn 0.0973 0.5648 0.8194
vn 0.1325 0.7691 0.6252
vn 0.8121 0.5735 -0.1076
vn 0.7429 0.5246 -0.4157
vn 0.9073 -0.3487 0.2349
vn 0.8219 -0.5190 0.2349
vn 0.8406 -0.5308 -0.1076
vn 0.9280 -0.3567 -0.1076
vn 0.6706 0.4735 0.5710
vn 0.7501 0.3336 0.5710
vn 0.2066 0.7502 0.6281
vn 0.1512 0.5489 0.8221
vn 0.2056 0.5350 0.8194
vn 0.2800 0.7285 0.6252
vn 0.3263 0.8490 -0.4157
vn 0.6694 0.7048 0.2349
vn 0.5653 0.5953 0.5710
vn 0.7940 0.5607 0.2349
vn -0.1092 0.6620 0.7415
vn -0.0168 0.6540 0.7563
vn -0.0152 0.5892 0.8079
vn -0.2749 0.5343 0.7993
vn -0.2610 0.6201 0.7398
vn -0.1647 0.6846 0.7101
vn -0.2109 0.6356 0.7426
vn 0.3490 0.6955 0.6281
vn 0.2554 0.5089 0.8221
vn 0.3060 0.4846 0.8194
vn 0.4167 0.6599 0.6252
vn 0.4780 0.6141 0.6281
vn 0.3497 0.4493 0.8221
vn 0.3947 0.4156 0.8194
vn 0.5374 0.5659 0.6252
vn -0.0251 0.9717 0.2349
vn -0.0212 0.8206 0.5710
vn 0.1393 0.8090 0.5710
vn 0.1650 0.9579 0.2349
vn 0.5886 0.5090 0.6281
vn 0.4307 0.3724 0.8221
vn 0.4682 0.3306 0.8194
vn 0.6375 0.4502 0.6252
vn -0.5928 -0.3612 0.7198
vn -0.4188 -0.4129 0.8088
vn -0.4626 -0.4610 0.7573
vn -0.5385 -0.4383 0.7197
vn 0.2945 0.7663 0.5710
vn 0.1788 0.5015 0.8465
vn 0.3083 0.5027 0.8076
vn 0.4383 0.6941 0.5710
vn 0.6766 0.3844 0.6281
vn 0.4950 0.2813 0.8221
vn 0.5237 0.2329 0.8194
vn 0.7131 0.3172 0.6252
vn 0.8963 -0.1544 -0.4157
vn 0.8490 -0.3263 -0.4157
vn 0.8090 -0.1393 0.5710
vn 0.7663 -0.2945 0.5710
vn 0.7386 0.2450 0.6281
vn 0.5404 0.1793 0.8221
vn 0.5591 0.1263 0.8194
vn 0.7613 0.1719 0.6252
vn 0.6941 -0.4383 0.5710
vn -0.4095 -0.5607 0.7197
vn -0.4366 -0.4856 0.7573
vn -0.3907 -0.4396 0.8088
vn -0.2816 -0.4448 0.8502
vn -0.2105 -0.5470 0.8102
vn -0.2340 -0.6085 0.7583
vn -0.3298 -0.6111 0.7196
vn 0.7722 0.0962 0.6281
vn 0.5650 0.0704 0.8221
vn 0.5730 0.0148 0.8194
vn 0.7802 0.0201 0.6252
vn 0.9092 0.0235 -0.4157
vn 0.7048 -0.6694 0.2349
vn 0.5607 -0.7940 0.2349
vn 0.7209 -0.6846 -0.1076
vn 0.1157 0.5844 0.8032
vn 0.7761 -0.0563 0.6281
vn 0.5679 -0.0412 0.8221
vn 0.5648 -0.0973 0.8194
vn 0.7691 -0.1325 0.6252
vn 0.8007 0.1809 0.5710
vn 0.8206 0.0212 0.5710
vn 0.6937 -0.0290 0.7196
vn 0.5263 0.0130 0.8502
vn 0.6912 0.0652 0.7197
vn 0.7502 -0.2066 0.6281
vn 0.5489 -0.1512 0.8221
vn 0.5350 -0.2056 0.8194
vn 0.7285 -0.2800 0.6252
vn 0.6955 -0.3490 0.6281
vn 0.5089 -0.2554 0.8221
vn 0.4846 -0.3060 0.8194
vn 0.6599 -0.4167 0.6252
vn 0.7690 -0.4856 -0.4157
vn 0.1687 0.9798 -0.1076
vn 0.5953 -0.5653 0.5710
vn 0.4735 -0.6706 0.5710
vn 0.2770 0.6111 0.7415
vn 0.3423 0.5574 0.7564
vn -0.6189 0.1394 0.7730
vn 0.1272 0.6605 0.7400
vn 0.2434 0.6607 0.7101
vn 0.1774 0.6445 0.7438
vn 0.6141 -0.4780 0.6281
vn 0.4493 -0.3497 0.8221
vn 0.4156 -0.3947 0.8194
vn 0.5659 -0.5375 0.6252
vn -0.9073 0.3487 0.2349
vn -0.9280 0.3567 -0.1076
vn 0.3336 -0.7501 0.5710
vn 0.5090 -0.5886 0.6281
vn 0.3724 -0.4307 0.8221
vn 0.3306 -0.4682 0.8194
vn 0.4502 -0.6375 0.6252
vn 0.3950 -0.8881 0.2349
vn 0.3844 -0.6766 0.6281
vn 0.2812 -0.4950 0.8221
vn 0.2329 -0.5237 0.8194
vn 0.3172 -0.7131 0.6252
vn 0.2141 -0.9481 0.2349
vn 0.1809 -0.8008 0.5710
vn 0.0212 -0.8206 0.5710
vn 0.0251 -0.9717 0.2349
vn -0.1393 -0.8090 0.5710
vn -0.0888 -0.5189 0.8502
vn -0.2945 -0.7663 0.5710
vn -0.1638 -0.6747 0.7197
vn 0.0149 -0.5866 0.8097
vn 0.0167 -0.6518 0.7582
vn -0.0708 -0.6907 0.7196
vn 0.2450 -0.7386 0.6281
vn 0.1793 -0.5404 0.8221
vn 0.1263 -0.5591 0.8194
vn 0.1719 -0.7613 0.6252
vn -0.1650 -0.9579 0.2349
vn 0.0962 -0.7722 0.6281
vn 0.0704 -0.5650 0.8221
vn 0.0148 -0.5730 0.8194
vn 0.0201 -0.7802 0.6252
vn -0.5246 0.7429 -0.4157
vn -0.3487 -0.9073 0.2349
vn 0.5110 0.4700 0.7197
vn 0.3629 0.3813 0.8502
vn 0.4427 0.5349 0.7197
vn -0.0563 -0.7761 0.6281
vn -0.0412 -0.5679 0.8221
vn -0.0973 -0.5648 0.8194
vn -0.1325 -0.7691 0.6252
vn -0.4383 -0.6941 0.5710
vn -0.5190 -0.8219 0.2349
vn -0.1687 -0.9798 -0.1076
vn -0.2066 -0.7502 0.6281
vn -0.1512 -0.5489 0.8221
vn -0.2056 -0.5350 0.8194
vn -0.2800 -0.7285 0.6252
vn 0.1069 -0.6859 0.7198
vn 0.1154 -0.5136 0.8502
vn 0.1988 -0.6652 0.7197
vn -0.3490 -0.6955 0.6281
vn -0.2554 -0.5089 0.8221
vn -0.3060 -0.4846 0.8194
vn -0.4167 -0.6599 0.6252
vn -0.5532 -0.6066 0.5710
vn -0.6640 -0.7099 0.2349
vn -0.4780 -0.6141 0.6281
vn -0.3497 -0.4493 0.8221
vn -0.3818 -0.4277 0.8193
vn -0.5247 -0.5778 0.6251
vn -0.0181 -0.7415 0.6707
vn 0.0233 -0.2369 -0.9713
vn 0.0080 -0.2509 -0.9680
vn 0.0490 -0.2462 -0.9680
vn 0.0691 -0.2278 -0.9713
vn 0.0960 -0.2319 -0.9680
vn 0.1122 -0.2099 -0.9713
vn 0.1394 -0.2087 -0.9680
vn 0.1510 -0.1840 -0.9713
vn 0.1775 -0.1775 -0.9680
vn 0.2099 -0.1122 -0.9713
vn 0.2319 -0.0960 -0.9680
vn 0.2278 -0.0691 -0.9713
vn 0.2461 -0.0490 -0.9680
vn 0.2369 -0.0233 -0.9713
vn 0.2510 -0.0000 -0.9680
vn 0.2369 0.0233 -0.9713
vn 0.2462 0.0490 -0.9680
vn 0.2278 0.0691 -0.9713
vn 0.2319 0.0960 -0.9680
vn 0.2099 0.1122 -0.9713
vn 0.2087 0.1394 -0.9680
vn 0.1840 0.1510 -0.9713
vn 0.1775 0.1775 -0.9680
vn 0.1510 0.1840 -0.9713
vn 0.1394 0.2087 -0.9680
vn 0.1122 0.2099 -0.9713
vn 0.0960 0.2319 -0.9680
vn 0.0691 0.2278 -0.9713
vn 0.0490 0.2462 -0.9680
vn 0.0233 0.2369 -0.9713
vn -0.0000 0.2510 -0.9680
vn -0.0233 0.2369 -0.9713
vn -0.0490 0.2462 -0.9680
vn -0.0691 0.2278 -0.9713
vn -0.0960 0.2319 -0.9680
vn -0.1122 0.2099 -0.9713
vn -0.1394 0.2087 -0.9680
vn -0.1510 0.1840 -0.9713
vn -0.1775 0.1775 -0.9680
vn -0.1840 0.1510 -0.9713
vn -0.2087 0.1394 -0.9680
vn -0.2099 0.1122 -0.9713
vn -0.2319 0.0960 -0.9680
vn -0.2278 0.0691 -0.9713
vn -0.2462 0.0490 -0.9680
vn -0.2369 0.0233 -0.9713
vn -0.2510 -0.0000 -0.9680
vn -0.2369 -0.0233 -0.9713
vn -0.2462 -0.0490 -0.9680
vn -0.2278 -0.0691 -0.9713
vn -0.2319 -0.0960 -0.9680
vn -0.2099 -0.1122 -0.9713
vn -0.2087 -0.1394 -0.9680
vn -0.1840 -0.1510 -0.9713
vn -0.1775 -0.1775 -0.9680
vn -0.1510 -0.1840 -0.9713
vn -0.1394 -0.2087 -0.9680
vn -0.1122 -0.2099 -0.9713
vn -0.0960 -0.2319 -0.9680
vn -0.0691 -0.2278 -0.9713
vn -0.0490 -0.2462 -0.9680
vn -0.0233 -0.2369 -0.9713
vn -0.0079 -0.2509 -0.9680
vn -0.0178 -0.6042 -0.7966
vn -0.8219 0.5190 0.2349
vn -0.5773 -0.5837 0.5710
vn -0.4697 -0.7438 -0.4756
vn 0.1938 -0.8581 -0.4756
vn -0.1493 -0.8669 -0.4756
vn 0.6058 0.6378 -0.4756
vn 0.8211 -0.3156 -0.4756
vn 0.8794 0.0227 -0.4756
vn 0.8038 0.3575 -0.4756
vn -0.7186 -0.5074 -0.4756
vn -0.5500 -0.5538 0.6251
vn -0.4074 -0.4034 0.8193
vn -0.2054 -0.1729 0.9633
vn -0.2290 -0.1603 0.9601
vn -0.2647 -0.2444 0.9329
vn -0.1710 0.9410 0.2919
vn 0.0737 0.9301 0.3598
vn 0.0009 0.7968 0.6043
vn -0.2511 -0.1491 0.9564
vn -0.2527 -0.1186 0.9602
vn -0.2504 -0.0942 0.9636
vn -0.2682 -0.0732 0.9606
vn -0.2608 -0.0499 0.9641
vn -0.2740 -0.0254 0.9614
vn 0.9964 -0.0227 -0.0821
vn -0.2813 0.0481 0.9584
vn -0.2525 0.1009 0.9623
vn -0.2321 0.1170 0.9656
vn -0.2121 0.1351 0.9679
vn -0.2103 0.1599 0.9645
vn -0.1876 0.1739 0.9667
vn -0.1806 0.1982 0.9634
vn -0.1560 0.2059 0.9661
vn -0.1442 0.2298 0.9625
vn -0.1295 0.2534 0.9586
vn -0.1023 0.2533 0.9619
vn -0.0770 0.2515 0.9648
vn -0.0567 0.2683 0.9617
vn -0.0325 0.2609 0.9648
vn -0.0090 0.2743 0.9616
vn 0.0130 0.2627 0.9648
vn 0.0389 0.2709 0.9618
vn 0.0636 0.2772 0.9587
vn 0.0853 0.2584 0.9623
vn 0.1006 0.2380 0.9660
vn 0.1284 0.2366 0.9631
vn 0.1392 0.2147 0.9667
vn 0.1665 0.2067 0.9641
vn -0.8097 -0.2502 0.5308
vn 0.2161 0.1861 0.9585
vn 0.4169 0.1363 0.8987
vn 0.2571 0.1153 0.9595
vn 0.2719 0.0589 0.9605
vn 0.2636 0.0341 0.9640
vn 0.2574 0.0082 0.9663
vn 0.2698 -0.0141 0.9628
vn 0.2581 -0.0371 0.9654
vn 0.2663 -0.0621 0.9619
vn 0.2505 -0.0823 0.9646
vn 0.2534 -0.1084 0.9613
vn 0.2548 -0.1359 0.9574
vn 0.2315 -0.1510 0.9611
vn 0.2096 -0.1632 0.9641
vn 0.2019 -0.1889 0.9610
vn 0.1781 -0.1961 0.9643
vn 0.1660 -0.2207 0.9611
vn 0.1413 -0.2227 0.9646
vn 0.1243 -0.2445 0.9616
vn 0.1050 -0.2611 0.9596
vn 0.0787 -0.2598 0.9624
vn 0.0552 -0.2516 0.9663
vn 0.0303 -0.2655 0.9636
vn -0.0527 -0.9681 -0.2450
vn -0.0457 -0.2848 0.9575
vn -0.1007 -0.2686 0.9580
vn -0.1170 -0.2480 0.9617
vn -0.1343 -0.2290 0.9641
vn -0.1599 -0.2263 0.9608
vn -0.1726 -0.2045 0.9635
vn -0.1721 -0.1805 0.9684
vn 0.8946 0.3449 0.2842
vn 0.7815 0.1111 0.6139
vn 0.7260 0.2717 0.6317
vn 0.8017 0.5204 0.2942
vn 0.5822 0.5300 0.6166
vn 0.2402 0.3241 0.9150
vn -0.6636 0.4644 0.5865
vn -0.5400 0.5804 0.6096
vn -0.3768 0.1934 0.9059
vn -0.4016 0.0891 0.9115
vn -0.7201 0.3434 0.6029
vn 0.8394 0.5372 0.0832
vn 0.7180 0.6889 0.0997
vn 0.9245 0.1815 -0.3351
vn 0.5861 0.1152 0.8020
vn 0.9245 0.1817 -0.3352
vn 0.9334 0.0801 -0.3497
vn 0.9017 0.2617 -0.3443
vn 0.9963 -0.0198 0.0832
vn 0.9048 -0.1938 0.3792
vn 0.6622 0.4264 0.6162
vn 0.6847 0.6668 0.2942
vn 0.7423 -0.3264 0.5852
vn 0.6552 -0.4674 0.5935
vn 0.4139 -0.1222 0.9021
vn 0.4063 -0.0027 0.9137
vn 0.7730 -0.2004 0.6019
vn -0.8484 0.3700 0.3785
vn -0.7345 0.5750 0.3605
vn -0.3643 0.9282 0.0754
vn -0.3525 0.8894 0.2912
vn -0.5302 0.8254 0.1940
vn -0.9733 0.2139 0.0832
vn -0.9010 0.2249 0.3711
vn -0.9954 0.0228 0.0929
vn -0.6875 -0.6786 0.2584
vn -0.6845 -0.4227 0.5940
vn -0.5851 -0.5307 0.6132
vn -0.5416 -0.7875 0.2943
vn 0.3343 -0.2140 0.9178
vn 0.2457 -0.3392 0.9081
vn 0.2009 -0.4505 0.8699
vn 0.2685 -0.3641 0.8918
vn 0.3570 -0.3558 0.8637
vn 0.4212 -0.2620 0.8683
vn 0.2357 -0.1367 0.9622
vn 0.2334 -0.1538 0.9601
vn 0.2137 -0.1632 0.9632
vn 0.2284 -0.1403 0.9634
vn -0.7748 -0.0772 0.6274
vn -0.8596 -0.3410 0.3805
vn -0.7493 -0.2785 0.6008
vn -0.3764 -0.1771 0.9094
vn -0.3414 -0.2616 0.9028
vn -0.1609 -0.4225 0.8919
vn -0.2560 -0.6661 0.7006
vn -0.1211 -0.7032 0.7006
vn -0.0733 -0.4898 0.8688
vn 0.6661 -0.2560 0.7006
vn 0.6033 -0.3810 0.7006
vn 0.3954 -0.2563 0.8820
vn 0.4331 -0.1757 0.8840
vn 0.5829 0.4116 0.7006
vn 0.6520 0.2900 0.7006
vn 0.3946 0.1742 0.9022
vn 0.3510 0.2807 0.8933
vn -0.4720 -0.0356 0.8809
vn -0.4292 0.0757 0.9000
vn -0.4594 -0.1081 0.8816
vn -0.4341 -0.1946 0.8796
vn -0.0724 -0.4325 0.8987
vn -0.1877 -0.4273 0.8844
vn -0.2881 -0.4165 0.8623
vn -0.3452 -0.3491 0.8712
vn -0.3862 -0.2739 0.8808
vn -0.0205 -0.9957 0.0908
vn -0.2123 -0.9737 0.0830
vn 0.3952 0.2052 0.8954
vn 0.3923 0.2970 0.8706
vn 0.3624 0.1808 0.9143
vn 0.8039 -0.0132 0.5947
vn 0.3028 0.0582 0.9513
vn 0.4914 0.5174 0.7006
vn 0.2998 0.3546 0.8856
vn 0.2042 0.4169 0.8857
vn 0.3810 0.6033 0.7006
vn 0.7133 0.0184 0.7006
vn 0.4998 -0.0140 0.8660
vn 0.4520 0.0742 0.8889
vn 0.6960 0.1572 0.7006
vn -0.7133 -0.0184 0.7006
vn -0.7032 0.1211 0.7006
vn -0.6520 -0.2900 0.7006
vn -0.6960 -0.1572 0.7006
vn 0.1211 0.7032 0.7006
vn 0.2560 0.6661 0.7006
vn 0.1607 0.4389 0.8841
vn 0.0655 0.4603 0.8853
vn 0.7032 -0.1211 0.7006
vn 0.4936 -0.0941 0.8646
vn -0.0184 0.7133 0.7006
vn -0.0233 0.5028 0.8641
vn -0.1042 0.4927 0.8639
vn -0.1572 0.6960 0.7006
vn 0.2040 -0.4186 0.8850
vn 0.2900 -0.6520 0.7006
vn 0.1572 -0.6960 0.7006
vn 0.1294 -0.4469 0.8852
vn 0.0184 -0.7133 0.7006
vn 0.0409 -0.4639 0.8850
vn 0.0235 -0.4495 0.8930
vn 0.0952 -0.4409 0.8925
vn 0.1045 -0.4141 0.9042
vn 0.0168 -0.4043 0.9145
vn -0.0625 -0.3146 0.9472
vn -0.3810 -0.6033 0.7006
vn 0.0022 0.9421 -0.3352
vn -0.1747 0.9787 0.1078
vn -0.0806 0.9354 -0.3443
vn 0.0979 0.9502 -0.2959
vn -0.4773 -0.5306 0.7005
vn -0.3779 -0.4156 0.8273
vn -0.1767 0.4297 0.8855
vn -0.2900 0.6520 0.7006
vn -0.2585 0.9017 -0.3466
vn -0.4366 0.8340 -0.3374
vn -0.3614 0.8708 -0.3333
vn -0.3592 0.8750 -0.3247
vn -0.3546 0.8649 -0.3553
vn 0.2833 0.3986 0.8723
vn 0.3144 0.3197 0.8938
vn 0.4721 0.1105 0.8746
vn 0.1805 0.4600 0.8694
vn 0.1111 0.2416 0.9640
vn 0.0764 0.2576 0.9632
vn 0.0866 0.2526 0.9637
vn 0.1126 0.2431 0.9635
vn 0.3246 0.2684 0.9070
vn 0.0669 0.4474 0.8918
vn -0.0033 0.5001 0.8660
vn -0.1067 0.4826 0.8693
vn -0.0579 0.3126 0.9481
vn -0.2298 -0.3357 0.9135
vn -0.1320 -0.3909 0.9109
vn -0.3985 -0.9140 0.0754
vn -0.2717 -0.4097 0.8708
vn -0.2874 -0.2936 0.9117
vn -0.1136 0.7813 0.6137
vn -0.2416 0.7367 0.6316
vn -0.5296 0.8128 0.2426
vn 0.9724 -0.2146 0.0916
vn 0.8496 -0.3666 0.3792
vn 0.1415 -0.7912 0.5950
vn -0.0126 -0.7968 0.6041
vn 0.4872 -0.0875 0.8689
vn 0.4479 -0.0059 0.8941
vn -0.6033 0.3810 0.7006
vn -0.4317 0.2330 0.8714
vn -0.3631 0.3318 0.8707
vn -0.5174 0.4914 0.7006
vn -0.1924 0.4081 0.8924
vn 0.4116 -0.5829 0.7006
vn -0.5829 -0.4116 0.7006
vn 0.3643 -0.3506 0.8628
vn 0.5174 -0.4914 0.7006
vn 0.3046 -0.4021 0.8634
vn -0.6661 0.2560 0.7006
vn -0.4124 0.1900 0.8910
vn 0.6061 0.7159 -0.3467
vn 0.5721 0.8148 0.0940
vn 0.4508 0.8264 -0.3374
vn 0.5232 0.7844 -0.3332
vn 0.5279 0.7848 -0.3247
vn -0.5520 -0.5680 -0.6105
vn -0.1675 0.3650 0.9158
vn -0.2781 0.4143 0.8666
vn -0.2237 0.2194 0.9496
vn -0.2405 0.3298 0.9129
vn -0.2558 0.3860 0.8863
vn -0.4116 0.5829 0.7006
vn -0.5253 -0.7821 -0.3351
vn -0.1635 0.0023 -0.9865
vn -0.5252 -0.7822 -0.3352
vn -0.6094 -0.7276 -0.3150
vn -0.5581 -0.8275 0.0621
vn -0.4561 -0.8217 -0.3418
vn -0.8713 -0.3586 -0.3352
vn -0.8998 -0.2609 -0.3497
vn -0.9261 -0.3620 0.1062
vn -0.8373 -0.5360 0.1078
vn -0.8333 -0.4326 -0.3443
vn -0.8712 -0.3587 -0.3352
vn -0.8809 -0.3605 -0.3066
vn -0.3672 -0.2605 0.8929
vn -0.5052 -0.5040 0.7005
vn -0.4048 -0.3744 0.8342
vn -0.3088 -0.0525 0.9497
vn -0.4740 -0.1025 0.8746
vn -0.4032 -0.1980 0.8934
vn -0.4228 0.1522 0.8933
vn -0.3537 0.3488 0.8679
vn -0.9120 0.3998 0.0916
vn -0.8174 0.5701 0.0832
vn -0.6676 0.6833 0.2955
vn 0.4669 -0.1597 0.8698
vn -0.4034 -0.0005 0.9150
vn 0.2274 0.9197 0.3202
vn -0.2153 -0.7609 0.6121
vn -0.1040 -0.9363 -0.3354
vn -0.1833 -0.9248 -0.3333
vn -0.1875 -0.9270 -0.3247
vn -0.8123 -0.1613 0.5605
vn -0.2854 -0.8983 -0.3339
vn -0.4020 0.2891 0.8688
vn -0.4415 0.0828 0.8935
vn -0.4475 0.0105 0.8942
vn -0.4334 0.6685 0.6044
vn 0.5322 -0.5853 0.6116
vn -0.6764 -0.4271 0.6000
vn 0.3608 -0.9006 0.2424
vn -0.8021 -0.5201 0.2935
vn 0.0841 -0.9376 -0.3375
vn 0.0010 -0.9429 -0.3332
vn -0.0026 -0.9459 -0.3246
vn -0.4767 -0.5332 0.6989
vn 0.9422 -0.0022 -0.3352
vn 0.1763 0.0837 -0.9808
vn 0.9421 -0.0022 -0.3352
vn 0.9311 -0.1035 -0.3497
vn 0.8333 0.4326 -0.3443
vn 0.8713 0.3584 -0.3352
vn 0.3505 0.4277 -0.8332
vn -0.7845 -0.5218 -0.3352
vn -0.7937 -0.5255 -0.3066
vn -0.7844 -0.5218 -0.3353
vn -0.6916 -0.6924 0.2056
vn -0.7327 -0.5870 -0.3443
vn 0.7627 -0.5223 0.3814
vn -0.6715 -0.7074 0.2206
vn -0.9793 -0.1765 0.0986
vn -0.9245 -0.1816 -0.3352
vn -0.5700 -0.2444 -0.7845
vn -0.9245 -0.1815 -0.3352
vn -0.9351 -0.0851 -0.3441
vn -0.8696 0.3626 -0.3352
vn -0.8207 0.4518 -0.3497
vn -0.8951 0.2834 -0.3443
vn -0.8778 0.3680 -0.3066
vn -0.1815 0.9245 -0.3352
vn -0.1790 0.9178 -0.3544
vn -0.9336 0.1072 -0.3419
vn -0.9236 0.1859 -0.3352
vn -0.9089 0.2018 -0.3650
vn -0.9236 0.1861 -0.3352
vn 0.3584 -0.8713 -0.3351
vn 0.3546 -0.8652 -0.3546
vn 0.3584 -0.8713 -0.3352
vn 0.2609 -0.8998 -0.3497
vn 0.5341 -0.8389 0.1053
vn 0.4326 -0.8333 -0.3443
vn 0.8951 -0.2834 -0.3443
vn 0.8696 -0.3626 -0.3352
vn 0.2248 0.1076 -0.9684
vn -0.5633 -0.8138 0.1428
vn 0.3626 0.8696 -0.3351
vn 0.0767 -0.1520 -0.9854
vn 0.3625 0.8696 -0.3352
vn -0.6648 0.6676 -0.3352
vn -0.8411 0.5381 0.0551
vn -0.5855 0.7313 -0.3498
vn -0.6873 0.7189 0.1039
vn -0.7185 0.6043 -0.3443
vn -0.6027 -0.7041 -0.3754
vn -0.6676 -0.6648 -0.3352
vn -0.6636 -0.6588 -0.3545
vn 0.8315 -0.2290 0.5062
vn 0.8513 -0.1466 0.5038
vn 0.9461 -0.0637 0.3176
vn 0.9450 -0.1475 0.2918
vn 0.8602 -0.0624 0.5062
vn 0.8635 0.0223 0.5038
vn 0.9403 0.1221 0.3176
vn 0.9557 0.0397 0.2918
vn 0.8558 0.1066 0.5062
vn 0.8426 0.1903 0.5038
vn 0.8985 0.3031 0.3177
vn 0.9296 0.2254 0.2918
vn 0.8186 0.2715 0.5062
vn 0.7893 0.3510 0.5038
vn 0.8220 0.4727 0.3176
vn 0.8677 0.4024 0.2917
vn 0.7499 0.4260 0.5062
vn 0.7056 0.4983 0.5038
vn 0.7140 0.6239 0.3176
vn 0.7725 0.5640 0.2918
vn 0.6523 0.5641 0.5062
vn 0.5949 0.6264 0.5038
vn 0.5786 0.7512 0.3177
vn 0.6477 0.7039 0.2917
vn 0.5298 0.6805 0.5062
vn 0.4612 0.7304 0.5038
vn 0.4209 0.8497 0.3177
vn 0.4979 0.8167 0.2918
vn 0.3868 0.7708 0.5062
vn 0.3099 0.8063 0.5038
vn 0.2470 0.9155 0.3176
vn 0.3290 0.8981 0.2918
vn 0.2290 0.8315 0.5062
vn 0.1466 0.8513 0.5038
vn 0.0637 0.9461 0.3177
vn 0.1475 0.9451 0.2918
vn 0.0624 0.8602 0.5062
vn -0.0223 0.8635 0.5038
vn -0.1221 0.9403 0.3177
vn -0.0397 0.9557 0.2918
vn -0.5297 -0.6805 0.5062
vn -0.5297 -0.6806 0.5062
vn -0.4793 -0.8315 0.2809
vn -0.4993 -0.8316 0.2433
vn -0.1066 0.8558 0.5062
vn -0.1903 0.8426 0.5038
vn -0.3031 0.8984 0.3177
vn -0.2254 0.9296 0.2918
vn -0.3868 -0.7708 0.5062
vn -0.3079 -0.9090 0.2809
vn -0.3275 -0.9130 0.2432
vn -0.2715 0.8186 0.5062
vn -0.3510 0.7893 0.5038
vn -0.4727 0.8220 0.3176
vn -0.4024 0.8677 0.2918
vn -0.2290 -0.8315 0.5062
vn -0.1247 -0.9516 0.2809
vn -0.1431 -0.9594 0.2432
vn -0.4260 0.7499 0.5062
vn -0.4983 0.7056 0.5038
vn -0.6239 0.7140 0.3176
vn -0.5640 0.7725 0.2918
vn -0.0624 -0.8602 0.5062
vn 0.0633 -0.9576 0.2809
vn 0.0468 -0.9688 0.2433
vn -0.5641 0.6523 0.5062
vn -0.6263 0.5949 0.5038
vn -0.7512 0.5786 0.3176
vn -0.7039 0.6477 0.2917
vn 0.1066 -0.8558 0.5062
vn 0.2489 -0.9269 0.2809
vn 0.2349 -0.9411 0.2433
vn -0.6805 0.5297 0.5062
vn -0.7304 0.4612 0.5038
vn -0.8497 0.4209 0.3177
vn -0.8167 0.4979 0.2918
vn 0.2715 -0.8186 0.5062
vn 0.4250 -0.8605 0.2810
vn 0.4140 -0.8772 0.2433
vn -0.7708 0.3868 0.5062
vn -0.8063 0.3099 0.5038
vn -0.9155 0.2470 0.3176
vn -0.8981 0.3291 0.2918
vn 0.4260 -0.7499 0.5062
vn 0.5847 -0.7611 0.2810
vn 0.5772 -0.7796 0.2432
vn -0.8315 0.2290 0.5062
vn -0.8513 0.1466 0.5038
vn -0.9461 0.0637 0.3177
vn -0.9450 0.1475 0.2918
vn 0.5641 -0.6523 0.5062
vn 0.7220 -0.6323 0.2809
vn 0.7181 -0.6520 0.2433
vn -0.8602 0.0624 0.5062
vn -0.8635 -0.0223 0.5038
vn -0.9403 -0.1221 0.3176
vn -0.9557 -0.0397 0.2918
vn 0.6805 -0.5297 0.5062
vn 0.8315 -0.4793 0.2809
vn 0.8316 -0.4993 0.2432
vn -0.8558 -0.1066 0.5062
vn -0.8426 -0.1903 0.5038
vn -0.8984 -0.3031 0.3177
vn -0.9296 -0.2254 0.2918
vn 0.7708 -0.3868 0.5062
vn 0.9090 -0.3079 0.2809
vn 0.9130 -0.3275 0.2433
vn -0.8186 -0.2715 0.5062
vn -0.7893 -0.3510 0.5038
vn -0.8220 -0.4727 0.3176
vn -0.8677 -0.4024 0.2918
vn 0.9516 -0.1247 0.2810
vn 0.9594 -0.1431 0.2433
vn -0.7498 -0.4260 0.5062
vn -0.7056 -0.4983 0.5038
vn -0.7140 -0.6239 0.3176
vn -0.7725 -0.5640 0.2918
vn 0.9576 0.0633 0.2809
vn 0.9688 0.0468 0.2433
vn -0.6523 -0.5641 0.5062
vn -0.6053 -0.6164 0.5038
vn -0.5907 -0.7314 0.3409
vn -0.6477 -0.7039 0.2917
vn 0.9269 0.2489 0.2809
vn 0.9411 0.2349 0.2433
vn -0.9429 -0.0010 -0.3332
vn -0.9458 0.0027 -0.3246
vn 0.9047 -0.1609 0.3946
vn -0.5218 0.7845 -0.3352
vn -0.5255 0.7937 -0.3066
vn -0.5218 0.7844 -0.3352
vn 0.7327 0.5870 -0.3443
vn 0.7845 0.5218 -0.3351
vn 0.7794 0.5166 -0.3545
vn 0.7845 0.5218 -0.3352
vn 0.5218 -0.7845 -0.3351
vn 0.1965 -0.6599 0.7252
vn 0.5216 -0.7846 -0.3352
vn 0.5870 -0.7327 -0.3443
vn 0.1815 -0.9245 -0.3352
vn -0.2084 0.4616 -0.8622
vn -0.3601 -0.8714 -0.3332
vn -0.3644 -0.8728 -0.3247
vn -0.1367 0.0721 -0.9880
vn 0.9236 -0.1861 -0.3352
vn 0.9328 -0.1897 -0.3065
vn 0.9236 -0.1861 -0.3353
vn 0.6676 0.6648 -0.3352
vn 0.5724 0.6703 -0.4722
vn 0.6678 0.6646 -0.3352
vn 0.6647 -0.6677 -0.3352
vn 0.4146 -0.1599 0.8959
vn 0.6648 -0.6676 -0.3352
vn -0.7823 0.5251 -0.3351
vn -0.8258 0.1995 0.5275
vn -0.7822 0.5252 -0.3352
vn -0.0000 -0.2408 -0.9706
vn -0.0252 -0.2556 -0.9665
vn -0.0404 -0.4102 -0.9111
vn -0.0000 -0.4155 -0.9096
vn 0.0746 -0.2458 -0.9665
vn 0.0921 -0.2224 -0.9706
vn 0.0746 0.2458 -0.9665
vn 0.0470 0.2361 -0.9706
vn -0.1338 0.2002 -0.9706
vn -0.1629 0.1985 -0.9665
vn 0.0252 -0.2556 -0.9665
vn 0.1338 0.2002 -0.9706
vn 0.1211 0.2265 -0.9665
vn -0.1702 0.1702 -0.9706
vn 0.0470 -0.2361 -0.9706
vn 0.0921 0.2224 -0.9706
vn -0.0921 0.2224 -0.9706
vn -0.1211 0.2265 -0.9665
vn -0.0470 -0.2361 -0.9706
vn 0.1702 0.1702 -0.9706
vn 0.1629 0.1985 -0.9665
vn -0.0470 0.2361 -0.9706
vn -0.0746 0.2458 -0.9665
vn -0.0921 -0.2224 -0.9706
vn -0.0746 -0.2458 -0.9665
vn 0.2002 0.1338 -0.9706
vn 0.1985 0.1629 -0.9665
vn -0.0083 0.2407 -0.9706
vn -0.0252 0.2556 -0.9665
vn -0.1338 -0.2002 -0.9706
vn -0.1211 -0.2265 -0.9665
vn 0.2224 0.0921 -0.9706
vn 0.2265 0.1211 -0.9665
vn -0.1702 -0.1702 -0.9706
vn -0.1629 -0.1985 -0.9665
vn 0.2361 0.0470 -0.9706
vn 0.2458 0.0746 -0.9665
vn -0.2002 -0.1338 -0.9706
vn -0.1985 -0.1629 -0.9665
vn 0.2408 -0.0000 -0.9706
vn 0.2556 0.0252 -0.9665
vn -0.2224 -0.0921 -0.9706
vn -0.2265 -0.1211 -0.9665
vn 0.2361 -0.0470 -0.9706
vn 0.2556 -0.0252 -0.9665
vn -0.2361 -0.0470 -0.9706
vn -0.2458 -0.0746 -0.9665
vn 0.2224 -0.0921 -0.9706
vn 0.2458 -0.0746 -0.9665
vn -0.2408 -0.0000 -0.9706
vn -0.2556 -0.0252 -0.9665
vn 0.2002 -0.1338 -0.9706
vn 0.2265 -0.1211 -0.9665
vn -0.2361 0.0470 -0.9706
vn -0.2556 0.0252 -0.9665
vn 0.1702 -0.1702 -0.9706
vn 0.1985 -0.1629 -0.9665
vn -0.2224 0.0921 -0.9706
vn -0.2458 0.0746 -0.9665
vn 0.1338 -0.2002 -0.9706
vn 0.1629 -0.1985 -0.9665
vn -0.2265 0.1211 -0.9665
vn 0.1211 -0.2265 -0.9665
vn 0.0252 0.2556 -0.9665
vn 0.0083 0.2407 -0.9706
vn 0.1590 -0.3838 -0.9096
vn 0.1197 -0.3945 -0.9111
vn 0.0698 -0.2301 -0.9707
vn 0.0936 -0.2259 -0.9697
vn -0.4075 -0.0811 -0.9096
vn -0.3945 -0.1197 -0.9111
vn -0.1197 -0.3945 -0.9111
vn -0.0811 -0.4075 -0.9096
vn -0.4155 -0.0000 -0.9096
vn -0.4102 -0.0404 -0.9111
vn -0.1943 -0.3636 -0.9111
vn -0.1590 -0.3838 -0.9096
vn -0.4075 0.0811 -0.9096
vn -0.4102 0.0404 -0.9111
vn -0.2615 -0.3187 -0.9111
vn -0.2308 -0.3455 -0.9096
vn -0.3838 0.1590 -0.9096
vn -0.3945 0.1197 -0.9111
vn -0.3187 -0.2615 -0.9111
vn -0.2938 -0.2938 -0.9096
vn -0.3455 0.2308 -0.9096
vn -0.3636 0.1943 -0.9111
vn 0.0811 0.4075 -0.9096
vn 0.0404 0.4102 -0.9111
vn -0.3636 -0.1943 -0.9111
vn -0.3455 -0.2308 -0.9096
vn -0.2938 0.2938 -0.9096
vn -0.3187 0.2615 -0.9111
vn 0.1590 0.3839 -0.9096
vn 0.1197 0.3945 -0.9111
vn -0.3838 -0.1590 -0.9096
vn -0.2308 0.3455 -0.9096
vn -0.2615 0.3187 -0.9111
vn 0.2308 0.3455 -0.9096
vn 0.1943 0.3636 -0.9111
vn -0.1590 0.3839 -0.9096
vn -0.1943 0.3636 -0.9111
vn 0.2938 0.2938 -0.9096
vn 0.2615 0.3187 -0.9111
vn -0.0811 0.4075 -0.9096
vn -0.1197 0.3945 -0.9111
vn 0.3455 0.2308 -0.9096
vn 0.3187 0.2615 -0.9111
vn -0.0150 0.4154 -0.9095
vn -0.0404 0.4102 -0.9111
vn 0.3838 0.1590 -0.9096
vn 0.3636 0.1943 -0.9111
vn 0.0150 0.4154 -0.9095
vn 0.4075 0.0811 -0.9096
vn 0.3945 0.1197 -0.9111
vn 0.4155 -0.0000 -0.9096
vn 0.4102 0.0404 -0.9111
vn 0.4075 -0.0811 -0.9096
vn 0.4102 -0.0404 -0.9111
vn 0.3838 -0.1590 -0.9096
vn 0.3945 -0.1197 -0.9111
vn 0.3455 -0.2308 -0.9096
vn 0.3636 -0.1943 -0.9111
vn 0.2938 -0.2938 -0.9096
vn 0.3187 -0.2615 -0.9111
vn 0.2308 -0.3455 -0.9096
vn 0.2615 -0.3187 -0.9111
vn 0.1943 -0.3636 -0.9111
vn 0.0811 -0.4075 -0.9096
vn 0.0404 -0.4102 -0.9111
vn -0.0477 -0.2398 -0.9697
vn -0.0698 -0.2301 -0.9707
vn -0.0176 -0.0579 -0.9982
vn -0.0129 -0.0648 -0.9978
vn -0.2033 -0.1358 -0.9697
vn -0.1859 -0.1525 -0.9707
vn 0.0236 -0.2393 -0.9707
vn 0.0477 -0.2398 -0.9697
vn -0.2259 -0.0936 -0.9697
vn -0.2121 -0.1133 -0.9707
vn -0.0236 -0.2393 -0.9707
vn -0.0000 -0.2445 -0.9697
vn -0.2398 -0.0477 -0.9697
vn -0.2301 -0.0698 -0.9707
vn -0.2445 -0.0000 -0.9697
vn -0.2393 -0.0236 -0.9707
vn -0.1133 -0.2121 -0.9707
vn -0.0936 -0.2259 -0.9697
vn -0.2398 0.0477 -0.9697
vn -0.2393 0.0236 -0.9707
vn -0.1525 -0.1859 -0.9707
vn -0.1358 -0.2033 -0.9697
vn -0.2259 0.0936 -0.9697
vn -0.2301 0.0698 -0.9707
vn -0.1729 -0.1729 -0.9697
vn -0.2033 0.1358 -0.9697
vn -0.2121 0.1133 -0.9707
vn 0.0477 0.2398 -0.9697
vn 0.0236 0.2393 -0.9707
vn -0.1729 0.1729 -0.9697
vn -0.1859 0.1525 -0.9707
vn 0.0936 0.2259 -0.9697
vn 0.0698 0.2301 -0.9707
vn -0.1358 0.2033 -0.9697
vn -0.1525 0.1859 -0.9707
vn 0.1358 0.2033 -0.9697
vn 0.1133 0.2121 -0.9707
vn -0.0936 0.2259 -0.9697
vn -0.1133 0.2121 -0.9707
vn 0.1729 0.1729 -0.9697
vn 0.1525 0.1859 -0.9707
vn -0.0477 0.2398 -0.9697
vn -0.0698 0.2301 -0.9707
vn 0.2033 0.1358 -0.9697
vn 0.1859 0.1525 -0.9707
vn -0.0094 0.2445 -0.9696
vn -0.0236 0.2393 -0.9707
vn 0.2259 0.0936 -0.9697
vn 0.2121 0.1133 -0.9707
vn 0.0094 0.2445 -0.9696
vn 0.2398 0.0477 -0.9697
vn 0.2301 0.0698 -0.9707
vn 0.2445 -0.0000 -0.9697
vn 0.2393 0.0236 -0.9707
vn 0.2398 -0.0477 -0.9697
vn 0.2393 -0.0236 -0.9707
vn 0.2259 -0.0936 -0.9697
vn 0.2301 -0.0698 -0.9707
vn 0.2033 -0.1358 -0.9697
vn 0.2121 -0.1133 -0.9707
vn 0.1729 -0.1729 -0.9697
vn 0.1859 -0.1525 -0.9707
vn 0.1358 -0.2033 -0.9697
vn 0.1525 -0.1859 -0.9707
vn 0.1133 -0.2121 -0.9707
vn -0.0467 -0.0467 -0.9978
vn -0.0467 -0.0384 -0.9982
vn 0.5559 0.4562 -0.6949
vn 0.4927 0.4927 -0.7173
vn -0.0660 -0.0000 -0.9978
vn -0.0602 -0.0059 -0.9982
vn -0.0285 -0.0533 -0.9982
vn -0.0253 -0.0610 -0.9978
vn -0.0648 0.0129 -0.9978
vn -0.0602 0.0059 -0.9982
vn -0.0384 -0.0467 -0.9982
vn -0.0367 -0.0549 -0.9978
vn -0.0610 0.0253 -0.9978
vn -0.0579 0.0176 -0.9982
vn -0.0549 0.0367 -0.9978
vn -0.0533 0.0285 -0.9982
vn 0.0129 0.0648 -0.9978
vn 0.0059 0.0602 -0.9982
vn -0.0533 -0.0285 -0.9982
vn -0.0549 -0.0367 -0.9978
vn -0.0467 0.0467 -0.9978
vn -0.0467 0.0384 -0.9982
vn 0.0253 0.0610 -0.9978
vn 0.0176 0.0579 -0.9982
vn -0.0579 -0.0176 -0.9982
vn -0.0610 -0.0253 -0.9978
vn -0.0367 0.0549 -0.9978
vn -0.0384 0.0467 -0.9982
vn 0.0367 0.0549 -0.9978
vn 0.0285 0.0533 -0.9982
vn -0.0648 -0.0129 -0.9978
vn -0.0253 0.0610 -0.9978
vn -0.0285 0.0533 -0.9982
vn 0.0467 0.0467 -0.9978
vn 0.0384 0.0467 -0.9982
vn -0.0129 0.0648 -0.9978
vn -0.0176 0.0579 -0.9982
vn 0.0549 0.0367 -0.9978
vn 0.0467 0.0384 -0.9982
vn 0.0012 0.0660 -0.9978
vn -0.0059 0.0602 -0.9982
vn 0.0610 0.0253 -0.9978
vn 0.0533 0.0285 -0.9982
vn -0.0011 0.0660 -0.9978
vn 0.0648 0.0129 -0.9978
vn 0.0579 0.0176 -0.9982
vn 0.0660 -0.0000 -0.9978
vn 0.0602 0.0059 -0.9982
vn 0.0648 -0.0129 -0.9978
vn 0.0602 -0.0059 -0.9982
vn 0.0610 -0.0253 -0.9978
vn 0.0579 -0.0176 -0.9982
vn 0.0549 -0.0367 -0.9978
vn 0.0533 -0.0285 -0.9982
vn 0.0467 -0.0467 -0.9978
vn 0.0467 -0.0384 -0.9982
vn 0.0367 -0.0549 -0.9978
vn 0.0384 -0.0467 -0.9982
vn 0.0253 -0.0610 -0.9978
vn 0.0285 -0.0533 -0.9982
vn 0.0129 -0.0648 -0.9978
vn 0.0176 -0.0579 -0.9982
vn -0.0000 -0.0660 -0.9978
vn 0.0059 -0.0602 -0.9982
vn -0.0059 -0.0602 -0.9982
vn 0.6834 0.1359 -0.7173
vn 0.7157 0.0705 -0.6949
vn 0.7037 0.0693 -0.7071
vn 0.7153 0.1423 -0.6842
vn 0.5793 -0.3871 -0.7173
vn 0.6342 -0.3390 -0.6949
vn -0.1359 -0.6834 -0.7173
vn -0.0705 -0.7157 -0.6949
vn 0.6342 0.3390 -0.6949
vn 0.5793 0.3871 -0.7173
vn 0.4927 -0.4927 -0.7173
vn 0.5559 -0.4562 -0.6949
vn -0.2666 -0.6437 -0.7173
vn -0.2088 -0.6882 -0.6949
vn 0.6882 0.2088 -0.6949
vn 0.6437 0.2666 -0.7173
vn 0.3871 -0.5794 -0.7173
vn 0.4562 -0.5559 -0.6949
vn -0.3871 -0.5794 -0.7173
vn -0.3390 -0.6342 -0.6949
vn 0.2666 -0.6437 -0.7173
vn 0.3390 -0.6342 -0.6949
vn -0.4927 -0.4927 -0.7173
vn -0.4562 -0.5559 -0.6949
vn 0.7157 -0.0705 -0.6949
vn 0.6968 -0.0000 -0.7173
vn 0.1359 -0.6834 -0.7173
vn 0.2088 -0.6882 -0.6949
vn -0.5793 -0.3871 -0.7173
vn -0.5559 -0.4562 -0.6949
vn 0.6882 -0.2088 -0.6949
vn 0.6834 -0.1359 -0.7173
vn -0.0002 -0.6968 -0.7173
vn 0.0705 -0.7157 -0.6949
vn -0.6437 -0.2666 -0.7173
vn -0.6342 -0.3390 -0.6949
vn 0.6437 -0.2666 -0.7173
vn -0.0011 -0.6968 -0.7173
vn -0.6834 -0.1359 -0.7173
vn -0.6882 -0.2088 -0.6949
vn -0.6968 -0.0000 -0.7173
vn -0.7157 -0.0705 -0.6949
vn -0.6834 0.1359 -0.7173
vn -0.7157 0.0705 -0.6949
vn -0.6437 0.2666 -0.7173
vn -0.6882 0.2088 -0.6949
vn -0.5793 0.3871 -0.7173
vn -0.6342 0.3390 -0.6949
vn -0.4927 0.4927 -0.7173
vn -0.5559 0.4562 -0.6949
vn -0.3871 0.5794 -0.7173
vn -0.4562 0.5559 -0.6949
vn -0.2666 0.6437 -0.7173
vn -0.3390 0.6342 -0.6949
vn -0.1359 0.6834 -0.7173
vn -0.2088 0.6882 -0.6949
vn -0.0000 0.6968 -0.7173
vn -0.0705 0.7157 -0.6949
vn 0.1359 0.6834 -0.7173
vn 0.0705 0.7157 -0.6949
vn 0.2666 0.6437 -0.7173
vn 0.2088 0.6882 -0.6949
vn 0.3871 0.5794 -0.7173
vn 0.3390 0.6342 -0.6949
vn 0.4562 0.5559 -0.6949
vn 0.0693 -0.7038 -0.7070
vn -0.0000 -0.7279 -0.6857
vn -0.0693 -0.7037 -0.7071
vn -0.1420 -0.7139 -0.6857
vn -0.2052 -0.6767 -0.7071
vn -0.2785 -0.6725 -0.6857
vn -0.3334 -0.6236 -0.7071
vn -0.4043 -0.6052 -0.6857
vn -0.4486 -0.5466 -0.7071
vn -0.5147 -0.5147 -0.6857
vn -0.5466 -0.4486 -0.7071
vn -0.6051 -0.4044 -0.6858
vn -0.6236 -0.3334 -0.7071
vn -0.6724 -0.2785 -0.6858
vn -0.6767 -0.2052 -0.7071
vn -0.7139 -0.1420 -0.6857
vn -0.7037 -0.0693 -0.7071
vn -0.7279 -0.0000 -0.6857
vn -0.7037 0.0693 -0.7071
vn -0.7138 0.1420 -0.6858
vn -0.6767 0.2052 -0.7071
vn -0.6724 0.2785 -0.6858
vn -0.6237 0.3333 -0.7071
vn -0.6052 0.4044 -0.6857
vn -0.5466 0.4486 -0.7071
vn -0.5147 0.5147 -0.6857
vn -0.4486 0.5466 -0.7071
vn -0.4044 0.6052 -0.6857
vn -0.3334 0.6236 -0.7071
vn -0.2786 0.6725 -0.6857
vn -0.2052 0.6767 -0.7071
vn -0.1420 0.7139 -0.6857
vn -0.0693 0.7037 -0.7071
vn -0.0000 0.7279 -0.6857
vn 0.0693 0.7037 -0.7071
vn 0.1420 0.7139 -0.6857
vn 0.2052 0.6767 -0.7071
vn 0.2785 0.6725 -0.6857
vn 0.3334 0.6236 -0.7071
vn 0.4044 0.6052 -0.6857
vn 0.4486 0.5466 -0.7071
vn 0.5147 0.5147 -0.6857
vn 0.5466 0.4486 -0.7071
vn 0.6052 0.4044 -0.6857
vn 0.6236 0.3334 -0.7071
vn 0.6724 0.2786 -0.6858
vn 0.6767 0.2052 -0.7071
vn 0.7139 0.1420 -0.6857
vn 0.7280 -0.0000 -0.6856
vn 0.7037 -0.0693 -0.7071
vn 0.7138 -0.1420 -0.6858
vn 0.6767 -0.2052 -0.7071
vn 0.6725 -0.2785 -0.6857
vn 0.6236 -0.3334 -0.7071
vn 0.6052 -0.4044 -0.6857
vn 0.5466 -0.4486 -0.7071
vn 0.5147 -0.5147 -0.6857
vn 0.4486 -0.5466 -0.7071
vn 0.4043 -0.6052 -0.6857
vn 0.3334 -0.6236 -0.7071
vn 0.2786 -0.6725 -0.6857
vn 0.2052 -0.6767 -0.7071
vn 0.1420 -0.7139 -0.6857
vn 0.2788 -0.6739 -0.6842
vn 0.3333 -0.6236 -0.7071
vn -0.5158 -0.5156 -0.6842
vn -0.4485 -0.5466 -0.7071
vn 0.7293 -0.0000 -0.6842
vn 0.1426 -0.7152 -0.6842
vn -0.6065 -0.4050 -0.6842
vn -0.5466 -0.4485 -0.7071
vn 0.7153 -0.1422 -0.6842
vn 0.0693 -0.7037 -0.7071
vn -0.6738 -0.2790 -0.6842
vn -0.6236 -0.3333 -0.7071
vn 0.6738 -0.2792 -0.6842
vn -0.7153 -0.1424 -0.6842
vn 0.6064 -0.4051 -0.6842
vn -0.1423 -0.7153 -0.6842
vn -0.7293 0.0001 -0.6842
vn 0.4485 -0.5466 -0.7071
vn 0.5157 -0.5156 -0.6842
vn -0.3333 -0.6236 -0.7071
vn -0.2791 -0.6738 -0.6842
vn -0.7153 0.1421 -0.6842
vn 0.4050 -0.6065 -0.6842
vn -0.4050 -0.6065 -0.6842
vn -0.6738 0.2791 -0.6842
vn -0.6064 0.4051 -0.6842
vn -0.6236 0.3334 -0.7071
vn -0.5157 0.5156 -0.6842
vn -0.5466 0.4485 -0.7071
vn -0.4053 0.6063 -0.6842
vn -0.4485 0.5466 -0.7071
vn -0.2790 0.6738 -0.6842
vn -0.3333 0.6236 -0.7071
vn -0.1422 0.7153 -0.6842
vn 0.0001 0.7293 -0.6842
vn 0.1423 0.7153 -0.6842
vn 0.2791 0.6738 -0.6842
vn 0.4051 0.6064 -0.6842
vn 0.3333 0.6236 -0.7071
vn 0.5156 0.5157 -0.6842
vn 0.4485 0.5466 -0.7071
vn 0.6063 0.4052 -0.6842
vn 0.5466 0.4485 -0.7071
vn 0.6738 0.2791 -0.6842
vn 0.4873 -0.8615 0.1427
vn 0.4916 -0.8662 0.0900
vn 0.8437 -0.4431 0.3031
vn 0.9601 -0.2648 0.0900
vn 0.9469 -0.3081 0.0916
vn 0.6460 -0.7499 0.1426
vn 0.6511 -0.7536 0.0900
vn 0.9139 -0.2700 0.3031
vn 0.9933 -0.0724 0.0900
vn 0.9889 -0.1174 0.0915
vn 0.7799 -0.6094 0.1427
vn 0.7857 -0.6121 0.0900
vn 0.9884 0.1228 0.0900
vn 0.9928 0.0777 0.0916
vn 0.8838 -0.4456 0.1427
vn 0.8900 -0.4471 0.0900
vn 0.9454 0.3132 0.0900
vn 0.9585 0.2699 0.0915
vn 0.9538 -0.2646 0.1426
vn 0.8521 0.4454 0.2747
vn 0.8661 0.4916 0.0900
vn 0.8874 0.4518 0.0915
vn 0.9870 -0.0734 0.1427
vn 0.7489 0.6030 0.2748
vn 0.7536 0.6511 0.0900
vn 0.7823 0.6162 0.0915
vn 0.9824 0.1205 0.1426
vn 0.6168 0.7376 0.2747
vn 0.6121 0.7857 0.0900
vn 0.6470 0.7570 0.0916
vn 0.9400 0.3099 0.1426
vn 0.4611 0.8438 0.2747
vn 0.4471 0.8900 0.0900
vn 0.4869 0.8686 0.0916
vn 0.8475 0.4395 0.2975
vn 0.8615 0.4873 0.1427
vn 0.2875 0.9175 0.2747
vn 0.2648 0.9601 0.0900
vn 0.3081 0.9469 0.0916
vn 0.7455 0.5964 0.2976
vn 0.7499 0.6460 0.1426
vn 0.1031 0.9560 0.2747
vn 0.0724 0.9933 0.0900
vn 0.1174 0.9889 0.0916
vn 0.6148 0.7304 0.2975
vn 0.6094 0.7799 0.1426
vn -0.0854 0.9577 0.2747
vn -0.1227 0.9884 0.0900
vn -0.0777 0.9928 0.0916
vn 0.4605 0.8363 0.2975
vn 0.4455 0.8838 0.1427
vn -0.2706 0.9227 0.2747
vn -0.3132 0.9454 0.0900
vn -0.2699 0.9585 0.0915
vn 0.2885 0.9101 0.2975
vn 0.2645 0.9538 0.1426
vn -0.4454 0.8521 0.2747
vn -0.4916 0.8662 0.0900
vn -0.4517 0.8875 0.0915
vn 0.1054 0.9489 0.2975
vn 0.0734 0.9871 0.1426
vn -0.6030 0.7489 0.2748
vn -0.6511 0.7536 0.0900
vn -0.6162 0.7823 0.0915
vn -0.0817 0.9512 0.2975
vn -0.1205 0.9824 0.1427
vn -0.7375 0.6169 0.2748
vn -0.7856 0.6121 0.0900
vn -0.7569 0.6471 0.0916
vn -0.2657 0.9170 0.2975
vn -0.3098 0.9400 0.1426
vn -0.8438 0.4611 0.2747
vn -0.8900 0.4471 0.0900
vn -0.8686 0.4869 0.0916
vn -0.4395 0.8475 0.2975
vn -0.4873 0.8615 0.1427
vn -0.9175 0.2875 0.2747
vn -0.9601 0.2648 0.0900
vn -0.9469 0.3081 0.0916
vn -0.5964 0.7455 0.2975
vn -0.6460 0.7499 0.1426
vn -0.9560 0.1031 0.2748
vn -0.9933 0.0724 0.0899
vn -0.9889 0.1174 0.0915
vn -0.7304 0.6148 0.2975
vn -0.7799 0.6094 0.1426
vn -0.9577 -0.0854 0.2747
vn -0.9884 -0.1227 0.0900
vn -0.9928 -0.0777 0.0916
vn -0.8363 0.4605 0.2975
vn -0.8838 0.4456 0.1427
vn -0.9227 -0.2706 0.2747
vn -0.9454 -0.3132 0.0900
vn -0.9585 -0.2699 0.0915
vn -0.9101 0.2885 0.2976
vn -0.9538 0.2646 0.1426
vn -0.8521 -0.4454 0.2747
vn -0.8662 -0.4916 0.0900
vn -0.8874 -0.4517 0.0915
vn -0.9489 0.1054 0.2976
vn -0.9870 0.0734 0.1427
vn 0.8063 -0.3099 0.5038
vn 0.8981 -0.3291 0.2918
vn 0.7304 -0.4612 0.5038
vn 0.8167 -0.4979 0.2918
vn 0.6264 -0.5949 0.5038
vn 0.7512 -0.5786 0.3176
vn 0.7039 -0.6477 0.2917
vn 0.4983 -0.7056 0.5038
vn 0.6239 -0.7140 0.3176
vn 0.5640 -0.7725 0.2918
vn 0.2716 -0.8186 0.5062
vn 0.3510 -0.7893 0.5038
vn 0.4726 -0.8220 0.3176
vn 0.4024 -0.8677 0.2918
vn 0.1067 -0.8558 0.5062
vn 0.1903 -0.8426 0.5038
vn 0.3031 -0.8984 0.3177
vn 0.2254 -0.9295 0.2918
vn 0.0223 -0.8635 0.5038
vn 0.1221 -0.9403 0.3176
vn 0.0397 -0.9557 0.2918
vn -0.1466 -0.8513 0.5038
vn -0.0637 -0.9461 0.3176
vn -0.1475 -0.9451 0.2918
vn -0.3099 -0.8063 0.5038
vn -0.2470 -0.9155 0.3176
vn -0.3290 -0.8981 0.2918
vn -0.4612 -0.7304 0.5038
vn -0.4209 -0.8497 0.3176
vn -0.4979 -0.8167 0.2918
vn -0.6323 -0.7220 0.2809
vn -0.6520 -0.7182 0.2433
vn -0.7611 -0.5847 0.2809
vn -0.7796 -0.5771 0.2433
vn -0.8186 -0.2716 0.5062
vn -0.8605 -0.4250 0.2810
vn -0.9269 -0.2489 0.2809
vn -0.9576 -0.0633 0.2809
vn -0.2716 0.8186 0.5062
vn -0.1067 0.8558 0.5062
vn 0.5297 0.6806 0.5062
vn 0.5297 0.6805 0.5062
vn 0.7498 0.4260 0.5062
vn 0.8186 0.2716 0.5062
vn 0.8186 0.2715 -0.5062
vn 0.9322 0.3093 -0.1880
vn 0.9322 0.3092 -0.1880
vn 0.9746 0.1214 0.1880
vn 0.9746 0.1214 -0.1880
vn 0.9583 0.2164 -0.1867
vn 0.9583 0.2164 0.1867
vn 0.7498 0.4260 -0.5062
vn 0.8540 0.4852 -0.1880
vn -0.1214 0.9746 0.1880
vn -0.1214 0.9746 -0.1880
vn -0.2164 0.9583 -0.1867
vn -0.2164 0.9583 0.1867
vn 0.6523 0.5641 -0.5062
vn 0.7429 0.6425 -0.1880
vn -0.9821 -0.0253 0.1867
vn -0.9821 -0.0253 -0.1867
vn -0.9746 -0.1214 -0.1880
vn -0.9746 -0.1214 0.1880
vn 0.5297 0.6805 -0.5062
vn 0.6033 0.7750 -0.1880
vn 0.8540 0.4852 0.1880
vn 0.8025 0.5667 -0.1867
vn 0.8025 0.5667 0.1867
vn 0.3868 0.7708 -0.5062
vn 0.4405 0.8778 -0.1880
vn -0.9583 -0.2164 0.1867
vn -0.9583 -0.2164 -0.1867
vn -0.9322 -0.3093 -0.1880
vn -0.9322 -0.3093 0.1880
vn -0.9322 -0.3092 0.1880
vn 0.2290 0.8315 -0.5062
vn 0.2608 0.9469 -0.1880
vn -0.9170 0.3524 0.1867
vn -0.9170 0.3524 -0.1867
vn -0.9469 0.2608 -0.1880
vn -0.9469 0.2608 0.1880
vn 0.0624 0.8602 -0.5062
vn 0.0710 0.9796 -0.1880
vn 0.5667 -0.8025 0.1867
vn 0.5667 -0.8025 -0.1867
vn 0.6424 -0.7429 -0.1880
vn 0.6424 -0.7429 0.1880
vn -0.1066 0.8558 -0.5062
vn -0.5667 0.8025 0.1867
vn -0.5667 0.8025 -0.1867
vn -0.6424 0.7429 -0.1880
vn -0.6425 0.7429 -0.1880
vn -0.6424 0.7429 0.1880
vn -0.2715 0.8186 -0.5062
vn -0.3092 0.9322 -0.1880
vn -0.9682 0.1668 -0.1867
vn -0.9682 0.1667 0.1867
vn -0.4260 0.7498 -0.5062
vn -0.4260 0.7499 -0.5062
vn -0.4852 0.8540 -0.1880
vn -0.4852 0.8540 0.1880
vn -0.5641 0.6523 -0.5062
vn -0.2608 -0.9469 0.1880
vn -0.2608 -0.9469 -0.1880
vn -0.1667 -0.9682 -0.1867
vn -0.1668 -0.9682 0.1867
vn -0.6805 0.5297 -0.5062
vn -0.7750 0.6033 -0.1880
vn -0.7750 0.6033 0.1880
vn -0.8307 0.5246 -0.1867
vn -0.8307 0.5246 0.1867
vn -0.7708 0.3868 -0.5062
vn -0.8778 0.4405 -0.1880
vn -0.8540 -0.4852 0.1880
vn -0.8540 -0.4852 -0.1880
vn -0.8025 -0.5667 -0.1867
vn -0.8025 -0.5667 0.1867
vn -0.8315 0.2290 -0.5062
vn 0.8976 0.3992 0.1867
vn 0.8976 0.3992 -0.1867
vn -0.8602 0.0624 -0.5062
vn -0.9796 0.0710 -0.1880
vn 0.3992 -0.8976 0.1867
vn 0.3992 -0.8976 -0.1867
vn 0.4852 -0.8540 -0.1880
vn 0.4852 -0.8540 0.1880
vn -0.8558 -0.1066 -0.5062
vn -0.8186 -0.2715 -0.5062
vn 0.7429 0.6425 0.1880
vn -0.7498 -0.4260 -0.5062
vn -0.9796 0.0710 0.1880
vn -0.6523 -0.5641 -0.5062
vn -0.7429 -0.6425 -0.1880
vn -0.0253 0.9821 0.1867
vn -0.0253 0.9821 -0.1867
vn -0.5297 -0.6805 -0.5062
vn -0.4612 -0.7304 -0.5038
vn -0.5246 -0.8307 -0.1867
vn -0.6033 -0.7750 -0.1880
vn -0.3992 0.8976 0.1867
vn -0.3992 0.8976 -0.1867
vn -0.3868 -0.7708 -0.5062
vn -0.3099 -0.8063 -0.5038
vn -0.3524 -0.9170 -0.1867
vn -0.4405 -0.8778 -0.1880
vn 0.0253 -0.9821 0.1867
vn 0.0253 -0.9821 -0.1867
vn 0.1214 -0.9746 -0.1880
vn 0.1214 -0.9746 0.1880
vn -0.2290 -0.8315 -0.5062
vn -0.1466 -0.8513 -0.5038
vn -0.0624 -0.8602 -0.5062
vn 0.0223 -0.8635 -0.5038
vn -0.0710 -0.9796 -0.1880
vn -0.8976 -0.3992 0.1867
vn -0.8976 -0.3992 -0.1867
vn 0.1066 -0.8558 -0.5062
vn 0.1903 -0.8426 -0.5038
vn 0.2164 -0.9583 -0.1867
vn -0.3524 -0.9170 0.1867
vn 0.2715 -0.8186 -0.5062
vn 0.3510 -0.7893 -0.5038
vn 0.3092 -0.9322 -0.1880
vn 0.3524 0.9170 0.1867
vn 0.3524 0.9170 -0.1867
vn 0.2608 0.9469 0.1880
vn 0.4260 -0.7499 -0.5062
vn 0.4983 -0.7056 -0.5038
vn 0.9469 -0.2608 0.1880
vn 0.9469 -0.2608 -0.1880
vn 0.9682 -0.1668 -0.1867
vn 0.9682 -0.1668 0.1867
vn 0.5641 -0.6523 -0.5062
vn 0.6264 -0.5949 -0.5038
vn 0.7124 -0.6765 -0.1867
vn 0.6033 0.7750 0.1880
vn 0.5246 0.8307 -0.1867
vn 0.5246 0.8307 0.1867
vn 0.6805 -0.5297 -0.5062
vn 0.7304 -0.4612 -0.5038
vn 0.8307 -0.5246 -0.1867
vn 0.7750 -0.6033 -0.1880
vn 0.6765 0.7124 -0.1867
vn 0.6765 0.7124 0.1867
vn 0.7708 -0.3868 -0.5062
vn 0.8063 -0.3099 -0.5038
vn 0.9170 -0.3524 -0.1867
vn 0.8778 -0.4405 -0.1880
vn 0.9322 0.3093 0.1880
vn 0.8558 0.1066 -0.5062
vn 0.1667 0.9682 0.1867
vn 0.1667 0.9682 -0.1867
vn 0.0710 0.9796 0.1880
vn -0.6054 -0.6163 -0.5038
vn -0.6809 -0.7082 -0.1866
vn 0.9796 -0.0710 -0.1880
vn 0.9796 -0.0710 0.1880
vn 0.8602 -0.0624 -0.5062
vn -0.0710 -0.9796 0.1880
vn -0.7056 -0.4983 -0.5038
vn -0.6033 -0.7750 0.1880
vn -0.5246 -0.8307 0.1867
vn 0.8315 -0.2290 -0.5062
vn -0.7429 -0.6425 0.1880
vn -0.6813 -0.7078 0.1866
vn -0.7429 -0.6424 0.1880
vn -0.8185 -0.2716 -0.5062
vn -0.7893 -0.3510 -0.5038
vn -0.8426 -0.1903 -0.5038
vn 0.8307 -0.5246 0.1867
vn 0.8778 -0.4405 0.1880
vn -0.8778 0.4405 0.1880
vn -0.8635 -0.0223 -0.5038
vn 0.7124 -0.6765 0.1867
vn 0.7750 -0.6033 0.1880
vn 0.9170 -0.3524 0.1867
vn -0.8513 0.1466 -0.5038
vn -0.7124 0.6765 -0.1867
vn -0.7124 0.6765 0.1867
vn -0.6425 0.7429 0.1880
vn 0.4260 -0.7498 -0.5062
vn -0.3092 0.9322 0.1880
vn -0.3093 0.9322 0.1880
vn -0.8063 0.3099 -0.5038
vn 0.3093 -0.9322 0.1880
vn -0.7304 0.4612 -0.5038
vn -0.4405 -0.8778 0.1880
vn 0.4405 0.8778 0.1880
vn -0.6264 0.5949 -0.5038
vn 0.2164 -0.9583 0.1867
vn 0.3092 -0.9322 0.1880
vn -0.4983 0.7056 -0.5038
vn -0.3510 0.7893 -0.5038
vn -0.1903 0.8426 -0.5038
vn -0.5297 -0.6806 -0.5062
vn -0.0223 0.8635 -0.5038
vn 0.9821 0.0253 -0.1867
vn 0.9821 0.0253 0.1867
vn 0.1466 0.8513 -0.5038
vn -0.6720 -0.7166 0.1866
vn -0.6720 -0.7166 -0.1866
vn 0.3099 0.8063 -0.5038
vn 0.4612 0.7304 -0.5038
vn 0.5949 0.6264 -0.5038
vn 0.9322 0.3092 0.1880
vn 0.7056 0.4983 -0.5038
vn 0.7893 0.3510 -0.5038
vn 0.8426 0.1903 -0.5038
vn 0.8635 0.0223 -0.5038
vn 0.6425 -0.7429 0.1880
vn 0.8513 -0.1466 -0.5038
vn -0.7536 -0.6511 0.0900
vn -0.7823 -0.6162 0.0915
vn -0.9824 -0.1205 0.1426
vn -0.6121 -0.7856 0.0900
vn -0.6470 -0.7570 0.0916
vn -0.9400 -0.3099 0.1426
vn -0.4424 -0.8760 0.1923
vn -0.4456 -0.8838 0.1427
vn -0.8615 -0.4873 0.1427
vn -0.2630 -0.9454 0.1923
vn -0.2646 -0.9537 0.1427
vn -0.7499 -0.6460 0.1426
vn -0.0735 -0.9786 0.1923
vn -0.0734 -0.9870 0.1427
vn -0.6094 -0.7799 0.1426
vn 0.1188 -0.9741 0.1923
vn 0.1205 -0.9824 0.1427
vn -0.3081 -0.9469 0.0916
vn 0.3066 -0.9322 0.1923
vn 0.3099 -0.9400 0.1426
vn -0.1174 -0.9889 0.0916
vn 0.4825 -0.8545 0.1923
vn 0.0777 -0.9928 0.0916
vn 0.6400 -0.7439 0.1923
vn 0.2699 -0.9585 0.0915
vn 0.7728 -0.6048 0.1923
vn 0.4517 -0.8875 0.0915
vn 0.8760 -0.4424 0.1923
vn 0.6162 -0.7823 0.0916
vn 0.9454 -0.2630 0.1923
vn 0.7570 -0.6470 0.0915
vn 0.9786 -0.0735 0.1923
vn 0.8686 -0.4869 0.0916
vn 0.9741 0.1188 0.1923
vn 0.9322 0.3066 0.1923
vn 0.8545 0.4825 0.1923
vn 0.7439 0.6400 0.1923
vn 0.6048 0.7728 0.1923
vn 0.4424 0.8760 0.1923
vn 0.2630 0.9454 0.1923
vn 0.0735 0.9786 0.1923
vn -0.1188 0.9741 0.1923
vn -0.3066 0.9322 0.1923
vn -0.4825 0.8545 0.1923
vn -0.6400 0.7439 0.1923
vn -0.7728 0.6048 0.1923
vn -0.8759 0.4424 0.1923
vn -0.9454 0.2630 0.1923
vn -0.9786 0.0735 0.1923
vn -0.9741 -0.1188 0.1923
vn -0.9322 -0.3066 0.1923
vn -0.8545 -0.4825 0.1923
vn -0.7439 -0.6400 0.1923
vn -0.6048 -0.7728 0.1923
vn -0.4789 -0.8778 -0.0112
vn -0.6000 -0.7568 0.2593
vn -0.4470 -0.8900 0.0900
vn -0.5187 -0.8529 0.0598
vn -0.2648 -0.9601 0.0900
vn -0.0724 -0.9933 0.0900
vn 0.1228 -0.9883 0.0900
vn 0.3132 -0.9454 0.0900
vn -0.5842 -0.6363 0.5037
vn -0.5844 -0.6362 -0.5038
vn -0.3825 -0.7651 -0.5180
vn -0.3772 -0.7546 0.5369
vn -0.3771 -0.7547 0.5369
vn -0.2259 -0.8250 -0.5180
vn -0.2227 -0.8137 0.5369
vn 0.2259 0.8250 -0.5180
vn 0.3063 0.8004 -0.5153
vn 0.3177 0.8302 0.4580
vn 0.2227 0.8137 0.5369
vn -0.0606 -0.8532 -0.5180
vn -0.0597 -0.8415 0.5369
vn 0.0606 0.8532 -0.5180
vn 0.1442 0.8448 -0.5153
vn 0.1495 0.8763 0.4580
vn 0.0597 0.8415 0.5369
vn 0.1070 -0.8487 -0.5180
vn 0.1055 -0.8370 0.5369
vn -0.1070 0.8487 -0.5180
vn -0.0234 0.8567 -0.5153
vn -0.0242 0.8886 0.4580
vn -0.1055 0.8370 0.5369
vn 0.2705 -0.8115 -0.5180
vn 0.2668 -0.8003 0.5369
vn -0.2706 0.8115 -0.5180
vn -0.1901 0.8357 -0.5153
vn -0.1971 0.8668 0.4580
vn -0.2668 0.8003 0.5370
vn 0.4237 -0.7431 -0.5180
vn 0.4236 -0.7431 -0.5180
vn 0.4178 -0.7329 0.5369
vn -0.4236 0.7431 -0.5180
vn -0.3494 0.7825 -0.5153
vn -0.3624 0.8117 0.4580
vn -0.4178 0.7329 0.5369
vn 0.5605 -0.6462 -0.5180
vn 0.5528 -0.6373 0.5369
vn -0.5605 0.6462 -0.5180
vn -0.4954 0.6993 -0.5153
vn -0.5139 0.7254 0.4580
vn -0.5528 0.6373 0.5369
vn 0.6758 -0.5244 -0.5180
vn 0.6665 -0.5172 0.5369
vn 0.6664 -0.5172 0.5370
vn -0.6758 0.5244 -0.5180
vn -0.6223 0.5893 -0.5153
vn -0.6455 0.6112 0.4580
vn -0.6665 0.5172 0.5369
vn 0.7651 -0.3825 -0.5180
vn 0.7546 -0.3772 0.5370
vn 0.7546 -0.3772 0.5369
vn -0.7651 0.3825 -0.5180
vn -0.7253 0.4565 -0.5153
vn -0.7523 0.4736 0.4580
vn -0.7546 0.3772 0.5370
vn 0.8250 -0.2259 -0.5180
vn 0.8137 -0.2227 0.5369
vn -0.8250 0.2259 -0.5180
vn -0.8004 0.3062 -0.5153
vn -0.8302 0.3176 0.4581
vn -0.8137 0.2227 0.5369
vn 0.8532 -0.0606 -0.5180
vn 0.8415 -0.0597 0.5369
vn -0.8532 0.0606 -0.5180
vn -0.8448 0.1442 -0.5153
vn -0.8763 0.1495 0.4580
vn -0.8415 0.0597 0.5369
vn 0.8487 0.1070 -0.5180
vn 0.8370 0.1055 0.5369
vn -0.8487 -0.1070 -0.5180
vn -0.8567 -0.0234 -0.5153
vn -0.8886 -0.0242 0.4580
vn -0.8370 -0.1055 0.5369
vn 0.8115 0.2705 -0.5180
vn 0.8004 0.2668 0.5369
vn 0.8003 0.2668 0.5369
vn -0.8115 -0.2705 -0.5180
vn -0.8357 -0.1900 -0.5153
vn -0.8668 -0.1971 0.4581
vn -0.8004 -0.2668 0.5369
vn 0.7431 0.4237 -0.5180
vn 0.7328 0.4179 0.5369
vn 0.7330 0.4176 0.5369
vn -0.7431 -0.4237 -0.5180
vn -0.7825 -0.3494 -0.5153
vn -0.8117 -0.3624 0.4581
vn -0.7329 -0.4178 0.5369
vn 0.6462 0.5605 -0.5180
vn 0.6373 0.5527 0.5369
vn 0.6373 0.5528 0.5369
vn -0.6462 -0.5605 -0.5180
vn -0.6993 -0.4954 -0.5153
vn -0.7254 -0.5139 0.4580
vn -0.6373 -0.5527 0.5369
vn 0.5244 0.6758 -0.5180
vn 0.5172 0.6665 0.5369
vn -0.5244 -0.6758 -0.5180
vn -0.5892 -0.6223 -0.5153
vn -0.6112 -0.6454 0.4581
vn -0.5172 -0.6665 0.5369
vn 0.3825 0.7651 -0.5180
vn 0.3772 0.7546 0.5369
vn -0.4565 -0.7253 -0.5153
vn -0.4736 -0.7523 0.4580
vn -0.3062 -0.8004 -0.5153
vn -0.3176 -0.8303 0.4580
vn 0.0598 0.8415 0.5369
vn -0.1442 -0.8448 -0.5153
vn -0.1495 -0.8763 0.4580
vn 0.0234 -0.8567 -0.5153
vn 0.0242 -0.8886 0.4580
vn -0.2705 0.8115 -0.5180
vn -0.2668 0.8003 0.5369
vn 0.1901 -0.8357 -0.5153
vn 0.1971 -0.8668 0.4580
vn -0.4237 0.7431 -0.5180
vn 0.3494 -0.7825 -0.5153
vn 0.3624 -0.8117 0.4580
vn 0.4954 -0.6993 -0.5153
vn 0.5139 -0.7254 0.4580
vn 0.6223 -0.5893 -0.5153
vn 0.6455 -0.6112 0.4580
vn -0.7546 0.3772 0.5369
vn 0.7253 -0.4565 -0.5153
vn 0.7523 -0.4736 0.4581
vn 0.8004 -0.3062 -0.5153
vn 0.8302 -0.3176 0.4581
vn -0.8533 0.0606 -0.5180
vn 0.8448 -0.1442 -0.5153
vn 0.8763 -0.1495 0.4580
vn 0.8567 0.0234 -0.5153
vn 0.8886 0.0242 0.4581
vn -0.8003 -0.2668 0.5369
vn 0.8357 0.1901 -0.5153
vn 0.8668 0.1971 0.4580
vn -0.7329 -0.4178 0.5370
vn 0.7825 0.3494 -0.5153
vn 0.8117 0.3625 0.4580
vn -0.6373 -0.5528 0.5369
vn 0.6993 0.4954 -0.5153
vn 0.7253 0.5139 0.4581
vn 0.5892 0.6223 -0.5153
vn 0.6112 0.6455 0.4580
vn 0.4565 0.7253 -0.5153
vn 0.4736 0.7523 0.4580
vn -0.2228 -0.8137 0.5369
vn -0.2669 0.8003 0.5369
vn 0.8533 -0.0606 -0.5180
vn -0.8370 -0.1055 0.5370
vn 0.7329 0.4178 0.5369
vn -0.0000 -0.0000 1.0000
vn -0.4274 -0.8551 0.2936
vn -0.9762 -0.0266 0.2153
vn -0.9535 0.0677 0.2936
vn -0.5861 -0.7552 0.2936
vn -0.9626 0.1643 0.2153
vn -0.9220 0.2524 0.2936
vn -0.7222 -0.6263 0.2936
vn -0.9121 0.3489 0.2153
vn -0.8551 0.4274 0.2936
vn -0.8305 -0.4734 0.2936
vn -0.8264 0.5202 0.2153
vn -0.7552 0.5861 0.2936
vn -0.9069 -0.3023 0.2936
vn -0.7091 0.6714 0.2153
vn -0.6264 0.7221 0.2936
vn 0.3490 0.9121 0.2153
vn 0.4274 0.8551 0.2936
vn -0.9484 -0.1196 0.2936
vn -0.5645 0.7968 0.2153
vn -0.4734 0.8305 0.2936
vn 0.5202 0.8264 0.2153
vn 0.5861 0.7552 0.2936
vn -0.3981 0.8917 0.2153
vn -0.3023 0.9069 0.2936
vn 0.6714 0.7091 0.2153
vn 0.7221 0.6264 0.2936
vn -0.2165 0.9522 0.2153
vn -0.1196 0.9484 0.2936
vn 0.7968 0.5645 0.2153
vn 0.8305 0.4734 0.2936
vn -0.0266 0.9762 0.2153
vn 0.0678 0.9535 0.2936
vn 0.8917 0.3982 0.2153
vn 0.9069 0.3023 0.2936
vn -0.7552 0.5860 0.2936
vn 0.1643 0.9626 0.2153
vn 0.2524 0.9220 0.2936
vn 0.9522 0.2165 0.2153
vn 0.9484 0.1196 0.2936
vn 0.9762 0.0266 0.2153
vn 0.9535 -0.0677 0.2936
vn 0.5862 0.7551 0.2936
vn 0.5860 0.7552 0.2936
vn 0.9626 -0.1643 0.2153
vn 0.9220 -0.2524 0.2936
vn -0.3024 0.9068 0.2936
vn 0.7222 0.6263 0.2936
vn 0.9121 -0.3489 0.2153
vn 0.8551 -0.4274 0.2936
vn 0.8264 -0.5202 0.2153
vn 0.7552 -0.5861 0.2936
vn 0.0677 0.9535 0.2936
vn 0.7091 -0.6714 0.2153
vn 0.6264 -0.7221 0.2936
vn 0.5645 -0.7968 0.2153
vn 0.4734 -0.8305 0.2936
vn 0.3981 -0.8917 0.2153
vn 0.3023 -0.9069 0.2936
vn 0.2165 -0.9522 0.2153
vn 0.1196 -0.9484 0.2936
vn 0.8551 -0.4274 0.2935
vn 0.0266 -0.9762 0.2153
vn -0.0677 -0.9535 0.2936
vn 0.7552 -0.5860 0.2936
vn -0.1643 -0.9626 0.2153
vn -0.2525 -0.9220 0.2936
vn 0.6263 -0.7222 0.2936
vn -0.3489 -0.9121 0.2153
vn -0.4272 -0.8552 0.2936
vn -0.5202 -0.8264 0.2153
vn -0.6715 -0.7091 0.2153
vn -0.7968 -0.5645 0.2153
vn -0.8917 -0.3981 0.2153
vn -0.2524 -0.9220 0.2936
vn -0.2522 -0.9221 0.2936
vn -0.9522 -0.2165 0.2153
vn -0.4665 -0.6011 0.6489
vn -0.5244 -0.6758 0.5180
vn -0.6019 -0.7756 0.1903
vn -0.6131 -0.7900 -0.0000
vn -0.6019 -0.7756 -0.1903
vn -0.5748 -0.4986 0.6489
vn -0.6462 -0.5605 0.5180
vn -0.7416 -0.6433 0.1903
vn -0.7554 -0.6552 -0.0000
vn -0.7416 -0.6433 -0.1903
vn -0.6610 -0.3769 0.6488
vn -0.6610 -0.3769 0.6489
vn -0.7431 -0.4237 0.5180
vn -0.7431 -0.4236 0.5180
vn -0.8528 -0.4862 0.1903
vn -0.8529 -0.4862 0.1903
vn -0.8687 -0.4953 -0.0000
vn -0.8528 -0.4862 -0.1903
vn -0.8529 -0.4862 -0.1903
vn -0.7219 -0.2407 0.6488
vn -0.8115 -0.2705 0.5180
vn -0.9313 -0.3105 0.1903
vn -0.9487 -0.3163 -0.0000
vn -0.9313 -0.3105 -0.1903
vn -0.7549 -0.0952 0.6489
vn -0.8487 -0.1070 0.5180
vn -0.9740 -0.1228 0.1903
vn -0.9921 -0.1251 -0.0000
vn -0.9740 -0.1228 -0.1903
vn -0.7590 0.0539 0.6489
vn -0.7590 0.0539 0.6488
vn -0.8532 0.0606 0.5180
vn -0.9793 0.0695 0.1903
vn -0.9975 0.0708 -0.0000
vn -0.9793 0.0695 -0.1903
vn -0.7339 0.2009 0.6488
vn -0.7339 0.2009 0.6489
vn -0.8250 0.2259 0.5180
vn -0.9469 0.2592 0.1903
vn -0.9469 0.2593 0.1903
vn -0.9645 0.2641 -0.0000
vn -0.9469 0.2592 -0.1903
vn -0.9469 0.2593 -0.1903
vn -0.6806 0.3403 0.6489
vn -0.7651 0.3825 0.5180
vn -0.8781 0.4390 0.1903
vn -0.8945 0.4472 -0.0000
vn -0.8781 0.4390 -0.1903
vn -0.6011 0.4665 0.6489
vn -0.6758 0.5244 0.5180
vn -0.7756 0.6019 0.1903
vn -0.7900 0.6131 -0.0000
vn -0.7756 0.6019 -0.1903
vn -0.4986 0.5748 0.6489
vn -0.4986 0.5748 0.6488
vn -0.5605 0.6462 0.5180
vn -0.6433 0.7416 0.1903
vn -0.6432 0.7416 0.1903
vn -0.6552 0.7554 -0.0000
vn -0.6433 0.7416 -0.1903
vn -0.3768 0.6610 0.6489
vn -0.3769 0.6610 0.6489
vn -0.4237 0.7431 0.5180
vn -0.4236 0.7431 0.5180
vn -0.4862 0.8529 0.1903
vn -0.4953 0.8687 -0.0000
vn -0.4862 0.8529 -0.1903
vn -0.2407 0.7219 0.6489
vn -0.2705 0.8115 0.5180
vn -0.3105 0.9313 0.1903
vn -0.3163 0.9487 -0.0000
vn -0.3105 0.9313 -0.1903
vn -0.0952 0.7549 0.6489
vn -0.1070 0.8487 0.5180
vn -0.1228 0.9740 0.1903
vn -0.1251 0.9921 -0.0000
vn -0.1228 0.9740 -0.1903
vn 0.0539 0.7590 0.6489
vn 0.0606 0.8532 0.5180
vn 0.0695 0.9793 0.1903
vn 0.0708 0.9975 -0.0000
vn 0.0695 0.9793 -0.1903
vn 0.2009 0.7339 0.6489
vn 0.2259 0.8250 0.5180
vn 0.2592 0.9469 0.1903
vn 0.2593 0.9469 0.1903
vn 0.2641 0.9645 -0.0000
vn 0.2592 0.9469 -0.1903
vn 0.3402 0.6806 0.6489
vn 0.3825 0.7651 0.5180
vn 0.4390 0.8781 0.1903
vn 0.4472 0.8945 -0.0000
vn 0.4472 0.8944 -0.0000
vn 0.4390 0.8781 -0.1903
vn 0.4665 0.6011 0.6489
vn 0.5244 0.6758 0.5180
vn 0.6019 0.7756 0.1903
vn 0.6131 0.7900 -0.0000
vn 0.6019 0.7756 -0.1903
vn 0.5748 0.4986 0.6489
vn 0.6462 0.5605 0.5180
vn 0.7416 0.6433 0.1903
vn 0.7554 0.6552 -0.0000
vn 0.7416 0.6433 -0.1903
vn 0.6610 0.3769 0.6489
vn 0.6610 0.3769 0.6488
vn 0.7431 0.4236 0.5180
vn 0.7431 0.4237 0.5180
vn 0.8529 0.4862 0.1903
vn 0.8687 0.4953 -0.0000
vn 0.8529 0.4862 -0.1903
vn 0.7219 0.2407 0.6488
vn 0.7219 0.2406 0.6488
vn 0.8115 0.2705 0.5180
vn 0.9313 0.3105 0.1903
vn 0.9487 0.3163 -0.0000
vn 0.9313 0.3105 -0.1903
vn 0.7549 0.0952 0.6489
vn 0.7549 0.0952 0.6488
vn 0.8487 0.1070 0.5180
vn 0.8486 0.1070 0.5180
vn 0.9740 0.1228 0.1903
vn 0.9921 0.1251 -0.0000
vn 0.9740 0.1228 -0.1903
vn 0.7590 -0.0539 0.6489
vn 0.8532 -0.0606 0.5180
vn 0.9793 -0.0695 0.1903
vn 0.9975 -0.0708 -0.0000
vn 0.9793 -0.0695 -0.1903
vn 0.7339 -0.2009 0.6488
vn 0.7339 -0.2009 0.6489
vn 0.8250 -0.2259 0.5180
vn 0.9469 -0.2592 0.1903
vn 0.9469 -0.2593 0.1903
vn 0.9645 -0.2641 -0.0000
vn 0.9469 -0.2592 -0.1903
vn 0.6806 -0.3403 0.6488
vn 0.6806 -0.3403 0.6489
vn 0.7651 -0.3825 0.5180
vn 0.8781 -0.4390 0.1903
vn 0.8945 -0.4472 -0.0000
vn 0.8781 -0.4390 -0.1903
vn 0.6011 -0.4665 0.6489
vn 0.6012 -0.4665 0.6488
vn 0.6758 -0.5244 0.5180
vn 0.7756 -0.6019 0.1903
vn 0.7900 -0.6131 -0.0000
vn 0.7756 -0.6019 -0.1903
vn 0.4986 -0.5748 0.6488
vn 0.4986 -0.5748 0.6489
vn 0.5605 -0.6462 0.5180
vn 0.6433 -0.7416 0.1903
vn 0.6552 -0.7554 -0.0000
vn 0.6433 -0.7416 -0.1903
vn 0.3769 -0.6610 0.6489
vn 0.3768 -0.6610 0.6489
vn 0.4236 -0.7431 0.5180
vn 0.4237 -0.7431 0.5180
vn 0.4862 -0.8529 0.1903
vn 0.4953 -0.8687 -0.0000
vn 0.4862 -0.8529 -0.1903
vn 0.2406 -0.7219 0.6489
vn 0.2407 -0.7219 0.6489
vn 0.2705 -0.8115 0.5180
vn 0.3105 -0.9313 0.1903
vn 0.3163 -0.9487 -0.0000
vn 0.3105 -0.9313 -0.1903
vn 0.0952 -0.7549 0.6489
vn 0.1070 -0.8487 0.5180
vn 0.1228 -0.9740 0.1903
vn 0.1251 -0.9921 -0.0000
vn 0.1228 -0.9740 -0.1903
vn -0.0539 -0.7590 0.6489
vn -0.0606 -0.8532 0.5180
vn -0.0695 -0.9793 0.1903
vn -0.0696 -0.9793 0.1903
vn -0.0708 -0.9975 -0.0000
vn -0.0695 -0.9793 -0.1903
vn -0.2009 -0.7339 0.6489
vn -0.2259 -0.8250 0.5180
vn -0.2592 -0.9469 0.1903
vn -0.2593 -0.9469 0.1903
vn -0.2641 -0.9645 -0.0000
vn -0.2593 -0.9469 -0.1903
vn -0.2592 -0.9469 -0.1903
vn -0.3402 -0.6806 0.6489
vn -0.3825 -0.7651 0.5180
vn -0.4390 -0.8781 0.1903
vn -0.4472 -0.8945 -0.0000
vn -0.4472 -0.8944 -0.0000
vn -0.4390 -0.8781 -0.1903
vn 0.2713 0.7092 0.6507
vn 0.3062 0.8004 0.5153
vn 0.3509 0.9172 0.1889
vn 0.3573 0.9340 -0.0000
vn 0.3509 0.9172 -0.1889
vn 0.4045 0.6427 0.6507
vn 0.4565 0.7253 0.5153
vn 0.5231 0.8311 0.1889
vn 0.5327 0.8463 -0.0000
vn 0.5231 0.8311 -0.1889
vn -0.7554 -0.6553 -0.0000
vn 0.5221 0.5514 0.6507
vn 0.5892 0.6223 0.5153
vn 0.6752 0.7131 0.1889
vn 0.6876 0.7261 -0.0000
vn 0.6752 0.7131 -0.1889
vn 0.6197 0.4389 0.6507
vn 0.6993 0.4954 0.5153
vn 0.8013 0.5676 0.1889
vn 0.8160 0.5780 -0.0000
vn 0.8013 0.5676 -0.1889
vn 0.6934 0.3096 0.6507
vn 0.7825 0.3494 0.5153
vn 0.8967 0.4004 0.1889
vn 0.9131 0.4077 -0.0000
vn 0.8967 0.4004 -0.1889
vn -0.7550 -0.0952 0.6488
vn 0.7405 0.1684 0.6507
vn 0.8357 0.1901 0.5153
vn 0.9575 0.2178 0.1889
vn 0.9751 0.2218 -0.0000
vn 0.9575 0.2178 -0.1889
vn 0.7591 0.0207 0.6507
vn 0.8567 0.0234 0.5153
vn 0.9816 0.0268 0.1889
vn 0.9996 0.0273 -0.0000
vn 0.9816 0.0268 -0.1889
vn 0.7486 -0.1278 0.6506
vn 0.8448 -0.1442 0.5153
vn 0.9680 -0.1652 0.1889
vn 0.9857 -0.1683 -0.0000
vn 0.9680 -0.1652 -0.1889
vn -0.6806 0.3403 0.6488
vn 0.7092 -0.2714 0.6507
vn 0.8004 -0.3062 0.5153
vn 0.9172 -0.3509 0.1889
vn 0.9340 -0.3573 -0.0000
vn 0.9172 -0.3509 -0.1889
vn 0.6426 -0.4045 0.6507
vn 0.7253 -0.4565 0.5153
vn 0.8311 -0.5231 0.1889
vn 0.8463 -0.5327 -0.0000
vn 0.8311 -0.5231 -0.1889
vn 0.5514 -0.5221 0.6507
vn 0.6223 -0.5892 0.5153
vn 0.7131 -0.6752 0.1889
vn 0.7261 -0.6876 -0.0000
vn 0.7131 -0.6752 -0.1889
vn 0.4390 -0.6196 0.6507
vn 0.4954 -0.6993 0.5153
vn 0.5676 -0.8013 0.1889
vn 0.5780 -0.8160 -0.0000
vn 0.5676 -0.8013 -0.1889
vn -0.2406 0.7219 0.6489
vn 0.3096 -0.6934 0.6507
vn 0.3494 -0.7825 0.5153
vn 0.4004 -0.8967 0.1889
vn 0.4077 -0.9131 -0.0000
vn 0.4004 -0.8967 -0.1889
vn 0.1684 -0.7405 0.6507
vn 0.1901 -0.8357 0.5153
vn 0.2178 -0.9575 0.1889
vn 0.2218 -0.9751 -0.0000
vn 0.2178 -0.9575 -0.1889
vn 0.0207 -0.7591 0.6507
vn 0.0234 -0.8567 0.5153
vn 0.0268 -0.9816 0.1889
vn 0.0273 -0.9996 -0.0000
vn 0.0268 -0.9816 -0.1889
vn 0.2593 0.9469 -0.1903
vn -0.1278 -0.7485 0.6507
vn -0.1442 -0.8448 0.5153
vn -0.1652 -0.9680 0.1889
vn -0.1683 -0.9857 -0.0000
vn -0.1652 -0.9680 -0.1889
vn 0.3403 0.6806 0.6489
vn -0.2714 -0.7092 0.6507
vn -0.3062 -0.8004 0.5153
vn -0.3509 -0.9172 0.1889
vn -0.3573 -0.9340 -0.0000
vn -0.3509 -0.9172 -0.1889
vn -0.4045 -0.6427 0.6507
vn -0.4565 -0.7253 0.5153
vn -0.5231 -0.8311 0.1889
vn -0.5327 -0.8463 -0.0000
vn -0.5231 -0.8311 -0.1889
vn -0.5221 -0.5514 0.6507
vn -0.5892 -0.6223 0.5153
vn -0.6752 -0.7131 0.1889
vn -0.6876 -0.7261 -0.0000
vn -0.6752 -0.7131 -0.1889
vn -0.6196 -0.4389 0.6507
vn -0.6993 -0.4954 0.5153
vn -0.8013 -0.5676 0.1889
vn -0.8160 -0.5780 -0.0000
vn -0.8013 -0.5676 -0.1889
vn -0.6934 -0.3096 0.6506
vn -0.7825 -0.3494 0.5153
vn -0.8967 -0.4004 0.1889
vn -0.9131 -0.4077 -0.0000
vn -0.8967 -0.4004 -0.1889
vn -0.7405 -0.1684 0.6507
vn -0.8357 -0.1901 0.5153
vn -0.9575 -0.2178 0.1889
vn -0.9751 -0.2218 -0.0000
vn -0.9575 -0.2178 -0.1889
vn 0.7590 -0.0539 0.6488
vn 0.9793 -0.0696 -0.1903
vn -0.7591 -0.0207 0.6506
vn -0.8567 -0.0234 0.5153
vn -0.9816 -0.0268 0.1889
vn -0.9996 -0.0273 -0.0000
vn -0.9816 -0.0268 -0.1889
vn 0.9469 -0.2593 -0.1903
vn -0.7486 0.1278 0.6506
vn -0.8448 0.1442 0.5153
vn -0.9680 0.1652 0.1889
vn -0.9857 0.1683 -0.0000
vn -0.9680 0.1653 -0.1889
vn 0.8944 -0.4472 -0.0000
vn -0.7092 0.2714 0.6507
vn -0.8004 0.3063 0.5153
vn -0.9171 0.3509 0.1889
vn -0.9340 0.3574 -0.0000
vn -0.9172 0.3509 -0.1889
vn -0.6427 0.4045 0.6507
vn -0.7253 0.4565 0.5153
vn -0.8311 0.5231 0.1889
vn -0.8463 0.5327 -0.0000
vn -0.8311 0.5231 -0.1889
vn 0.6432 -0.7416 -0.1903
vn -0.5514 0.5221 0.6507
vn -0.6223 0.5892 0.5153
vn -0.7131 0.6752 0.1889
vn -0.7261 0.6876 -0.0000
vn -0.7130 0.6752 -0.1889
vn -0.4390 0.6196 0.6507
vn -0.4954 0.6993 0.5153
vn -0.5676 0.8013 0.1889
vn -0.5780 0.8160 -0.0000
vn -0.5676 0.8013 -0.1889
vn -0.3096 0.6934 0.6507
vn -0.3494 0.7825 0.5153
vn -0.4004 0.8967 0.1889
vn -0.4077 0.9131 -0.0000
vn -0.4004 0.8967 -0.1889
vn -0.1684 0.7405 0.6507
vn -0.1900 0.8357 0.5153
vn -0.2178 0.9575 0.1889
vn -0.2218 0.9751 -0.0000
vn -0.2178 0.9575 -0.1889
vn -0.0207 0.7591 0.6507
vn -0.0234 0.8567 0.5153
vn -0.0268 0.9816 0.1889
vn -0.0273 0.9996 -0.0000
vn -0.0268 0.9816 -0.1889
vn 0.1278 0.7485 0.6507
vn 0.1442 0.8448 0.5153
vn 0.1652 0.9680 0.1889
vn 0.1683 0.9857 -0.0000
vn 0.1652 0.9680 -0.1889
vt 0.093750 0.959860
vt 0.062500 0.959860
vt 0.062500 0.919719
vt 0.093750 0.919719
vt 0.875000 0.959860
vt 0.875000 0.919719
vt 0.906250 0.919719
vt 0.906250 0.959860
vt 0.585938 1.000000
vt 0.578125 1.000000
vt 0.570312 1.000000
vt 0.562500 1.000000
vt 0.562500 0.979930
vt 0.593750 0.979930
vt 0.593750 1.000000
vt 0.406250 0.959860
vt 0.406250 0.979930
vt 0.375000 0.979930
vt 0.375000 0.959860
vt 0.250000 0.959860
vt 0.250000 0.979930
vt 0.218750 0.979930
vt 0.218750 0.959860
vt 0.218750 0.919719
vt 0.250000 0.919719
vt 0.984375 0.542884
vt 0.984375 0.546457
vt 0.968750 0.546457
vt 0.968750 0.542884
vt 0.156250 0.500000
vt 0.140625 0.500000
vt 0.015625 0.546457
vt 0.015625 0.550031
vt 0.000000 0.550031
vt 0.000000 0.546457
vt 0.046875 0.546457
vt 0.046875 0.550031
vt 0.031250 0.550031
vt 0.031250 0.546457
vt 0.078125 0.546457
vt 0.078125 0.550031
vt 0.062500 0.550031
vt 0.062500 0.546457
vt 0.109375 0.546457
vt 0.109375 0.550031
vt 0.093750 0.550031
vt 0.093750 0.546457
vt 0.140625 0.546457
vt 0.140625 0.550031
vt 0.125000 0.550031
vt 0.125000 0.546457
vt 0.171875 0.546457
vt 0.171875 0.550031
vt 0.156250 0.550031
vt 0.156250 0.546457
vt 0.203125 0.546457
vt 0.203125 0.550031
vt 0.187500 0.550031
vt 0.187500 0.546457
vt 0.234375 0.546457
vt 0.234375 0.550031
vt 0.218750 0.550031
vt 0.218750 0.546457
vt 0.265625 0.546457
vt 0.265625 0.550031
vt 0.250000 0.550031
vt 0.250000 0.546457
vt 0.296875 0.546457
vt 0.296875 0.550031
vt 0.281250 0.550031
vt 0.281250 0.546457
vt 0.328125 0.546457
vt 0.328125 0.550031
vt 0.312500 0.550031
vt 0.312500 0.546457
vt 0.359375 0.546457
vt 0.359375 0.550031
vt 0.343750 0.550031
vt 0.343750 0.546457
vt 0.390625 0.546457
vt 0.390625 0.550031
vt 0.375000 0.550031
vt 0.375000 0.546457
vt 0.421875 0.546457
vt 0.421875 0.550031
vt 0.406250 0.550031
vt 0.406250 0.546457
vt 0.453125 0.546457
vt 0.453125 0.550031
vt 0.437500 0.550031
vt 0.437500 0.546457
vt 0.484375 0.546457
vt 0.484375 0.550031
vt 0.468750 0.550031
vt 0.468750 0.546457
vt 0.515625 0.546457
vt 0.515625 0.550031
vt 0.500000 0.550031
vt 0.500000 0.546457
vt 0.546875 0.546457
vt 0.546875 0.550031
vt 0.531250 0.550031
vt 0.531250 0.546457
vt 0.578125 0.546457
vt 0.578125 0.550031
vt 0.562500 0.550031
vt 0.562500 0.546457
vt 0.609375 0.546457
vt 0.609375 0.550031
vt 0.593750 0.550031
vt 0.593750 0.546457
vt 0.640625 0.546457
vt 0.640625 0.550031
vt 0.625000 0.550031
vt 0.625000 0.546457
vt 0.671875 0.546457
vt 0.671875 0.550031
vt 0.656250 0.550031
vt 0.656250 0.546457
vt 0.703125 0.546457
vt 0.703125 0.550031
vt 0.687500 0.550031
vt 0.687500 0.546457
vt 0.734375 0.546457
vt 0.734375 0.550031
vt 0.718750 0.550031
vt 0.718750 0.546457
vt 0.765625 0.546457
vt 0.765625 0.550031
vt 0.750000 0.550031
vt 0.750000 0.546457
vt 0.796875 0.546457
vt 0.796875 0.550031
vt 0.781250 0.550031
vt 0.781250 0.546457
vt 0.828125 0.546457
vt 0.828125 0.550031
vt 0.812500 0.550031
vt 0.812500 0.546457
vt 0.859375 0.546457
vt 0.859375 0.550031
vt 0.843750 0.550031
vt 0.843750 0.546457
vt 0.890625 0.546457
vt 0.890625 0.550031
vt 0.875000 0.550031
vt 0.875000 0.546457
vt 0.921875 0.546457
vt 0.921875 0.550031
vt 0.906250 0.550031
vt 0.906250 0.546457
vt 0.953125 0.546457
vt 0.953125 0.550031
vt 0.937500 0.550031
vt 0.937500 0.546457
vt 0.984375 0.550031
vt 0.968750 0.550031
vt 0.031250 0.698528
vt 0.000000 0.698528
vt 0.062500 0.698528
vt 0.093750 0.698528
vt 0.125000 0.698528
vt 0.156250 0.698528
vt 0.187500 0.698528
vt 0.218750 0.698528
vt 0.250000 0.698528
vt 0.281250 0.698528
vt 0.312500 0.698528
vt 0.343750 0.698528
vt 0.375000 0.698528
vt 0.406250 0.698528
vt 0.437500 0.698528
vt 0.468750 0.698528
vt 0.500000 0.698528
vt 0.531250 0.698528
vt 0.562500 0.698528
vt 0.593750 0.698528
vt 0.625000 0.698528
vt 0.656250 0.698528
vt 0.687500 0.698528
vt 0.718750 0.698528
vt 0.750000 0.698528
vt 0.781250 0.698528
vt 0.812500 0.698528
vt 0.843750 0.698528
vt 0.875000 0.698528
vt 0.906250 0.698528
vt 0.937500 0.698528
vt 0.968750 0.698528
vt 1.000000 0.550031
vt 1.000000 0.698528
vt 0.031250 0.741537
vt 0.031250 0.748706
vt 0.000000 0.748706
vt 0.000000 0.741537
vt 0.062500 0.741537
vt 0.062500 0.748706
vt 0.093750 0.741537
vt 0.093750 0.748706
vt 0.125000 0.741537
vt 0.125000 0.748706
vt 0.156250 0.741537
vt 0.156250 0.748706
vt 0.187500 0.741537
vt 0.187500 0.748706
vt 0.218750 0.741537
vt 0.218750 0.748706
vt 0.250000 0.741537
vt 0.250000 0.748706
vt 0.281250 0.741537
vt 0.281250 0.748706
vt 0.312500 0.741537
vt 0.312500 0.748706
vt 0.343750 0.741537
vt 0.343750 0.748706
vt 0.375000 0.741537
vt 0.375000 0.748706
vt 0.406250 0.741537
vt 0.406250 0.748706
vt 0.437500 0.741537
vt 0.437500 0.748706
vt 0.468750 0.741537
vt 0.468750 0.748706
vt 0.500000 0.741537
vt 0.500000 0.748706
vt 0.531250 0.741537
vt 0.531250 0.748706
vt 0.562500 0.741537
vt 0.562500 0.748706
vt 0.593750 0.741537
vt 0.593750 0.748706
vt 0.625000 0.741537
vt 0.625000 0.748706
vt 0.656250 0.741537
vt 0.656250 0.748706
vt 0.687500 0.741537
vt 0.687500 0.748706
vt 0.718750 0.741537
vt 0.718750 0.748706
vt 0.750000 0.741537
vt 0.750000 0.748706
vt 0.781250 0.741537
vt 0.781250 0.748706
vt 0.812500 0.741537
vt 0.812500 0.748706
vt 0.843750 0.741537
vt 0.843750 0.748706
vt 0.875000 0.741537
vt 0.875000 0.748706
vt 0.906250 0.741537
vt 0.906250 0.748706
vt 0.937500 0.741537
vt 0.937500 0.748706
vt 0.968750 0.741537
vt 0.968750 0.748706
vt 1.000000 0.741537
vt 1.000000 0.748706
vt 0.031250 0.839439
vt 0.000000 0.839439
vt 0.062500 0.839439
vt 0.093750 0.839438
vt 0.125000 0.839438
vt 0.156250 0.839439
vt 0.187500 0.839438
vt 0.218750 0.839438
vt 0.250000 0.839439
vt 0.281250 0.839438
vt 0.312500 0.839438
vt 0.343750 0.839438
vt 0.375000 0.839439
vt 0.406250 0.839439
vt 0.437500 0.839439
vt 0.468750 0.839439
vt 0.500000 0.839438
vt 0.531250 0.839438
vt 0.562500 0.839439
vt 0.593750 0.839439
vt 0.625000 0.839439
vt 0.656250 0.839439
vt 0.687500 0.839439
vt 0.718750 0.839438
vt 0.750000 0.839439
vt 0.781250 0.839439
vt 0.812500 0.839439
vt 0.843750 0.839439
vt 0.875000 0.839439
vt 0.906250 0.839438
vt 0.937500 0.839438
vt 0.968750 0.839439
vt 1.000000 0.839439
vt 0.156250 0.979930
vt 0.125000 0.979930
vt 0.125000 0.959860
vt 0.156250 0.959860
vt 0.531250 0.979930
vt 0.531250 0.959860
vt 0.562500 0.959860
vt 0.593750 0.919719
vt 0.562500 0.919719
vt 0.562500 0.919003
vt 0.625000 0.919003
vt 0.625000 0.919719
vt 0.281250 0.979930
vt 0.281250 1.000000
vt 0.273438 1.000000
vt 0.265625 1.000000
vt 0.257812 1.000000
vt 0.250000 1.000000
vt 1.000000 0.705696
vt 0.968750 0.705696
vt 1.000000 0.712864
vt 0.968750 0.712864
vt 1.000000 0.734369
vt 0.968750 0.734369
vt 0.937500 0.705696
vt 0.937500 0.712864
vt 0.375000 0.734369
vt 0.343750 0.734369
vt 0.343750 0.712864
vt 0.375000 0.712864
vt 0.218750 0.734369
vt 0.187500 0.734369
vt 0.187500 0.712864
vt 0.218750 0.712864
vt 0.937500 0.734369
vt 0.906250 0.705696
vt 0.906250 0.712864
vt 0.500000 0.734369
vt 0.468750 0.734369
vt 0.468750 0.712864
vt 0.500000 0.712864
vt 0.906250 0.734369
vt 0.875000 0.705696
vt 0.875000 0.712864
vt 0.875000 0.734369
vt 0.843750 0.705696
vt 0.843750 0.712864
vt 0.843750 0.734369
vt 0.812500 0.705696
vt 0.812500 0.712864
vt 0.812500 0.734369
vt 0.781250 0.705696
vt 0.781250 0.712864
vt 0.312500 0.734369
vt 0.281250 0.734369
vt 0.281250 0.712864
vt 0.312500 0.712864
vt 0.781250 0.734369
vt 0.750000 0.705696
vt 0.750000 0.712864
vt 0.687500 0.734369
vt 0.656250 0.734369
vt 0.656250 0.712864
vt 0.687500 0.712864
vt 0.750000 0.734369
vt 0.718750 0.705696
vt 0.718750 0.712864
vt 0.718750 0.734369
vt 0.687500 0.705696
vt 0.625000 0.734369
vt 0.593750 0.734369
vt 0.593750 0.712864
vt 0.625000 0.712864
vt 0.656250 0.705696
vt 0.625000 0.705696
vt 0.593750 0.705696
vt 0.562500 0.734369
vt 0.531250 0.734369
vt 0.531250 0.712864
vt 0.562500 0.712864
vt 0.562500 0.705696
vt 0.531250 0.705696
vt 0.500000 0.705696
vt 0.468750 0.705696
vt 0.437500 0.705696
vt 0.437500 0.712864
vt 0.437500 0.734369
vt 0.406250 0.705696
vt 0.406250 0.712864
vt 0.406250 0.734369
vt 0.375000 0.705696
vt 0.343750 0.705696
vt 0.312500 0.705696
vt 0.250000 0.734369
vt 0.250000 0.712864
vt 0.281250 0.705696
vt 0.156250 0.734369
vt 0.125000 0.734369
vt 0.125000 0.712864
vt 0.156250 0.712864
vt 0.250000 0.705696
vt 0.218750 0.705696
vt 0.187500 0.705696
vt 0.156250 0.705696
vt 0.125000 0.705696
vt 0.093750 0.705696
vt 0.093750 0.712864
vt 0.093750 0.734369
vt 0.062500 0.705696
vt 0.062500 0.712864
vt 0.062500 0.734369
vt 0.031250 0.705696
vt 0.031250 0.712864
vt 0.031250 0.734369
vt 0.000000 0.734369
vt 0.000000 0.712864
vt 0.000000 0.705696
vt 0.984375 0.503574
vt 0.984375 0.507147
vt 0.968750 0.507147
vt 0.968750 0.503574
vt 0.843750 0.507147
vt 0.843750 0.542884
vt 0.828125 0.542884
vt 0.812500 0.542884
vt 0.812500 0.507147
vt 0.828125 0.507147
vt 0.953125 0.503574
vt 0.953125 0.507147
vt 0.937500 0.507147
vt 0.937500 0.503574
vt 0.921875 0.503574
vt 0.921875 0.507147
vt 0.906250 0.507147
vt 0.906250 0.503574
vt 0.953125 0.542884
vt 0.937500 0.542884
vt 0.156250 0.507147
vt 0.156250 0.542884
vt 0.140625 0.542884
vt 0.125000 0.542884
vt 0.125000 0.507147
vt 0.140625 0.507147
vt 0.921875 0.542884
vt 0.906250 0.542884
vt 0.890625 0.503574
vt 0.890625 0.507147
vt 0.875000 0.507147
vt 0.875000 0.503574
vt 0.093750 0.507147
vt 0.093750 0.542884
vt 0.078125 0.542884
vt 0.062500 0.542884
vt 0.062500 0.507147
vt 0.078125 0.507147
vt 0.859375 0.503574
vt 0.859375 0.507147
vt 0.843750 0.503574
vt 1.000000 0.507147
vt 1.000000 0.542884
vt 0.828125 0.503574
vt 0.812500 0.503574
vt 0.031250 0.507147
vt 0.031250 0.542884
vt 0.015625 0.542884
vt 0.000000 0.542884
vt 0.000000 0.507147
vt 0.015625 0.507147
vt 0.796875 0.503574
vt 0.796875 0.507147
vt 0.781250 0.507147
vt 0.781250 0.503574
vt 0.796875 0.542884
vt 0.781250 0.542884
vt 0.046875 0.542884
vt 0.046875 0.507147
vt 0.765625 0.503574
vt 0.765625 0.507147
vt 0.750000 0.507147
vt 0.750000 0.503574
vt 0.500000 0.507147
vt 0.500000 0.542884
vt 0.484375 0.542884
vt 0.468750 0.542884
vt 0.468750 0.507147
vt 0.484375 0.507147
vt 0.765625 0.542884
vt 0.750000 0.542884
vt 0.734375 0.503574
vt 0.734375 0.507147
vt 0.718750 0.507147
vt 0.718750 0.503574
vt 0.703125 0.503574
vt 0.703125 0.507147
vt 0.687500 0.507147
vt 0.687500 0.503574
vt 0.250000 0.507147
vt 0.250000 0.542884
vt 0.234375 0.542884
vt 0.218750 0.542884
vt 0.218750 0.507147
vt 0.234375 0.507147
vt 0.734375 0.542884
vt 0.718750 0.542884
vt 0.703125 0.542884
vt 0.687500 0.542884
vt 0.671875 0.503574
vt 0.671875 0.507147
vt 0.656250 0.507147
vt 0.656250 0.503574
vt 0.640625 0.503574
vt 0.640625 0.507147
vt 0.625000 0.507147
vt 0.625000 0.503574
vt 0.609375 0.503574
vt 0.609375 0.507147
vt 0.593750 0.507147
vt 0.593750 0.503574
vt 0.343750 0.507147
vt 0.343750 0.542884
vt 0.328125 0.542884
vt 0.312500 0.542884
vt 0.312500 0.507147
vt 0.328125 0.507147
vt 0.656250 0.542884
vt 0.640625 0.542884
vt 0.625000 0.542884
vt 0.578125 0.503574
vt 0.578125 0.507147
vt 0.562500 0.507147
vt 0.562500 0.503574
vt 0.593750 0.542884
vt 0.578125 0.542884
vt 0.562500 0.542884
vt 0.609375 0.542884
vt 0.546875 0.503574
vt 0.546875 0.507147
vt 0.531250 0.507147
vt 0.531250 0.503574
vt 0.531250 0.542884
vt 0.515625 0.542884
vt 0.515625 0.507147
vt 0.515625 0.503574
vt 0.500000 0.503574
vt 0.546875 0.542884
vt 0.484375 0.503574
vt 0.468750 0.503574
vt 0.890625 0.542884
vt 0.875000 0.542884
vt 0.453125 0.503574
vt 0.453125 0.507147
vt 0.437500 0.507147
vt 0.437500 0.503574
vt 0.421875 0.503574
vt 0.421875 0.507147
vt 0.406250 0.507147
vt 0.406250 0.503574
vt 0.437500 0.542884
vt 0.421875 0.542884
vt 0.406250 0.542884
vt 0.390625 0.503574
vt 0.390625 0.507147
vt 0.375000 0.507147
vt 0.375000 0.503574
vt 0.375000 0.542884
vt 0.359375 0.542884
vt 0.359375 0.507147
vt 0.359375 0.503574
vt 0.343750 0.503574
vt 0.328125 0.503574
vt 0.312500 0.503574
vt 0.296875 0.542884
vt 0.281250 0.542884
vt 0.281250 0.507147
vt 0.296875 0.507147
vt 0.296875 0.503574
vt 0.281250 0.503574
vt 0.265625 0.503574
vt 0.265625 0.507147
vt 0.250000 0.503574
vt 0.265625 0.542884
vt 0.671875 0.542884
vt 0.234375 0.503574
vt 0.218750 0.503574
vt 0.859375 0.542884
vt 0.203125 0.503574
vt 0.203125 0.507147
vt 0.187500 0.507147
vt 0.187500 0.503574
vt 0.203125 0.542884
vt 0.187500 0.542884
vt 0.171875 0.503574
vt 0.171875 0.507147
vt 0.156250 0.503574
vt 0.390625 0.542884
vt 0.140625 0.503574
vt 0.125000 0.503574
vt 0.171875 0.542884
vt 0.109375 0.503574
vt 0.109375 0.507147
vt 0.093750 0.503574
vt 0.078125 0.503574
vt 0.062500 0.503574
vt 0.109375 0.542884
vt 0.046875 0.503574
vt 0.031250 0.503574
vt 0.453125 0.542884
vt 0.015625 0.503574
vt 0.000000 0.503574
vt 0.375000 0.873845
vt 0.343750 0.873845
vt 0.343750 0.850907
vt 0.375000 0.850907
vt 0.187500 0.845173
vt 0.187500 0.850907
vt 0.156250 0.850907
vt 0.156250 0.845173
vt 0.968750 0.879579
vt 0.968750 0.885313
vt 0.937500 0.885313
vt 0.937500 0.879579
vt 0.984375 0.902516
vt 0.984375 0.908251
vt 0.968750 0.908251
vt 0.968750 0.902516
vt 0.875000 0.873845
vt 0.875000 0.879579
vt 0.843750 0.879579
vt 0.843750 0.873845
vt 1.000000 0.850907
vt 1.000000 0.873845
vt 0.968750 0.873845
vt 0.968750 0.850907
vt 0.906250 0.873845
vt 0.875000 0.850907
vt 0.906250 0.850907
vt 0.953125 0.902516
vt 0.953125 0.908251
vt 0.937500 0.908251
vt 0.937500 0.902516
vt 0.875000 0.845173
vt 0.843750 0.850907
vt 0.843750 0.845173
vt 0.718750 0.873845
vt 0.687500 0.873845
vt 0.687500 0.850907
vt 0.718750 0.850907
vt 0.781250 0.879579
vt 0.781250 0.885313
vt 0.750000 0.885313
vt 0.750000 0.879579
vt 0.781250 0.896782
vt 0.765625 0.896782
vt 0.750000 0.896782
vt 0.734375 0.896782
vt 0.718750 0.896782
vt 0.718750 0.885313
vt 0.812500 0.885313
vt 0.812500 0.896782
vt 0.796875 0.896782
vt 0.921875 0.902516
vt 0.921875 0.908251
vt 0.906250 0.908251
vt 0.906250 0.902516
vt 1.000000 0.845173
vt 0.968750 0.845173
vt 0.906250 0.885313
vt 0.906250 0.879579
vt 0.218750 0.845173
vt 0.218750 0.850907
vt 0.421875 0.896782
vt 0.406250 0.896782
vt 0.406250 0.885313
vt 0.437500 0.885313
vt 0.468750 0.885313
vt 0.468750 0.896782
vt 0.453125 0.896782
vt 0.890625 0.902516
vt 0.890625 0.908251
vt 0.875000 0.908251
vt 0.875000 0.902516
vt 0.937500 0.845173
vt 0.906250 0.845173
vt 0.437500 0.845173
vt 0.406250 0.845173
vt 0.937500 0.873845
vt 0.859375 0.902516
vt 0.859375 0.908251
vt 0.843750 0.908251
vt 0.843750 0.902516
vt 0.812500 0.845173
vt 0.812500 0.879579
vt 0.843750 0.885313
vt 0.843750 0.896782
vt 0.828125 0.896782
vt 0.828125 0.902516
vt 0.828125 0.908251
vt 0.812500 0.908251
vt 0.812500 0.902516
vt 0.250000 0.845173
vt 0.718750 0.879579
vt 0.796875 0.902516
vt 0.796875 0.908251
vt 0.781250 0.908251
vt 0.781250 0.902516
vt 0.562500 0.873845
vt 0.531250 0.873845
vt 0.531250 0.850907
vt 0.562500 0.850907
vt 0.031250 0.845173
vt 0.031250 0.850907
vt 0.000000 0.850907
vt 0.000000 0.845173
vt 0.765625 0.902516
vt 0.765625 0.908251
vt 0.750000 0.908251
vt 0.750000 0.902516
vt 0.437500 0.873845
vt 0.406250 0.873845
vt 0.406250 0.850907
vt 0.437500 0.850907
vt 0.125000 0.850907
vt 0.125000 0.845173
vt 0.875000 0.885313
vt 0.218750 0.896782
vt 0.203125 0.896782
vt 0.187500 0.896782
vt 0.187500 0.885313
vt 0.218750 0.885313
vt 0.250000 0.885313
vt 0.281250 0.885313
vt 0.281250 0.896782
vt 0.265625 0.896782
vt 0.250000 0.896782
vt 0.234375 0.896782
vt 0.734375 0.902516
vt 0.734375 0.908251
vt 0.718750 0.908251
vt 0.718750 0.902516
vt 0.687500 0.845173
vt 0.656250 0.850907
vt 0.656250 0.845173
vt 0.062500 0.845173
vt 0.062500 0.850907
vt 0.296875 0.896782
vt 0.312500 0.885313
vt 0.343750 0.885313
vt 0.343750 0.896782
vt 0.328125 0.896782
vt 0.703125 0.902516
vt 0.703125 0.908251
vt 0.687500 0.908251
vt 0.687500 0.902516
vt 0.625000 0.845173
vt 0.593750 0.845173
vt 0.531250 0.845173
vt 0.500000 0.850907
vt 0.500000 0.845173
vt 0.687500 0.879579
vt 0.656250 0.879579
vt 0.656250 0.873845
vt 0.671875 0.902516
vt 0.671875 0.908251
vt 0.656250 0.908251
vt 0.656250 0.902516
vt 0.781250 0.845173
vt 0.781250 0.850907
vt 0.750000 0.850907
vt 0.750000 0.845173
vt 0.093750 0.845173
vt 0.750000 0.873845
vt 0.640625 0.902516
vt 0.640625 0.908251
vt 0.625000 0.908251
vt 0.625000 0.902516
vt 0.625000 0.850907
vt 0.937500 0.850907
vt 0.687500 0.885313
vt 0.656250 0.885313
vt 0.875000 0.896782
vt 0.859375 0.896782
vt 0.937500 0.896782
vt 0.921875 0.896782
vt 0.906250 0.896782
vt 0.890625 0.896782
vt 0.609375 0.902516
vt 0.609375 0.908251
vt 0.593750 0.908251
vt 0.593750 0.902516
vt 0.468750 0.850907
vt 0.468750 0.845173
vt 0.312500 0.873845
vt 0.281250 0.873845
vt 0.281250 0.850907
vt 0.312500 0.850907
vt 0.468750 0.879579
vt 0.437500 0.879579
vt 0.578125 0.902516
vt 0.578125 0.908251
vt 0.562500 0.908251
vt 0.562500 0.902516
vt 0.562500 0.845173
vt 0.500000 0.873845
vt 0.500000 0.879579
vt 0.468750 0.873845
vt 0.640625 0.896782
vt 0.625000 0.896782
vt 0.625000 0.885313
vt 0.703125 0.896782
vt 0.687500 0.896782
vt 0.656250 0.896782
vt 0.671875 0.896782
vt 0.546875 0.902516
vt 0.546875 0.908251
vt 0.531250 0.908251
vt 0.531250 0.902516
vt 0.515625 0.902516
vt 0.515625 0.908251
vt 0.500000 0.908251
vt 0.500000 0.902516
vt 0.625000 0.873845
vt 0.625000 0.879579
vt 0.593750 0.879579
vt 0.593750 0.873845
vt 0.484375 0.902516
vt 0.484375 0.908251
vt 0.468750 0.908251
vt 0.468750 0.902516
vt 0.953125 0.896782
vt 1.000000 0.885313
vt 1.000000 0.896782
vt 0.984375 0.896782
vt 0.562500 0.879579
vt 0.562500 0.885313
vt 0.531250 0.885313
vt 0.531250 0.879579
vt 0.453125 0.902516
vt 0.453125 0.908251
vt 0.437500 0.908251
vt 0.437500 0.902516
vt 0.343750 0.845173
vt 0.312500 0.845173
vt 0.343750 0.879579
vt 0.312500 0.879579
vt 0.421875 0.902516
vt 0.421875 0.908251
vt 0.406250 0.908251
vt 0.406250 0.902516
vt 0.281250 0.879579
vt 0.015625 0.896782
vt 0.000000 0.896782
vt 0.000000 0.885313
vt 0.031250 0.885313
vt 0.062500 0.885313
vt 0.062500 0.896782
vt 0.046875 0.896782
vt 0.390625 0.902516
vt 0.390625 0.908251
vt 0.375000 0.908251
vt 0.375000 0.902516
vt 0.375000 0.845173
vt 0.250000 0.873845
vt 0.218750 0.873845
vt 0.250000 0.850907
vt 0.593750 0.885313
vt 0.359375 0.902516
vt 0.359375 0.908251
vt 0.343750 0.908251
vt 0.343750 0.902516
vt 0.406250 0.879579
vt 0.375000 0.879579
vt 0.359375 0.896782
vt 0.375000 0.885313
vt 0.390625 0.896782
vt 0.328125 0.902516
vt 0.328125 0.908251
vt 0.312500 0.908251
vt 0.312500 0.902516
vt 0.296875 0.902516
vt 0.296875 0.908251
vt 0.281250 0.908251
vt 0.281250 0.902516
vt 0.281250 0.845173
vt 0.593750 0.850907
vt 0.250000 0.879579
vt 0.218750 0.879579
vt 0.546875 0.896782
vt 0.531250 0.896782
vt 0.609375 0.896782
vt 0.593750 0.896782
vt 0.562500 0.896782
vt 0.578125 0.896782
vt 0.265625 0.902516
vt 0.265625 0.908251
vt 0.250000 0.908251
vt 0.250000 0.902516
vt 0.812500 0.873845
vt 0.812500 0.850907
vt 0.187500 0.879579
vt 0.234375 0.902516
vt 0.234375 0.908251
vt 0.218750 0.908251
vt 0.218750 0.902516
vt 0.187500 0.873845
vt 0.203125 0.902516
vt 0.203125 0.908251
vt 0.187500 0.908251
vt 0.187500 0.902516
vt 0.156250 0.873845
vt 0.156250 0.879579
vt 0.125000 0.879579
vt 0.125000 0.873845
vt 0.093750 0.879579
vt 0.093750 0.885313
vt 0.062500 0.879579
vt 0.078125 0.896782
vt 0.125000 0.885313
vt 0.125000 0.896782
vt 0.109375 0.896782
vt 0.171875 0.902516
vt 0.171875 0.908251
vt 0.156250 0.908251
vt 0.156250 0.902516
vt 0.093750 0.873845
vt 0.140625 0.902516
vt 0.140625 0.908251
vt 0.125000 0.908251
vt 0.125000 0.902516
vt 0.718750 0.845173
vt 0.062500 0.873845
vt 0.484375 0.896782
vt 0.500000 0.885313
vt 0.515625 0.896782
vt 0.109375 0.902516
vt 0.109375 0.908251
vt 0.093750 0.908251
vt 0.093750 0.902516
vt 0.031250 0.879579
vt 0.031250 0.873845
vt 0.093750 0.850907
vt 0.078125 0.902516
vt 0.078125 0.908251
vt 0.062500 0.908251
vt 0.062500 0.902516
vt 0.140625 0.896782
vt 0.156250 0.885313
vt 0.171875 0.896782
vt 0.046875 0.902516
vt 0.046875 0.908251
vt 0.031250 0.908251
vt 0.031250 0.902516
vt 0.000000 0.879579
vt 0.000000 0.873845
vt 0.015625 0.902516
vt 0.015625 0.908251
vt 0.000000 0.908251
vt 0.000000 0.902516
vt 1.000000 0.546457
vt 0.015625 0.500000
vt 0.000000 0.500000
vt 0.031250 0.500000
vt 0.046875 0.500000
vt 0.062500 0.500000
vt 0.078125 0.500000
vt 0.093750 0.500000
vt 0.109375 0.500000
vt 0.125000 0.500000
vt 0.171875 0.500000
vt 0.187500 0.500000
vt 0.203125 0.500000
vt 0.218750 0.500000
vt 0.234375 0.500000
vt 0.250000 0.500000
vt 0.265625 0.500000
vt 0.281250 0.500000
vt 0.296875 0.500000
vt 0.312500 0.500000
vt 0.328125 0.500000
vt 0.343750 0.500000
vt 0.359375 0.500000
vt 0.375000 0.500000
vt 0.390625 0.500000
vt 0.406250 0.500000
vt 0.421875 0.500000
vt 0.437500 0.500000
vt 0.453125 0.500000
vt 0.468750 0.500000
vt 0.484375 0.500000
vt 0.500000 0.500000
vt 0.515625 0.500000
vt 0.531250 0.500000
vt 0.546875 0.500000
vt 0.562500 0.500000
vt 0.578125 0.500000
vt 0.593750 0.500000
vt 0.609375 0.500000
vt 0.625000 0.500000
vt 0.640625 0.500000
vt 0.656250 0.500000
vt 0.671875 0.500000
vt 0.687500 0.500000
vt 0.703125 0.500000
vt 0.718750 0.500000
vt 0.734375 0.500000
vt 0.750000 0.500000
vt 0.765625 0.500000
vt 0.781250 0.500000
vt 0.796875 0.500000
vt 0.812500 0.500000
vt 0.828125 0.500000
vt 0.843750 0.500000
vt 0.859375 0.500000
vt 0.875000 0.500000
vt 0.890625 0.500000
vt 0.906250 0.500000
vt 0.921875 0.500000
vt 0.937500 0.500000
vt 0.953125 0.500000
vt 0.968750 0.500000
vt 0.984375 0.500000
vt 1.000000 0.500000
vt 1.000000 0.503574
vt 0.781250 0.873845
vt 1.000000 0.879579
vt 0.031250 0.896782
vt 0.156250 0.896782
vt 0.093750 0.896782
vt 0.500000 0.896782
vt 0.312500 0.896782
vt 0.375000 0.896782
vt 0.437500 0.896782
vt 0.968750 0.896782
vt 1.000000 0.902516
vt 1.000000 0.908251
vt 0.984375 0.913985
vt 0.968750 0.913985
vt 1.000000 0.913985
vt 0.656250 0.959860
vt 0.625000 0.959860
vt 0.656250 0.919719
vt 0.953125 0.913985
vt 0.937500 0.913985
vt 0.921875 0.913985
vt 0.906250 0.913985
vt 0.890625 0.913985
vt 0.875000 0.913985
vt 0.859375 0.913985
vt 0.843750 0.913985
vt 0.828125 0.913985
vt 0.812500 0.913985
vt 0.796875 0.913985
vt 0.781250 0.913985
vt 0.765625 0.913985
vt 0.750000 0.913985
vt 0.734375 0.913985
vt 0.718750 0.913985
vt 0.703125 0.913985
vt 0.687500 0.913985
vt 0.671875 0.913985
vt 0.656250 0.913985
vt 0.640625 0.913985
vt 0.625000 0.913985
vt 0.609375 0.913985
vt 0.593750 0.913985
vt 0.578125 0.913985
vt 0.562500 0.913985
vt 0.546875 0.913985
vt 0.531250 0.913985
vt 0.515625 0.913985
vt 0.500000 0.913985
vt 0.484375 0.913985
vt 0.468750 0.913985
vt 0.453125 0.913985
vt 0.437500 0.913985
vt 0.421875 0.913985
vt 0.406250 0.913985
vt 0.390625 0.913985
vt 0.375000 0.913985
vt 0.359375 0.913985
vt 0.343750 0.913985
vt 0.328125 0.913985
vt 0.312500 0.913985
vt 0.296875 0.913985
vt 0.281250 0.913985
vt 0.265625 0.913985
vt 0.250000 0.913985
vt 0.234375 0.913985
vt 0.218750 0.913985
vt 0.203125 0.913985
vt 0.187500 0.913985
vt 0.171875 0.913985
vt 0.156250 0.913985
vt 0.140625 0.913985
vt 0.125000 0.913985
vt 0.109375 0.913985
vt 0.093750 0.913985
vt 0.078125 0.913985
vt 0.062500 0.913985
vt 0.046875 0.913985
vt 0.031250 0.913985
vt 0.015625 0.913985
vt 0.000000 0.913985
vt 0.437500 0.959860
vt 0.437500 0.919719
vt 0.468750 0.919719
vt 0.468750 0.959860
vt 0.531250 0.919719
vt 0.531250 0.919002
vt 0.812500 0.919719
vt 0.781250 0.919719
vt 0.781250 0.919003
vt 0.843750 0.919003
vt 0.843750 0.919719
vt 0.437500 0.979930
vt 0.468750 0.979930
vt 0.398438 1.000000
vt 0.390625 1.000000
vt 0.382812 1.000000
vt 0.375000 1.000000
vt 0.406250 1.000000
vt 0.343750 0.979930
vt 0.343750 0.959860
vt 0.500000 0.919719
vt 0.500000 0.959860
vt 0.343750 0.919719
vt 0.312500 0.919719
vt 0.312500 0.919002
vt 0.375000 0.919003
vt 0.375000 0.919719
vt 0.812500 0.959860
vt 0.781250 0.959860
vt 0.656250 0.979930
vt 0.687500 0.959860
vt 0.687500 0.979930
vt 0.812500 0.979930
vt 0.843750 0.959860
vt 0.843750 0.979930
vt 0.000000 0.959860
vt 0.000000 0.919719
vt 0.031250 0.919719
vt 0.031250 0.959860
vt 0.281250 0.919002
vt 0.218750 0.919002
vt 0.187500 0.916135
vt 0.218750 0.916135
vt 0.250000 0.916135
vt 0.281250 0.916135
vt 0.281250 0.916852
vt 0.250000 0.916852
vt 0.250000 0.917569
vt 0.281250 0.917569
vt 0.937500 0.919719
vt 0.937500 0.959860
vt 0.968750 0.919719
vt 0.937500 0.919002
vt 0.968750 0.919003
vt 0.062500 0.916135
vt 0.062500 0.915419
vt 0.093750 0.915419
vt 0.093750 0.916135
vt 0.312500 0.915419
vt 0.281250 0.915419
vt 0.281250 0.914702
vt 0.312500 0.914702
vt 0.468750 0.915419
vt 0.437500 0.915419
vt 0.437500 0.914702
vt 0.468750 0.914702
vt 0.875000 0.914702
vt 0.843750 0.914702
vt 0.906250 0.914702
vt 0.937500 0.914702
vt 0.093750 0.914702
vt 0.062500 0.914702
vt 0.031250 0.914702
vt 1.000000 0.914702
vt 0.968750 0.914702
vt 0.093750 0.979930
vt 0.062500 0.979930
vt 0.437500 0.916135
vt 0.468750 0.916135
vt 0.437500 0.919003
vt 0.406250 0.919719
vt 0.406250 0.919003
vt 0.500000 0.915419
vt 0.500000 0.914702
vt 0.531250 0.914702
vt 0.531250 0.915419
vt 0.375000 0.915419
vt 0.375000 0.914702
vt 0.406250 0.914702
vt 0.406250 0.915419
vt 0.875000 0.915419
vt 0.843750 0.915419
vt 0.937500 0.915419
vt 0.906250 0.915419
vt 0.593750 0.915419
vt 0.562500 0.915419
vt 0.562500 0.914702
vt 0.593750 0.914702
vt 0.343750 0.915419
vt 0.343750 0.914702
vt 0.625000 0.915419
vt 0.625000 0.914702
vt 0.656250 0.914702
vt 0.656250 0.915419
vt 0.187500 0.914702
vt 0.187500 0.915419
vt 0.156250 0.915419
vt 0.156250 0.914702
vt 0.125000 0.915419
vt 0.125000 0.914702
vt 0.125000 0.916135
vt 0.156250 0.916135
vt 0.156250 0.919003
vt 0.125000 0.919002
vt 0.093750 0.919002
vt 0.031250 0.915419
vt 0.601562 1.000000
vt 0.625000 0.979930
vt 0.625000 1.000000
vt 0.617188 1.000000
vt 0.609375 1.000000
vt 0.000000 0.915419
vt 0.000000 0.914702
vt 0.687500 0.914702
vt 0.687500 0.915419
vt 0.656250 1.000000
vt 0.687500 1.000000
vt 0.679688 1.000000
vt 0.671875 1.000000
vt 0.664062 1.000000
vt 0.531250 0.916135
vt 0.500000 0.916135
vt 0.406250 0.916135
vt 0.562500 0.916135
vt 0.562500 0.916852
vt 0.593750 0.916852
vt 0.593750 0.917569
vt 0.562500 0.917569
vt 0.468750 0.919003
vt 0.593750 0.916135
vt 0.625000 0.916135
vt 0.656250 0.916135
vt 0.656250 0.919003
vt 0.031250 0.919003
vt 0.062500 0.919003
vt 0.031250 0.979930
vt 0.031250 0.916135
vt 0.000000 0.916135
vt 0.687500 0.919719
vt 0.718750 0.919719
vt 0.718750 0.959860
vt 0.312500 0.979930
vt 0.312500 0.959860
vt 0.187500 0.919719
vt 0.156250 0.919719
vt 0.343750 0.916135
vt 0.375000 0.916135
vt 0.781250 0.915419
vt 0.781250 0.916135
vt 0.750000 0.916135
vt 0.750000 0.915419
vt 0.687500 0.916135
vt 0.218750 0.915419
vt 0.968750 0.915419
vt 0.250000 0.914702
vt 0.250000 0.915419
vt 0.218750 0.914702
vt 0.812500 0.915419
vt 0.812500 0.914702
vt 0.500000 1.000000
vt 0.500000 0.979930
vt 0.531250 1.000000
vt 0.523438 1.000000
vt 0.515625 1.000000
vt 0.507812 1.000000
vt 0.687500 0.919003
vt 0.718750 0.916135
vt 0.750000 0.919003
vt 0.718750 0.919002
vt 0.718750 0.914702
vt 0.718750 0.915419
vt 0.023438 1.000000
vt 0.015625 1.000000
vt 0.007812 1.000000
vt 0.000000 1.000000
vt 0.000000 0.979930
vt 0.031250 1.000000
vt 0.914062 1.000000
vt 0.906250 1.000000
vt 0.906250 0.979930
vt 0.937500 0.979930
vt 0.937500 1.000000
vt 0.929688 1.000000
vt 0.921875 1.000000
vt 0.968750 0.916135
vt 1.000000 0.915419
vt 1.000000 0.916135
vt 0.906250 0.919002
vt 0.906250 0.916135
vt 0.937500 0.916135
vt 0.812500 0.916135
vt 0.750000 0.914702
vt 0.781250 0.979930
vt 0.750000 0.979930
vt 0.750000 0.959860
vt 0.312500 0.916135
vt 0.875000 0.919003
vt 0.593750 0.959860
vt 0.125000 0.919719
vt 0.093750 1.000000
vt 0.085938 1.000000
vt 0.078125 1.000000
vt 0.070312 1.000000
vt 0.062500 1.000000
vt 0.781250 0.914702
vt 0.843750 0.916135
vt 0.875000 0.916135
vt 0.750000 0.919719
vt 0.281250 0.919719
vt 1.000000 0.919719
vt 0.187500 0.959860
vt 0.968750 0.959860
vt 0.125000 1.000000
vt 0.117188 1.000000
vt 0.109375 1.000000
vt 0.101562 1.000000
vt 0.367188 1.000000
vt 0.359375 1.000000
vt 0.351562 1.000000
vt 0.343750 1.000000
vt 0.437500 1.000000
vt 0.429688 1.000000
vt 0.421875 1.000000
vt 0.414062 1.000000
vt 0.960938 1.000000
vt 0.953125 1.000000
vt 0.945312 1.000000
vt 0.968750 0.979930
vt 0.968750 1.000000
vt 0.281250 0.959860
vt 1.000000 0.959860
vt 0.875000 0.979930
vt 0.898438 1.000000
vt 0.890625 1.000000
vt 0.882812 1.000000
vt 0.875000 1.000000
vt 0.789062 1.000000
vt 0.781250 1.000000
vt 0.812500 1.000000
vt 0.804688 1.000000
vt 0.796875 1.000000
vt 0.648438 1.000000
vt 0.640625 1.000000
vt 0.632812 1.000000
vt 0.843750 1.000000
vt 0.835938 1.000000
vt 0.828125 1.000000
vt 0.820312 1.000000
vt 0.179688 1.000000
vt 0.171875 1.000000
vt 0.164062 1.000000
vt 0.156250 1.000000
vt 0.187500 0.979930
vt 0.187500 1.000000
vt 0.312500 1.000000
vt 0.304688 1.000000
vt 0.296875 1.000000
vt 0.289062 1.000000
vt 1.000000 0.979930
vt 0.554688 1.000000
vt 0.546875 1.000000
vt 0.539062 1.000000
vt 0.742188 1.000000
vt 0.734375 1.000000
vt 0.726562 1.000000
vt 0.718750 1.000000
vt 0.718750 0.979930
vt 0.750000 1.000000
vt 1.000000 1.000000
vt 0.992188 1.000000
vt 0.984375 1.000000
vt 0.976562 1.000000
vt 0.335938 1.000000
vt 0.460938 1.000000
vt 0.468750 1.000000
vt 0.492188 1.000000
vt 0.039062 1.000000
vt 0.046875 1.000000
vt 0.710938 1.000000
vt 0.132812 1.000000
vt 0.140625 1.000000
vt 0.773438 1.000000
vt 0.195312 1.000000
vt 0.203125 1.000000
vt 0.226562 1.000000
vt 0.234375 1.000000
vt 0.867188 1.000000
vt 0.320312 1.000000
vt 0.328125 1.000000
vt 0.859375 1.000000
vt 0.851562 1.000000
vt 0.703125 1.000000
vt 0.695312 1.000000
vt 0.453125 1.000000
vt 0.445312 1.000000
vt 0.210938 1.000000
vt 0.218750 1.000000
vt 0.148438 1.000000
vt 0.054688 1.000000
vt 0.484375 1.000000
vt 0.476562 1.000000
vt 0.242188 1.000000
vt 0.765625 1.000000
vt 0.757812 1.000000
vt 0.726589 0.487694
vt 0.750000 0.490000
vt 0.773411 0.487694
vt 0.796822 0.485388
vt 0.819333 0.478560
vt 0.841844 0.471731
vt 0.862590 0.460642
vt 0.883337 0.449553
vt 0.901521 0.434629
vt 0.919706 0.419706
vt 0.934629 0.401521
vt 0.949553 0.383337
vt 0.960642 0.362590
vt 0.971731 0.341844
vt 0.978560 0.319333
vt 0.985388 0.296822
vt 0.987694 0.273411
vt 0.990000 0.250000
vt 0.987694 0.226589
vt 0.985388 0.203178
vt 0.978560 0.180667
vt 0.971731 0.158156
vt 0.960642 0.137410
vt 0.949553 0.116663
vt 0.934629 0.098479
vt 0.919706 0.080294
vt 0.901521 0.065371
vt 0.883337 0.050447
vt 0.862590 0.039358
vt 0.841844 0.028269
vt 0.819333 0.021440
vt 0.796822 0.014612
vt 0.773411 0.012306
vt 0.750000 0.010000
vt 0.726589 0.012306
vt 0.703178 0.014612
vt 0.680667 0.021440
vt 0.658156 0.028269
vt 0.637409 0.039358
vt 0.616663 0.050447
vt 0.598479 0.065371
vt 0.580294 0.080294
vt 0.565371 0.098479
vt 0.550447 0.116663
vt 0.539358 0.137410
vt 0.528269 0.158156
vt 0.521440 0.180667
vt 0.514611 0.203179
vt 0.512306 0.226589
vt 0.510000 0.250000
vt 0.512306 0.273411
vt 0.514612 0.296822
vt 0.521440 0.319333
vt 0.528269 0.341844
vt 0.539358 0.362591
vt 0.550447 0.383337
vt 0.565371 0.401521
vt 0.580295 0.419706
vt 0.598479 0.434629
vt 0.616663 0.449553
vt 0.637410 0.460642
vt 0.658156 0.471731
vt 0.680668 0.478560
vt 0.703179 0.485389
vt 0.000000 0.000000
s 1
f 1/1/1 2/2/2 3/3/3
f 1/1/1 3/3/3 4/4/4
f 5/5/5 6/6/6 7/7/7
f 5/5/5 7/7/7 8/8/8
f 9/9/9 10/10/10 11/11/11
f 11/11/11 12/12/12 13/13/13
f 13/13/13 14/14/14 15/15/15
f 9/9/9 11/11/11 13/13/13
f 13/13/13 15/15/15 9/9/9
f 16/16/16 17/17/17 18/18/18
f 16/16/16 18/18/18 19/19/19
f 20/20/20 21/21/21 22/22/22
f 20/20/20 22/22/22 23/23/23
f 23/23/23 24/24/24 25/25/25
f 23/23/23 25/25/25 20/20/20
f 26/26/26 27/27/27 28/28/28
f 26/26/26 28/28/28 29/29/29
f 30/30/30 31/31/31 32/31/32
f 30/30/30 32/31/32 33/30/33
f 34/32/34 35/33/35 36/34/36
f 34/32/34 36/34/36 37/35/37
f 38/36/38 39/37/39 40/38/40
f 38/36/38 40/38/40 41/39/41
f 42/40/42 43/41/43 44/42/44
f 42/40/42 44/42/44 45/43/45
f 46/44/46 47/45/47 48/46/48
f 46/44/46 48/46/48 49/47/49
f 50/48/50 51/49/51 52/50/52
f 50/48/50 52/50/52 53/51/53
f 54/52/54 55/53/55 56/54/56
f 54/52/54 56/54/56 57/55/57
f 58/56/58 59/57/59 60/58/60
f 58/56/58 60/58/60 61/59/61
f 62/60/62 63/61/63 64/62/64
f 62/60/62 64/62/64 65/63/65
f 66/64/66 67/65/67 68/66/68
f 66/64/66 68/66/68 69/67/69
f 70/68/70 71/69/71 72/70/72
f 70/68/70 72/70/72 73/71/73
f 74/72/74 75/73/75 76/74/76
f 74/72/74 76/74/76 77/75/77
f 78/76/78 79/77/79 80/78/80
f 78/76/78 80/78/80 81/79/81
f 82/80/82 83/81/83 84/82/84
f 82/80/82 84/82/84 85/83/85
f 86/84/86 87/85/87 88/86/88
f 86/84/86 88/86/88 89/87/89
f 90/88/90 91/89/91 92/90/92
f 90/88/90 92/90/92 93/91/93
f 94/92/94 95/93/95 96/94/96
f 94/92/94 96/94/96 97/95/97
f 98/96/98 99/97/99 100/98/100
f 98/96/98 100/98/100 101/99/101
f 102/100/102 103/101/103 104/102/104
f 102/100/102 104/102/104 105/103/105
f 106/104/106 107/105/107 108/106/108
f 106/104/106 108/106/108 109/107/109
f 110/108/110 111/109/111 112/110/112
f 110/108/110 112/110/112 113/111/113
f 114/112/114 115/113/115 116/114/116
f 114/112/114 116/114/116 117/115/117
f 118/116/118 119/117/119 120/118/120
f 118/116/118 120/118/120 121/119/121
f 122/120/122 123/121/123 124/122/124
f 122/120/122 124/122/124 125/123/125
f 126/124/126 127/125/127 128/126/128
f 126/124/126 128/126/128 129/127/129
f 130/128/130 131/129/131 132/130/132
f 130/128/130 132/130/132 133/131/133
f 134/132/134 135/133/135 136/134/136
f 134/132/134 136/134/136 137/135/137
f 138/136/138 139/137/139 140/138/140
f 138/136/138 140/138/140 141/139/141
f 142/140/142 143/141/143 144/142/144
f 142/140/142 144/142/144 145/143/145
f 146/144/146 147/145/147 148/146/148
f 146/144/146 148/146/148 149/147/149
f 150/148/150 151/149/151 152/150/152
f 150/148/150 152/150/152 153/151/153
f 154/152/154 155/153/155 156/154/156
f 154/152/154 156/154/156 157/155/157
f 27/27/27 158/156/158 159/157/159
f 27/27/27 159/157/159 28/28/28
f 35/33/35 40/38/40 160/158/160
f 160/158/160 161/159/161 36/34/36
f 160/158/160 36/34/36 35/33/35
f 39/37/39 44/42/44 162/160/162
f 162/160/162 160/158/160 40/38/40
f 162/160/162 40/38/40 39/37/39
f 43/41/43 48/46/48 163/161/163
f 163/161/163 162/160/162 44/42/44
f 163/161/163 44/42/44 43/41/43
f 47/45/47 52/50/52 164/162/164
f 164/162/164 163/161/163 48/46/48
f 164/162/164 48/46/48 47/45/47
f 51/49/51 56/54/56 165/163/165
f 165/163/165 164/162/164 52/50/52
f 165/163/165 52/50/52 51/49/51
f 55/53/55 60/58/60 166/164/166
f 166/164/166 165/163/165 56/54/56
f 166/164/166 56/54/56 55/53/55
f 59/57/59 64/62/64 167/165/167
f 167/165/167 166/164/166 60/58/60
f 167/165/167 60/58/60 59/57/59
f 63/61/63 68/66/68 168/166/168
f 168/166/168 167/165/167 64/62/64
f 168/166/168 64/62/64 63/61/63
f 67/65/67 72/70/72 169/167/169
f 169/167/169 168/166/168 68/66/68
f 169/167/169 68/66/68 67/65/67
f 71/69/71 76/74/76 170/168/170
f 170/168/170 169/167/169 72/70/72
f 170/168/170 72/70/72 71/69/71
f 75/73/75 80/78/80 171/169/171
f 171/169/171 170/168/170 76/74/76
f 171/169/171 76/74/76 75/73/75
f 79/77/79 84/82/84 172/170/172
f 172/170/172 171/169/171 80/78/80
f 172/170/172 80/78/80 79/77/79
f 83/81/83 88/86/88 173/171/173
f 173/171/173 172/170/172 84/82/84
f 173/171/173 84/82/84 83/81/83
f 87/85/87 92/90/92 174/172/174
f 174/172/174 173/171/173 88/86/88
f 174/172/174 88/86/88 87/85/87
f 91/89/91 96/94/96 175/173/175
f 175/173/175 174/172/174 92/90/92
f 175/173/175 92/90/92 91/89/91
f 95/93/95 100/98/100 176/174/176
f 176/174/176 175/173/175 96/94/96
f 176/174/176 96/94/96 95/93/95
f 99/97/99 104/102/104 177/175/177
f 177/175/177 176/174/176 100/98/100
f 177/175/177 100/98/100 99/97/99
f 103/101/103 108/106/108 178/176/178
f 178/176/178 177/175/177 104/102/104
f 178/176/178 104/102/104 103/101/103
f 107/105/107 112/110/112 179/177/179
f 179/177/179 178/176/178 108/106/108
f 179/177/179 108/106/108 107/105/107
f 111/109/111 116/114/116 180/178/180
f 180/178/180 179/177/179 112/110/112
f 180/178/180 112/110/112 111/109/111
f 115/113/115 120/118/120 181/179/181
f 181/179/181 180/178/180 116/114/116
f 181/179/181 116/114/116 115/113/115
f 119/117/119 124/122/124 182/180/182
f 182/180/182 181/179/181 120/118/120
f 182/180/182 120/118/120 119/117/119
f 123/121/123 128/126/128 183/181/183
f 183/181/183 182/180/182 124/122/124
f 183/181/183 124/122/124 123/121/123
f 127/125/127 132/130/132 184/182/184
f 184/182/184 183/181/183 128/126/128
f 184/182/184 128/126/128 127/125/127
f 131/129/131 136/134/136 185/183/185
f 185/183/185 184/182/184 132/130/132
f 185/183/185 132/130/132 131/129/131
f 135/133/135 140/138/140 186/184/186
f 186/184/186 185/183/185 136/134/136
f 186/184/186 136/134/136 135/133/135
f 139/137/139 144/142/144 187/185/187
f 187/185/187 186/184/186 140/138/140
f 187/185/187 140/138/140 139/137/139
f 143/141/143 148/146/148 188/186/188
f 188/186/188 187/185/187 144/142/144
f 188/186/188 144/142/144 143/141/143
f 147/145/147 152/150/152 189/187/189
f 189/187/189 188/186/188 148/146/148
f 189/187/189 148/146/148 147/145/147
f 151/149/151 156/154/156 190/188/190
f 190/188/190 189/187/189 152/150/152
f 190/188/190 152/150/152 151/149/151
f 155/153/155 159/157/159 191/189/191
f 191/189/191 190/188/190 156/154/156
f 191/189/191 156/154/156 155/153/155
f 158/156/158 192/190/192 193/191/193
f 193/191/193 191/189/191 159/157/159
f 193/191/193 159/157/159 158/156/158
f 194/192/194 195/193/195 196/194/196
f 194/192/194 196/194/196 197/195/197
f 198/196/198 199/197/199 195/193/195
f 198/196/198 195/193/195 194/192/194
f 200/198/200 201/199/201 199/197/199
f 200/198/200 199/197/199 198/196/198
f 202/200/202 203/201/203 201/199/201
f 202/200/202 201/199/201 200/198/200
f 204/202/204 205/203/205 203/201/203
f 204/202/204 203/201/203 202/200/202
f 206/204/206 207/205/207 205/203/205
f 206/204/206 205/203/205 204/202/204
f 208/206/208 209/207/209 207/205/207
f 208/206/208 207/205/207 206/204/206
f 210/208/210 211/209/211 209/207/209
f 210/208/210 209/207/209 208/206/208
f 212/210/212 213/211/213 211/209/211
f 212/210/212 211/209/211 210/208/210
f 214/212/214 215/213/215 213/211/213
f 214/212/214 213/211/213 212/210/212
f 216/214/216 217/215/217 215/213/215
f 216/214/216 215/213/215 214/212/214
f 218/216/218 219/217/219 217/215/217
f 218/216/218 217/215/217 216/214/216
f 220/218/220 221/219/221 219/217/219
f 220/218/220 219/217/219 218/216/218
f 222/220/222 223/221/223 221/219/221
f 222/220/222 221/219/221 220/218/220
f 224/222/224 225/223/225 223/221/223
f 224/222/224 223/221/223 222/220/222
f 226/224/226 227/225/227 225/223/225
f 226/224/226 225/223/225 224/222/224
f 228/226/228 229/227/229 227/225/227
f 228/226/228 227/225/227 226/224/226
f 230/228/230 231/229/231 229/227/229
f 230/228/230 229/227/229 228/226/228
f 232/230/232 233/231/233 231/229/231
f 232/230/232 231/229/231 230/228/230
f 234/232/234 235/233/235 233/231/233
f 234/232/234 233/231/233 232/230/232
f 236/234/236 237/235/237 235/233/235
f 236/234/236 235/233/235 234/232/234
f 238/236/238 239/237/239 237/235/237
f 238/236/238 237/235/237 236/234/236
f 240/238/240 241/239/241 239/237/239
f 240/238/240 239/237/239 238/236/238
f 242/240/242 243/241/243 241/239/241
f 242/240/242 241/239/241 240/238/240
f 244/242/244 245/243/245 243/241/243
f 244/242/244 243/241/243 242/240/242
f 246/244/246 247/245/247 245/243/245
f 246/244/246 245/243/245 244/242/244
f 248/246/248 249/247/249 247/245/247
f 248/246/248 247/245/247 246/244/246
f 250/248/250 251/249/251 249/247/249
f 250/248/250 249/247/249 248/246/248
f 252/250/252 253/251/253 251/249/251
f 252/250/252 251/249/251 250/248/250
f 254/252/254 255/253/255 253/251/253
f 254/252/254 253/251/253 252/250/252
f 256/254/256 257/255/257 255/253/255
f 256/254/256 255/253/255 254/252/254
f 258/256/258 259/257/259 257/255/257
f 258/256/258 257/255/257 256/254/256
f 195/193/195 260/258/260 261/259/261
f 195/193/195 261/259/261 196/194/196
f 199/197/199 262/260/262 260/258/260
f 199/197/199 260/258/260 195/193/195
f 201/199/201 263/261/263 262/260/262
f 201/199/201 262/260/262 199/197/199
f 203/201/203 264/262/264 263/261/263
f 203/201/203 263/261/263 201/199/201
f 205/203/205 265/263/265 264/262/264
f 205/203/205 264/262/264 203/201/203
f 207/205/207 266/264/266 265/263/265
f 207/205/207 265/263/265 205/203/205
f 209/207/209 267/265/267 266/264/266
f 209/207/209 266/264/266 207/205/207
f 211/209/211 268/266/268 267/265/267
f 211/209/211 267/265/267 209/207/209
f 213/211/213 269/267/269 268/266/268
f 213/211/213 268/266/268 211/209/211
f 215/213/215 270/268/270 269/267/269
f 215/213/215 269/267/269 213/211/213
f 217/215/217 271/269/271 270/268/270
f 217/215/217 270/268/270 215/213/215
f 219/217/219 272/270/272 271/269/271
f 219/217/219 271/269/271 217/215/217
f 221/219/221 273/271/273 272/270/272
f 221/219/221 272/270/272 219/217/219
f 223/221/223 274/272/274 273/271/273
f 223/221/223 273/271/273 221/219/221
f 225/223/225 275/273/275 274/272/274
f 225/223/225 274/272/274 223/221/223
f 227/225/227 276/274/276 275/273/275
f 227/225/227 275/273/275 225/223/225
f 229/227/229 277/275/277 276/274/276
f 229/227/229 276/274/276 227/225/227
f 231/229/231 278/276/278 277/275/277
f 231/229/231 277/275/277 229/227/229
f 233/231/233 279/277/279 278/276/278
f 233/231/233 278/276/278 231/229/231
f 235/233/235 280/278/280 279/277/279
f 235/233/235 279/277/279 233/231/233
f 237/235/237 281/279/281 280/278/280
f 237/235/237 280/278/280 235/233/235
f 239/237/239 282/280/282 281/279/281
f 239/237/239 281/279/281 237/235/237
f 241/239/241 283/281/283 282/280/282
f 241/239/241 282/280/282 239/237/239
f 243/241/243 284/282/284 283/281/283
f 243/241/243 283/281/283 241/239/241
f 245/243/245 285/283/285 284/282/284
f 245/243/245 284/282/284 243/241/243
f 247/245/247 286/284/286 285/283/285
f 247/245/247 285/283/285 245/243/245
f 249/247/249 287/285/287 286/284/286
f 249/247/249 286/284/286 247/245/247
f 251/249/251 288/286/288 287/285/287
f 251/249/251 287/285/287 249/247/249
f 253/251/253 289/287/289 288/286/288
f 253/251/253 288/286/288 251/249/251
f 255/253/255 290/288/290 289/287/289
f 255/253/255 289/287/289 253/251/253
f 257/255/257 291/289/291 290/288/290
f 257/255/257 290/288/290 255/253/255
f 259/257/259 292/290/292 291/289/291
f 259/257/259 291/289/291 257/255/257
f 293/291/293 294/292/294 295/293/295
f 293/291/293 295/293/295 296/294/296
f 13/13/13 297/295/297 298/296/298
f 13/13/13 298/296/298 299/297/299
f 300/298/300 301/299/301 302/300/302
f 302/300/302 303/301/303 304/302/304
f 300/298/300 302/300/302 304/302/304
f 21/21/21 305/303/305 306/304/306
f 307/305/307 308/306/308 309/307/309
f 21/21/21 306/304/306 307/305/307
f 309/307/309 310/308/310 21/21/21
f 307/305/307 309/307/309 21/21/21
f 193/191/193 311/309/311 312/310/312
f 193/191/193 312/310/312 191/189/191
f 311/309/311 313/311/313 314/312/314
f 311/309/311 314/312/314 312/310/312
f 315/313/315 258/256/258 256/254/256
f 315/313/315 256/254/256 316/314/316
f 191/189/191 312/310/312 317/315/317
f 191/189/191 317/315/317 190/188/190
f 312/310/312 314/312/314 318/316/318
f 312/310/312 318/316/318 317/315/317
f 319/317/319 320/318/320 321/319/321
f 319/317/319 321/319/321 322/320/322
f 323/321/323 324/322/324 325/323/325
f 323/321/323 325/323/325 326/324/326
f 316/314/316 256/254/256 254/252/254
f 316/314/316 254/252/254 327/325/327
f 190/188/190 317/315/317 328/326/328
f 190/188/190 328/326/328 189/187/189
f 317/315/317 318/316/318 329/327/329
f 317/315/317 329/327/329 328/326/328
f 330/328/330 331/329/331 332/330/332
f 330/328/330 332/330/332 333/331/333
f 327/325/327 254/252/254 252/250/252
f 327/325/327 252/250/252 334/332/334
f 189/187/189 328/326/328 335/333/335
f 189/187/189 335/333/335 188/186/188
f 328/326/328 329/327/329 336/334/336
f 328/326/328 336/334/336 335/333/335
f 334/332/334 337/335/337 336/334/336
f 334/332/334 336/334/336 329/327/329
f 316/314/316 327/325/327 318/316/318
f 316/314/316 318/316/318 314/312/314
f 334/332/334 252/250/252 250/248/250
f 334/332/334 250/248/250 337/335/337
f 188/186/188 335/333/335 338/336/338
f 188/186/188 338/336/338 187/185/187
f 335/333/335 336/334/336 339/337/339
f 335/333/335 339/337/339 338/336/338
f 337/335/337 340/338/340 339/337/339
f 337/335/337 339/337/339 336/334/336
f 337/335/337 250/248/250 248/246/248
f 337/335/337 248/246/248 340/338/340
f 187/185/187 338/336/338 341/339/341
f 187/185/187 341/339/341 186/184/186
f 338/336/338 339/337/339 342/340/342
f 338/336/338 342/340/342 341/339/341
f 340/338/340 343/341/343 342/340/342
f 340/338/340 342/340/342 339/337/339
f 340/338/340 248/246/248 246/244/246
f 340/338/340 246/244/246 343/341/343
f 186/184/186 341/339/341 344/342/344
f 186/184/186 344/342/344 185/183/185
f 341/339/341 342/340/342 345/343/345
f 341/339/341 345/343/345 344/342/344
f 346/344/346 347/345/347 348/346/348
f 346/344/346 348/346/348 349/347/349
f 343/341/343 246/244/246 244/242/244
f 343/341/343 244/242/244 350/348/350
f 185/183/185 344/342/344 351/349/351
f 185/183/185 351/349/351 184/182/184
f 344/342/344 345/343/345 352/350/352
f 344/342/344 352/350/352 351/349/351
f 353/351/353 354/352/354 355/353/355
f 353/351/353 355/353/355 356/354/356
f 350/348/350 244/242/244 242/240/242
f 350/348/350 242/240/242 357/355/357
f 184/182/184 351/349/351 358/356/358
f 184/182/184 358/356/358 183/181/183
f 351/349/351 352/350/352 359/357/359
f 351/349/351 359/357/359 358/356/358
f 357/355/357 242/240/242 240/238/240
f 357/355/357 240/238/240 360/358/360
f 183/181/183 358/356/358 361/359/361
f 183/181/183 361/359/361 182/180/182
f 358/356/358 359/357/359 356/354/356
f 358/356/358 356/354/356 361/359/361
f 362/360/362 363/361/363 364/362/364
f 362/360/362 364/362/364 365/363/365
f 360/358/360 240/238/240 238/236/238
f 360/358/360 238/236/238 353/351/353
f 182/180/182 361/359/361 366/364/366
f 182/180/182 366/364/366 181/179/181
f 361/359/361 356/354/356 355/353/355
f 361/359/361 355/353/355 366/364/366
f 360/358/360 353/351/353 356/354/356
f 360/358/360 356/354/356 359/357/359
f 353/351/353 238/236/238 236/234/236
f 353/351/353 236/234/236 354/352/354
f 181/179/181 366/364/366 367/365/367
f 181/179/181 367/365/367 180/178/180
f 366/364/366 355/353/355 365/363/365
f 366/364/366 365/363/365 367/365/367
f 354/352/354 236/234/236 234/232/234
f 354/352/354 234/232/234 362/360/362
f 180/178/180 367/365/367 368/366/368
f 180/178/180 368/366/368 179/177/179
f 367/365/367 365/363/365 364/362/364
f 367/365/367 364/362/364 368/366/368
f 369/367/369 370/368/370 371/369/371
f 369/367/369 371/369/371 372/370/372
f 362/360/362 234/232/234 232/230/232
f 362/360/362 232/230/232 363/361/363
f 179/177/179 368/366/368 373/371/373
f 179/177/179 373/371/373 178/176/178
f 368/366/368 364/362/364 372/370/372
f 368/366/368 372/370/372 373/371/373
f 363/361/363 369/367/369 372/370/372
f 363/361/363 372/370/372 364/362/364
f 363/361/363 232/230/232 230/228/230
f 363/361/363 230/228/230 369/367/369
f 178/176/178 373/371/373 374/372/374
f 178/176/178 374/372/374 177/175/177
f 373/371/373 372/370/372 371/369/371
f 373/371/373 371/369/371 374/372/374
f 370/368/370 330/328/330 333/331/333
f 370/368/370 333/331/333 371/369/371
f 369/367/369 230/228/230 228/226/228
f 369/367/369 228/226/228 370/368/370
f 177/175/177 374/372/374 375/373/375
f 177/175/177 375/373/375 176/174/176
f 374/372/374 371/369/371 333/331/333
f 374/372/374 333/331/333 375/373/375
f 327/325/327 334/332/334 329/327/329
f 327/325/327 329/327/329 318/316/318
f 370/368/370 228/226/228 226/224/226
f 370/368/370 226/224/226 330/328/330
f 176/174/176 375/373/375 376/374/376
f 176/174/176 376/374/376 175/173/175
f 375/373/375 333/331/333 332/330/332
f 375/373/375 332/330/332 376/374/376
f 330/328/330 226/224/226 224/222/224
f 330/328/330 224/222/224 331/329/331
f 175/173/175 376/374/376 377/375/377
f 175/173/175 377/375/377 174/172/174
f 376/374/376 332/330/332 378/376/378
f 376/374/376 378/376/378 377/375/377
f 331/329/331 379/377/379 378/376/378
f 331/329/331 378/376/378 332/330/332
f 313/311/313 315/313/315 316/314/316
f 313/311/313 316/314/316 314/312/314
f 331/329/331 224/222/224 222/220/222
f 331/329/331 222/220/222 379/377/379
f 174/172/174 377/375/377 380/378/380
f 174/172/174 380/378/380 173/171/173
f 377/375/377 378/376/378 381/379/381
f 377/375/377 381/379/381 380/378/380
f 354/352/354 362/360/362 365/363/365
f 354/352/354 365/363/365 355/353/355
f 379/377/379 222/220/222 220/218/220
f 379/377/379 220/218/220 382/380/382
f 173/171/173 380/378/380 383/381/383
f 173/171/173 383/381/383 172/170/172
f 380/378/380 381/379/381 322/320/322
f 380/378/380 322/320/322 383/381/383
f 382/380/382 319/317/319 322/320/322
f 382/380/382 322/320/322 381/379/381
f 382/380/382 220/218/220 218/216/218
f 382/380/382 218/216/218 319/317/319
f 172/170/172 383/381/383 384/382/384
f 172/170/172 384/382/384 171/169/171
f 383/381/383 322/320/322 321/319/321
f 383/381/383 321/319/321 384/382/384
f 350/348/350 357/355/357 352/350/352
f 350/348/350 352/350/352 345/343/345
f 319/317/319 218/216/218 216/214/216
f 319/317/319 216/214/216 320/318/320
f 171/169/171 384/382/384 385/383/385
f 171/169/171 385/383/385 170/168/170
f 384/382/384 321/319/321 349/347/349
f 384/382/384 349/347/349 385/383/385
f 386/384/386 323/321/323 326/324/326
f 386/384/386 326/324/326 387/385/387
f 320/318/320 346/344/346 349/347/349
f 320/318/320 349/347/349 321/319/321
f 320/318/320 216/214/216 214/212/214
f 320/318/320 214/212/214 346/344/346
f 170/168/170 385/383/385 388/386/388
f 170/168/170 388/386/388 169/167/169
f 385/383/385 349/347/349 348/346/348
f 385/383/385 348/346/348 388/386/388
f 389/387/389 390/388/390 391/389/391
f 389/387/389 391/389/391 392/390/392
f 346/344/346 214/212/214 212/210/212
f 346/344/346 212/210/212 347/345/347
f 169/167/169 388/386/388 393/391/393
f 169/167/169 393/391/393 168/166/168
f 388/386/388 348/346/348 387/385/387
f 388/386/388 387/385/387 393/391/393
f 347/345/347 386/384/386 387/385/387
f 347/345/347 387/385/387 348/346/348
f 347/345/347 212/210/212 210/208/210
f 347/345/347 210/208/210 386/384/386
f 168/166/168 393/391/393 394/392/394
f 168/166/168 394/392/394 167/165/167
f 393/391/393 387/385/387 326/324/326
f 393/391/393 326/324/326 394/392/394
f 343/341/343 350/348/350 345/343/345
f 343/341/343 345/343/345 342/340/342
f 386/384/386 210/208/210 208/206/208
f 386/384/386 208/206/208 323/321/323
f 167/165/167 394/392/394 395/393/395
f 167/165/167 395/393/395 166/164/166
f 394/392/394 326/324/326 325/323/325
f 394/392/394 325/323/325 395/393/395
f 323/321/323 208/206/208 206/204/206
f 323/321/323 206/204/206 324/322/324
f 166/164/166 395/393/395 396/394/396
f 166/164/166 396/394/396 165/163/165
f 395/393/395 325/323/325 392/390/392
f 395/393/395 392/390/392 396/394/396
f 324/322/324 389/387/389 392/390/392
f 324/322/324 392/390/392 325/323/325
f 324/322/324 206/204/206 204/202/204
f 324/322/324 204/202/204 389/387/389
f 165/163/165 396/394/396 397/395/397
f 165/163/165 397/395/397 164/162/164
f 396/394/396 392/390/392 391/389/391
f 396/394/396 391/389/391 397/395/397
f 379/377/379 382/380/382 381/379/381
f 379/377/379 381/379/381 378/376/378
f 389/387/389 204/202/204 202/200/202
f 389/387/389 202/200/202 390/388/390
f 164/162/164 397/395/397 398/396/398
f 164/162/164 398/396/398 163/161/163
f 397/395/397 391/389/391 399/397/399
f 397/395/397 399/397/399 398/396/398
f 390/388/390 202/200/202 200/198/200
f 390/388/390 200/198/200 400/398/400
f 163/161/163 398/396/398 401/399/401
f 163/161/163 401/399/401 162/160/162
f 398/396/398 399/397/399 402/400/402
f 398/396/398 402/400/402 401/399/401
f 400/398/400 403/401/403 402/400/402
f 400/398/400 402/400/402 399/397/399
f 400/398/400 200/198/200 198/196/198
f 400/398/400 198/196/198 403/401/403
f 162/160/162 401/399/401 404/402/404
f 162/160/162 404/402/404 160/158/160
f 401/399/401 402/400/402 405/403/405
f 401/399/401 405/403/405 404/402/404
f 406/404/406 407/405/407 408/406/408
f 406/404/406 408/406/408 405/403/405
f 403/401/403 406/404/406 405/403/405
f 403/401/403 405/403/405 402/400/402
f 403/401/403 198/196/198 194/192/194
f 403/401/403 194/192/194 406/404/406
f 160/158/160 404/402/404 409/407/409
f 160/158/160 409/407/409 161/159/161
f 404/402/404 405/403/405 408/406/408
f 404/402/404 408/406/408 409/407/409
f 390/388/390 400/398/400 399/397/399
f 390/388/390 399/397/399 391/389/391
f 357/355/357 360/358/360 359/357/359
f 357/355/357 359/357/359 352/350/352
f 406/404/406 194/192/194 197/195/197
f 406/404/406 197/195/197 407/405/407
f 410/408/410 411/409/411 412/410/412
f 410/408/410 412/410/412 413/411/413
f 414/412/414 415/413/415 416/414/416
f 416/414/416 417/415/417 418/416/418
f 419/417/419 414/412/414 416/414/416
f 416/414/416 418/416/418 419/417/419
f 420/418/420 421/419/421 422/420/422
f 420/418/420 422/420/422 423/421/423
f 424/422/424 425/423/425 426/424/426
f 424/422/424 426/424/426 427/425/427
f 412/410/412 29/29/29 428/426/428
f 428/426/428 429/427/429 422/420/422
f 421/419/421 412/410/412 428/426/428
f 428/426/428 422/420/422 421/419/421
f 430/428/430 431/429/431 432/430/432
f 432/430/432 433/431/433 434/432/434
f 435/433/435 430/428/430 432/430/432
f 432/430/432 434/432/434 435/433/435
f 422/420/422 429/427/429 436/434/436
f 436/434/436 437/435/437 426/424/426
f 425/423/425 422/420/422 436/434/436
f 436/434/436 426/424/426 425/423/425
f 438/436/438 439/437/439 440/438/440
f 438/436/438 440/438/440 441/439/441
f 442/440/442 443/441/443 444/442/444
f 444/442/444 445/443/445 446/444/446
f 447/445/447 442/440/442 444/442/444
f 444/442/444 446/444/446 447/445/447
f 448/446/448 449/447/449 414/412/414
f 448/446/448 414/412/414 450/448/450
f 411/409/411 451/449/451 452/450/452
f 26/26/26 29/29/29 412/410/412
f 411/409/411 452/450/452 26/26/26
f 26/26/26 412/410/412 411/409/411
f 453/451/453 419/417/419 418/416/418
f 453/451/453 418/416/418 454/452/454
f 455/453/455 456/454/456 457/455/457
f 457/455/457 458/456/458 459/457/459
f 460/458/460 455/453/455 457/455/457
f 457/455/457 459/457/459 460/458/460
f 461/459/461 462/460/462 463/461/463
f 461/459/461 463/461/463 464/462/464
f 418/416/418 417/415/417 465/463/465
f 465/463/465 466/464/466 463/461/463
f 462/460/462 418/416/418 465/463/465
f 465/463/465 463/461/463 462/460/462
f 446/444/446 445/443/445 467/465/467
f 467/465/467 456/454/456 455/453/455
f 468/466/468 446/444/446 467/465/467
f 467/465/467 455/453/455 468/466/468
f 469/467/469 470/468/470 471/469/471
f 469/467/469 471/469/471 472/470/472
f 473/471/473 474/472/474 475/473/475
f 475/473/475 476/474/476 477/475/477
f 478/476/478 473/471/473 475/473/475
f 475/473/475 477/475/477 478/476/478
f 463/461/463 466/464/466 479/477/479
f 479/477/479 480/478/480 471/469/471
f 470/468/470 463/461/463 479/477/479
f 479/477/479 471/469/471 470/468/470
f 481/479/481 482/480/482 483/481/483
f 481/479/481 483/481/483 484/482/484
f 485/483/485 486/484/486 487/485/487
f 485/483/485 487/485/487 488/486/488
f 489/487/489 490/488/490 491/489/491
f 491/489/491 492/490/492 493/491/493
f 494/492/494 489/487/489 491/489/491
f 491/489/491 493/491/493 494/492/494
f 471/469/471 480/478/480 495/493/495
f 495/493/495 496/494/496 483/481/483
f 482/480/482 471/469/471 495/493/495
f 495/493/495 483/481/483 482/480/482
f 483/481/483 496/494/496 497/495/497
f 497/495/497 498/496/498 487/485/487
f 486/484/486 483/481/483 497/495/497
f 497/495/497 487/485/487 486/484/486
f 499/497/499 500/498/500 501/499/501
f 499/497/499 501/499/501 502/500/502
f 503/501/503 504/502/504 505/503/505
f 503/501/503 505/503/505 506/504/506
f 507/505/507 508/506/508 509/507/509
f 507/505/507 509/507/509 510/508/510
f 511/509/511 512/510/512 513/511/513
f 513/511/513 514/512/514 515/513/515
f 516/514/516 511/509/511 513/511/513
f 513/511/513 515/513/515 516/514/516
f 501/499/501 517/515/517 518/516/518
f 518/516/518 519/517/519 505/503/505
f 504/502/504 501/499/501 518/516/518
f 518/516/518 505/503/505 504/502/504
f 520/518/520 521/519/521 522/520/522
f 520/518/520 522/520/522 523/521/523
f 509/507/509 524/522/524 525/523/525
f 525/523/525 526/524/526 522/520/522
f 521/519/521 509/507/509 525/523/525
f 525/523/525 522/520/522 521/519/521
f 505/503/505 519/517/519 527/525/527
f 527/525/527 524/522/524 509/507/509
f 508/506/508 505/503/505 527/525/527
f 527/525/527 509/507/509 508/506/508
f 528/526/528 529/527/529 530/528/530
f 528/526/528 530/528/530 531/529/531
f 530/528/530 532/530/532 533/531/533
f 533/531/533 474/472/474 473/471/473
f 534/532/534 530/528/530 533/531/533
f 533/531/533 473/471/473 534/532/534
f 535/533/535 534/532/534 473/471/473
f 535/533/535 473/471/473 536/534/536
f 522/520/522 526/524/526 537/535/537
f 537/535/537 532/530/532 530/528/530
f 529/527/529 522/520/522 537/535/537
f 537/535/537 530/528/530 529/527/529
f 538/536/538 478/476/478 477/475/477
f 538/536/538 477/475/477 539/537/539
f 426/424/426 437/435/437 540/538/540
f 540/538/540 541/539/541 440/438/440
f 439/437/439 426/424/426 540/538/540
f 540/538/540 440/438/440 439/437/439
f 542/540/542 543/541/543 544/542/544
f 542/540/542 544/542/544 545/543/545
f 546/544/546 547/545/547 548/546/548
f 546/544/546 548/546/548 549/547/549
f 544/542/544 550/548/550 551/549/551
f 551/549/551 552/550/552 548/546/548
f 547/545/547 544/542/544 551/549/551
f 551/549/551 548/546/548 547/545/547
f 553/551/553 554/552/554 555/553/555
f 553/551/553 555/553/555 556/554/556
f 555/553/555 557/555/557 558/556/558
f 558/556/558 512/510/512 511/509/511
f 559/557/559 555/553/555 558/556/558
f 558/556/558 511/509/511 559/557/559
f 560/558/560 559/557/559 511/509/511
f 560/558/560 511/509/511 561/559/561
f 562/560/562 516/514/516 515/513/515
f 562/560/562 515/513/515 563/561/563
f 515/513/515 514/512/514 564/562/564
f 564/562/564 565/563/565 566/564/566
f 567/565/567 515/513/515 564/562/564
f 564/562/564 566/564/566 567/565/567
f 568/566/568 567/565/567 566/564/566
f 568/566/568 566/564/566 569/567/569
f 570/568/570 571/569/571 489/487/489
f 570/568/570 489/487/489 572/570/572
f 566/564/566 565/563/565 573/571/573
f 573/571/573 490/488/490 489/487/489
f 571/569/571 566/564/566 573/571/573
f 573/571/573 489/487/489 571/569/571
f 487/485/487 498/496/498 574/572/574
f 574/572/574 517/515/517 501/499/501
f 500/498/500 487/485/487 574/572/574
f 574/572/574 501/499/501 500/498/500
f 575/573/575 494/492/494 493/491/493
f 575/573/575 493/491/493 576/574/576
f 440/438/440 541/539/541 577/575/577
f 577/575/577 415/413/415 414/412/414
f 449/447/449 440/438/440 577/575/577
f 577/575/577 414/412/414 449/447/449
f 578/576/578 579/577/579 580/578/580
f 578/576/578 580/578/580 581/579/581
f 493/491/493 492/490/492 582/580/582
f 582/580/582 583/581/583 580/578/580
f 579/577/579 493/491/493 582/580/582
f 582/580/582 580/578/580 579/577/579
f 584/582/584 585/583/585 430/428/430
f 584/582/584 430/428/430 586/584/586
f 548/546/548 552/550/552 587/585/587
f 587/585/587 557/555/557 555/553/555
f 554/552/554 548/546/548 587/585/587
f 587/585/587 555/553/555 554/552/554
f 588/586/588 435/433/435 434/432/434
f 588/586/588 434/432/434 589/587/589
f 580/578/580 583/581/583 590/588/590
f 590/588/590 431/429/431 430/428/430
f 585/583/585 580/578/580 590/588/590
f 590/588/590 430/428/430 585/583/585
f 591/589/591 592/590/592 442/440/442
f 591/589/591 442/440/442 593/591/593
f 594/592/594 447/445/447 446/444/446
f 594/592/594 446/444/446 595/593/595
f 434/432/434 433/431/433 596/594/596
f 596/594/596 443/441/443 442/440/442
f 592/590/592 434/432/434 596/594/596
f 596/594/596 442/440/442 592/590/592
f 597/595/597 468/466/468 455/453/455
f 597/595/597 455/453/455 598/596/598
f 477/475/477 476/474/476 599/597/599
f 599/597/599 550/548/550 544/542/544
f 543/541/543 477/475/477 599/597/599
f 599/597/599 544/542/544 543/541/543
f 600/598/600 460/458/460 459/457/459
f 600/598/600 459/457/459 601/599/601
f 602/600/602 603/601/603 604/602/604
f 602/600/602 604/602/604 605/603/605
f 606/604/606 607/605/607 608/606/608
f 606/604/606 608/606/608 609/607/609
f 610/608/610 611/609/611 612/610/612
f 610/608/610 612/610/612 613/611/613
f 614/612/614 615/613/615 616/614/616
f 614/612/614 616/614/616 617/615/617
f 618/616/618 619/617/619 620/618/620
f 618/616/618 620/618/620 621/619/621
f 622/620/622 623/621/623 624/622/624
f 622/620/622 624/622/624 625/623/625
f 626/624/626 618/616/618 627/625/627
f 626/624/626 627/625/627 628/626/628
f 629/627/629 630/628/630 631/629/631
f 629/627/629 631/629/631 632/630/632
f 633/631/633 627/625/627 634/632/634
f 633/631/633 634/632/634 635/633/635
f 636/634/636 637/635/637 638/636/638
f 636/634/636 638/636/638 639/637/639
f 640/638/640 641/639/641 642/640/642
f 640/638/640 642/640/642 643/641/643
f 644/642/644 645/643/645 646/644/646
f 647/645/647 648/646/648 649/647/649
f 646/644/646 647/645/647 649/647/649
f 649/647/649 642/640/642 641/639/641
f 641/639/641 650/648/650 651/649/651
f 641/639/641 651/649/651 652/650/652
f 646/644/646 649/647/649 641/639/641
f 641/639/641 652/650/652 644/642/644
f 644/642/644 646/644/646 641/639/641
f 653/651/653 654/652/654 655/653/655
f 653/651/653 655/653/655 656/654/656
f 292/290/292 657/655/657 658/656/658
f 292/290/292 658/656/658 291/289/291
f 613/611/613 612/610/612 659/657/659
f 613/611/613 659/657/659 660/658/660
f 661/659/661 662/660/662 607/605/607
f 661/659/661 607/605/607 606/604/606
f 663/661/663 664/662/664 665/663/665
f 665/663/665 666/664/666 667/665/667
f 667/665/667 668/666/668 669/667/669
f 669/667/669 663/661/663 665/663/665
f 665/663/665 667/665/667 669/667/669
f 670/668/670 671/669/671 672/670/672
f 670/668/670 672/670/672 673/671/673
f 290/288/290 674/672/674 675/673/675
f 290/288/290 675/673/675 289/287/289
f 274/272/274 676/674/676 677/675/677
f 274/272/274 677/675/677 273/271/273
f 624/622/624 610/608/610 613/611/613
f 624/622/624 613/611/613 678/676/678
f 679/677/679 680/678/680 681/679/681
f 679/677/679 681/679/681 682/680/682
f 287/285/287 635/633/635 683/681/683
f 287/285/287 683/681/683 286/284/286
f 267/265/267 661/659/661 606/604/606
f 267/265/267 606/604/606 266/264/266
f 684/682/684 650/648/650 641/639/641
f 684/682/684 641/639/641 640/638/640
f 650/648/650 685/683/685 686/684/686
f 687/685/687 651/649/651 650/648/650
f 686/684/686 687/685/687 650/648/650
f 688/686/688 689/687/689 690/688/690
f 688/686/688 690/688/690 691/689/691
f 675/673/675 628/626/628 627/625/627
f 675/673/675 627/625/627 633/631/633
f 268/266/268 692/690/692 661/659/661
f 268/266/268 661/659/661 267/265/267
f 643/641/643 642/640/642 649/647/649
f 643/641/643 649/647/649 693/691/693
f 694/692/694 695/693/695 696/694/696
f 694/692/694 696/694/696 697/695/697
f 698/696/698 699/697/699 700/698/700
f 698/696/698 700/698/700 701/699/701
f 702/700/702 703/701/703 704/702/704
f 702/700/702 704/702/704 705/703/705
f 678/676/678 613/611/613 660/658/660
f 678/676/678 660/658/660 626/624/626
f 706/704/706 707/705/707 708/706/708
f 706/704/706 708/706/708 709/707/709
f 710/708/710 711/709/711 712/710/712
f 710/708/710 712/710/712 713/711/713
f 609/607/609 608/606/608 714/712/714
f 609/607/609 714/712/714 715/713/715
f 619/617/619 716/714/716 685/683/685
f 619/617/619 685/683/685 620/618/620
f 717/715/717 718/716/718 719/717/719
f 719/717/719 720/718/720 721/719/721
f 721/719/721 722/720/722 723/721/723
f 723/721/723 724/722/724 725/723/725
f 726/724/726 727/725/727 717/715/717
f 723/721/723 725/723/725 726/724/726
f 717/715/717 719/717/719 721/719/721
f 721/719/721 723/721/723 726/724/726
f 717/715/717 721/719/721 726/724/726
f 728/726/728 729/727/729 730/728/730
f 728/726/728 730/728/730 731/729/731
f 732/730/732 638/636/638 733/731/733
f 732/730/732 733/731/733 734/732/734
f 735/733/735 736/734/736 703/701/703
f 735/733/735 703/701/703 702/700/702
f 620/618/620 685/683/685 650/648/650
f 620/618/620 650/648/650 684/682/684
f 737/735/737 724/722/724 723/721/723
f 723/721/723 738/736/738 739/737/739
f 739/737/739 740/738/740 741/739/741
f 741/739/741 737/735/737 723/721/723
f 723/721/723 739/737/739 741/739/741
f 742/740/742 743/741/743 744/742/744
f 742/740/742 744/742/744 745/743/745
f 280/278/280 746/744/746 747/745/747
f 280/278/280 747/745/747 279/277/279
f 748/746/748 700/698/700 749/747/749
f 748/746/748 749/747/749 750/748/750
f 637/635/637 751/749/751 752/750/752
f 637/635/637 752/750/752 753/751/753
f 754/752/754 755/753/755 756/754/756
f 754/752/754 756/754/756 757/755/757
f 758/756/758 759/757/759 760/758/760
f 758/756/758 760/758/760 761/759/761
f 264/262/264 715/713/715 762/760/762
f 264/262/264 762/760/762 263/261/263
f 763/761/763 643/641/643 693/691/693
f 763/761/763 693/691/693 636/634/636
f 764/762/764 765/763/765 766/764/766
f 764/762/764 766/764/766 767/765/767
f 734/732/734 733/731/733 768/766/768
f 734/732/734 768/766/768 746/744/746
f 674/672/674 769/767/769 628/626/628
f 674/672/674 628/626/628 675/673/675
f 751/749/751 770/768/770 771/769/771
f 751/749/751 771/769/771 752/750/752
f 772/770/772 773/771/773 686/684/686
f 686/684/686 685/683/685 716/714/716
f 716/714/716 659/657/659 612/610/612
f 612/610/612 774/772/774 775/773/775
f 776/774/776 777/775/777 772/770/772
f 612/610/612 775/773/775 776/774/776
f 772/770/772 686/684/686 716/714/716
f 716/714/716 612/610/612 776/774/776
f 772/770/772 716/714/716 776/774/776
f 778/776/778 779/777/779 780/778/780
f 778/776/778 780/778/780 781/779/781
f 750/748/750 749/747/749 782/780/782
f 750/748/750 782/780/782 783/781/783
f 784/782/784 785/783/785 786/784/786
f 784/782/784 786/784/786 787/785/787
f 788/786/788 667/665/667 666/664/666
f 788/786/788 666/664/666 789/787/789
f 790/788/790 791/789/791 792/790/792
f 790/788/790 792/790/792 793/791/793
f 278/276/278 794/792/794 748/746/748
f 278/276/278 748/746/748 277/275/277
f 285/283/285 758/756/758 761/759/761
f 285/283/285 761/759/761 284/282/284
f 795/793/795 796/794/796 788/786/788
f 795/793/795 788/786/788 797/795/797
f 798/796/798 799/797/799 800/798/800
f 800/798/800 771/769/771 770/768/770
f 770/768/770 649/647/649 648/646/648
f 648/646/648 801/799/801 802/800/802
f 770/768/770 648/646/648 802/800/802
f 803/801/803 798/796/798 800/798/800
f 770/768/770 802/800/802 804/802/804
f 803/801/803 800/798/800 770/768/770
f 804/802/804 803/801/803 770/768/770
f 805/803/805 806/804/806 807/805/807
f 805/803/805 807/805/807 808/806/808
f 282/280/282 732/730/732 734/732/734
f 282/280/282 734/732/734 281/279/281
f 797/795/797 710/708/710 713/711/713
f 797/795/797 713/711/713 782/780/782
f 658/656/658 625/623/625 769/767/769
f 658/656/658 769/767/769 674/672/674
f 809/807/809 810/808/810 811/809/811
f 809/807/809 811/809/811 812/810/812
f 279/277/279 747/745/747 794/792/794
f 279/277/279 794/792/794 278/276/278
f 813/811/813 814/812/814 815/813/815
f 813/811/813 815/813/815 816/814/816
f 636/634/636 693/691/693 751/749/751
f 636/634/636 751/749/751 637/635/637
f 817/815/817 818/816/818 819/817/819
f 817/815/817 819/817/819 820/818/820
f 821/819/821 774/772/774 612/610/612
f 612/610/612 611/609/611 822/820/822
f 822/820/822 823/821/823 824/822/824
f 824/822/824 821/819/821 612/610/612
f 612/610/612 822/820/822 824/822/824
f 816/814/816 815/813/815 825/823/825
f 816/814/816 825/823/825 698/696/698
f 825/823/825 826/824/826 827/825/827
f 825/823/825 827/825/827 828/826/828
f 829/827/829 830/828/830 831/829/831
f 829/827/829 831/829/831 832/830/832
f 271/269/271 833/831/833 834/832/834
f 271/269/271 834/832/834 270/268/270
f 291/289/291 658/656/658 674/672/674
f 291/289/291 674/672/674 290/288/290
f 603/601/603 835/833/835 836/834/836
f 603/601/603 836/834/836 784/782/784
f 837/835/837 838/836/838 839/837/839
f 837/835/837 839/837/839 840/838/840
f 281/279/281 734/732/734 746/744/746
f 281/279/281 746/744/746 280/278/280
f 784/782/784 836/834/836 841/839/841
f 784/782/784 841/839/841 785/783/785
f 752/750/752 771/769/771 800/798/800
f 752/750/752 800/798/800 814/812/814
f 842/840/842 843/841/843 844/842/844
f 844/842/844 845/843/845 846/844/846
f 846/844/846 847/845/847 848/846/848
f 848/846/848 842/840/842 844/842/844
f 844/842/844 846/844/846 848/846/848
f 849/847/849 850/848/850 851/849/851
f 849/847/849 851/849/851 852/850/852
f 677/675/677 712/710/712 605/603/605
f 677/675/677 605/603/605 853/851/853
f 854/852/854 855/853/855 662/660/662
f 854/852/854 662/660/662 856/854/856
f 815/813/815 857/855/857 826/824/826
f 815/813/815 826/824/826 825/823/825
f 858/856/858 859/857/859 860/858/860
f 858/856/858 860/858/860 861/859/861
f 637/635/637 753/751/753 733/731/733
f 637/635/637 733/731/733 638/636/638
f 699/697/699 795/793/795 749/747/749
f 699/697/699 749/747/749 700/698/700
f 711/709/711 862/860/862 863/861/863
f 711/709/711 863/861/863 602/600/602
f 864/862/864 740/738/740 739/737/739
f 739/737/739 865/863/865 665/663/665
f 665/663/665 664/662/664 866/864/866
f 866/864/866 864/862/864 739/737/739
f 739/737/739 665/663/665 866/864/866
f 867/865/867 868/866/868 869/867/869
f 867/865/867 869/867/869 870/868/870
f 272/270/272 853/851/853 833/831/833
f 272/270/272 833/831/833 271/269/271
f 603/601/603 784/782/784 787/785/787
f 603/601/603 787/785/787 604/602/604
f 710/708/710 789/787/789 862/860/862
f 710/708/710 862/860/862 711/709/711
f 871/869/871 872/870/872 873/871/873
f 871/869/871 873/871/873 874/872/874
f 269/267/269 875/873/875 692/690/692
f 269/267/269 692/690/692 268/266/268
f 816/814/816 698/696/698 701/699/701
f 816/814/816 701/699/701 876/874/876
f 877/875/877 722/720/722 721/719/721
f 877/875/877 721/719/721 878/876/878
f 879/877/879 880/878/880 827/825/827
f 827/825/827 826/824/826 857/855/857
f 857/855/857 800/798/800 799/797/799
f 799/797/799 881/879/881 882/880/882
f 857/855/857 799/797/799 882/880/882
f 883/881/883 879/877/879 827/825/827
f 857/855/857 882/880/882 884/882/884
f 883/881/883 827/825/827 857/855/857
f 884/882/884 883/881/883 857/855/857
f 885/883/885 886/884/886 887/885/887
f 885/883/885 887/885/887 888/886/888
f 621/619/621 889/887/889 890/888/890
f 621/619/621 890/888/890 634/632/634
f 878/876/878 721/719/721 720/718/720
f 878/876/878 720/718/720 891/889/891
f 854/852/854 877/875/877 878/876/878
f 854/852/854 878/876/878 855/853/855
f 892/890/892 893/891/893 894/892/894
f 892/890/892 894/892/894 895/893/895
f 875/873/875 786/784/786 856/854/856
f 875/873/875 856/854/856 692/690/692
f 785/783/785 854/852/854 856/854/856
f 785/783/785 856/854/856 786/784/786
f 855/853/855 878/876/878 891/889/891
f 855/853/855 891/889/891 896/894/896
f 897/895/897 898/896/898 899/897/899
f 897/895/897 899/897/899 900/898/900
f 262/260/262 735/733/735 702/700/702
f 262/260/262 702/700/702 260/258/260
f 901/899/901 902/900/902 903/901/903
f 901/899/901 903/901/903 904/902/904
f 905/903/905 906/904/906 846/844/846
f 905/903/905 846/844/846 907/905/907
f 908/906/908 847/845/847 846/844/846
f 846/844/846 906/904/906 909/907/909
f 909/907/909 910/908/910 911/909/911
f 911/909/911 908/906/908 846/844/846
f 846/844/846 909/907/909 911/909/911
f 912/910/912 913/911/913 914/912/914
f 912/910/912 914/912/914 915/913/915
f 265/263/265 609/607/609 715/713/715
f 265/263/265 715/713/715 264/262/264
f 896/894/896 891/889/891 902/900/902
f 896/894/896 902/900/902 901/899/901
f 904/902/904 903/901/903 905/903/905
f 904/902/904 905/903/905 916/914/916
f 917/915/917 918/916/918 919/917/919
f 917/915/917 919/917/919 920/918/920
f 284/282/284 761/759/761 921/919/921
f 284/282/284 921/919/921 283/281/283
f 916/914/916 905/903/905 907/905/907
f 916/914/916 907/905/907 922/920/922
f 797/795/797 788/786/788 789/787/789
f 797/795/797 789/787/789 710/708/710
f 923/921/923 668/666/668 667/665/667
f 667/665/667 924/922/924 827/825/827
f 827/825/827 880/878/880 925/923/925
f 925/923/925 923/921/923 667/665/667
f 667/665/667 827/825/827 925/923/925
f 926/924/926 927/925/927 928/926/928
f 926/924/926 928/926/928 929/927/929
f 263/261/263 762/760/762 735/733/735
f 263/261/263 735/733/735 262/260/262
f 922/920/922 907/905/907 930/928/930
f 922/920/922 930/928/930 931/929/931
f 904/902/904 916/914/916 932/930/932
f 904/902/904 932/930/932 714/712/714
f 933/931/933 934/932/934 935/933/935
f 933/931/933 935/933/935 936/934/936
f 266/264/266 606/604/606 609/607/609
f 266/264/266 609/607/609 265/263/265
f 916/914/916 922/920/922 736/734/736
f 916/914/916 736/734/736 932/930/932
f 922/920/922 931/929/931 703/701/703
f 922/920/922 703/701/703 736/734/736
f 937/935/937 910/908/910 909/907/909
f 909/907/909 938/936/938 720/718/720
f 720/718/720 719/717/719 939/937/939
f 939/937/939 937/935/937 909/907/909
f 909/907/909 720/718/720 939/937/939
f 940/938/940 941/939/941 942/940/942
f 940/938/940 942/940/942 943/941/943
f 260/258/260 702/700/702 705/703/705
f 260/258/260 705/703/705 261/259/261
f 930/928/930 845/843/845 844/842/844
f 930/928/930 844/842/844 944/942/944
f 931/929/931 930/928/930 944/942/944
f 931/929/931 944/942/944 945/943/945
f 946/944/946 947/945/947 948/946/948
f 946/944/946 948/946/948 949/947/949
f 452/450/452 950/948/950 27/27/27
f 452/450/452 27/27/27 26/26/26
f 950/948/950 192/190/192 158/156/158
f 950/948/950 158/156/158 27/27/27
f 428/426/428 154/152/154 157/155/157
f 428/426/428 157/155/157 429/427/429
f 29/29/29 28/28/28 154/152/154
f 29/29/29 154/152/154 428/426/428
f 28/28/28 159/157/159 155/153/155
f 28/28/28 155/153/155 154/152/154
f 436/434/436 150/148/150 153/151/153
f 436/434/436 153/151/153 437/435/437
f 429/427/429 157/155/157 150/148/150
f 429/427/429 150/148/150 436/434/436
f 157/155/157 156/154/156 151/149/151
f 157/155/157 151/149/151 150/148/150
f 540/538/540 146/144/146 149/147/149
f 540/538/540 149/147/149 541/539/541
f 437/435/437 153/151/153 146/144/146
f 437/435/437 146/144/146 540/538/540
f 153/151/153 152/150/152 147/145/147
f 153/151/153 147/145/147 146/144/146
f 577/575/577 142/140/142 145/143/145
f 577/575/577 145/143/145 415/413/415
f 541/539/541 149/147/149 142/140/142
f 541/539/541 142/140/142 577/575/577
f 149/147/149 148/146/148 143/141/143
f 149/147/149 143/141/143 142/140/142
f 416/414/416 138/136/138 141/139/141
f 416/414/416 141/139/141 417/415/417
f 415/413/415 145/143/145 138/136/138
f 415/413/415 138/136/138 416/414/416
f 145/143/145 144/142/144 139/137/139
f 145/143/145 139/137/139 138/136/138
f 465/463/465 134/132/134 137/135/137
f 465/463/465 137/135/137 466/464/466
f 417/415/417 141/139/141 134/132/134
f 417/415/417 134/132/134 465/463/465
f 141/139/141 140/138/140 135/133/135
f 141/139/141 135/133/135 134/132/134
f 479/477/479 130/128/130 133/131/133
f 479/477/479 133/131/133 480/478/480
f 466/464/466 137/135/137 130/128/130
f 466/464/466 130/128/130 479/477/479
f 137/135/137 136/134/136 131/129/131
f 137/135/137 131/129/131 130/128/130
f 495/493/495 126/124/126 129/127/129
f 495/493/495 129/127/129 496/494/496
f 480/478/480 133/131/133 126/124/126
f 480/478/480 126/124/126 495/493/495
f 133/131/133 132/130/132 127/125/127
f 133/131/133 127/125/127 126/124/126
f 497/495/497 122/120/122 125/123/125
f 497/495/497 125/123/125 498/496/498
f 496/494/496 129/127/129 122/120/122
f 496/494/496 122/120/122 497/495/497
f 129/127/129 128/126/128 123/121/123
f 129/127/129 123/121/123 122/120/122
f 574/572/574 118/116/118 121/119/121
f 574/572/574 121/119/121 517/515/517
f 498/496/498 125/123/125 118/116/118
f 498/496/498 118/116/118 574/572/574
f 125/123/125 124/122/124 119/117/119
f 125/123/125 119/117/119 118/116/118
f 518/516/518 114/112/114 117/115/117
f 518/516/518 117/115/117 519/517/519
f 517/515/517 121/119/121 114/112/114
f 517/515/517 114/112/114 518/516/518
f 121/119/121 120/118/120 115/113/115
f 121/119/121 115/113/115 114/112/114
f 527/525/527 110/108/110 113/111/113
f 527/525/527 113/111/113 524/522/524
f 519/517/519 117/115/117 110/108/110
f 519/517/519 110/108/110 527/525/527
f 117/115/117 116/114/116 111/109/111
f 117/115/117 111/109/111 110/108/110
f 525/523/525 106/104/106 109/107/109
f 525/523/525 109/107/109 526/524/526
f 524/522/524 113/111/113 106/104/106
f 524/522/524 106/104/106 525/523/525
f 113/111/113 112/110/112 107/105/107
f 113/111/113 107/105/107 106/104/106
f 537/535/537 102/100/102 105/103/105
f 537/535/537 105/103/105 532/530/532
f 526/524/526 109/107/109 102/100/102
f 526/524/526 102/100/102 537/535/537
f 109/107/109 108/106/108 103/101/103
f 109/107/109 103/101/103 102/100/102
f 533/531/533 98/96/98 101/99/101
f 533/531/533 101/99/101 474/472/474
f 532/530/532 105/103/105 98/96/98
f 532/530/532 98/96/98 533/531/533
f 105/103/105 104/102/104 99/97/99
f 105/103/105 99/97/99 98/96/98
f 475/473/475 94/92/94 97/95/97
f 475/473/475 97/95/97 476/474/476
f 474/472/474 101/99/101 94/92/94
f 474/472/474 94/92/94 475/473/475
f 101/99/101 100/98/100 95/93/95
f 101/99/101 95/93/95 94/92/94
f 599/597/599 90/88/90 93/91/93
f 599/597/599 93/91/93 550/548/550
f 476/474/476 97/95/97 90/88/90
f 476/474/476 90/88/90 599/597/599
f 97/95/97 96/94/96 91/89/91
f 97/95/97 91/89/91 90/88/90
f 551/549/551 86/84/86 89/87/89
f 551/549/551 89/87/89 552/550/552
f 550/548/550 93/91/93 86/84/86
f 550/548/550 86/84/86 551/549/551
f 93/91/93 92/90/92 87/85/87
f 93/91/93 87/85/87 86/84/86
f 587/585/587 82/80/82 85/83/85
f 587/585/587 85/83/85 557/555/557
f 552/550/552 89/87/89 82/80/82
f 552/550/552 82/80/82 587/585/587
f 89/87/89 88/86/88 83/81/83
f 89/87/89 83/81/83 82/80/82
f 558/556/558 78/76/78 81/79/81
f 558/556/558 81/79/81 512/510/512
f 557/555/557 85/83/85 78/76/78
f 557/555/557 78/76/78 558/556/558
f 85/83/85 84/82/84 79/77/79
f 85/83/85 79/77/79 78/76/78
f 513/511/513 74/72/74 77/75/77
f 513/511/513 77/75/77 514/512/514
f 512/510/512 81/79/81 74/72/74
f 512/510/512 74/72/74 513/511/513
f 81/79/81 80/78/80 75/73/75
f 81/79/81 75/73/75 74/72/74
f 564/562/564 70/68/70 73/71/73
f 564/562/564 73/71/73 565/563/565
f 514/512/514 77/75/77 70/68/70
f 514/512/514 70/68/70 564/562/564
f 77/75/77 76/74/76 71/69/71
f 77/75/77 71/69/71 70/68/70
f 573/571/573 66/64/66 69/67/69
f 573/571/573 69/67/69 490/488/490
f 565/563/565 73/71/73 66/64/66
f 565/563/565 66/64/66 573/571/573
f 73/71/73 72/70/72 67/65/67
f 73/71/73 67/65/67 66/64/66
f 491/489/491 62/60/62 65/63/65
f 491/489/491 65/63/65 492/490/492
f 490/488/490 69/67/69 62/60/62
f 490/488/490 62/60/62 491/489/491
f 69/67/69 68/66/68 63/61/63
f 69/67/69 63/61/63 62/60/62
f 582/580/582 58/56/58 61/59/61
f 582/580/582 61/59/61 583/581/583
f 492/490/492 65/63/65 58/56/58
f 492/490/492 58/56/58 582/580/582
f 65/63/65 64/62/64 59/57/59
f 65/63/65 59/57/59 58/56/58
f 590/588/590 54/52/54 57/55/57
f 590/588/590 57/55/57 431/429/431
f 583/581/583 61/59/61 54/52/54
f 583/581/583 54/52/54 590/588/590
f 61/59/61 60/58/60 55/53/55
f 61/59/61 55/53/55 54/52/54
f 432/430/432 50/48/50 53/51/53
f 432/430/432 53/51/53 433/431/433
f 431/429/431 57/55/57 50/48/50
f 431/429/431 50/48/50 432/430/432
f 57/55/57 56/54/56 51/49/51
f 57/55/57 51/49/51 50/48/50
f 596/594/596 46/44/46 49/47/49
f 596/594/596 49/47/49 443/441/443
f 433/431/433 53/51/53 46/44/46
f 433/431/433 46/44/46 596/594/596
f 53/51/53 52/50/52 47/45/47
f 53/51/53 47/45/47 46/44/46
f 444/442/444 42/40/42 45/43/45
f 444/442/444 45/43/45 445/443/445
f 443/441/443 49/47/49 42/40/42
f 443/441/443 42/40/42 444/442/444
f 49/47/49 48/46/48 43/41/43
f 49/47/49 43/41/43 42/40/42
f 467/465/467 38/36/38 41/39/41
f 467/465/467 41/39/41 456/454/456
f 445/443/445 45/43/45 38/36/38
f 445/443/445 38/36/38 467/465/467
f 45/43/45 44/42/44 39/37/39
f 45/43/45 39/37/39 38/36/38
f 457/455/457 34/32/34 37/35/37
f 457/455/457 37/35/37 458/456/458
f 456/454/456 41/39/41 34/32/34
f 456/454/456 34/32/34 457/455/457
f 41/39/41 40/38/40 35/33/35
f 41/39/41 35/33/35 34/32/34
f 951/949/951 600/598/600 601/599/601
f 951/949/951 601/599/601 952/950/952
f 953/951/953 598/596/598 600/598/600
f 953/951/953 600/598/600 951/949/951
f 598/596/598 455/453/455 460/458/460
f 598/596/598 460/458/460 600/598/600
f 954/952/954 597/595/597 598/596/598
f 954/952/954 598/596/598 953/951/953
f 955/953/955 595/593/595 597/595/597
f 955/953/955 597/595/597 954/952/954
f 595/593/595 446/444/446 468/466/468
f 595/593/595 468/466/468 597/595/597
f 956/954/956 594/592/594 595/593/595
f 956/954/956 595/593/595 955/953/955
f 957/955/957 593/591/593 594/592/594
f 957/955/957 594/592/594 956/954/956
f 593/591/593 442/440/442 447/445/447
f 593/591/593 447/445/447 594/592/594
f 958/956/958 591/589/591 593/591/593
f 958/956/958 593/591/593 957/955/957
f 959/957/959 589/587/589 591/589/591
f 959/957/959 591/589/591 958/956/958
f 589/587/589 434/432/434 592/590/592
f 589/587/589 592/590/592 591/589/591
f 31/31/31 588/586/588 589/587/589
f 31/31/31 589/587/589 959/957/959
f 30/30/30 586/584/586 588/586/588
f 30/30/30 588/586/588 31/31/31
f 586/584/586 430/428/430 435/433/435
f 586/584/586 435/433/435 588/586/588
f 960/958/960 584/582/584 586/584/586
f 960/958/960 586/584/586 30/30/30
f 961/959/961 581/579/581 584/582/584
f 961/959/961 584/582/584 960/958/960
f 581/579/581 580/578/580 585/583/585
f 581/579/581 585/583/585 584/582/584
f 962/960/962 578/576/578 581/579/581
f 962/960/962 581/579/581 961/959/961
f 963/961/963 576/574/576 578/576/578
f 963/961/963 578/576/578 962/960/962
f 576/574/576 493/491/493 579/577/579
f 576/574/576 579/577/579 578/576/578
f 964/962/964 575/573/575 576/574/576
f 964/962/964 576/574/576 963/961/963
f 965/963/965 572/570/572 575/573/575
f 965/963/965 575/573/575 964/962/964
f 572/570/572 489/487/489 494/492/494
f 572/570/572 494/492/494 575/573/575
f 966/964/966 570/568/570 572/570/572
f 966/964/966 572/570/572 965/963/965
f 967/965/967 569/567/569 570/568/570
f 967/965/967 570/568/570 966/964/966
f 569/567/569 566/564/566 571/569/571
f 569/567/569 571/569/571 570/568/570
f 968/966/968 568/566/568 569/567/569
f 968/966/968 569/567/569 967/965/967
f 969/967/969 563/561/563 568/566/568
f 969/967/969 568/566/568 968/966/968
f 563/561/563 515/513/515 567/565/567
f 563/561/563 567/565/567 568/566/568
f 970/968/970 562/560/562 563/561/563
f 970/968/970 563/561/563 969/967/969
f 971/969/971 561/559/561 562/560/562
f 971/969/971 562/560/562 970/968/970
f 561/559/561 511/509/511 516/514/516
f 561/559/561 516/514/516 562/560/562
f 972/970/972 560/558/560 561/559/561
f 972/970/972 561/559/561 971/969/971
f 973/971/973 556/554/556 560/558/560
f 973/971/973 560/558/560 972/970/972
f 556/554/556 555/553/555 559/557/559
f 556/554/556 559/557/559 560/558/560
f 974/972/974 553/551/553 556/554/556
f 974/972/974 556/554/556 973/971/973
f 975/973/975 549/547/549 553/551/553
f 975/973/975 553/551/553 974/972/974
f 549/547/549 548/546/548 554/552/554
f 549/547/549 554/552/554 553/551/553
f 976/974/976 546/544/546 549/547/549
f 976/974/976 549/547/549 975/973/975
f 977/975/977 545/543/545 546/544/546
f 977/975/977 546/544/546 976/974/976
f 545/543/545 544/542/544 547/545/547
f 545/543/545 547/545/547 546/544/546
f 978/976/978 542/540/542 545/543/545
f 978/976/978 545/543/545 977/975/977
f 979/977/979 539/537/539 542/540/542
f 979/977/979 542/540/542 978/976/978
f 539/537/539 477/475/477 543/541/543
f 539/537/539 543/541/543 542/540/542
f 980/978/980 538/536/538 539/537/539
f 980/978/980 539/537/539 979/977/979
f 981/979/981 536/534/536 538/536/538
f 981/979/981 538/536/538 980/978/980
f 536/534/536 473/471/473 478/476/478
f 536/534/536 478/476/478 538/536/538
f 982/980/982 535/533/535 536/534/536
f 982/980/982 536/534/536 981/979/981
f 983/981/983 531/529/531 535/533/535
f 983/981/983 535/533/535 982/980/982
f 531/529/531 530/528/530 534/532/534
f 531/529/531 534/532/534 535/533/535
f 984/982/984 528/526/528 531/529/531
f 984/982/984 531/529/531 983/981/983
f 985/983/985 523/521/523 528/526/528
f 985/983/985 528/526/528 984/982/984
f 523/521/523 522/520/522 529/527/529
f 523/521/523 529/527/529 528/526/528
f 986/984/986 520/518/520 523/521/523
f 986/984/986 523/521/523 985/983/985
f 987/985/987 510/508/510 520/518/520
f 987/985/987 520/518/520 986/984/986
f 510/508/510 509/507/509 521/519/521
f 510/508/510 521/519/521 520/518/520
f 988/986/988 507/505/507 510/508/510
f 988/986/988 510/508/510 987/985/987
f 989/987/989 506/504/506 507/505/507
f 989/987/989 507/505/507 988/986/988
f 506/504/506 505/503/505 508/506/508
f 506/504/506 508/506/508 507/505/507
f 990/988/990 503/501/503 506/504/506
f 990/988/990 506/504/506 989/987/989
f 991/989/991 502/500/502 503/501/503
f 991/989/991 503/501/503 990/988/990
f 502/500/502 501/499/501 504/502/504
f 502/500/502 504/502/504 503/501/503
f 992/990/992 499/497/499 502/500/502
f 992/990/992 502/500/502 991/989/991
f 993/991/993 488/486/488 499/497/499
f 993/991/993 499/497/499 992/990/992
f 488/486/488 487/485/487 500/498/500
f 488/486/488 500/498/500 499/497/499
f 994/992/994 485/483/485 488/486/488
f 994/992/994 488/486/488 993/991/993
f 995/993/995 484/482/484 485/483/485
f 995/993/995 485/483/485 994/992/994
f 484/482/484 483/481/483 486/484/486
f 484/482/484 486/484/486 485/483/485
f 996/994/996 481/479/481 484/482/484
f 996/994/996 484/482/484 995/993/995
f 997/995/997 472/470/472 481/479/481
f 997/995/997 481/479/481 996/994/996
f 472/470/472 471/469/471 482/480/482
f 472/470/472 482/480/482 481/479/481
f 998/996/998 469/467/469 472/470/472
f 998/996/998 472/470/472 997/995/997
f 999/997/999 464/462/464 469/467/469
f 999/997/999 469/467/469 998/996/998
f 464/462/464 463/461/463 470/468/470
f 464/462/464 470/468/470 469/467/469
f 1000/998/1000 461/459/461 464/462/464
f 1000/998/1000 464/462/464 999/997/999
f 1001/999/1001 454/452/454 461/459/461
f 1001/999/1001 461/459/461 1000/998/1000
f 454/452/454 418/416/418 462/460/462
f 454/452/454 462/460/462 461/459/461
f 1002/1000/1002 453/451/453 454/452/454
f 1002/1000/1002 454/452/454 1001/999/1001
f 1003/1001/1003 450/448/450 453/451/453
f 1003/1001/1003 453/451/453 1002/1000/1002
f 450/448/450 414/412/414 419/417/419
f 450/448/450 419/417/419 453/451/453
f 1004/1002/1004 448/446/448 450/448/450
f 1004/1002/1004 450/448/450 1003/1001/1003
f 1005/1003/1005 441/439/441 448/446/448
f 1005/1003/1005 448/446/448 1004/1002/1004
f 441/439/441 440/438/440 449/447/449
f 441/439/441 449/447/449 448/446/448
f 1006/1004/1006 438/436/438 441/439/441
f 1006/1004/1006 441/439/441 1005/1003/1005
f 1007/1005/1007 427/425/427 438/436/438
f 1007/1005/1007 438/436/438 1006/1004/1006
f 427/425/427 426/424/426 439/437/439
f 427/425/427 439/437/439 438/436/438
f 1008/1006/1008 424/422/424 427/425/427
f 1008/1006/1008 427/425/427 1007/1005/1007
f 1009/1007/1009 423/421/423 424/422/424
f 1009/1007/1009 424/422/424 1008/1006/1008
f 423/421/423 422/420/422 425/423/425
f 423/421/423 425/423/425 424/422/424
f 1010/1008/1010 420/418/420 423/421/423
f 1010/1008/1010 423/421/423 1009/1007/1009
f 1011/1009/1011 413/411/413 420/418/420
f 1011/1009/1011 420/418/420 1010/1008/1010
f 413/411/413 412/410/412 421/419/421
f 413/411/413 421/419/421 420/418/420
f 1012/1010/1012 410/408/410 413/411/413
f 1012/1010/1012 413/411/413 1011/1009/1011
f 1013/1011/1013 1014/1012/1014 410/408/410
f 1013/1011/1013 410/408/410 1012/1010/1012
f 1014/1012/1014 451/449/451 411/409/411
f 1014/1012/1014 411/409/411 410/408/410
f 753/751/753 813/811/813 768/766/768
f 753/751/753 768/766/768 733/731/733
f 1015/1013/1015 763/761/763 760/758/760
f 1015/1013/1015 760/758/760 759/757/759
f 275/273/275 783/781/783 676/674/676
f 275/273/275 676/674/676 274/272/274
f 762/760/762 932/930/932 736/734/736
f 762/760/762 736/734/736 735/733/735
f 889/887/889 1015/1013/1015 759/757/759
f 889/887/889 759/757/759 890/888/890
f 763/761/763 636/634/636 639/637/639
f 763/761/763 639/637/639 760/758/760
f 676/674/676 713/711/713 712/710/712
f 676/674/676 712/710/712 677/675/677
f 834/832/834 787/785/787 786/784/786
f 834/832/834 786/784/786 875/873/875
f 273/271/273 677/675/677 853/851/853
f 273/271/273 853/851/853 272/270/272
f 618/616/618 621/619/621 634/632/634
f 618/616/618 634/632/634 627/625/627
f 270/268/270 834/832/834 875/873/875
f 270/268/270 875/873/875 269/267/269
f 833/831/833 604/602/604 787/785/787
f 833/831/833 787/785/787 834/832/834
f 783/781/783 782/780/782 713/711/713
f 783/781/783 713/711/713 676/674/676
f 853/851/853 605/603/605 604/602/604
f 853/851/853 604/602/604 833/831/833
f 692/690/692 856/854/856 662/660/662
f 692/690/692 662/660/662 661/659/661
f 715/713/715 714/712/714 932/930/932
f 715/713/715 932/930/932 762/760/762
f 794/792/794 701/699/701 700/698/700
f 794/792/794 700/698/700 748/746/748
f 921/919/921 639/637/639 638/636/638
f 921/919/921 638/636/638 732/730/732
f 277/275/277 748/746/748 750/748/750
f 277/275/277 750/748/750 276/274/276
f 635/633/635 634/632/634 890/888/890
f 635/633/635 890/888/890 683/681/683
f 746/744/746 768/766/768 876/874/876
f 746/744/746 876/874/876 747/745/747
f 283/281/283 921/919/921 732/730/732
f 283/281/283 732/730/732 282/280/282
f 286/284/286 683/681/683 758/756/758
f 286/284/286 758/756/758 285/283/285
f 747/745/747 876/874/876 701/699/701
f 747/745/747 701/699/701 794/792/794
f 683/681/683 890/888/890 759/757/759
f 683/681/683 759/757/759 758/756/758
f 289/287/289 675/673/675 633/631/633
f 289/287/289 633/631/633 288/286/288
f 761/759/761 760/758/760 639/637/639
f 761/759/761 639/637/639 921/919/921
f 813/811/813 816/814/816 876/874/876
f 813/811/813 876/874/876 768/766/768
f 711/709/711 602/600/602 605/603/605
f 711/709/711 605/603/605 712/710/712
f 657/655/657 622/620/622 625/623/625
f 657/655/657 625/623/625 658/656/658
f 288/286/288 633/631/633 635/633/635
f 288/286/288 635/633/635 287/285/287
f 901/899/901 904/902/904 714/712/714
f 901/899/901 714/712/714 608/606/608
f 891/889/891 720/718/720 938/936/938
f 891/889/891 938/936/938 902/900/902
f 931/929/931 945/943/945 704/702/704
f 931/929/931 704/702/704 703/701/703
f 902/900/902 938/936/938 909/907/909
f 902/900/902 909/907/909 903/901/903
f 896/894/896 901/899/901 608/606/608
f 896/894/896 608/606/608 607/605/607
f 903/901/903 909/907/909 906/904/906
f 903/901/903 906/904/906 905/903/905
f 785/783/785 841/839/841 877/875/877
f 785/783/785 877/875/877 854/852/854
f 907/905/907 846/844/846 845/843/845
f 907/905/907 845/843/845 930/928/930
f 789/787/789 666/664/666 665/663/665
f 789/787/789 665/663/665 862/860/862
f 602/600/602 863/861/863 835/833/835
f 602/600/602 835/833/835 603/601/603
f 699/697/699 828/826/828 796/794/796
f 699/697/699 796/794/796 795/793/795
f 836/834/836 738/736/738 723/721/723
f 836/834/836 723/721/723 841/839/841
f 862/860/862 665/663/665 865/863/865
f 862/860/862 865/863/865 863/861/863
f 863/861/863 865/863/865 739/737/739
f 863/861/863 739/737/739 835/833/835
f 835/833/835 739/737/739 738/736/738
f 835/833/835 738/736/738 836/834/836
f 841/839/841 723/721/723 722/720/722
f 841/839/841 722/720/722 877/875/877
f 698/696/698 825/823/825 828/826/828
f 698/696/698 828/826/828 699/697/699
f 1015/1013/1015 640/638/640 643/641/643
f 1015/1013/1015 643/641/643 763/761/763
f 796/794/796 924/922/924 667/665/667
f 796/794/796 667/665/667 788/786/788
f 828/826/828 827/825/827 924/922/924
f 828/826/828 924/922/924 796/794/796
f 855/853/855 896/894/896 607/605/607
f 855/853/855 607/605/607 662/660/662
f 814/812/814 800/798/800 857/855/857
f 814/812/814 857/855/857 815/813/815
f 1016/1014/1016 822/820/822 611/609/611
f 1016/1014/1016 611/609/611 610/608/610
f 753/751/753 752/750/752 814/812/814
f 753/751/753 814/812/814 813/811/813
f 693/691/693 649/647/649 770/768/770
f 693/691/693 770/768/770 751/749/751
f 621/619/621 620/618/620 684/682/684
f 621/619/621 684/682/684 889/887/889
f 623/621/623 1016/1014/1016 610/608/610
f 623/621/623 610/608/610 624/622/624
f 660/658/660 659/657/659 716/714/716
f 660/658/660 716/714/716 619/617/619
f 276/274/276 750/748/750 783/781/783
f 276/274/276 783/781/783 275/273/275
f 889/887/889 684/682/684 640/638/640
f 889/887/889 640/638/640 1015/1013/1015
f 626/624/626 660/658/660 619/617/619
f 626/624/626 619/617/619 618/616/618
f 678/676/678 626/624/626 628/626/628
f 678/676/678 628/626/628 769/767/769
f 624/622/624 678/676/678 769/767/769
f 624/622/624 769/767/769 625/623/625
f 795/793/795 797/795/797 782/780/782
f 795/793/795 782/780/782 749/747/749
f 842/840/842 946/944/946 949/947/949
f 842/840/842 949/947/949 843/841/843
f 1017/1015/1017 943/941/943 946/944/946
f 1017/1015/1017 946/944/946 842/840/842
f 943/941/943 942/940/942 947/945/947
f 943/941/943 947/945/947 946/944/946
f 848/846/848 940/938/940 943/941/943
f 848/846/848 943/941/943 1017/1015/1017
f 847/845/847 936/934/936 940/938/940
f 847/845/847 940/938/940 848/846/848
f 936/934/936 935/933/935 941/939/941
f 936/934/936 941/939/941 940/938/940
f 1018/1016/1018 937/935/937 939/937/939
f 908/906/908 933/931/933 936/934/936
f 908/906/908 936/934/936 847/845/847
f 1019/1017/1019 929/927/929 933/931/933
f 1019/1017/1019 933/931/933 908/906/908
f 929/927/929 928/926/928 934/932/934
f 929/927/929 934/932/934 933/931/933
f 911/909/911 926/924/926 929/927/929
f 911/909/911 929/927/929 1019/1017/1019
f 910/908/910 920/918/920 926/924/926
f 910/908/910 926/924/926 911/909/911
f 920/918/920 919/917/919 927/925/927
f 920/918/920 927/925/927 926/924/926
f 1020/1018/1020 923/921/923 925/923/925
f 937/935/937 917/915/917 920/918/920
f 937/935/937 920/918/920 910/908/910
f 1018/1016/1018 915/913/915 917/915/917
f 1018/1016/1018 917/915/917 937/935/937
f 915/913/915 914/912/914 918/916/918
f 915/913/915 918/916/918 917/915/917
f 939/937/939 912/910/912 915/913/915
f 939/937/939 915/913/915 1018/1016/1018
f 719/717/719 900/898/900 912/910/912
f 719/717/719 912/910/912 939/937/939
f 900/898/900 899/897/899 913/911/913
f 900/898/900 913/911/913 912/910/912
f 1019/1017/1019 908/906/908 911/909/911
f 718/716/718 897/895/897 900/898/900
f 718/716/718 900/898/900 719/717/719
f 717/715/717 895/893/895 897/895/897
f 717/715/717 897/895/897 718/716/718
f 895/893/895 894/892/894 898/896/898
f 895/893/895 898/896/898 897/895/897
f 727/725/727 892/890/892 895/893/895
f 727/725/727 895/893/895 717/715/717
f 726/724/726 888/886/888 892/890/892
f 726/724/726 892/890/892 727/725/727
f 888/886/888 887/885/887 893/891/893
f 888/886/888 893/891/893 892/890/892
f 725/723/725 885/883/885 888/886/888
f 725/723/725 888/886/888 726/724/726
f 724/722/724 874/872/874 885/883/885
f 724/722/724 885/883/885 725/723/725
f 874/872/874 873/871/873 886/884/886
f 874/872/874 886/884/886 885/883/885
f 737/735/737 871/869/871 874/872/874
f 737/735/737 874/872/874 724/722/724
f 1021/1019/1021 870/868/870 871/869/871
f 1021/1019/1021 871/869/871 737/735/737
f 870/868/870 869/867/869 872/870/872
f 870/868/870 872/870/872 871/869/871
f 741/739/741 867/865/867 870/868/870
f 741/739/741 870/868/870 1021/1019/1021
f 740/738/740 861/859/861 867/865/867
f 740/738/740 867/865/867 741/739/741
f 861/859/861 860/858/860 868/866/868
f 861/859/861 868/866/868 867/865/867
f 1022/1020/1022 864/862/864 866/864/866
f 864/862/864 858/856/858 861/859/861
f 864/862/864 861/859/861 740/738/740
f 1022/1020/1022 852/850/852 858/856/858
f 1022/1020/1022 858/856/858 864/862/864
f 852/850/852 851/849/851 859/857/859
f 852/850/852 859/857/859 858/856/858
f 866/864/866 849/847/849 852/850/852
f 866/864/866 852/850/852 1022/1020/1022
f 664/662/664 840/838/840 849/847/849
f 664/662/664 849/847/849 866/864/866
f 840/838/840 839/837/839 850/848/850
f 840/838/840 850/848/850 849/847/849
f 1017/1015/1017 842/840/842 848/846/848
f 663/661/663 837/835/837 840/838/840
f 663/661/663 840/838/840 664/662/664
f 1023/1021/1023 832/830/832 837/835/837
f 1023/1021/1023 837/835/837 663/661/663
f 832/830/832 831/829/831 838/836/838
f 832/830/832 838/836/838 837/835/837
f 669/667/669 829/827/829 832/830/832
f 669/667/669 832/830/832 1023/1021/1023
f 668/666/668 820/818/820 829/827/829
f 668/666/668 829/827/829 669/667/669
f 820/818/820 819/817/819 830/828/830
f 820/818/820 830/828/830 829/827/829
f 1024/1022/1024 821/819/821 824/822/824
f 923/921/923 817/815/817 820/818/820
f 923/921/923 820/818/820 668/666/668
f 1020/1018/1020 812/810/812 817/815/817
f 1020/1018/1020 817/815/817 923/921/923
f 812/810/812 811/809/811 818/816/818
f 812/810/812 818/816/818 817/815/817
f 925/923/925 809/807/809 812/810/812
f 925/923/925 812/810/812 1020/1018/1020
f 880/878/880 808/806/808 809/807/809
f 880/878/880 809/807/809 925/923/925
f 808/806/808 807/805/807 810/808/810
f 808/806/808 810/808/810 809/807/809
f 879/877/879 805/803/805 808/806/808
f 879/877/879 808/806/808 880/878/880
f 883/881/883 793/791/793 805/803/805
f 883/881/883 805/803/805 879/877/879
f 793/791/793 792/790/792 806/804/806
f 793/791/793 806/804/806 805/803/805
f 884/882/884 790/788/790 793/791/793
f 884/882/884 793/791/793 883/881/883
f 882/880/882 781/779/781 790/788/790
f 882/880/882 790/788/790 884/882/884
f 781/779/781 780/778/780 791/789/791
f 781/779/781 791/789/791 790/788/790
f 881/879/881 778/776/778 781/779/781
f 881/879/881 781/779/781 882/880/882
f 799/797/799 767/765/767 778/776/778
f 799/797/799 778/776/778 881/879/881
f 767/765/767 766/764/766 779/777/779
f 767/765/767 779/777/779 778/776/778
f 798/796/798 764/762/764 767/765/767
f 798/796/798 767/765/767 799/797/799
f 803/801/803 757/755/757 764/762/764
f 803/801/803 764/762/764 798/796/798
f 757/755/757 756/754/756 765/763/765
f 757/755/757 765/763/765 764/762/764
f 804/802/804 754/752/754 757/755/757
f 804/802/804 757/755/757 803/801/803
f 802/800/802 745/743/745 754/752/754
f 802/800/802 754/752/754 804/802/804
f 745/743/745 744/742/744 755/753/755
f 745/743/745 755/753/755 754/752/754
f 801/799/801 742/740/742 745/743/745
f 801/799/801 745/743/745 802/800/802
f 648/646/648 731/729/731 742/740/742
f 648/646/648 742/740/742 801/799/801
f 731/729/731 730/728/730 743/741/743
f 731/729/731 743/741/743 742/740/742
f 1021/1019/1021 737/735/737 741/739/741
f 647/645/647 728/726/728 731/729/731
f 647/645/647 731/729/731 648/646/648
f 646/644/646 709/707/709 728/726/728
f 646/644/646 728/726/728 647/645/647
f 709/707/709 708/706/708 729/727/729
f 709/707/709 729/727/729 728/726/728
f 645/643/645 706/704/706 709/707/709
f 645/643/645 709/707/709 646/644/646
f 644/642/644 697/695/697 706/704/706
f 644/642/644 706/704/706 645/643/645
f 697/695/697 696/694/696 707/705/707
f 697/695/697 707/705/707 706/704/706
f 652/650/652 694/692/694 697/695/697
f 652/650/652 697/695/697 644/642/644
f 651/649/651 691/689/691 694/692/694
f 651/649/651 694/692/694 652/650/652
f 691/689/691 690/688/690 695/693/695
f 691/689/691 695/693/695 694/692/694
f 687/685/687 688/686/688 691/689/691
f 687/685/687 691/689/691 651/649/651
f 686/684/686 682/680/682 688/686/688
f 686/684/686 688/686/688 687/685/687
f 682/680/682 681/679/681 689/687/689
f 682/680/682 689/687/689 688/686/688
f 773/771/773 679/677/679 682/680/682
f 773/771/773 682/680/682 686/684/686
f 772/770/772 673/671/673 679/677/679
f 772/770/772 679/677/679 773/771/773
f 673/671/673 672/670/672 680/678/680
f 673/671/673 680/678/680 679/677/679
f 777/775/777 670/668/670 673/671/673
f 777/775/777 673/671/673 772/770/772
f 776/774/776 656/654/656 670/668/670
f 776/774/776 670/668/670 777/775/777
f 656/654/656 655/653/655 671/669/671
f 656/654/656 671/669/671 670/668/670
f 1023/1021/1023 663/661/663 669/667/669
f 775/773/775 653/651/653 656/654/656
f 775/773/775 656/654/656 776/774/776
f 774/772/774 632/630/632 653/651/653
f 774/772/774 653/651/653 775/773/775
f 632/630/632 631/629/631 654/652/654
f 632/630/632 654/652/654 653/651/653
f 821/819/821 629/627/629 632/630/632
f 821/819/821 632/630/632 774/772/774
f 1024/1022/1024 617/615/617 629/627/629
f 1024/1022/1024 629/627/629 821/819/821
f 617/615/617 616/614/616 630/628/630
f 617/615/617 630/628/630 629/627/629
f 824/822/824 614/612/614 617/615/617
f 824/822/824 617/615/617 1024/1022/1024
f 823/821/823 1025/1023/1025 614/612/614
f 823/821/823 614/612/614 824/822/824
f 1025/1023/1025 1026/1024/1026 615/613/615
f 1025/1023/1025 615/613/615 614/612/614
f 615/613/615 1027/1025/1027 1028/1026/1028
f 615/613/615 1028/1026/1028 616/614/616
f 1026/1024/1026 1029/1027/1029 1027/1025/1027
f 1026/1024/1026 1027/1025/1027 615/613/615
f 1030/1028/1030 1031/1029/1031 304/302/304
f 1030/1028/1030 304/302/304 1032/1030/1032
f 630/628/630 1033/1031/1033 1034/1032/1034
f 630/628/630 1034/1032/1034 631/629/631
f 616/614/616 1028/1026/1028 1033/1031/1033
f 616/614/616 1033/1031/1033 630/628/630
f 654/652/654 1035/1033/1035 1036/1034/1036
f 654/652/654 1036/1034/1036 655/653/655
f 631/629/631 1034/1032/1034 1035/1033/1035
f 631/629/631 1035/1033/1035 654/652/654
f 671/669/671 1037/1035/1037 1038/1036/1038
f 671/669/671 1038/1036/1038 672/670/672
f 655/653/655 1036/1034/1036 1037/1035/1037
f 655/653/655 1037/1035/1037 671/669/671
f 680/678/680 1039/1037/1039 1040/1038/1040
f 680/678/680 1040/1038/1040 681/679/681
f 672/670/672 1038/1036/1038 1039/1037/1039
f 672/670/672 1039/1037/1039 680/678/680
f 689/687/689 1041/1039/1041 1042/1040/1042
f 689/687/689 1042/1040/1042 690/688/690
f 681/679/681 1040/1038/1040 1041/1039/1041
f 681/679/681 1041/1039/1041 689/687/689
f 695/693/695 1043/1041/1043 1044/1042/1044
f 695/693/695 1044/1042/1044 696/694/696
f 690/688/690 1042/1040/1042 1043/1041/1043
f 690/688/690 1043/1041/1043 695/693/695
f 707/705/707 1045/1043/1045 1046/1044/1046
f 707/705/707 1046/1044/1046 708/706/708
f 696/694/696 1044/1042/1044 1045/1043/1045
f 696/694/696 1045/1043/1045 707/705/707
f 729/727/729 1047/1045/1047 1048/1046/1048
f 729/727/729 1048/1046/1048 730/728/730
f 708/706/708 1046/1044/1046 1047/1045/1047
f 708/706/708 1047/1045/1047 729/727/729
f 743/741/743 1049/1047/1049 1050/1048/1050
f 743/741/743 1050/1048/1050 744/742/744
f 730/728/730 1048/1046/1048 1049/1047/1049
f 730/728/730 1049/1047/1049 743/741/743
f 755/753/755 1051/1049/1051 1052/1050/1052
f 755/753/755 1052/1050/1052 756/754/756
f 744/742/744 1050/1048/1050 1051/1049/1051
f 744/742/744 1051/1049/1051 755/753/755
f 765/763/765 1053/1051/1053 1054/1052/1054
f 765/763/765 1054/1052/1054 766/764/766
f 756/754/756 1052/1050/1052 1053/1051/1053
f 756/754/756 1053/1051/1053 765/763/765
f 779/777/779 1055/1053/1055 1056/1054/1056
f 779/777/779 1056/1054/1056 780/778/780
f 766/764/766 1054/1052/1054 1055/1053/1055
f 766/764/766 1055/1053/1055 779/777/779
f 791/789/791 1057/1055/1057 1058/1056/1058
f 791/789/791 1058/1056/1058 792/790/792
f 780/778/780 1056/1054/1056 1057/1055/1057
f 780/778/780 1057/1055/1057 791/789/791
f 806/804/806 1059/1057/1059 1060/1058/1060
f 806/804/806 1060/1058/1060 807/805/807
f 792/790/792 1058/1056/1058 1059/1057/1059
f 792/790/792 1059/1057/1059 806/804/806
f 810/808/810 1061/1059/1061 1062/1060/1062
f 810/808/810 1062/1060/1062 811/809/811
f 807/805/807 1060/1058/1060 1061/1059/1061
f 807/805/807 1061/1059/1061 810/808/810
f 818/816/818 1063/1061/1063 1064/1062/1064
f 818/816/818 1064/1062/1064 819/817/819
f 811/809/811 1062/1060/1062 1063/1061/1063
f 811/809/811 1063/1061/1063 818/816/818
f 830/828/830 1065/1063/1065 1066/1064/1066
f 830/828/830 1066/1064/1066 831/829/831
f 819/817/819 1064/1062/1064 1065/1063/1065
f 819/817/819 1065/1063/1065 830/828/830
f 838/836/838 1067/1065/1067 1068/1066/1068
f 838/836/838 1068/1066/1068 839/837/839
f 831/829/831 1066/1064/1066 1067/1065/1067
f 831/829/831 1067/1065/1067 838/836/838
f 850/848/850 1069/1067/1069 1070/1068/1070
f 850/848/850 1070/1068/1070 851/849/851
f 839/837/839 1068/1066/1068 1069/1067/1069
f 839/837/839 1069/1067/1069 850/848/850
f 859/857/859 1071/1069/1071 1072/1070/1072
f 859/857/859 1072/1070/1072 860/858/860
f 851/849/851 1070/1068/1070 1071/1069/1071
f 851/849/851 1071/1069/1071 859/857/859
f 868/866/868 1073/1071/1073 1074/1072/1074
f 868/866/868 1074/1072/1074 869/867/869
f 860/858/860 1072/1070/1072 1073/1071/1073
f 860/858/860 1073/1071/1073 868/866/868
f 872/870/872 1075/1073/1075 1076/1074/1076
f 872/870/872 1076/1074/1076 873/871/873
f 869/867/869 1074/1072/1074 1075/1073/1075
f 869/867/869 1075/1073/1075 872/870/872
f 886/884/886 1077/1075/1077 1078/1076/1078
f 886/884/886 1078/1076/1078 887/885/887
f 873/871/873 1076/1074/1076 1077/1075/1077
f 873/871/873 1077/1075/1077 886/884/886
f 893/891/893 1079/1077/1079 1080/1078/1080
f 893/891/893 1080/1078/1080 894/892/894
f 887/885/887 1078/1076/1078 1079/1077/1079
f 887/885/887 1079/1077/1079 893/891/893
f 898/896/898 1081/1079/1081 1082/1080/1082
f 898/896/898 1082/1080/1082 899/897/899
f 894/892/894 1080/1078/1080 1081/1079/1081
f 894/892/894 1081/1079/1081 898/896/898
f 913/911/913 1083/1081/1083 1084/1082/1084
f 913/911/913 1084/1082/1084 914/912/914
f 899/897/899 1082/1080/1082 1083/1081/1083
f 899/897/899 1083/1081/1083 913/911/913
f 918/916/918 1085/1083/1085 1086/1084/1086
f 918/916/918 1086/1084/1086 919/917/919
f 914/912/914 1084/1082/1084 1085/1083/1085
f 914/912/914 1085/1083/1085 918/916/918
f 927/925/927 1087/1085/1087 1088/1086/1088
f 927/925/927 1088/1086/1088 928/926/928
f 919/917/919 1086/1084/1086 1087/1085/1087
f 919/917/919 1087/1085/1087 927/925/927
f 934/932/934 1089/1087/1089 1090/1088/1090
f 934/932/934 1090/1088/1090 935/933/935
f 928/926/928 1088/1086/1088 1089/1087/1089
f 928/926/928 1089/1087/1089 934/932/934
f 941/939/941 1091/1089/1091 1092/1090/1092
f 941/939/941 1092/1090/1092 942/940/942
f 935/933/935 1090/1088/1090 1091/1089/1091
f 935/933/935 1091/1089/1091 941/939/941
f 947/945/947 1093/1091/1093 1094/1092/1094
f 947/945/947 1094/1092/1094 948/946/948
f 942/940/942 1092/1090/1092 1093/1091/1093
f 942/940/942 1093/1091/1093 947/945/947
f 1095/1093/1095 1096/1094/1096 1097/1095/1097
f 1095/1093/1095 1097/1095/1097 1098/1096/1098
f 1099/1097/1099 1100/1098/1100 302/300/302
f 1099/1097/1099 302/300/302 301/299/301
f 1101/1099/1101 1102/1100/1102 1103/1101/1103
f 1103/1101/1103 1104/1102/1104 1105/1103/1105
f 1101/1099/1101 1103/1101/1103 1105/1103/1105
f 1106/1104/1106 1095/1093/1095 1098/1096/1098
f 1106/1104/1106 1098/1096/1098 1107/1105/1107
f 1108/1106/1108 1109/1107/1109 1110/1108/1110
f 1110/1108/1110 1111/1109/1111 18/18/18
f 18/18/18 17/17/17 1112/1110/1112
f 1108/1106/1108 1110/1108/1110 18/18/18
f 18/18/18 1112/1110/1112 1108/1106/1108
f 1113/1111/1113 1114/1112/1114 19/19/19
f 1113/1111/1113 19/19/19 18/18/18
f 1098/1096/1098 1097/1095/1097 1115/1113/1115
f 1098/1096/1098 1115/1113/1115 1116/1114/1116
f 1117/1115/1117 1118/1116/1118 1119/1117/1119
f 1119/1117/1119 1120/1118/1120 1121/1119/1121
f 1117/1115/1117 1119/1117/1119 1121/1119/1121
f 1122/1120/1122 1123/1121/1123 1102/1100/1102
f 1122/1120/1122 1102/1100/1102 1101/1099/1101
f 1124/1122/1124 1030/1028/1030 1125/1123/1125
f 1124/1122/1124 1125/1123/1125 1126/1124/1126
f 1127/1125/1127 1122/1120/1122 1128/1126/1128
f 1127/1125/1127 1128/1126/1128 1129/1127/1129
f 1130/1128/1130 1131/1129/1131 1132/1130/1132
f 1130/1128/1130 1132/1130/1132 1133/1131/1133
f 1134/1132/1134 1135/1133/1135 1136/1134/1136
f 1136/1134/1136 1137/1135/1137 1138/1136/1138
f 1138/1136/1138 1139/1137/1139 1140/1138/1140
f 1138/1136/1138 1140/1138/1140 1141/1139/1141
f 1142/1140/1142 1143/1141/1143 1134/1132/1134
f 1138/1136/1138 1141/1139/1141 1142/1140/1142
f 1142/1140/1142 1134/1132/1134 1136/1134/1136
f 1136/1134/1136 1138/1136/1138 1142/1140/1142
f 8/8/8 7/7/7 1144/1142/1144
f 8/8/8 1144/1142/1144 1145/1143/1145
f 1146/1144/1146 1144/1142/1144 1147/1145/1147
f 1146/1144/1146 1147/1145/1147 1148/1146/1148
f 1116/1114/1116 1115/1113/1115 1099/1097/1099
f 1116/1114/1116 1099/1097/1099 298/296/298
f 1149/1147/1149 1150/1148/1150 1151/1149/1151
f 1149/1147/1149 1151/1149/1151 1152/1150/1152
f 1153/1151/1153 1154/1152/1154 1155/1153/1155
f 1153/1151/1153 1155/1153/1155 1156/1154/1156
f 1157/1155/1157 1158/1156/1158 1159/1157/1159
f 1157/1155/1157 1159/1157/1159 1160/1158/1160
f 1161/1159/1161 1162/1160/1162 1040/1038/1040
f 1040/1038/1040 1039/1037/1039 1038/1036/1038
f 1037/1035/1037 1036/1034/1036 1035/1033/1035
f 1040/1038/1040 1038/1036/1038 1037/1035/1037
f 1163/1161/1163 1161/1159/1161 1040/1038/1040
f 1164/1162/1164 1163/1161/1163 1040/1038/1040
f 1040/1038/1040 1037/1035/1037 1035/1033/1035
f 1035/1033/1035 1034/1032/1034 1033/1031/1033
f 1033/1031/1033 1028/1026/1028 1027/1025/1027
f 1027/1025/1027 1094/1092/1094 1093/1091/1093
f 1093/1091/1093 1092/1090/1092 1091/1089/1091
f 1091/1089/1091 1090/1088/1090 1089/1087/1089
f 1089/1087/1089 1088/1086/1088 1165/1163/1165
f 1089/1087/1089 1165/1163/1165 1166/1164/1166
f 1093/1091/1093 1091/1089/1091 1089/1087/1089
f 1033/1031/1033 1027/1025/1027 1093/1091/1093
f 1040/1038/1040 1035/1033/1035 1033/1031/1033
f 1164/1162/1164 1040/1038/1040 1033/1031/1033
f 1033/1031/1033 1093/1091/1093 1089/1087/1089
f 1089/1087/1089 1166/1164/1166 1167/1165/1167
f 1089/1087/1089 1167/1165/1167 1168/1166/1168
f 1169/1167/1169 1164/1162/1164 1033/1031/1033
f 1033/1031/1033 1089/1087/1089 1168/1166/1168
f 1033/1031/1033 1168/1166/1168 1169/1167/1169
f 1/1/1 1170/1168/1170 1171/1169/1171
f 1/1/1 1171/1169/1171 2/2/2
f 1172/1170/1172 1158/1156/1158 1157/1155/1157
f 1172/1170/1172 1157/1155/1157 1173/1171/1173
f 1174/1172/1174 1096/1094/1096 1175/1173/1175
f 1175/1173/1175 1121/1119/1121 1120/1118/1120
f 1120/1118/1120 1176/1174/1176 1174/1172/1174
f 1175/1173/1175 1120/1118/1120 1174/1172/1174
f 1177/1175/1177 1178/1176/1178 1179/1177/1179
f 1177/1175/1177 1179/1177/1179 1180/1178/1180
f 1181/1179/1181 1182/1180/1182 1183/1181/1183
f 1181/1179/1181 1183/1181/1183 1184/1182/1184
f 1185/1183/1185 1186/1184/1186 1162/1160/1162
f 1185/1183/1185 1162/1160/1162 1161/1159/1161
f 1187/1185/1187 1188/1186/1188 1163/1161/1163
f 1187/1185/1187 1163/1161/1163 1164/1162/1164
f 1189/1187/1189 1190/1188/1190 1191/1189/1191
f 1189/1187/1189 1191/1189/1191 1192/1190/1192
f 1193/1191/1193 1153/1151/1153 1156/1154/1156
f 1193/1191/1193 1156/1154/1156 1194/1192/1194
f 1195/1193/1195 1196/1194/1196 1197/1195/1197
f 1195/1193/1195 1197/1195/1197 1198/1196/1198
f 1199/1197/1199 1200/1198/1200 1201/1199/1201
f 1199/1197/1199 1201/1199/1201 1202/1200/1202
f 1203/1201/1203 1151/1149/1151 1165/1163/1165
f 1203/1201/1203 1165/1163/1165 1204/1202/1204
f 1205/1203/1205 1206/1204/1206 1136/1134/1136
f 1136/1134/1136 1135/1133/1135 1207/1205/1207
f 1208/1206/1208 1209/1207/1209 1152/1150/1152
f 1136/1134/1136 1207/1205/1207 1208/1206/1208
f 1152/1150/1152 1205/1203/1205 1136/1134/1136
f 1136/1134/1136 1208/1206/1208 1152/1150/1152
f 1150/1148/1150 1210/1208/1210 1167/1165/1167
f 1150/1148/1150 1167/1165/1167 1166/1164/1166
f 1211/1209/1211 15/15/15 14/14/14
f 14/14/14 1212/1210/1212 1213/1211/1213
f 1214/1212/1211 1215/1213/1214 1211/1209/1211
f 14/14/14 1213/1211/1213 1214/1212/1211
f 14/14/14 1214/1212/1211 1211/1209/1211
f 1210/1208/1210 1216/1214/1215 1217/1215/1216
f 1210/1208/1210 1217/1215/1216 1167/1165/1167
f 1198/1196/1198 1197/1195/1197 1218/1216/1217
f 1198/1196/1198 1218/1216/1217 1219/1217/1218
f 1220/1218/1219 1124/1122/1124 1126/1124/1126
f 1126/1124/1126 1221/1219/1220 1222/1220/1221
f 1223/1221/1222 1224/1222/1223 1220/1218/1219
f 1126/1124/1126 1222/1220/1221 1223/1221/1222
f 1126/1124/1126 1223/1221/1222 1220/1218/1219
f 1196/1194/1196 1195/1193/1195 1189/1187/1189
f 1196/1194/1196 1189/1187/1189 1192/1190/1192
f 1180/1178/1180 1225/1223/1224 1226/1224/1225
f 1180/1178/1180 1226/1224/1225 1177/1175/1177
f 1174/1172/1174 1176/1174/1176 1227/1225/1226
f 1227/1225/1226 1172/1170/1172 1173/1171/1173
f 1173/1171/1173 1226/1224/1225 1225/1223/1224
f 1225/1223/1224 1228/1226/1227 1229/1227/1228
f 1229/1227/1228 1230/1228/1229 1231/1229/1230
f 1232/1230/1231 302/300/302 1100/1098/1100
f 1229/1227/1228 1231/1229/1230 1232/1230/1231
f 1173/1171/1173 1225/1223/1224 1229/1227/1228
f 1174/1172/1174 1227/1225/1226 1173/1171/1173
f 1232/1230/1231 1100/1098/1100 1233/1231/1232
f 1233/1231/1232 1174/1172/1174 1173/1171/1173
f 1173/1171/1173 1229/1227/1228 1232/1230/1231
f 1233/1231/1232 1173/1171/1173 1232/1230/1231
f 1230/1228/1229 1229/1227/1228 1228/1226/1227
f 1228/1226/1227 1234/1232/1233 1235/1233/1234
f 1235/1233/1234 1236/1234/1235 1237/1235/1236
f 303/301/303 302/300/302 1232/1230/1231
f 1235/1233/1234 1237/1235/1236 303/301/303
f 1230/1228/1229 1228/1226/1227 1235/1233/1234
f 303/301/303 1232/1230/1231 1231/1229/1230
f 1231/1229/1230 1230/1228/1229 1235/1233/1234
f 1231/1229/1230 1235/1233/1234 303/301/303
f 3/3/3 1132/1130/1132 1238/1236/1237
f 3/3/3 1238/1236/1237 1239/1237/1238
f 1240/1238/1239 1133/1131/1133 2/2/2
f 1240/1238/1239 2/2/2 1171/1169/1171
f 1150/1148/1150 1166/1164/1166 1165/1163/1165
f 1150/1148/1150 1165/1163/1165 1151/1149/1151
f 1210/1208/1210 1241/1239/1240 1242/1240/1241
f 1210/1208/1210 1242/1240/1241 1216/1214/1215
f 1157/1155/1157 1160/1158/1160 1178/1176/1178
f 1157/1155/1157 1178/1176/1178 1177/1175/1177
f 1125/1123/1125 1243/1241/1242 1244/1242/1243
f 1125/1123/1125 1244/1242/1243 1245/1243/1244
f 1114/1112/1114 1113/1111/1113 1246/1244/1245
f 1114/1112/1114 1246/1244/1245 1247/1245/1246
f 1248/1246/1247 1249/1247/1248 1207/1205/1207
f 1207/1205/1207 1135/1133/1135 24/24/24
f 1248/1246/1247 1207/1205/1207 24/24/24
f 1227/1225/1226 1184/1182/1184 1158/1156/1158
f 1227/1225/1226 1158/1156/1158 1172/1170/1172
f 1097/1095/1097 1096/1094/1096 1174/1172/1174
f 1097/1095/1097 1174/1172/1174 1233/1231/1232
f 1250/1248/1249 1193/1191/1193 1181/1179/1181
f 1250/1248/1249 1181/1179/1181 1251/1249/1250
f 1252/1250/1251 1253/1251/1252 1254/1252/1253
f 1252/1250/1251 1254/1252/1253 1255/1253/1254
f 1203/1201/1203 1205/1203/1205 1152/1150/1152
f 1203/1201/1203 1152/1150/1152 1151/1149/1151
f 1206/1204/1206 1205/1203/1205 1203/1201/1203
f 1206/1204/1206 1203/1201/1203 1201/1199/1201
f 1203/1201/1203 1204/1202/1204 1202/1200/1202
f 1203/1201/1203 1202/1200/1202 1201/1199/1201
f 1219/1217/1218 1256/1254/1255 1236/1234/1235
f 1219/1217/1218 1236/1234/1235 1198/1196/1198
f 1136/1134/1136 1200/1198/1200 1257/1255/1256
f 1136/1134/1136 1257/1255/1256 1137/1135/1137
f 1187/1185/1187 1164/1162/1164 1169/1167/1169
f 1187/1185/1187 1169/1167/1169 1258/1256/1257
f 1259/1257/1258 1260/1258/1259 1257/1255/1256
f 1259/1257/1258 1257/1255/1256 1261/1259/1260
f 1186/1184/1186 1262/1260/1261 1263/1261/1262
f 1186/1184/1186 1263/1261/1262 1162/1160/1162
f 1261/1259/1260 1257/1255/1256 1200/1198/1200
f 1261/1259/1260 1200/1198/1200 1199/1197/1199
f 1264/1262/1263 1265/1263/1264 297/295/297
f 297/295/297 1266/1264/1265 1267/1265/1266
f 1268/1266/1267 1269/1267/1268 1264/1262/1263
f 297/295/297 1267/1265/1266 1268/1266/1267
f 297/295/297 1268/1266/1267 1264/1262/1263
f 1270/1268/1269 1237/1235/1236 1236/1234/1235
f 1236/1234/1235 1256/1254/1255 1271/1269/1270
f 1271/1269/1270 1254/1252/1253 1272/1270/1271
f 1273/1271/1272 1270/1268/1269 1236/1234/1235
f 1271/1269/1270 1272/1270/1271 1273/1271/1272
f 1236/1234/1235 1271/1269/1270 1273/1271/1272
f 1274/1272/1273 1275/1273/1274 1219/1217/1218
f 1274/1272/1273 1219/1217/1218 1218/1216/1217
f 1271/1269/1270 1275/1273/1274 1255/1253/1254
f 1271/1269/1270 1255/1253/1254 1254/1252/1253
f 1276/1274/1275 1277/1275/1276 1278/1276/1277
f 1278/1276/1277 1279/1277/1278 1280/1278/1279
f 1280/1278/1279 1240/1238/1239 1281/1279/1280
f 1276/1274/1275 1278/1276/1277 1280/1278/1279
f 1280/1278/1279 1281/1279/1280 1276/1274/1275
f 1188/1186/1188 1185/1183/1185 1161/1159/1161
f 1188/1186/1188 1161/1159/1161 1163/1161/1163
f 1235/1233/1234 1195/1193/1195 1198/1196/1198
f 1235/1233/1234 1198/1196/1198 1236/1234/1235
f 1282/1280/1281 1283/1281/1282 1284/1282/1283
f 1284/1282/1283 1285/1283/1284 1286/1284/1285
f 1287/1285/1286 1288/1286/1287 1282/1280/1281
f 1284/1282/1283 1286/1284/1285 1287/1285/1286
f 1284/1282/1283 1287/1285/1286 1282/1280/1281
f 1289/1287/1288 1258/1256/1257 1290/1288/1289
f 1289/1287/1288 1290/1288/1289 1291/1289/1290
f 1258/1256/1257 1169/1167/1169 1168/1166/1168
f 1258/1256/1257 1168/1166/1168 1290/1288/1289
f 1147/1145/1147 1292/1290/1291 1293/1291/1292
f 1293/1291/1292 1294/1292/1293 1289/1287/1288
f 1289/1287/1288 1242/1240/1241 1241/1239/1240
f 1241/1239/1240 1238/1236/1237 1148/1146/1148
f 1148/1146/1148 1147/1145/1147 1293/1291/1292
f 1293/1291/1292 1289/1287/1288 1241/1239/1240
f 1293/1291/1292 1241/1239/1240 1148/1146/1148
f 1289/1287/1288 1294/1292/1293 1187/1185/1187
f 1289/1287/1288 1187/1185/1187 1258/1256/1257
f 1138/1136/1138 1137/1135/1137 1257/1255/1256
f 1138/1136/1138 1257/1255/1256 1260/1258/1259
f 1234/1232/1233 1189/1187/1189 1195/1193/1195
f 1234/1232/1233 1195/1193/1195 1235/1233/1234
f 1262/1260/1261 1295/1293/1294 1253/1251/1252
f 1262/1260/1261 1253/1251/1252 1252/1250/1251
f 1032/1030/1032 304/302/304 303/301/303
f 303/301/303 1237/1235/1236 1270/1268/1269
f 1270/1268/1269 1243/1241/1242 1032/1030/1032
f 303/301/303 1270/1268/1269 1032/1030/1032
f 1275/1273/1274 1274/1272/1273 1296/1294/1295
f 1275/1273/1274 1296/1294/1295 1255/1253/1254
f 1204/1202/1204 1165/1163/1165 1088/1086/1088
f 1088/1086/1088 1087/1085/1087 1086/1084/1086
f 1085/1083/1085 1084/1082/1084 1083/1081/1083
f 1088/1086/1088 1086/1084/1086 1085/1083/1085
f 1202/1200/1202 1204/1202/1204 1088/1086/1088
f 1199/1197/1199 1202/1200/1202 1088/1086/1088
f 1088/1086/1088 1085/1083/1085 1083/1081/1083
f 1083/1081/1083 1082/1080/1082 1081/1079/1081
f 1081/1079/1081 1080/1078/1080 1079/1077/1079
f 1079/1077/1079 1078/1076/1078 1077/1075/1077
f 1077/1075/1077 1076/1074/1076 1075/1073/1075
f 1075/1073/1075 1074/1072/1074 1073/1071/1073
f 1073/1071/1073 1072/1070/1072 1071/1069/1071
f 1071/1069/1071 1070/1068/1070 1069/1067/1069
f 1069/1067/1069 1068/1066/1068 1067/1065/1067
f 1067/1065/1067 1066/1064/1066 1159/1157/1159
f 1067/1065/1067 1159/1157/1159 1183/1181/1183
f 1071/1069/1071 1069/1067/1069 1067/1065/1067
f 1075/1073/1075 1073/1071/1073 1071/1069/1071
f 1079/1077/1079 1077/1075/1077 1075/1073/1075
f 1083/1081/1083 1081/1079/1081 1079/1077/1079
f 1199/1197/1199 1088/1086/1088 1083/1081/1083
f 1261/1259/1260 1199/1197/1199 1083/1081/1083
f 1083/1081/1083 1079/1077/1079 1075/1073/1075
f 1075/1073/1075 1071/1069/1071 1067/1065/1067
f 1067/1065/1067 1183/1181/1183 1182/1180/1182
f 1067/1065/1067 1182/1180/1182 1194/1192/1194
f 1261/1259/1260 1083/1081/1083 1075/1073/1075
f 1259/1257/1258 1261/1259/1260 1075/1073/1075
f 1075/1073/1075 1067/1065/1067 1194/1192/1194
f 1075/1073/1075 1194/1192/1194 1156/1154/1156
f 1155/1153/1155 1259/1257/1258 1075/1073/1075
f 1155/1153/1155 1075/1073/1075 1156/1154/1156
f 1180/1178/1180 1179/1177/1179 1191/1189/1191
f 1180/1178/1180 1191/1189/1191 1190/1188/1190
f 1193/1191/1193 1194/1192/1194 1182/1180/1182
f 1193/1191/1193 1182/1180/1182 1181/1179/1181
f 1271/1269/1270 1256/1254/1255 1219/1217/1218
f 1271/1269/1270 1219/1217/1218 1275/1273/1274
f 1138/1136/1138 1260/1258/1259 1154/1152/1154
f 1138/1136/1138 1154/1152/1154 1139/1137/1139
f 1184/1182/1184 1183/1181/1183 1159/1157/1159
f 1184/1182/1184 1159/1157/1159 1158/1156/1158
f 1239/1237/1238 1238/1236/1237 1241/1239/1240
f 1241/1239/1240 1149/1147/1149 1152/1150/1152
f 1152/1150/1152 1209/1207/1209 1239/1237/1238
f 1241/1239/1240 1152/1150/1152 1239/1237/1238
f 1260/1258/1259 1259/1257/1258 1155/1153/1155
f 1260/1258/1259 1155/1153/1155 1154/1152/1154
f 1122/1120/1122 1127/1125/1127 1297/1295/1296
f 1122/1120/1122 1297/1295/1296 1123/1121/1123
f 1150/1148/1150 1149/1147/1149 1241/1239/1240
f 1150/1148/1150 1241/1239/1240 1210/1208/1210
f 1298/1296/1297 1299/1297/1298 1123/1121/1123
f 1298/1296/1297 1123/1121/1123 1297/1295/1296
f 1119/1117/1119 1134/1132/1134 1143/1141/1143
f 1143/1141/1143 1142/1140/1142 1141/1139/1141
f 1140/1138/1140 1139/1137/1139 1300/1298/1299
f 1143/1141/1143 1141/1139/1141 1140/1138/1140
f 1120/1118/1120 1119/1117/1119 1143/1141/1143
f 1227/1225/1226 1176/1174/1176 1120/1118/1120
f 1250/1248/1249 1251/1249/1250 1227/1225/1226
f 1140/1138/1140 1300/1298/1299 1250/1248/1249
f 1120/1118/1120 1143/1141/1143 1140/1138/1140
f 1250/1248/1249 1227/1225/1226 1120/1118/1120
f 1120/1118/1120 1140/1138/1140 1250/1248/1249
f 1139/1137/1139 1154/1152/1154 1153/1151/1153
f 1139/1137/1139 1153/1151/1153 1300/1298/1299
f 7/7/7 6/6/6 1301/1299/1300
f 1301/1299/1300 1292/1290/1291 1147/1145/1147
f 1147/1145/1147 1144/1142/1144 7/7/7
f 1301/1299/1300 1147/1145/1147 7/7/7
f 1031/1029/1031 1302/1300/1301 300/298/300
f 1031/1029/1031 300/298/300 304/302/304
f 1206/1204/1206 1201/1199/1201 1200/1198/1200
f 1206/1204/1206 1200/1198/1200 1136/1134/1136
f 1227/1225/1226 1251/1249/1250 1181/1179/1181
f 1227/1225/1226 1181/1179/1181 1184/1182/1184
f 295/293/295 1/1/1 4/4/4
f 295/293/295 4/4/4 1303/1301/1302
f 1228/1226/1227 1190/1188/1190 1189/1187/1189
f 1228/1226/1227 1189/1187/1189 1234/1232/1233
f 1170/1168/1170 1304/1302/1303 1305/1303/1304
f 1306/1304/1305 1307/1305/1306 1308/1306/1307
f 1170/1168/1170 1305/1303/1304 1306/1304/1305
f 1308/1306/1307 1171/1169/1171 1170/1168/1170
f 1306/1304/1305 1308/1306/1307 1170/1168/1170
f 1252/1250/1251 1255/1253/1254 1296/1294/1295
f 1252/1250/1251 1296/1294/1295 1309/1307/1308
f 1310/1308/1309 1186/1184/1186 1185/1183/1185
f 1310/1308/1309 1185/1183/1185 1311/1309/1310
f 1187/1185/1187 1294/1292/1293 1293/1291/1292
f 1187/1185/1187 1293/1291/1292 1188/1186/1188
f 1312/1310/1311 1244/1242/1243 1273/1271/1272
f 1273/1271/1272 1272/1270/1271 1103/1101/1103
f 1103/1101/1103 1102/1100/1102 1312/1310/1311
f 1312/1310/1311 1273/1271/1272 1103/1101/1103
f 1160/1158/1160 1159/1157/1159 1066/1064/1066
f 1066/1064/1066 1065/1063/1065 1064/1062/1064
f 1064/1062/1064 1063/1061/1063 1062/1060/1062
f 1061/1059/1061 1060/1058/1060 1059/1057/1059
f 1064/1062/1064 1062/1060/1062 1061/1059/1061
f 1160/1158/1160 1066/1064/1066 1064/1062/1064
f 1178/1176/1178 1160/1158/1160 1064/1062/1064
f 1064/1062/1064 1061/1059/1061 1059/1057/1059
f 1059/1057/1059 1058/1056/1058 1057/1055/1057
f 1057/1055/1057 1056/1054/1056 1055/1053/1055
f 1055/1053/1055 1054/1052/1054 1053/1051/1053
f 1053/1051/1053 1052/1050/1052 1051/1049/1051
f 1051/1049/1051 1050/1048/1050 1049/1047/1049
f 1049/1047/1049 1048/1046/1048 1047/1045/1047
f 1047/1045/1047 1046/1044/1046 1045/1043/1045
f 1045/1043/1045 1044/1042/1044 1043/1041/1043
f 1043/1041/1043 1042/1040/1042 1041/1039/1041
f 1041/1039/1041 1040/1038/1040 1162/1160/1162
f 1041/1039/1041 1162/1160/1162 1263/1261/1262
f 1045/1043/1045 1043/1041/1043 1041/1039/1041
f 1049/1047/1049 1047/1045/1047 1045/1043/1045
f 1053/1051/1053 1051/1049/1051 1049/1047/1049
f 1057/1055/1057 1055/1053/1055 1053/1051/1053
f 1064/1062/1064 1059/1057/1059 1057/1055/1057
f 1179/1177/1179 1178/1176/1178 1064/1062/1064
f 1191/1189/1191 1179/1177/1179 1064/1062/1064
f 1057/1055/1057 1053/1051/1053 1049/1047/1049
f 1049/1047/1049 1045/1043/1045 1041/1039/1041
f 1041/1039/1041 1263/1261/1262 1309/1307/1308
f 1041/1039/1041 1309/1307/1308 1296/1294/1295
f 1191/1189/1191 1064/1062/1064 1057/1055/1057
f 1192/1190/1192 1191/1189/1191 1057/1055/1057
f 1049/1047/1049 1041/1039/1041 1296/1294/1295
f 1049/1047/1049 1296/1294/1295 1274/1272/1273
f 1196/1194/1196 1192/1190/1192 1057/1055/1057
f 1197/1195/1197 1196/1194/1196 1057/1055/1057
f 1049/1047/1049 1274/1272/1273 1218/1216/1217
f 1197/1195/1197 1057/1055/1057 1049/1047/1049
f 1218/1216/1217 1197/1195/1197 1049/1047/1049
f 1311/1309/1310 1185/1183/1185 1188/1186/1188
f 1311/1309/1310 1188/1186/1188 1293/1291/1292
f 295/293/295 1303/1301/1302 1249/1247/1248
f 295/293/295 1249/1247/1248 296/294/296
f 1228/1226/1227 1225/1223/1224 1180/1178/1180
f 1228/1226/1227 1180/1178/1180 1190/1188/1190
f 1293/1291/1292 1292/1290/1291 1301/1299/1300
f 1293/1291/1292 1301/1299/1300 1104/1102/1104
f 1310/1308/1309 1311/1309/1310 1293/1291/1292
f 1253/1251/1252 1295/1293/1294 1310/1308/1309
f 1272/1270/1271 1254/1252/1253 1253/1251/1252
f 1293/1291/1292 1104/1102/1104 1103/1101/1103
f 1103/1101/1103 1272/1270/1271 1253/1251/1252
f 1253/1251/1252 1310/1308/1309 1293/1291/1292
f 1103/1101/1103 1253/1251/1252 1293/1291/1292
f 1173/1171/1173 1157/1155/1157 1177/1175/1177
f 1173/1171/1173 1177/1175/1177 1226/1224/1225
f 1193/1191/1193 1250/1248/1249 1300/1298/1299
f 1193/1191/1193 1300/1298/1299 1153/1151/1153
f 1313/1311/1312 1134/1132/1134 1119/1117/1119
f 1313/1311/1312 1119/1117/1119 1118/1116/1118
f 1245/1243/1244 1244/1242/1243 1312/1310/1311
f 1245/1243/1244 1312/1310/1311 1299/1297/1298
f 299/297/299 298/296/298 1099/1097/1099
f 299/297/299 1099/1097/1099 301/299/301
f 1030/1028/1030 1032/1030/1032 1243/1241/1242
f 1030/1028/1030 1243/1241/1242 1125/1123/1125
f 1299/1297/1298 1312/1310/1311 1102/1100/1102
f 1299/1297/1298 1102/1100/1102 1123/1121/1123
f 1314/1312/1313 1146/1144/1146 1148/1146/1148
f 1148/1146/1148 1238/1236/1237 1132/1130/1132
f 1314/1312/1313 1148/1146/1148 1132/1130/1132
f 1303/1301/1302 1208/1206/1208 1207/1205/1207
f 1303/1301/1302 1207/1205/1207 1249/1247/1248
f 296/294/296 1249/1247/1248 1248/1246/1247
f 296/294/296 1248/1246/1247 1315/1313/1314
f 1128/1126/1128 1122/1120/1122 1101/1099/1101
f 1128/1126/1128 1101/1099/1101 1105/1103/1105
f 5/5/5 1128/1126/1128 1105/1103/1105
f 5/5/5 1105/1103/1105 6/6/6
f 1316/1314/1315 1145/1143/1145 1144/1142/1144
f 1316/1314/1315 1144/1142/1144 1146/1144/1146
f 1252/1250/1251 1309/1307/1308 1263/1261/1262
f 1252/1250/1251 1263/1261/1262 1262/1260/1261
f 1243/1241/1242 1270/1268/1269 1273/1271/1272
f 1243/1241/1242 1273/1271/1272 1244/1242/1243
f 294/292/294 1317/1315/1316 1318/1316/1317
f 1319/1317/1318 1320/1318/1319 1304/1302/1303
f 294/292/294 1318/1316/1317 1319/1317/1318
f 1304/1302/1303 1170/1168/1170 294/292/294
f 1319/1317/1318 1304/1302/1303 294/292/294
f 25/25/25 24/24/24 1135/1133/1135
f 1135/1133/1135 1134/1132/1134 1313/1311/1312
f 25/25/25 1135/1133/1135 1313/1311/1312
f 1310/1308/1309 1295/1293/1294 1262/1260/1261
f 1310/1308/1309 1262/1260/1261 1186/1184/1186
f 1321/1319/1320 1322/1320/1321 1323/1321/1322
f 1323/1321/1322 1324/1322/1323 1113/1111/1113
f 1113/1111/1113 18/18/18 1111/1109/1111
f 1321/1319/1320 1323/1321/1322 1113/1111/1113
f 1113/1111/1113 1111/1109/1111 1321/1319/1320
f 17/17/17 1106/1104/1106 1325/1323/1324
f 1326/1324/1325 1327/1325/1326 1328/1326/1325
f 17/17/17 1325/1323/1324 1326/1324/1325
f 1328/1326/1325 1112/1110/1112 17/17/17
f 1326/1324/1325 1328/1326/1325 17/17/17
f 1329/1327/1327 1330/1328/1328 1331/1329/1329
f 1331/1329/1329 1286/1284/1285 1285/1283/1284
f 1285/1283/1284 1332/1330/1330 1333/1331/1331
f 1329/1327/1327 1331/1329/1329 1285/1283/1284
f 1285/1283/1284 1333/1331/1331 1329/1327/1327
f 1247/1245/1246 1246/1244/1245 305/303/305
f 1247/1245/1246 305/303/305 1334/1332/1332
f 1316/1314/1315 1146/1144/1146 1314/1312/1313
f 1316/1314/1315 1314/1312/1313 1335/1333/1333
f 1336/1334/1334 1284/1282/1283 1283/1281/1282
f 1337/1335/1335 1338/1336/1336 1339/1337/1337
f 1336/1334/1334 1283/1281/1282 1337/1335/1335
f 1339/1337/1337 1340/1338/1338 1336/1334/1334
f 1337/1335/1335 1339/1337/1337 1336/1334/1334
f 1341/1339/1339 1342/1340/1340 1297/1295/1296
f 1297/1295/1296 1127/1125/1127 1343/1341/1341
f 1344/1342/1339 1345/1343/1342 1341/1339/1339
f 1297/1295/1296 1343/1341/1341 1344/1342/1339
f 1297/1295/1296 1344/1342/1339 1341/1339/1339
f 1105/1103/1105 1104/1102/1104 1301/1299/1300
f 1105/1103/1105 1301/1299/1300 6/6/6
f 1212/1210/1212 1124/1122/1124 1220/1218/1219
f 1346/1344/1343 1347/1345/1344 1348/1346/1343
f 1212/1210/1212 1220/1218/1219 1346/1344/1343
f 1348/1346/1343 1213/1211/1213 1212/1210/1212
f 1346/1344/1343 1348/1346/1343 1212/1210/1212
f 1114/1112/1114 1247/1245/1246 1118/1116/1118
f 1114/1112/1114 1118/1116/1118 1117/1115/1117
f 1127/1125/1127 1129/1127/1129 1349/1347/1345
f 1350/1348/1346 1351/1349/1347 1352/1350/1348
f 1127/1125/1127 1349/1347/1345 1350/1348/1346
f 1352/1350/1348 1343/1341/1341 1127/1125/1127
f 1350/1348/1346 1352/1350/1348 1127/1125/1127
f 19/19/19 1121/1119/1121 1175/1173/1175
f 19/19/19 1175/1173/1175 16/16/16
f 1302/1300/1301 299/297/299 301/299/301
f 1302/1300/1301 301/299/301 300/298/300
f 1353/1351/1349 1354/1352/1350 1355/1353/1351
f 1355/1353/1351 1356/1354/1352 293/291/293
f 293/291/293 1357/1355/1353 1358/1356/1354
f 1353/1351/1349 1355/1353/1351 293/291/293
f 293/291/293 1358/1356/1354 1353/1351/1349
f 305/303/305 1246/1244/1245 1359/1357/1355
f 1360/1358/1356 1361/1359/1357 1362/1360/1356
f 305/303/305 1359/1357/1355 1360/1358/1356
f 1362/1360/1356 306/304/306 305/303/305
f 1360/1358/1356 1362/1360/1356 305/303/305
f 1247/1245/1246 1334/1332/1332 1313/1311/1312
f 1247/1245/1246 1313/1311/1312 1118/1116/1118
f 1363/1361/1358 1332/1330/1330 1316/1314/1315
f 1363/1361/1358 1316/1314/1315 1335/1333/1333
f 1364/1362/1359 1365/1363/1360 1366/1364/1361
f 1366/1364/1361 1266/1264/1265 297/295/297
f 297/295/297 13/13/13 12/12/12
f 1364/1362/1359 1366/1364/1361 297/295/297
f 297/295/297 12/12/12 1364/1362/1359
f 1367/1365/1362 1368/1366/1363 1369/1367/1362
f 1369/1367/1362 1370/1368/1364 1371/1369/1365
f 1371/1369/1365 1298/1296/1297 1372/1370/1366
f 1367/1365/1362 1369/1367/1362 1371/1369/1365
f 1371/1369/1365 1372/1370/1366 1367/1365/1362
f 16/16/16 1175/1173/1175 1096/1094/1096
f 16/16/16 1096/1094/1096 1095/1093/1095
f 19/19/19 1114/1112/1114 1117/1115/1117
f 19/19/19 1117/1115/1117 1121/1119/1121
f 1332/1330/1330 1363/1361/1358 1373/1371/1367
f 1374/1372/1368 1375/1373/1369 1376/1374/1368
f 1332/1330/1330 1373/1371/1367 1374/1372/1368
f 1376/1374/1368 1333/1331/1331 1332/1330/1330
f 1374/1372/1368 1376/1374/1368 1332/1330/1330
f 4/4/4 3/3/3 1239/1237/1238
f 1239/1237/1238 1209/1207/1209 1208/1206/1208
f 1208/1206/1208 1303/1301/1302 4/4/4
f 4/4/4 1239/1237/1238 1208/1206/1208
f 1377/1375/1370 1378/1322/1371 1379/1322/1372
f 1377/1375/1370 1379/1322/1372 1380/1375/1373
f 1381/1319/1374 1382/1109/1375 1383/1109/1376
f 1381/1319/1374 1383/1109/1376 1384/1319/1377
f 1385/1106/1378 1386/1110/1379 1387/1110/1380
f 1385/1106/1378 1387/1110/1380 1388/1106/1381
f 1389/1324/1382 1390/1323/1383 1391/1323/1384
f 1389/1324/1382 1391/1323/1384 1392/1324/1385
f 1393/1376/1386 1394/1377/1387 1395/1377/1388
f 1393/1376/1386 1395/1377/1388 1396/1376/1389
f 1397/1378/1390 1398/1262/1391 1399/1262/1392
f 1397/1378/1390 1399/1262/1392 1400/1378/1393
f 1401/1265/1394 1402/1264/1395 1403/1264/1396
f 1401/1265/1394 1403/1264/1396 1404/1265/1397
f 1405/1362/1398 1406/12/1399 1407/12/1400
f 1405/1362/1398 1407/12/1400 1408/1362/1401
f 1409/9/1402 1410/15/1403 1411/15/1404
f 1409/9/1402 1411/15/1404 1412/9/1405
f 1413/1212/1406 1414/1211/1407 1415/1211/1408
f 1413/1212/1406 1415/1211/1408 1416/1212/1409
f 1417/1276/1410 1418/1275/1411 1419/1275/1412
f 1417/1276/1410 1419/1275/1412 1420/1276/1413
f 1421/1344/1414 1422/1218/1415 1423/1218/1416
f 1421/1344/1414 1423/1218/1416 1424/1344/1417
f 1425/1379/1418 1426/1380/1418 1427/1380/1419
f 1425/1379/1418 1427/1380/1419 1428/1379/1420
f 1429/1220/1421 1430/1219/1422 1431/1219/1423
f 1429/1220/1421 1431/1219/1423 1432/1220/1424
f 1433/1305/1425 1434/1304/1425 1435/1304/1426
f 1433/1305/1425 1435/1304/1426 1436/1305/1427
f 1437/1381/1428 1438/1368/1429 1439/1368/1430
f 1437/1381/1428 1439/1368/1430 1440/1381/1431
f 1441/1318/1432 1442/1317/1432 1443/1317/1433
f 1441/1318/1432 1443/1317/1433 1444/1318/1434
f 1445/1365/1435 1446/1370/1436 1447/1370/1437
f 1445/1365/1435 1447/1370/1437 1448/1365/1438
f 1449/1382/1439 1450/1383/1439 1451/1383/1440
f 1449/1382/1439 1451/1383/1440 1452/1382/1441
f 1453/1384/1442 1454/1340/1443 1455/1340/1444
f 1453/1384/1442 1455/1340/1444 1456/1384/1445
f 1457/1353/1446 1458/1352/1446 1459/1352/1447
f 1457/1353/1446 1459/1352/1447 1460/1353/1448
f 1461/1342/1449 1462/1341/1450 1463/1341/1451
f 1461/1342/1449 1463/1341/1451 1464/1342/1452
f 1465/1385/1453 1466/1386/1453 1467/1386/1454
f 1465/1385/1453 1467/1386/1454 1468/1385/1455
f 1469/1348/1456 1470/1347/1457 1471/1347/1458
f 1469/1348/1456 1471/1347/1458 1472/1348/1459
f 1473/1387/1460 1474/1388/1460 1475/1388/1461
f 1473/1387/1460 1475/1388/1461 1476/1387/1462
f 1477/1389/1463 1478/1338/1464 1479/1338/1465
f 1477/1389/1463 1479/1338/1465 1480/1389/1466
f 1481/307/1467 1482/306/1467 1483/306/1468
f 1481/307/1467 1483/306/1468 1484/307/1469
f 1485/1335/1470 1486/1281/1471 1487/1281/1472
f 1485/1335/1470 1487/1281/1472 1488/1335/1473
f 1489/1360/1474 1490/1359/1474 1491/1359/1475
f 1489/1360/1474 1491/1359/1475 1492/1360/1476
f 1493/1285/1477 1494/1284/1478 1495/1284/1479
f 1493/1285/1477 1495/1284/1479 1496/1285/1480
f 1497/1390/1370 1498/1391/1370 1499/1391/1481
f 1497/1390/1370 1499/1391/1481 1500/1390/1482
f 1501/1327/1483 1502/1331/1484 1503/1331/1485
f 1501/1327/1483 1503/1331/1485 1504/1327/1486
f 1505/1321/1374 1506/1320/1374 1507/1320/1487
f 1505/1321/1374 1507/1320/1487 1508/1321/1488
f 1509/1372/1489 1510/1371/1490 1511/1371/1491
f 1509/1372/1489 1511/1371/1491 1512/1372/1492
f 1513/1108/1378 1514/1107/1378 1515/1107/1493
f 1513/1108/1378 1515/1107/1493 1516/1108/1494
f 1336/1334/1334 1340/1338/1338 1517/1389/1495
f 1518/1392/1496 1519/1393/1497 1349/1347/1345
f 1336/1334/1334 1517/1389/1495 1518/1392/1496
f 1349/1347/1345 1129/1127/1129 1336/1334/1334
f 1518/1392/1496 1349/1347/1345 1336/1334/1334
f 1520/1381/1498 1521/1394/1499 1522/1395/1500
f 1522/1395/1500 1221/1219/1220 1126/1124/1126
f 1126/1124/1126 1371/1369/1365 1370/1368/1364
f 1520/1381/1498 1522/1395/1500 1126/1124/1126
f 1126/1124/1126 1370/1368/1364 1520/1381/1498
f 1371/1369/1365 1245/1243/1244 1299/1297/1298
f 1371/1369/1365 1299/1297/1298 1298/1296/1297
f 1371/1369/1365 1126/1124/1126 1125/1123/1125
f 1371/1369/1365 1125/1123/1125 1245/1243/1244
f 1106/1104/1106 1107/1105/1107 1523/1377/1501
f 1524/1376/1502 1525/1396/1503 1526/1397/1504
f 1106/1104/1106 1523/1377/1501 1524/1376/1502
f 1526/1397/1504 1325/1323/1324 1106/1104/1106
f 1524/1376/1502 1526/1397/1504 1106/1104/1106
f 14/14/14 13/13/13 299/297/299
f 14/14/14 299/297/299 1302/1300/1301
f 1116/1114/1116 1265/1263/1264 1107/1105/1107
f 1116/1114/1116 1107/1105/1107 1098/1096/1098
f 17/17/17 16/16/16 1095/1093/1095
f 17/17/17 1095/1093/1095 1106/1104/1106
f 20/20/20 25/25/25 1313/1311/1312
f 20/20/20 1313/1311/1312 1334/1332/1332
f 23/23/23 22/22/22 1357/1355/1353
f 23/23/23 1357/1355/1353 1315/1313/1314
f 1527/1398/1505 1528/1386/1506 1529/1385/1507
f 1529/1385/1507 1358/1356/1354 1357/1355/1353
f 1357/1355/1353 22/22/22 1530/1399/1508
f 1527/1398/1505 1529/1385/1507 1357/1355/1353
f 1357/1355/1353 1530/1399/1508 1527/1398/1505
f 1315/1313/1314 1248/1246/1247 24/24/24
f 1315/1313/1314 24/24/24 23/23/23
f 1170/1168/1170 1/1/1 295/293/295
f 1170/1168/1170 295/293/295 294/292/294
f 294/292/294 293/291/293 1356/1354/1352
f 1531/1400/1509 1532/1383/1510 1533/1382/1509
f 294/292/294 1356/1354/1352 1531/1400/1509
f 1533/1382/1509 1317/1315/1316 294/292/294
f 1531/1400/1509 1533/1382/1509 294/292/294
f 298/296/298 297/295/297 1265/1263/1264
f 298/296/298 1265/1263/1264 1116/1114/1116
f 1280/1278/1279 1130/1128/1130 1133/1131/1133
f 1280/1278/1279 1133/1131/1133 1240/1238/1239
f 1171/1169/1171 1308/1306/1307 1534/1401/1511
f 1535/1380/1512 1536/1379/1513 1281/1279/1280
f 1171/1169/1171 1534/1401/1511 1535/1380/1512
f 1281/1279/1280 1240/1238/1239 1171/1169/1171
f 1535/1380/1512 1281/1279/1280 1171/1169/1171
f 1357/1355/1353 293/291/293 296/294/296
f 1357/1355/1353 296/294/296 1315/1313/1314
f 1537/1375/1514 1538/1391/1515 1539/1390/1516
f 1539/1390/1516 1359/1357/1355 1246/1244/1245
f 1246/1244/1245 1113/1111/1113 1324/1322/1323
f 1537/1375/1514 1539/1390/1516 1246/1244/1245
f 1246/1244/1245 1324/1322/1323 1537/1375/1514
f 21/21/21 20/20/20 1334/1332/1332
f 21/21/21 1334/1332/1332 305/303/305
f 1107/1105/1107 1265/1263/1264 1264/1262/1263
f 1540/1378/1517 1541/1402/1518 1542/1403/1519
f 1107/1105/1107 1264/1262/1263 1540/1378/1517
f 1542/1403/1519 1523/1377/1501 1107/1105/1107
f 1540/1378/1517 1542/1403/1519 1107/1105/1107
f 14/14/14 1302/1300/1301 1031/1029/1031
f 14/14/14 1031/1029/1031 1212/1210/1212
f 1030/1028/1030 1124/1122/1124 1212/1210/1212
f 1030/1028/1030 1212/1210/1212 1031/1029/1031
f 22/22/22 21/21/21 310/308/310
f 1543/1404/1520 1544/1388/1521 1545/1387/1522
f 22/22/22 310/308/310 1543/1404/1520
f 1545/1387/1522 1530/1399/1508 22/22/22
f 1543/1404/1520 1545/1387/1522 22/22/22
f 1546/1384/1523 1547/1405/1524 1548/1406/1525
f 1548/1406/1525 1372/1370/1366 1298/1296/1297
f 1298/1296/1297 1297/1295/1296 1342/1340/1340
f 1546/1384/1523 1548/1406/1525 1298/1296/1297
f 1298/1296/1297 1342/1340/1340 1546/1384/1523
f 1133/1131/1133 1132/1130/1132 3/3/3
f 1133/1131/1133 3/3/3 2/2/2
f 5/5/5 1336/1334/1334 1129/1127/1129
f 5/5/5 1129/1127/1129 1128/1126/1128
f 1336/1334/1334 5/5/5 8/8/8
f 1336/1334/1334 8/8/8 1284/1282/1283
f 1115/1113/1115 1097/1095/1097 1233/1231/1232
f 1233/1231/1232 1100/1098/1100 1099/1097/1099
f 1115/1113/1115 1233/1231/1232 1099/1097/1099
f 1145/1143/1145 1285/1283/1284 1284/1282/1283
f 1145/1143/1145 1284/1282/1283 8/8/8
f 1316/1314/1315 1332/1330/1330 1285/1283/1284
f 1316/1314/1315 1285/1283/1284 1145/1143/1145
f 1549/979/1526 1550/978/1527 1551/978/1528
f 1549/979/1526 1551/978/1528 1552/979/1529
f 985/983/985 984/982/984 1553/982/1530
f 985/983/985 1553/982/1530 1554/983/1531
f 1011/1009/1011 1010/1008/1010 1555/1008/1532
f 1011/1009/1011 1555/1008/1532 1556/1009/1533
f 958/956/958 957/955/957 1557/955/1534
f 958/956/958 1557/955/1534 1558/956/1535
f 982/980/982 981/979/981 1549/979/1526
f 982/980/982 1549/979/1526 1559/980/1536
f 1008/1006/1008 1007/1005/1007 1560/1005/1537
f 1008/1006/1008 1560/1005/1537 1561/1006/1538
f 959/957/959 958/956/958 1558/956/1535
f 959/957/959 1558/956/1535 1562/957/1539
f 983/981/983 982/980/982 1559/980/1536
f 983/981/983 1559/980/1536 1563/981/1540
f 1009/1007/1009 1008/1006/1008 1561/1006/1538
f 1009/1007/1009 1561/1006/1538 1564/1007/1541
f 956/954/956 955/953/955 1565/953/1542
f 956/954/956 1565/953/1542 1566/954/1543
f 980/978/980 979/977/979 1567/977/1544
f 980/978/980 1567/977/1544 1550/978/1527
f 1006/1004/1006 1005/1003/1005 1568/1003/1545
f 1006/1004/1006 1568/1003/1545 1569/1004/1546
f 957/955/957 956/954/956 1566/954/1543
f 957/955/957 1566/954/1543 1557/955/1534
f 981/979/981 980/978/980 1550/978/1527
f 981/979/981 1550/978/1527 1549/979/1526
f 1007/1005/1007 1006/1004/1006 1569/1004/1546
f 1007/1005/1007 1569/1004/1546 1560/1005/1537
f 954/952/954 953/951/953 1570/951/1547
f 954/952/954 1570/951/1547 1571/952/1548
f 978/976/978 977/975/977 1572/975/1549
f 978/976/978 1572/975/1549 1573/976/1550
f 1004/1002/1004 1003/1001/1003 1574/1001/1551
f 1004/1002/1004 1574/1001/1551 1575/1002/1552
f 955/953/955 954/952/954 1571/952/1548
f 955/953/955 1571/952/1548 1565/953/1542
f 979/977/979 978/976/978 1573/976/1550
f 979/977/979 1573/976/1550 1567/977/1544
f 1005/1003/1005 1004/1002/1004 1575/1002/1552
f 1005/1003/1005 1575/1002/1552 1568/1003/1545
f 951/949/951 952/950/952 1576/950/1553
f 951/949/951 1576/950/1553 1577/949/1554
f 976/974/976 975/973/975 1578/973/1555
f 976/974/976 1578/973/1555 1579/974/1556
f 1002/1000/1002 1001/999/1001 1580/999/1557
f 1002/1000/1002 1580/999/1557 1581/1000/1558
f 953/951/953 951/949/951 1577/949/1554
f 953/951/953 1577/949/1554 1570/951/1547
f 977/975/977 976/974/976 1579/974/1556
f 977/975/977 1579/974/1556 1572/975/1549
f 1003/1001/1003 1002/1000/1002 1581/1000/1558
f 1003/1001/1003 1581/1000/1558 1574/1001/1551
f 974/972/974 973/971/973 1582/971/1559
f 974/972/974 1582/971/1559 1583/972/1560
f 1000/998/1000 999/997/999 1584/997/1561
f 1000/998/1000 1584/997/1561 1585/998/1562
f 975/973/975 974/972/974 1583/972/1560
f 975/973/975 1583/972/1560 1578/973/1555
f 1001/999/1001 1000/998/1000 1585/998/1562
f 1001/999/1001 1585/998/1562 1580/999/1557
f 972/970/972 971/969/971 1586/969/1563
f 972/970/972 1586/969/1563 1587/970/1564
f 998/996/998 997/995/997 1588/995/1565
f 998/996/998 1588/995/1565 1589/996/1566
f 973/971/973 972/970/972 1587/970/1564
f 973/971/973 1587/970/1564 1582/971/1559
f 999/997/999 998/996/998 1589/996/1566
f 999/997/999 1589/996/1566 1584/997/1561
f 970/968/970 969/967/969 1590/967/1567
f 970/968/970 1590/967/1567 1591/968/1568
f 996/994/996 995/993/995 1592/993/1569
f 996/994/996 1592/993/1569 1593/994/1570
f 971/969/971 970/968/970 1591/968/1568
f 971/969/971 1591/968/1568 1586/969/1563
f 997/995/997 996/994/996 1593/994/1570
f 997/995/997 1593/994/1570 1588/995/1565
f 968/966/968 967/965/967 1594/965/1571
f 968/966/968 1594/965/1571 1595/966/1572
f 994/992/994 993/991/993 1596/991/1573
f 994/992/994 1596/991/1573 1597/992/1574
f 969/967/969 968/966/968 1595/966/1572
f 969/967/969 1595/966/1572 1590/967/1567
f 995/993/995 994/992/994 1597/992/1574
f 995/993/995 1597/992/1574 1592/993/1569
f 966/964/966 965/963/965 1598/963/1575
f 966/964/966 1598/963/1575 1599/964/1576
f 992/990/992 991/989/991 1600/989/1577
f 992/990/992 1600/989/1577 1601/990/1578
f 967/965/967 966/964/966 1599/964/1576
f 967/965/967 1599/964/1576 1594/965/1571
f 993/991/993 992/990/992 1601/990/1578
f 993/991/993 1601/990/1578 1596/991/1573
f 964/962/964 963/961/963 1602/961/1579
f 964/962/964 1602/961/1579 1603/962/1580
f 990/988/990 989/987/989 1604/987/1581
f 990/988/990 1604/987/1581 1605/988/1582
f 965/963/965 964/962/964 1603/962/1580
f 965/963/965 1603/962/1580 1598/963/1575
f 991/989/991 990/988/990 1605/988/1582
f 991/989/991 1605/988/1582 1600/989/1577
f 962/960/962 961/959/961 1606/959/1583
f 962/960/962 1606/959/1583 1607/960/1584
f 988/986/988 987/985/987 1608/985/1585
f 988/986/988 1608/985/1585 1609/986/1586
f 963/961/963 962/960/962 1607/960/1584
f 963/961/963 1607/960/1584 1602/961/1579
f 989/987/989 988/986/988 1609/986/1586
f 989/987/989 1609/986/1586 1604/987/1581
f 960/958/960 30/30/30 33/30/33
f 960/958/960 33/30/33 1610/958/1587
f 986/984/986 985/983/985 1554/983/1531
f 986/984/986 1554/983/1531 1611/984/1588
f 1012/1010/1012 1011/1009/1011 1556/1009/1533
f 1012/1010/1012 1556/1009/1533 1612/1010/1589
f 961/959/961 960/958/960 1610/958/1587
f 961/959/961 1610/958/1587 1606/959/1583
f 987/985/987 986/984/986 1611/984/1588
f 987/985/987 1611/984/1588 1608/985/1585
f 1013/1011/1013 1012/1010/1012 1612/1010/1589
f 1013/1011/1013 1612/1010/1589 1613/1011/1590
f 31/31/31 959/957/959 1562/957/1539
f 31/31/31 1562/957/1539 32/31/32
f 984/982/984 983/981/983 1563/981/1540
f 984/982/984 1563/981/1540 1553/982/1530
f 1010/1008/1010 1009/1007/1009 1564/1007/1541
f 1010/1008/1010 1564/1007/1541 1555/1008/1532
f 1614/983/1591 1615/982/1592 1616/982/1593
f 1614/983/1591 1616/982/1593 1617/983/1594
f 1595/966/1572 1594/965/1571 1618/965/1595
f 1595/966/1572 1618/965/1595 1619/966/1596
f 1567/977/1544 1573/976/1550 1620/976/1597
f 1567/977/1544 1620/976/1597 1621/977/1598
f 1599/964/1576 1598/963/1575 1622/963/1599
f 1599/964/1576 1622/963/1599 1623/964/1600
f 1572/975/1549 1579/974/1556 1624/974/1601
f 1572/975/1549 1624/974/1601 1625/975/1602
f 1603/962/1580 1602/961/1579 1626/961/1603
f 1603/962/1580 1626/961/1603 1627/962/1604
f 1578/973/1555 1583/972/1560 1628/972/1605
f 1578/973/1555 1628/972/1605 1629/973/1606
f 1607/960/1584 1606/959/1583 1630/959/1607
f 1607/960/1584 1630/959/1607 1631/960/1608
f 1582/971/1559 1587/970/1564 1632/970/1609
f 1582/971/1559 1632/970/1609 1633/971/1610
f 1610/958/1587 33/30/33 1634/30/1611
f 1610/958/1587 1634/30/1611 1635/958/1612
f 1612/1010/1589 1556/1009/1533 1636/1009/1613
f 1612/1010/1589 1636/1009/1613 1637/1010/1614
f 1586/969/1563 1591/968/1568 1638/968/1615
f 1586/969/1563 1638/968/1615 1639/969/1616
f 32/31/32 1562/957/1539 1640/957/1617
f 32/31/32 1640/957/1617 1641/31/1618
f 1555/1008/1532 1564/1007/1541 1642/1007/1619
f 1555/1008/1532 1642/1007/1619 1643/1008/1620
f 1590/967/1567 1595/966/1572 1619/966/1596
f 1590/967/1567 1619/966/1596 1644/967/1621
f 1558/956/1535 1557/955/1534 1645/955/1622
f 1558/956/1535 1645/955/1622 1646/956/1623
f 1561/1006/1538 1560/1005/1537 1647/1005/1624
f 1561/1006/1538 1647/1005/1624 1648/1006/1625
f 1594/965/1571 1599/964/1576 1623/964/1600
f 1594/965/1571 1623/964/1600 1618/965/1595
f 1566/954/1543 1565/953/1542 1649/953/1626
f 1566/954/1543 1649/953/1626 1650/954/1627
f 1569/1004/1546 1568/1003/1545 1651/1003/1628
f 1569/1004/1546 1651/1003/1628 1652/1004/1629
f 1598/963/1575 1603/962/1580 1627/962/1604
f 1598/963/1575 1627/962/1604 1622/963/1599
f 1571/952/1548 1570/951/1547 1653/951/1630
f 1571/952/1548 1653/951/1630 1654/952/1631
f 1575/1002/1552 1574/1001/1551 1655/1001/1632
f 1575/1002/1552 1655/1001/1632 1656/1002/1633
f 1602/961/1579 1607/960/1584 1631/960/1608
f 1602/961/1579 1631/960/1608 1626/961/1603
f 1577/949/1554 1576/950/1553 1657/950/1634
f 1577/949/1554 1657/950/1634 1658/949/1635
f 1581/1000/1558 1580/999/1557 1659/999/1636
f 1581/1000/1558 1659/999/1636 1660/1000/1637
f 1606/959/1583 1610/958/1587 1635/958/1612
f 1606/959/1583 1635/958/1612 1630/959/1607
f 1613/1011/1590 1612/1010/1589 1637/1010/1614
f 1613/1011/1590 1637/1010/1614 1661/1011/1638
f 1585/998/1562 1584/997/1561 1662/997/1639
f 1585/998/1562 1662/997/1639 1663/998/1640
f 33/30/33 32/31/32 1641/31/1618
f 33/30/33 1641/31/1618 1634/30/1611
f 1556/1009/1533 1555/1008/1532 1643/1008/1620
f 1556/1009/1533 1643/1008/1620 1636/1009/1613
f 1589/996/1566 1588/995/1565 1664/995/1641
f 1589/996/1566 1664/995/1641 1665/996/1642
f 1562/957/1539 1558/956/1535 1646/956/1623
f 1562/957/1539 1646/956/1623 1640/957/1617
f 1564/1007/1541 1561/1006/1538 1648/1006/1625
f 1564/1007/1541 1648/1006/1625 1642/1007/1619
f 1593/994/1570 1592/993/1569 1666/993/1643
f 1593/994/1570 1666/993/1643 1667/994/1644
f 1557/955/1534 1566/954/1543 1650/954/1627
f 1557/955/1534 1650/954/1627 1645/955/1622
f 1560/1005/1537 1569/1004/1546 1652/1004/1629
f 1560/1005/1537 1652/1004/1629 1647/1005/1624
f 1597/992/1574 1596/991/1573 1668/991/1645
f 1597/992/1574 1668/991/1645 1669/992/1646
f 1565/953/1542 1571/952/1548 1654/952/1631
f 1565/953/1542 1654/952/1631 1649/953/1626
f 1568/1003/1545 1575/1002/1552 1656/1002/1633
f 1568/1003/1545 1656/1002/1633 1651/1003/1628
f 1601/990/1578 1600/989/1577 1670/989/1647
f 1601/990/1578 1670/989/1647 1671/990/1648
f 1570/951/1547 1577/949/1554 1658/949/1635
f 1570/951/1547 1658/949/1635 1653/951/1630
f 1574/1001/1551 1581/1000/1558 1660/1000/1637
f 1574/1001/1551 1660/1000/1637 1655/1001/1632
f 1605/988/1582 1604/987/1581 1672/987/1649
f 1605/988/1582 1672/987/1649 1673/988/1650
f 1580/999/1557 1585/998/1562 1663/998/1640
f 1580/999/1557 1663/998/1640 1659/999/1636
f 1609/986/1586 1608/985/1585 1674/985/1651
f 1609/986/1586 1674/985/1651 1675/986/1652
f 1584/997/1561 1589/996/1566 1665/996/1642
f 1584/997/1561 1665/996/1642 1662/997/1639
f 1611/984/1588 1554/983/1531 1614/983/1591
f 1611/984/1588 1614/983/1591 1676/984/1653
f 1588/995/1565 1593/994/1570 1667/994/1644
f 1588/995/1565 1667/994/1644 1664/995/1641
f 1553/982/1530 1563/981/1540 1677/981/1654
f 1553/982/1530 1677/981/1654 1615/982/1592
f 1592/993/1569 1597/992/1574 1669/992/1646
f 1592/993/1569 1669/992/1646 1666/993/1643
f 1559/980/1536 1549/979/1526 1552/979/1529
f 1559/980/1536 1552/979/1529 1678/980/1655
f 1596/991/1573 1601/990/1578 1671/990/1648
f 1596/991/1573 1671/990/1648 1668/991/1645
f 1550/978/1527 1567/977/1544 1621/977/1598
f 1550/978/1527 1621/977/1598 1551/978/1528
f 1600/989/1577 1605/988/1582 1673/988/1650
f 1600/989/1577 1673/988/1650 1670/989/1647
f 1573/976/1550 1572/975/1549 1625/975/1602
f 1573/976/1550 1625/975/1602 1620/976/1597
f 1604/987/1581 1609/986/1586 1675/986/1652
f 1604/987/1581 1675/986/1652 1672/987/1649
f 1579/974/1556 1578/973/1555 1629/973/1606
f 1579/974/1556 1629/973/1606 1624/974/1601
f 1608/985/1585 1611/984/1588 1676/984/1653
f 1608/985/1585 1676/984/1653 1674/985/1651
f 1583/972/1560 1582/971/1559 1633/971/1610
f 1583/972/1560 1633/971/1610 1628/972/1605
f 1554/983/1531 1553/982/1530 1615/982/1592
f 1554/983/1531 1615/982/1592 1614/983/1591
f 1587/970/1564 1586/969/1563 1639/969/1616
f 1587/970/1564 1639/969/1616 1632/970/1609
f 1563/981/1540 1559/980/1536 1678/980/1655
f 1563/981/1540 1678/980/1655 1677/981/1654
f 1591/968/1568 1590/967/1567 1644/967/1621
f 1591/968/1568 1644/967/1621 1638/968/1615
f 1679/977/1656 1680/976/1657 1681/976/1658
f 1679/977/1656 1681/976/1658 1682/977/1659
f 1632/970/1609 1639/969/1616 1683/969/1660
f 1632/970/1609 1683/969/1660 1684/970/1661
f 1677/981/1654 1678/980/1655 1685/980/1662
f 1677/981/1654 1685/980/1662 1686/981/1663
f 1638/968/1615 1644/967/1621 1687/967/1664
f 1638/968/1615 1687/967/1664 1688/968/1665
f 1552/979/1529 1551/978/1528 1689/978/1666
f 1552/979/1529 1689/978/1666 1690/979/1667
f 1619/966/1596 1618/965/1595 1691/965/1668
f 1619/966/1596 1691/965/1668 1692/966/1669
f 1621/977/1598 1620/976/1597 1680/976/1657
f 1621/977/1598 1680/976/1657 1679/977/1656
f 1623/964/1600 1622/963/1599 1693/963/1670
f 1623/964/1600 1693/963/1670 1694/964/1671
f 1625/975/1602 1624/974/1601 1695/974/1672
f 1625/975/1602 1695/974/1672 1696/975/1673
f 1627/962/1604 1626/961/1603 1697/961/1674
f 1627/962/1604 1697/961/1674 1698/962/1675
f 1629/973/1606 1628/972/1605 1699/972/1676
f 1629/973/1606 1699/972/1676 1700/973/1677
f 1631/960/1608 1630/959/1607 1701/959/1678
f 1631/960/1608 1701/959/1678 1702/960/1679
f 1633/971/1610 1632/970/1609 1684/970/1661
f 1633/971/1610 1684/970/1661 1703/971/1680
f 1635/958/1612 1634/30/1611 1704/30/1681
f 1635/958/1612 1704/30/1681 1705/958/1682
f 1637/1010/1614 1636/1009/1613 1706/1009/1683
f 1637/1010/1614 1706/1009/1683 1707/1010/1684
f 1639/969/1616 1638/968/1615 1688/968/1665
f 1639/969/1616 1688/968/1665 1683/969/1660
f 1641/31/1618 1640/957/1617 1708/957/1685
f 1641/31/1618 1708/957/1685 1709/31/1686
f 1643/1008/1620 1642/1007/1619 1710/1007/1687
f 1643/1008/1620 1710/1007/1687 1711/1008/1688
f 1644/967/1621 1619/966/1596 1692/966/1669
f 1644/967/1621 1692/966/1669 1687/967/1664
f 1646/956/1623 1645/955/1622 1712/955/1689
f 1646/956/1623 1712/955/1689 1713/956/1690
f 1648/1006/1625 1647/1005/1624 1714/1005/1691
f 1648/1006/1625 1714/1005/1691 1715/1006/1692
f 1618/965/1595 1623/964/1600 1694/964/1671
f 1618/965/1595 1694/964/1671 1691/965/1668
f 1650/954/1627 1649/953/1626 1716/953/1693
f 1650/954/1627 1716/953/1693 1717/954/1694
f 1652/1004/1629 1651/1003/1628 1718/1003/1695
f 1652/1004/1629 1718/1003/1695 1719/1004/1696
f 1622/963/1599 1627/962/1604 1698/962/1675
f 1622/963/1599 1698/962/1675 1693/963/1670
f 1654/952/1631 1653/951/1630 1720/951/1697
f 1654/952/1631 1720/951/1697 1721/952/1698
f 1656/1002/1633 1655/1001/1632 1722/1001/1699
f 1656/1002/1633 1722/1001/1699 1723/1002/1700
f 1626/961/1603 1631/960/1608 1702/960/1679
f 1626/961/1603 1702/960/1679 1697/961/1674
f 1658/949/1635 1657/950/1634 1724/950/1701
f 1658/949/1635 1724/950/1701 1725/949/1702
f 1660/1000/1637 1659/999/1636 1726/999/1703
f 1660/1000/1637 1726/999/1703 1727/1000/1704
f 1630/959/1607 1635/958/1612 1705/958/1682
f 1630/959/1607 1705/958/1682 1701/959/1678
f 1661/1011/1638 1637/1010/1614 1707/1010/1684
f 1661/1011/1638 1707/1010/1684 1728/1011/1705
f 1663/998/1640 1662/997/1639 1729/997/1706
f 1663/998/1640 1729/997/1706 1730/998/1707
f 1634/30/1611 1641/31/1618 1709/31/1686
f 1634/30/1611 1709/31/1686 1704/30/1681
f 1636/1009/1613 1643/1008/1620 1711/1008/1688
f 1636/1009/1613 1711/1008/1688 1706/1009/1683
f 1665/996/1642 1664/995/1641 1731/995/1708
f 1665/996/1642 1731/995/1708 1732/996/1709
f 1640/957/1617 1646/956/1623 1713/956/1690
f 1640/957/1617 1713/956/1690 1708/957/1685
f 1642/1007/1619 1648/1006/1625 1715/1006/1692
f 1642/1007/1619 1715/1006/1692 1710/1007/1687
f 1667/994/1644 1666/993/1643 1733/993/1710
f 1667/994/1644 1733/993/1710 1734/994/1711
f 1645/955/1622 1650/954/1627 1717/954/1694
f 1645/955/1622 1717/954/1694 1712/955/1689
f 1647/1005/1624 1652/1004/1629 1719/1004/1696
f 1647/1005/1624 1719/1004/1696 1714/1005/1691
f 1669/992/1646 1668/991/1645 1735/991/1712
f 1669/992/1646 1735/991/1712 1736/992/1713
f 1649/953/1626 1654/952/1631 1721/952/1698
f 1649/953/1626 1721/952/1698 1716/953/1693
f 1651/1003/1628 1656/1002/1633 1723/1002/1700
f 1651/1003/1628 1723/1002/1700 1718/1003/1695
f 1671/990/1648 1670/989/1647 1737/989/1714
f 1671/990/1648 1737/989/1714 1738/990/1715
f 1653/951/1630 1658/949/1635 1725/949/1702
f 1653/951/1630 1725/949/1702 1720/951/1697
f 1655/1001/1632 1660/1000/1637 1727/1000/1704
f 1655/1001/1632 1727/1000/1704 1722/1001/1699
f 1673/988/1650 1672/987/1649 1739/987/1716
f 1673/988/1650 1739/987/1716 1740/988/1717
f 1659/999/1636 1663/998/1640 1730/998/1707
f 1659/999/1636 1730/998/1707 1726/999/1703
f 1675/986/1652 1674/985/1651 1741/985/1718
f 1675/986/1652 1741/985/1718 1742/986/1719
f 1662/997/1639 1665/996/1642 1732/996/1709
f 1662/997/1639 1732/996/1709 1729/997/1706
f 1676/984/1653 1614/983/1591 1617/983/1594
f 1676/984/1653 1617/983/1594 1743/984/1720
f 1664/995/1641 1667/994/1644 1734/994/1711
f 1664/995/1641 1734/994/1711 1731/995/1708
f 1615/982/1592 1677/981/1654 1686/981/1663
f 1615/982/1592 1686/981/1663 1616/982/1593
f 1666/993/1643 1669/992/1646 1736/992/1713
f 1666/993/1643 1736/992/1713 1733/993/1710
f 1678/980/1655 1552/979/1529 1690/979/1667
f 1678/980/1655 1690/979/1667 1685/980/1662
f 1668/991/1645 1671/990/1648 1738/990/1715
f 1668/991/1645 1738/990/1715 1735/991/1712
f 1551/978/1528 1621/977/1598 1679/977/1656
f 1551/978/1528 1679/977/1656 1689/978/1666
f 1670/989/1647 1673/988/1650 1740/988/1717
f 1670/989/1647 1740/988/1717 1737/989/1714
f 1620/976/1597 1625/975/1602 1696/975/1673
f 1620/976/1597 1696/975/1673 1680/976/1657
f 1672/987/1649 1675/986/1652 1742/986/1719
f 1672/987/1649 1742/986/1719 1739/987/1716
f 1624/974/1601 1629/973/1606 1700/973/1677
f 1624/974/1601 1700/973/1677 1695/974/1672
f 1674/985/1651 1676/984/1653 1743/984/1720
f 1674/985/1651 1743/984/1720 1741/985/1718
f 1628/972/1605 1633/971/1610 1703/971/1680
f 1628/972/1605 1703/971/1680 1699/972/1676
f 1744/971/1721 1745/970/1722 1746/970/1723
f 1744/971/1721 1746/970/1723 1747/971/1724
f 1694/964/1671 1693/963/1670 1748/963/1725
f 1694/964/1671 1748/963/1725 1749/964/1726
f 1696/975/1673 1695/974/1672 1750/974/1727
f 1696/975/1673 1750/974/1727 1751/975/1728
f 1698/962/1675 1697/961/1674 1752/961/1729
f 1698/962/1675 1752/961/1729 1753/962/1730
f 1700/973/1677 1699/972/1676 1754/972/1731
f 1700/973/1677 1754/972/1731 1755/973/1732
f 1702/960/1679 1701/959/1678 1756/959/1733
f 1702/960/1679 1756/959/1733 1757/960/1734
f 1703/971/1680 1684/970/1661 1745/970/1722
f 1703/971/1680 1745/970/1722 1744/971/1721
f 1705/958/1682 1704/30/1681 1758/30/1735
f 1705/958/1682 1758/30/1735 1759/958/1736
f 1707/1010/1684 1706/1009/1683 1760/1009/1737
f 1707/1010/1684 1760/1009/1737 1761/1010/1738
f 1683/969/1660 1688/968/1665 1762/968/1739
f 1683/969/1660 1762/968/1739 1763/969/1740
f 1709/31/1686 1708/957/1685 1764/957/1741
f 1709/31/1686 1764/957/1741 1765/31/1742
f 1711/1008/1688 1710/1007/1687 1766/1007/1743
f 1711/1008/1688 1766/1007/1743 1767/1008/1744
f 1687/967/1664 1692/966/1669 1768/966/1745
f 1687/967/1664 1768/966/1745 1769/967/1746
f 1713/956/1690 1712/955/1689 1770/955/1747
f 1713/956/1690 1770/955/1747 1771/956/1748
f 1715/1006/1692 1714/1005/1691 1772/1005/1749
f 1715/1006/1692 1772/1005/1749 1773/1006/1750
f 1691/965/1668 1694/964/1671 1749/964/1726
f 1691/965/1668 1749/964/1726 1774/965/1751
f 1717/954/1694 1716/953/1693 1775/953/1752
f 1717/954/1694 1775/953/1752 1776/954/1753
f 1719/1004/1696 1718/1003/1695 1777/1003/1754
f 1719/1004/1696 1777/1003/1754 1778/1004/1755
f 1693/963/1670 1698/962/1675 1753/962/1730
f 1693/963/1670 1753/962/1730 1748/963/1725
f 1721/952/1698 1720/951/1697 1779/951/1756
f 1721/952/1698 1779/951/1756 1780/952/1757
f 1723/1002/1700 1722/1001/1699 1781/1001/1758
f 1723/1002/1700 1781/1001/1758 1782/1002/1759
f 1697/961/1674 1702/960/1679 1757/960/1734
f 1697/961/1674 1757/960/1734 1752/961/1729
f 1725/949/1702 1724/950/1701 1783/950/1760
f 1725/949/1702 1783/950/1760 1784/949/1761
f 1727/1000/1704 1726/999/1703 1785/999/1762
f 1727/1000/1704 1785/999/1762 1786/1000/1763
f 1701/959/1678 1705/958/1682 1759/958/1736
f 1701/959/1678 1759/958/1736 1756/959/1733
f 1728/1011/1705 1707/1010/1684 1761/1010/1738
f 1728/1011/1705 1761/1010/1738 1787/1011/1764
f 1730/998/1707 1729/997/1706 1788/997/1765
f 1730/998/1707 1788/997/1765 1789/998/1766
f 1704/30/1681 1709/31/1686 1765/31/1742
f 1704/30/1681 1765/31/1742 1758/30/1735
f 1706/1009/1683 1711/1008/1688 1767/1008/1744
f 1706/1009/1683 1767/1008/1744 1760/1009/1737
f 1732/996/1709 1731/995/1708 1790/995/1767
f 1732/996/1709 1790/995/1767 1791/996/1768
f 1708/957/1685 1713/956/1690 1771/956/1748
f 1708/957/1685 1771/956/1748 1764/957/1741
f 1710/1007/1687 1715/1006/1692 1773/1006/1750
f 1710/1007/1687 1773/1006/1750 1766/1007/1743
f 1734/994/1711 1733/993/1710 1792/993/1769
f 1734/994/1711 1792/993/1769 1793/994/1770
f 1712/955/1689 1717/954/1694 1776/954/1753
f 1712/955/1689 1776/954/1753 1770/955/1747
f 1714/1005/1691 1719/1004/1696 1778/1004/1755
f 1714/1005/1691 1778/1004/1755 1772/1005/1749
f 1736/992/1713 1735/991/1712 1794/991/1771
f 1736/992/1713 1794/991/1771 1795/992/1772
f 1716/953/1693 1721/952/1698 1780/952/1757
f 1716/953/1693 1780/952/1757 1775/953/1752
f 1718/1003/1695 1723/1002/1700 1782/1002/1759
f 1718/1003/1695 1782/1002/1759 1777/1003/1754
f 1738/990/1715 1737/989/1714 1796/989/1773
f 1738/990/1715 1796/989/1773 1797/990/1774
f 1720/951/1697 1725/949/1702 1784/949/1761
f 1720/951/1697 1784/949/1761 1779/951/1756
f 1722/1001/1699 1727/1000/1704 1786/1000/1763
f 1722/1001/1699 1786/1000/1763 1781/1001/1758
f 1740/988/1717 1739/987/1716 1798/987/1775
f 1740/988/1717 1798/987/1775 1799/988/1776
f 1726/999/1703 1730/998/1707 1789/998/1766
f 1726/999/1703 1789/998/1766 1785/999/1762
f 1742/986/1719 1741/985/1718 1800/985/1777
f 1742/986/1719 1800/985/1777 1801/986/1778
f 1729/997/1706 1732/996/1709 1791/996/1768
f 1729/997/1706 1791/996/1768 1788/997/1765
f 1743/984/1720 1617/983/1594 1802/983/1779
f 1743/984/1720 1802/983/1779 1803/984/1780
f 1731/995/1708 1734/994/1711 1793/994/1770
f 1731/995/1708 1793/994/1770 1790/995/1767
f 1616/982/1593 1686/981/1663 1804/981/1781
f 1616/982/1593 1804/981/1781 1805/982/1782
f 1733/993/1710 1736/992/1713 1795/992/1772
f 1733/993/1710 1795/992/1772 1792/993/1769
f 1685/980/1662 1690/979/1667 1806/979/1783
f 1685/980/1662 1806/979/1783 1807/980/1784
f 1735/991/1712 1738/990/1715 1797/990/1774
f 1735/991/1712 1797/990/1774 1794/991/1771
f 1689/978/1666 1679/977/1656 1682/977/1659
f 1689/978/1666 1682/977/1659 1808/978/1785
f 1737/989/1714 1740/988/1717 1799/988/1776
f 1737/989/1714 1799/988/1776 1796/989/1773
f 1680/976/1657 1696/975/1673 1751/975/1728
f 1680/976/1657 1751/975/1728 1681/976/1658
f 1739/987/1716 1742/986/1719 1801/986/1778
f 1739/987/1716 1801/986/1778 1798/987/1775
f 1695/974/1672 1700/973/1677 1755/973/1732
f 1695/974/1672 1755/973/1732 1750/974/1727
f 1741/985/1718 1743/984/1720 1803/984/1780
f 1741/985/1718 1803/984/1780 1800/985/1777
f 1699/972/1676 1703/971/1680 1744/971/1721
f 1699/972/1676 1744/971/1721 1754/972/1731
f 1617/983/1594 1616/982/1593 1805/982/1782
f 1617/983/1594 1805/982/1782 1802/983/1779
f 1684/970/1661 1683/969/1660 1763/969/1740
f 1684/970/1661 1763/969/1740 1745/970/1722
f 1686/981/1663 1685/980/1662 1807/980/1784
f 1686/981/1663 1807/980/1784 1804/981/1781
f 1688/968/1665 1687/967/1664 1769/967/1746
f 1688/968/1665 1769/967/1746 1762/968/1739
f 1690/979/1667 1689/978/1666 1808/978/1785
f 1690/979/1667 1808/978/1785 1806/979/1783
f 1692/966/1669 1691/965/1668 1774/965/1751
f 1692/966/1669 1774/965/1751 1768/966/1745
f 1809/965/1786 1810/964/1787 1811/964/1788
f 1809/965/1786 1811/964/1788 1812/965/1789
f 1759/958/1736 1758/30/1735 1813/30/1790
f 1759/958/1736 1813/30/1790 1814/958/1791
f 1761/1010/1738 1760/1009/1737 1815/1009/1792
f 1761/1010/1738 1815/1009/1792 1816/1010/1793
f 1763/969/1740 1762/968/1739 1817/968/1794
f 1763/969/1740 1817/968/1794 1818/969/1795
f 1765/31/1742 1764/957/1741 1819/957/1796
f 1765/31/1742 1819/957/1796 1820/31/1797
f 1767/1008/1744 1766/1007/1743 1821/1007/1798
f 1767/1008/1744 1821/1007/1798 1822/1008/1799
f 1769/967/1746 1768/966/1745 1823/966/1800
f 1769/967/1746 1823/966/1800 1824/967/1801
f 1771/956/1748 1770/955/1747 1825/955/1802
f 1771/956/1748 1825/955/1802 1826/956/1803
f 1773/1006/1750 1772/1005/1749 1827/1005/1804
f 1773/1006/1750 1827/1005/1804 1828/1006/1805
f 1774/965/1751 1749/964/1726 1810/964/1787
f 1774/965/1751 1810/964/1787 1809/965/1786
f 1776/954/1753 1775/953/1752 1829/953/1806
f 1776/954/1753 1829/953/1806 1830/954/1807
f 1778/1004/1755 1777/1003/1754 1831/1003/1808
f 1778/1004/1755 1831/1003/1808 1832/1004/1809
f 1748/963/1725 1753/962/1730 1833/962/1810
f 1748/963/1725 1833/962/1810 1834/963/1811
f 1780/952/1757 1779/951/1756 1835/951/1812
f 1780/952/1757 1835/951/1812 1836/952/1813
f 1782/1002/1759 1781/1001/1758 1837/1001/1814
f 1782/1002/1759 1837/1001/1814 1838/1002/1815
f 1752/961/1729 1757/960/1734 1839/960/1816
f 1752/961/1729 1839/960/1816 1840/961/1817
f 1784/949/1761 1783/950/1760 1841/950/1818
f 1784/949/1761 1841/950/1818 1842/949/1819
f 1786/1000/1763 1785/999/1762 1843/999/1820
f 1786/1000/1763 1843/999/1820 1844/1000/1821
f 1756/959/1733 1759/958/1736 1814/958/1791
f 1756/959/1733 1814/958/1791 1845/959/1822
f 1787/1011/1764 1761/1010/1738 1816/1010/1793
f 1787/1011/1764 1816/1010/1793 1846/1011/1823
f 1789/998/1766 1788/997/1765 1847/997/1824
f 1789/998/1766 1847/997/1824 1848/998/1825
f 1758/30/1735 1765/31/1742 1820/31/1797
f 1758/30/1735 1820/31/1797 1813/30/1790
f 1760/1009/1737 1767/1008/1744 1822/1008/1799
f 1760/1009/1737 1822/1008/1799 1815/1009/1792
f 1791/996/1768 1790/995/1767 1849/995/1826
f 1791/996/1768 1849/995/1826 1850/996/1827
f 1764/957/1741 1771/956/1748 1826/956/1803
f 1764/957/1741 1826/956/1803 1819/957/1796
f 1766/1007/1743 1773/1006/1750 1828/1006/1805
f 1766/1007/1743 1828/1006/1805 1821/1007/1798
f 1793/994/1770 1792/993/1769 1851/993/1828
f 1793/994/1770 1851/993/1828 1852/994/1829
f 1770/955/1747 1776/954/1753 1830/954/1807
f 1770/955/1747 1830/954/1807 1825/955/1802
f 1772/1005/1749 1778/1004/1755 1832/1004/1809
f 1772/1005/1749 1832/1004/1809 1827/1005/1804
f 1795/992/1772 1794/991/1771 1853/991/1830
f 1795/992/1772 1853/991/1830 1854/992/1831
f 1775/953/1752 1780/952/1757 1836/952/1813
f 1775/953/1752 1836/952/1813 1829/953/1806
f 1777/1003/1754 1782/1002/1759 1838/1002/1815
f 1777/1003/1754 1838/1002/1815 1831/1003/1808
f 1797/990/1774 1796/989/1773 1855/989/1832
f 1797/990/1774 1855/989/1832 1856/990/1833
f 1779/951/1756 1784/949/1761 1842/949/1819
f 1779/951/1756 1842/949/1819 1835/951/1812
f 1781/1001/1758 1786/1000/1763 1844/1000/1821
f 1781/1001/1758 1844/1000/1821 1837/1001/1814
f 1799/988/1776 1798/987/1775 1857/987/1834
f 1799/988/1776 1857/987/1834 1858/988/1835
f 1785/999/1762 1789/998/1766 1848/998/1825
f 1785/999/1762 1848/998/1825 1843/999/1820
f 1801/986/1778 1800/985/1777 1859/985/1836
f 1801/986/1778 1859/985/1836 1860/986/1837
f 1788/997/1765 1791/996/1768 1850/996/1827
f 1788/997/1765 1850/996/1827 1847/997/1824
f 1803/984/1780 1802/983/1779 1861/983/1838
f 1803/984/1780 1861/983/1838 1862/984/1839
f 1790/995/1767 1793/994/1770 1852/994/1829
f 1790/995/1767 1852/994/1829 1849/995/1826
f 1805/982/1782 1804/981/1781 1863/981/1840
f 1805/982/1782 1863/981/1840 1864/982/1841
f 1792/993/1769 1795/992/1772 1854/992/1831
f 1792/993/1769 1854/992/1831 1851/993/1828
f 1807/980/1784 1806/979/1783 1865/979/1842
f 1807/980/1784 1865/979/1842 1866/980/1843
f 1794/991/1771 1797/990/1774 1856/990/1833
f 1794/991/1771 1856/990/1833 1853/991/1830
f 1808/978/1785 1682/977/1659 1867/977/1844
f 1808/978/1785 1867/977/1844 1868/978/1845
f 1796/989/1773 1799/988/1776 1858/988/1835
f 1796/989/1773 1858/988/1835 1855/989/1832
f 1681/976/1658 1751/975/1728 1869/975/1846
f 1681/976/1658 1869/975/1846 1870/976/1847
f 1798/987/1775 1801/986/1778 1860/986/1837
f 1798/987/1775 1860/986/1837 1857/987/1834
f 1750/974/1727 1755/973/1732 1871/973/1848
f 1750/974/1727 1871/973/1848 1872/974/1849
f 1800/985/1777 1803/984/1780 1862/984/1839
f 1800/985/1777 1862/984/1839 1859/985/1836
f 1754/972/1731 1744/971/1721 1747/971/1724
f 1754/972/1731 1747/971/1724 1873/972/1850
f 1802/983/1779 1805/982/1782 1864/982/1841
f 1802/983/1779 1864/982/1841 1861/983/1838
f 1745/970/1722 1763/969/1740 1818/969/1795
f 1745/970/1722 1818/969/1795 1746/970/1723
f 1804/981/1781 1807/980/1784 1866/980/1843
f 1804/981/1781 1866/980/1843 1863/981/1840
f 1762/968/1739 1769/967/1746 1824/967/1801
f 1762/968/1739 1824/967/1801 1817/968/1794
f 1806/979/1783 1808/978/1785 1868/978/1845
f 1806/979/1783 1868/978/1845 1865/979/1842
f 1768/966/1745 1774/965/1751 1809/965/1786
f 1768/966/1745 1809/965/1786 1823/966/1800
f 1682/977/1659 1681/976/1658 1870/976/1847
f 1682/977/1659 1870/976/1847 1867/977/1844
f 1749/964/1726 1748/963/1725 1834/963/1811
f 1749/964/1726 1834/963/1811 1810/964/1787
f 1751/975/1728 1750/974/1727 1872/974/1849
f 1751/975/1728 1872/974/1849 1869/975/1846
f 1753/962/1730 1752/961/1729 1840/961/1817
f 1753/962/1730 1840/961/1817 1833/962/1810
f 1755/973/1732 1754/972/1731 1873/972/1850
f 1755/973/1732 1873/972/1850 1871/973/1848
f 1757/960/1734 1756/959/1733 1845/959/1822
f 1757/960/1734 1845/959/1822 1839/960/1816
f 1874/1407/1851 1875/1408/1852 1876/1409/1853
f 1876/1409/1853 1877/1410/1854 1878/1411/1855
f 1878/1411/1855 1879/1412/1856 1880/1413/1857
f 1880/1413/1857 1881/1414/1858 1882/1415/1859
f 1882/1415/1859 1883/1416/1860 1884/1417/1861
f 1884/1417/1861 1885/1418/1862 1886/1419/1863
f 1886/1419/1863 1887/1420/1864 1888/1421/1865
f 1888/1421/1865 1889/1422/1866 1890/1423/1867
f 1890/1423/1867 1891/1424/1868 1892/1425/1869
f 1892/1425/1869 1893/1426/1870 1894/1427/1871
f 1894/1427/1871 1895/1428/1872 1896/1429/1873
f 1896/1429/1873 1897/1430/1874 1898/1431/1875
f 1898/1431/1875 1899/1432/1876 1900/1433/1877
f 1900/1433/1877 1901/1434/1878 1902/1435/1879
f 1902/1435/1879 1903/1436/1880 1904/1437/1881
f 1904/1437/1881 1905/1438/1882 1906/1439/1883
f 1906/1439/1883 1907/1440/1884 1908/1441/1885
f 1908/1441/1885 1909/1442/1886 1910/1443/1887
f 1910/1443/1887 1911/1444/1888 1912/1445/1889
f 1912/1445/1889 1913/1446/1890 1914/1447/1891
f 1914/1447/1891 1915/1448/1892 1916/1449/1893
f 1916/1449/1893 1917/1450/1894 1918/1451/1895
f 1918/1451/1895 1919/1452/1896 1920/1453/1897
f 1920/1453/1897 1921/1454/1898 1922/1455/1788
f 1922/1455/1788 1923/1456/1899 1924/1457/1900
f 1924/1457/1900 1925/1458/1901 1926/1459/1902
f 1926/1459/1902 1927/1460/1903 1928/1461/1904
f 1928/1461/1904 1929/1462/1905 1930/1463/1906
f 1930/1463/1906 1931/1464/1907 1932/1465/1908
f 1932/1465/1908 1933/1466/1909 1934/1467/1910
f 1934/1467/1910 1935/1468/1911 1936/1469/1912
f 1936/1469/1912 1937/1470/1913 1874/1407/1851
f 1874/1407/1851 1876/1409/1853 1878/1411/1855
f 1878/1411/1855 1880/1413/1857 1882/1415/1859
f 1882/1415/1859 1884/1417/1861 1886/1419/1863
f 1886/1419/1863 1888/1421/1865 1890/1423/1867
f 1890/1423/1867 1892/1425/1869 1894/1427/1871
f 1894/1427/1871 1896/1429/1873 1898/1431/1875
f 1898/1431/1875 1900/1433/1877 1902/1435/1879
f 1902/1435/1879 1904/1437/1881 1906/1439/1883
f 1906/1439/1883 1908/1441/1885 1910/1443/1887
f 1910/1443/1887 1912/1445/1889 1914/1447/1891
f 1914/1447/1891 1916/1449/1893 1918/1451/1895
f 1918/1451/1895 1920/1453/1897 1922/1455/1788
f 1922/1455/1788 1924/1457/1900 1926/1459/1902
f 1926/1459/1902 1928/1461/1904 1930/1463/1906
f 1930/1463/1906 1932/1465/1908 1934/1467/1910
f 1934/1467/1910 1936/1469/1912 1874/1407/1851
f 1874/1407/1851 1878/1411/1855 1882/1415/1859
f 1882/1415/1859 1886/1419/1863 1890/1423/1867
f 1890/1423/1867 1894/1427/1871 1898/1431/1875
f 1898/1431/1875 1902/1435/1879 1906/1439/1883
f 1906/1439/1883 1910/1443/1887 1914/1447/1891
f 1914/1447/1891 1918/1451/1895 1922/1455/1788
f 1922/1455/1788 1926/1459/1902 1930/1463/1906
f 1930/1463/1906 1934/1467/1910 1874/1407/1851
f 1874/1407/1851 1882/1415/1859 1890/1423/1867
f 1890/1423/1867 1898/1431/1875 1906/1439/1883
f 1906/1439/1883 1914/1447/1891 1922/1455/1788
f 1922/1455/1788 1930/1463/1906 1874/1407/1851
f 1874/1407/1851 1890/1423/1867 1906/1439/1883
f 1906/1439/1883 1922/1455/1788 1874/1407/1851
f 1830/954/1807 1829/953/1806 1938/953/1914
f 1830/954/1807 1938/953/1914 1939/954/1915
f 1832/1004/1809 1831/1003/1808 1940/1003/1916
f 1832/1004/1809 1940/1003/1916 1941/1004/1917
f 1834/963/1811 1833/962/1810 1942/962/1900
f 1834/963/1811 1942/962/1900 1943/963/1918
f 1836/952/1813 1835/951/1812 1944/951/1919
f 1836/952/1813 1944/951/1919 1945/952/1912
f 1838/1002/1815 1837/1001/1814 1946/1001/1920
f 1838/1002/1815 1946/1001/1920 1947/1002/1921
f 1840/961/1817 1839/960/1816 1948/960/1902
f 1840/961/1817 1948/960/1902 1949/961/1922
f 1842/949/1819 1841/950/1818 1950/950/1852
f 1842/949/1819 1950/950/1852 1951/949/1923
f 1844/1000/1821 1843/999/1820 1952/999/1924
f 1844/1000/1821 1952/999/1924 1953/1000/1925
f 1845/959/1822 1814/958/1791 1954/958/1904
f 1845/959/1822 1954/958/1904 1955/959/1926
f 1846/1011/1823 1816/1010/1793 1956/1010/1853
f 1846/1011/1823 1956/1010/1853 1957/1011/1852
f 1848/998/1825 1847/997/1824 1958/997/1927
f 1848/998/1825 1958/997/1927 1959/998/1865
f 1813/30/1790 1820/31/1797 1960/31/1906
f 1813/30/1790 1960/31/1906 1961/30/1928
f 1815/1009/1792 1822/1008/1799 1962/1008/1855
f 1815/1009/1792 1962/1008/1855 1963/1009/1929
f 1850/996/1827 1849/995/1826 1964/995/1930
f 1850/996/1827 1964/995/1930 1965/996/1867
f 1819/957/1796 1826/956/1803 1966/956/1931
f 1819/957/1796 1966/956/1931 1967/957/1932
f 1821/1007/1798 1828/1006/1805 1968/1006/1933
f 1821/1007/1798 1968/1006/1933 1969/1007/1934
f 1852/994/1829 1851/993/1828 1970/993/1935
f 1852/994/1829 1970/993/1935 1971/994/1869
f 1825/955/1802 1830/954/1807 1939/954/1915
f 1825/955/1802 1939/954/1915 1972/955/1936
f 1827/1005/1804 1832/1004/1809 1941/1004/1917
f 1827/1005/1804 1941/1004/1917 1973/1005/1937
f 1854/992/1831 1853/991/1830 1974/991/1938
f 1854/992/1831 1974/991/1938 1975/992/1871
f 1829/953/1806 1836/952/1813 1945/952/1912
f 1829/953/1806 1945/952/1912 1938/953/1914
f 1831/1003/1808 1838/1002/1815 1947/1002/1921
f 1831/1003/1808 1947/1002/1921 1940/1003/1916
f 1856/990/1833 1855/989/1832 1976/989/1939
f 1856/990/1833 1976/989/1939 1977/990/1940
f 1835/951/1812 1842/949/1819 1951/949/1923
f 1835/951/1812 1951/949/1923 1944/951/1919
f 1837/1001/1814 1844/1000/1821 1953/1000/1925
f 1837/1001/1814 1953/1000/1925 1946/1001/1920
f 1858/988/1835 1857/987/1834 1978/987/1941
f 1858/988/1835 1978/987/1941 1979/988/1942
f 1843/999/1820 1848/998/1825 1959/998/1865
f 1843/999/1820 1959/998/1865 1952/999/1924
f 1860/986/1837 1859/985/1836 1980/985/1943
f 1860/986/1837 1980/985/1943 1981/986/1944
f 1847/997/1824 1850/996/1827 1965/996/1867
f 1847/997/1824 1965/996/1867 1958/997/1927
f 1862/984/1839 1861/983/1838 1982/983/1945
f 1862/984/1839 1982/983/1945 1983/984/1946
f 1849/995/1826 1852/994/1829 1971/994/1869
f 1849/995/1826 1971/994/1869 1964/995/1930
f 1864/982/1841 1863/981/1840 1984/981/1947
f 1864/982/1841 1984/981/1947 1985/982/1881
f 1851/993/1828 1854/992/1831 1975/992/1871
f 1851/993/1828 1975/992/1871 1970/993/1935
f 1866/980/1843 1865/979/1842 1986/979/1948
f 1866/980/1843 1986/979/1948 1987/980/1883
f 1853/991/1830 1856/990/1833 1977/990/1940
f 1853/991/1830 1977/990/1940 1974/991/1938
f 1868/978/1845 1867/977/1844 1988/977/1949
f 1868/978/1845 1988/977/1949 1989/978/1885
f 1855/989/1832 1858/988/1835 1979/988/1942
f 1855/989/1832 1979/988/1942 1976/989/1939
f 1870/976/1847 1869/975/1846 1990/975/1950
f 1870/976/1847 1990/975/1950 1991/976/1887
f 1857/987/1834 1860/986/1837 1981/986/1944
f 1857/987/1834 1981/986/1944 1978/987/1941
f 1872/974/1849 1871/973/1848 1992/973/1951
f 1872/974/1849 1992/973/1951 1993/974/1952
f 1859/985/1836 1862/984/1839 1983/984/1946
f 1859/985/1836 1983/984/1946 1980/985/1943
f 1873/972/1850 1747/971/1724 1994/971/1953
f 1873/972/1850 1994/971/1953 1995/972/1954
f 1861/983/1838 1864/982/1841 1985/982/1881
f 1861/983/1838 1985/982/1881 1982/983/1945
f 1746/970/1723 1818/969/1795 1996/969/1955
f 1746/970/1723 1996/969/1955 1997/970/1956
f 1863/981/1840 1866/980/1843 1987/980/1883
f 1863/981/1840 1987/980/1883 1984/981/1947
f 1817/968/1794 1824/967/1801 1998/967/1957
f 1817/968/1794 1998/967/1957 1999/968/1895
f 1865/979/1842 1868/978/1845 1989/978/1885
f 1865/979/1842 1989/978/1885 1986/979/1948
f 1823/966/1800 1809/965/1786 1812/965/1789
f 1823/966/1800 1812/965/1789 2000/966/1897
f 1867/977/1844 1870/976/1847 1991/976/1887
f 1867/977/1844 1991/976/1887 1988/977/1949
f 1810/964/1787 1834/963/1811 1943/963/1918
f 1810/964/1787 1943/963/1918 1811/964/1788
f 1869/975/1846 1872/974/1849 1993/974/1952
f 1869/975/1846 1993/974/1952 1990/975/1950
f 1833/962/1810 1840/961/1817 1949/961/1922
f 1833/962/1810 1949/961/1922 1942/962/1900
f 1871/973/1848 1873/972/1850 1995/972/1954
f 1871/973/1848 1995/972/1954 1992/973/1951
f 1839/960/1816 1845/959/1822 1955/959/1926
f 1839/960/1816 1955/959/1926 1948/960/1902
f 1747/971/1724 1746/970/1723 1997/970/1956
f 1747/971/1724 1997/970/1956 1994/971/1953
f 1814/958/1791 1813/30/1790 1961/30/1928
f 1814/958/1791 1961/30/1928 1954/958/1904
f 1816/1010/1793 1815/1009/1792 1963/1009/1929
f 1816/1010/1793 1963/1009/1929 1956/1010/1853
f 1818/969/1795 1817/968/1794 1999/968/1895
f 1818/969/1795 1999/968/1895 1996/969/1955
f 1820/31/1797 1819/957/1796 1967/957/1932
f 1820/31/1797 1967/957/1932 1960/31/1906
f 1822/1008/1799 1821/1007/1798 1969/1007/1934
f 1822/1008/1799 1969/1007/1934 1962/1008/1855
f 1824/967/1801 1823/966/1800 2000/966/1897
f 1824/967/1801 2000/966/1897 1998/967/1957
f 1826/956/1803 1825/955/1802 1972/955/1936
f 1826/956/1803 1972/955/1936 1966/956/1931
f 1828/1006/1805 1827/1005/1804 1973/1005/1937
f 1828/1006/1805 1973/1005/1937 1968/1006/1933
f 1460/1353/1448 1459/1352/1447 2001/1352/1958
f 1460/1353/1448 2001/1352/1958 2002/1353/1959
f 2003/304/1960 1492/1360/1476 2004/1360/1961
f 2003/304/1960 2004/1360/1961 2005/304/1962
f 1468/1385/1455 1467/1386/1454 2006/1386/1963
f 1468/1385/1455 2006/1386/1963 2007/1385/1964
f 2008/1357/1965 1500/1390/1482 2009/1390/1966
f 2008/1357/1965 2009/1390/1966 2010/1357/1967
f 1476/1387/1462 1475/1388/1461 2011/1388/1968
f 1476/1387/1462 2011/1388/1968 2012/1387/1969
f 1379/1322/1372 1508/1321/1488 2013/1321/1970
f 1379/1322/1372 2013/1321/1970 2014/1322/1971
f 1484/307/1469 1483/306/1468 2015/306/1972
f 1484/307/1469 2015/306/1972 2016/307/1973
f 1383/1109/1376 1516/1108/1494 2017/1108/1974
f 1383/1109/1376 2017/1108/1974 2018/1109/1975
f 1492/1360/1476 1491/1359/1475 2019/1359/1976
f 1492/1360/1476 2019/1359/1976 2004/1360/1961
f 1387/1110/1380 2020/1326/1977 2021/1326/1978
f 1387/1110/1380 2021/1326/1978 2022/1110/1979
f 1500/1390/1482 1499/1391/1481 2023/1391/1980
f 1500/1390/1482 2023/1391/1980 2009/1390/1966
f 1391/1323/1384 2024/1397/1981 2025/1397/1982
f 1391/1323/1384 2025/1397/1982 2026/1323/1983
f 1508/1321/1488 1507/1320/1487 2027/1320/1984
f 1508/1321/1488 2027/1320/1984 2013/1321/1970
f 1395/1377/1388 2028/1403/1985 2029/1403/1986
f 1395/1377/1388 2029/1403/1986 2030/1377/1987
f 1516/1108/1494 1515/1107/1493 2031/1107/1988
f 1516/1108/1494 2031/1107/1988 2017/1108/1974
f 1399/1262/1392 2032/1267/1989 2033/1267/1990
f 1399/1262/1392 2033/1267/1990 2034/1262/1991
f 2020/1326/1977 2035/1325/1992 2036/1325/1993
f 2020/1326/1977 2036/1325/1993 2021/1326/1978
f 1403/1264/1396 2037/1364/1994 2038/1364/1995
f 1403/1264/1396 2038/1364/1995 2039/1264/1996
f 2024/1397/1981 2040/1396/1997 2041/1396/1998
f 2024/1397/1981 2041/1396/1998 2025/1397/1982
f 1407/12/1400 2042/11/1999 2043/11/2000
f 1407/12/1400 2043/11/2000 2044/12/2001
f 2028/1403/1985 2045/1402/2002 2046/1402/2003
f 2028/1403/1985 2046/1402/2003 2029/1403/1986
f 1411/15/1404 2047/1209/2004 2048/1209/2005
f 1411/15/1404 2048/1209/2005 2049/15/2006
f 2032/1267/1989 2050/1266/2007 2051/1266/2008
f 2032/1267/1989 2051/1266/2008 2033/1267/1990
f 1415/1211/1408 2052/1346/2009 2053/1346/2010
f 1415/1211/1408 2053/1346/2010 2054/1211/2011
f 2037/1364/1994 2055/1363/2012 2056/1363/2013
f 2037/1364/1994 2056/1363/2013 2038/1364/1995
f 1423/1218/1416 2057/1222/2014 2058/1222/2015
f 1423/1218/1416 2058/1222/2015 2059/1218/2016
f 2042/11/1999 2060/10/2017 2061/10/2018
f 2042/11/1999 2061/10/2018 2043/11/2000
f 1431/1219/1423 2062/1395/2019 2063/1395/2020
f 1431/1219/1423 2063/1395/2020 2064/1219/2021
f 2047/1209/2004 2065/1213/2022 2066/1213/2023
f 2047/1209/2004 2066/1213/2023 2048/1209/2005
f 1439/1368/1430 2067/1367/2024 2068/1367/2025
f 1439/1368/1430 2068/1367/2025 2069/1368/2026
f 2052/1346/2009 2070/1345/2027 2071/1345/2028
f 2052/1346/2009 2071/1345/2028 2053/1346/2010
f 1447/1370/1437 2072/1406/2029 2073/1406/2030
f 1447/1370/1437 2073/1406/2030 2074/1370/2031
f 2057/1222/2014 2075/1221/2032 2076/1221/2033
f 2057/1222/2014 2076/1221/2033 2058/1222/2015
f 1455/1340/1444 2077/1339/2034 2078/1339/2035
f 1455/1340/1444 2078/1339/2035 2079/1340/2036
f 2062/1395/2019 2080/1394/2037 2081/1394/2038
f 2062/1395/2019 2081/1394/2038 2063/1395/2020
f 1463/1341/1451 2082/1350/2039 2083/1350/2040
f 1463/1341/1451 2083/1350/2040 2084/1341/2041
f 2067/1367/2024 2085/1366/2042 2086/1366/2043
f 2067/1367/2024 2086/1366/2043 2068/1367/2025
f 1471/1347/1458 2087/1393/2044 2088/1393/2045
f 1471/1347/1458 2088/1393/2045 2089/1347/2046
f 2072/1406/2029 2090/1405/2047 2091/1405/2048
f 2072/1406/2029 2091/1405/2048 2073/1406/2030
f 1479/1338/1465 2092/1337/2049 2093/1337/2050
f 1479/1338/1465 2093/1337/2050 2094/1338/2051
f 2077/1339/2034 2095/1343/2052 2096/1343/2053
f 2077/1339/2034 2096/1343/2053 2078/1339/2035
f 1487/1281/1472 2097/1280/2054 2098/1280/2055
f 1487/1281/1472 2098/1280/2055 2099/1281/2056
f 2082/1350/2039 2100/1349/2057 2101/1349/2058
f 2082/1350/2039 2101/1349/2058 2083/1350/2040
f 2102/1358/1474 2103/1357/2059 2008/1357/1965
f 2102/1358/1474 2008/1357/1965 2104/1358/2060
f 2105/305/1467 2106/304/2061 2003/304/1960
f 2105/305/1467 2003/304/1960 2107/305/2062
f 2108/1404/1460 2109/308/2063 2110/308/2064
f 2108/1404/1460 2110/308/2064 2111/1404/2065
f 2112/1398/1453 2113/1399/2066 2114/1399/2067
f 2112/1398/1453 2114/1399/2067 2115/1398/2068
f 2116/1351/2069 2117/1356/2070 2118/1356/2071
f 2116/1351/2069 2118/1356/2071 2119/1351/2072
f 2120/1400/2073 2121/1354/2074 2122/1354/2075
f 2120/1400/2073 2122/1354/2075 2123/1400/2076
f 2124/1316/1432 2125/1315/2077 2126/1315/2078
f 2124/1316/1432 2126/1315/2078 2127/1316/2079
f 2128/1303/1425 2129/1302/2080 2130/1302/2081
f 2128/1303/1425 2130/1302/2081 2131/1303/2082
f 2132/1401/1418 2133/1306/2083 2134/1306/2084
f 2132/1401/1418 2134/1306/2084 2135/1401/2085
f 2136/1274/1410 2137/1279/2086 2138/1279/2087
f 2136/1274/1410 2138/1279/2087 2139/1274/2088
f 2140/1374/1489 2141/1373/1489 2142/1373/2089
f 2140/1374/1489 2142/1373/2089 2143/1374/2090
f 2144/1329/1483 2145/1328/1483 2146/1328/2091
f 2144/1329/1483 2146/1328/2091 2147/1329/2092
f 2148/1280/2093 2149/1286/2093 2150/1286/2094
f 2148/1280/2093 2150/1286/2094 2097/1280/2054
f 2151/1337/1470 2152/1336/1470 2153/1336/2095
f 2151/1337/1470 2153/1336/2095 2092/1337/2049
f 2154/1393/1463 2155/1392/1463 2156/1392/2096
f 2154/1393/1463 2156/1392/2096 2087/1393/2044
f 2157/1350/1456 2158/1349/1456 2100/1349/2057
f 2157/1350/1456 2100/1349/2057 2082/1350/2039
f 2159/1339/1449 2160/1343/1449 2095/1343/2052
f 2159/1339/1449 2095/1343/2052 2077/1339/2034
f 2161/1406/1442 2162/1405/1442 2090/1405/2047
f 2161/1406/1442 2090/1405/2047 2072/1406/2029
f 2163/1367/1435 2164/1366/1435 2085/1366/2042
f 2163/1367/1435 2085/1366/2042 2067/1367/2024
f 2165/1395/1428 2166/1394/1428 2080/1394/2037
f 2165/1395/1428 2080/1394/2037 2062/1395/2019
f 2167/1222/2097 2168/1221/1421 2075/1221/2032
f 2167/1222/2097 2075/1221/2032 2057/1222/2014
f 2169/1346/2098 2170/1345/1414 2070/1345/2027
f 2169/1346/2098 2070/1345/2027 2052/1346/2009
f 2171/1209/1406 2172/1213/1406 2065/1213/2022
f 2171/1209/1406 2065/1213/2022 2047/1209/2004
f 2173/11/1402 2174/10/1402 2060/10/2017
f 2173/11/1402 2060/10/2017 2042/11/1999
f 2175/1364/1398 2176/1363/1398 2055/1363/2012
f 2175/1364/1398 2055/1363/2012 2037/1364/1994
f 2177/1267/2099 2178/1266/2100 2050/1266/2007
f 2177/1267/2099 2050/1266/2007 2032/1267/1989
f 2179/1403/1390 2180/1402/1390 2045/1402/2002
f 2179/1403/1390 2045/1402/2002 2028/1403/1985
f 2181/1397/2101 2182/1396/2101 2040/1396/1997
f 2181/1397/2101 2040/1396/1997 2024/1397/1981
f 2183/1326/2102 2184/1325/1382 2035/1325/1992
f 2183/1326/2102 2035/1325/1992 2020/1326/1977
f 2185/1326/2103 2186/1325/2103 2187/1325/2104
f 2185/1326/2103 2187/1325/2104 2188/1326/2105
f 2189/1107/2106 2190/1107/2107 2191/1106/2107
f 2191/1106/2107 2192/1110/2108 2193/1110/2109
f 2194/1106/2106 2189/1107/2106 2191/1106/2107
f 2191/1106/2107 2193/1110/2109 2194/1106/2106
f 2195/1397/2110 2196/1396/2110 2197/1396/2111
f 2195/1397/2110 2197/1396/2111 2198/1397/2111
f 2199/1345/2112 2200/1345/2113 2201/1344/2113
f 2201/1344/2113 2202/1218/2114 2203/1218/2115
f 2204/1344/2112 2199/1345/2112 2201/1344/2113
f 2201/1344/2113 2203/1218/2115 2204/1344/2112
f 2205/1403/2116 2206/1402/2116 2207/1402/2117
f 2205/1403/2116 2207/1402/2117 2208/1403/2117
f 2209/1338/2118 2210/1338/2119 2211/1337/2120
f 2211/1337/2120 2212/1336/2120 2213/1336/2121
f 2214/1337/2121 2209/1338/2118 2211/1337/2120
f 2211/1337/2120 2213/1336/2121 2214/1337/2121
f 2215/1267/2122 2216/1266/2122 2217/1266/2123
f 2215/1267/2122 2217/1266/2123 2218/1267/2123
f 2219/1396/2124 2197/1396/2111 2220/1376/2111
f 2220/1376/2111 2221/1377/2125 2222/1377/2126
f 2223/1376/2124 2219/1396/2124 2220/1376/2111
f 2220/1376/2111 2222/1377/2126 2223/1376/2124
f 2224/1364/2127 2225/1363/2127 2226/1363/2128
f 2224/1364/2127 2226/1363/2128 2227/1364/2128
f 2228/1281/2129 2229/1281/2130 2230/1280/2131
f 2230/1280/2131 2231/1286/2131 2232/1286/2132
f 2233/1280/2133 2228/1281/2129 2230/1280/2131
f 2230/1280/2131 2232/1286/2132 2233/1280/2133
f 2234/11/2134 2235/10/2134 2236/10/2135
f 2234/11/2134 2236/10/2135 2237/11/2135
f 2238/1341/2136 2239/1341/2137 2240/1350/2138
f 2240/1350/2138 2241/1349/2138 2242/1349/2139
f 2243/1350/2139 2238/1341/2136 2240/1350/2138
f 2240/1350/2138 2242/1349/2139 2243/1350/2139
f 2244/1209/2140 2245/1213/2140 2246/1213/2141
f 2244/1209/2140 2246/1213/2141 2247/1209/2141
f 2248/1399/2142 2249/1399/2143 2250/1387/2144
f 2250/1387/2144 2251/1388/2144 2252/1388/2145
f 2253/1387/2145 2248/1399/2142 2250/1387/2144
f 2250/1387/2144 2252/1388/2145 2253/1387/2145
f 2254/1346/2146 2255/1345/2146 2200/1345/2113
f 2254/1346/2146 2200/1345/2113 2256/1346/2113
f 2257/1368/2147 2258/1368/2148 2259/1367/2149
f 2259/1367/2149 2260/1366/2150 2261/1366/2151
f 2262/1367/2151 2257/1368/2147 2259/1367/2149
f 2259/1367/2149 2261/1366/2151 2262/1367/2151
f 2263/1222/2152 2264/1221/2152 2265/1221/2153
f 2263/1222/2152 2265/1221/2153 2266/1222/2153
f 2242/1349/2139 2241/1349/2138 2267/1348/2138
f 2267/1348/2138 2268/1347/2154 2269/1347/2155
f 2270/1348/2139 2242/1349/2139 2267/1348/2138
f 2267/1348/2138 2269/1347/2155 2270/1348/2139
f 2271/1395/2156 2272/1394/2157 2273/1394/2158
f 2271/1395/2156 2273/1394/2158 2274/1395/2158
f 2275/1394/2159 2273/1394/2158 2276/1381/2158
f 2276/1381/2158 2258/1368/2148 2257/1368/2147
f 2277/1381/2159 2275/1394/2159 2276/1381/2158
f 2276/1381/2158 2257/1368/2147 2277/1381/2159
f 2278/1367/2160 2279/1366/2160 2260/1366/2150
f 2278/1367/2160 2260/1366/2150 2259/1367/2149
f 2280/1304/2161 2281/1304/2162 2282/1303/2162
f 2282/1303/2162 2283/1302/2163 2284/1302/2164
f 2285/1303/2161 2280/1304/2161 2282/1303/2162
f 2282/1303/2162 2284/1302/2164 2285/1303/2161
f 2286/1406/2165 2287/1405/2165 2288/1405/2166
f 2286/1406/2165 2288/1405/2166 2289/1406/2166
f 2290/1405/2167 2288/1405/2166 2291/1384/2166
f 2291/1384/2166 2292/1340/2168 2293/1340/2169
f 2294/1384/2167 2290/1405/2167 2291/1384/2166
f 2291/1384/2166 2293/1340/2169 2294/1384/2167
f 2295/1339/2170 2296/1343/2170 2297/1343/2171
f 2295/1339/2170 2297/1343/2171 2298/1339/2171
f 2299/1328/2172 2300/1328/2173 2301/1327/2173
f 2301/1327/2173 2302/1331/2174 2303/1331/2175
f 2304/1327/2172 2299/1328/2172 2301/1327/2173
f 2301/1327/2173 2303/1331/2175 2304/1327/2172
f 2305/1350/2176 2306/1349/2176 2241/1349/2138
f 2305/1350/2176 2241/1349/2138 2240/1350/2138
f 2307/1323/2177 2308/1323/2178 2198/1397/2111
f 2198/1397/2111 2197/1396/2111 2219/1396/2124
f 2309/1397/2124 2307/1323/2177 2198/1397/2111
f 2198/1397/2111 2219/1396/2124 2309/1397/2124
f 2310/1393/2179 2311/1392/2179 2312/1392/2180
f 2310/1393/2179 2312/1392/2180 2313/1393/2180
f 2314/1356/2181 2315/1356/2182 2316/1385/2183
f 2316/1385/2183 2317/1386/2183 2318/1386/2184
f 2319/1385/2184 2314/1356/2181 2316/1385/2183
f 2316/1385/2183 2318/1386/2184 2319/1385/2184
f 2320/1337/2185 2321/1336/2185 2212/1336/2120
f 2320/1337/2185 2212/1336/2120 2211/1337/2120
f 2213/1336/2121 2212/1336/2120 2322/1335/2120
f 2322/1335/2120 2229/1281/2130 2228/1281/2129
f 2323/1335/2121 2213/1336/2121 2322/1335/2120
f 2322/1335/2120 2228/1281/2129 2323/1335/2121
f 2324/1280/2186 2325/1286/2186 2231/1286/2131
f 2324/1280/2186 2231/1286/2131 2230/1280/2131
f 2222/1377/2126 2221/1377/2125 2208/1403/2117
f 2208/1403/2117 2207/1402/2117 2326/1402/2187
f 2327/1403/2187 2222/1377/2126 2208/1403/2117
f 2208/1403/2117 2326/1402/2187 2327/1403/2187
f 2328/1329/2188 2329/1328/2188 2300/1328/2173
f 2328/1329/2188 2300/1328/2173 2330/1329/2173
f 2331/1392/2189 2312/1392/2180 2332/1389/2180
f 2332/1389/2180 2210/1338/2119 2209/1338/2118
f 2333/1389/2189 2331/1392/2189 2332/1389/2180
f 2332/1389/2180 2209/1338/2118 2333/1389/2189
f 2334/1374/2190 2335/1373/2190 2336/1373/2191
f 2334/1374/2190 2336/1373/2191 2337/1374/2191
f 2338/1211/2192 2339/1211/2193 2256/1346/2113
f 2256/1346/2113 2200/1345/2113 2199/1345/2112
f 2340/1346/2112 2338/1211/2192 2256/1346/2113
f 2256/1346/2113 2199/1345/2112 2340/1346/2112
f 2341/1274/2194 2342/1279/2195 2343/1279/2196
f 2341/1274/2194 2343/1279/2196 2344/1274/2197
f 2345/1219/2198 2346/1219/2199 2274/1395/2158
f 2274/1395/2158 2273/1394/2158 2275/1394/2159
f 2347/1395/2159 2345/1219/2198 2274/1395/2158
f 2274/1395/2158 2275/1394/2159 2347/1395/2159
f 2348/1401/2200 2349/1306/2201 2350/1306/2202
f 2348/1401/2200 2350/1306/2202 2351/1401/2203
f 2352/1315/2204 2353/1315/2205 2354/1382/2206
f 2354/1382/2206 2355/1383/2206 2356/1383/2207
f 2357/1382/2207 2352/1315/2204 2354/1382/2206
f 2354/1382/2206 2356/1383/2207 2357/1382/2207
f 2358/1303/2208 2359/1302/2209 2283/1302/2163
f 2358/1303/2208 2283/1302/2163 2282/1303/2162
f 2269/1347/2155 2268/1347/2154 2313/1393/2180
f 2313/1393/2180 2312/1392/2180 2331/1392/2189
f 2360/1393/2189 2269/1347/2155 2313/1393/2180
f 2313/1393/2180 2331/1392/2189 2360/1393/2189
f 2361/1316/2210 2362/1315/2211 2353/1315/2205
f 2361/1316/2210 2353/1315/2205 2363/1316/2212
f 2364/1284/2213 2365/1284/2214 2330/1329/2173
f 2330/1329/2173 2300/1328/2173 2299/1328/2172
f 2366/1329/2172 2364/1284/2213 2330/1329/2173
f 2330/1329/2173 2299/1328/2172 2366/1329/2172
f 2367/1400/2215 2368/1354/2216 2369/1354/2217
f 2367/1400/2215 2369/1354/2217 2370/1400/2206
f 2371/1306/2218 2350/1306/2202 2372/1305/2162
f 2372/1305/2162 2281/1304/2162 2280/1304/2161
f 2373/1305/2161 2371/1306/2218 2372/1305/2162
f 2372/1305/2162 2280/1304/2161 2373/1305/2161
f 2374/1351/2219 2375/1356/2220 2315/1356/2182
f 2374/1351/2219 2315/1356/2182 2376/1351/2221
f 2377/12/2222 2378/12/2223 2237/11/2135
f 2237/11/2135 2236/10/2135 2379/10/2224
f 2380/11/2224 2377/12/2222 2237/11/2135
f 2237/11/2135 2379/10/2224 2380/11/2224
f 2381/1398/2225 2382/1399/2226 2249/1399/2143
f 2381/1398/2225 2249/1399/2143 2383/1398/2183
f 2384/1391/2227 2385/1391/2228 2386/1375/2228
f 2386/1375/2228 2387/1322/2229 2388/1322/2230
f 2389/1375/2227 2384/1391/2227 2386/1375/2228
f 2386/1375/2228 2388/1322/2230 2389/1375/2227
f 2390/1404/2231 2391/308/2232 2392/308/2233
f 2390/1404/2231 2392/308/2233 2393/1404/2144
f 2394/1266/2234 2217/1266/2123 2395/1265/2123
f 2395/1265/2123 2396/1264/2235 2397/1264/2236
f 2398/1265/2234 2394/1266/2234 2395/1265/2123
f 2395/1265/2123 2397/1264/2236 2398/1265/2234
f 2399/305/2237 2400/304/2238 2401/304/2239
f 2399/305/2237 2401/304/2239 2402/305/2240
f 2326/1402/2187 2207/1402/2117 2403/1378/2117
f 2403/1378/2117 2404/1262/2241 2405/1262/2242
f 2406/1378/2187 2326/1402/2187 2403/1378/2117
f 2403/1378/2117 2405/1262/2242 2406/1378/2187
f 2407/1358/2243 2408/1357/2244 2409/1357/2245
f 2407/1358/2243 2409/1357/2245 2410/1358/2246
f 2193/1110/2109 2192/1110/2108 2188/1326/2105
f 2188/1326/2105 2187/1325/2104 2411/1325/2247
f 2412/1326/2247 2193/1110/2109 2188/1326/2105
f 2188/1326/2105 2411/1325/2247 2412/1326/2247
f 2413/1108/2248 2414/1107/2248 2190/1107/2107
f 2413/1108/2248 2190/1107/2107 2415/1108/2107
f 2416/15/2249 2417/15/2250 2247/1209/2141
f 2247/1209/2141 2246/1213/2141 2418/1213/2251
f 2419/1209/2251 2416/15/2249 2247/1209/2141
f 2247/1209/2141 2418/1213/2251 2419/1209/2251
f 2420/1372/2190 2421/1371/2252 2422/1371/2253
f 2420/1372/2190 2422/1371/2253 2423/1372/2191
f 2388/1322/2230 2387/1322/2229 2424/1321/2254
f 2424/1321/2254 2425/1320/2254 2426/1320/2255
f 2427/1321/2255 2388/1322/2230 2424/1321/2254
f 2424/1321/2254 2426/1320/2255 2427/1321/2255
f 2428/1321/2256 2429/1320/2256 2425/1320/2254
f 2428/1321/2256 2425/1320/2254 2424/1321/2254
f 2284/1302/2164 2283/1302/2163 2430/1318/2212
f 2430/1318/2212 2431/1317/2212 2432/1317/2257
f 2433/1318/2257 2284/1302/2164 2430/1318/2212
f 2430/1318/2212 2432/1317/2257 2433/1318/2257
f 2434/1327/2188 2435/1331/2258 2302/1331/2174
f 2434/1327/2188 2302/1331/2174 2301/1327/2173
f 2436/1275/2259 2437/1275/2197 2344/1274/2197
f 2344/1274/2197 2343/1279/2196 2438/1279/2260
f 2439/1274/2259 2436/1275/2259 2344/1274/2197
f 2344/1274/2197 2438/1279/2260 2439/1274/2259
f 2440/1390/2261 2441/1391/2261 2385/1391/2228
f 2440/1390/2261 2385/1391/2228 2442/1390/2228
f 2443/1373/2262 2336/1373/2191 2423/1372/2191
f 2423/1372/2191 2422/1371/2253 2444/1371/2263
f 2445/1372/2264 2443/1373/2262 2423/1372/2191
f 2423/1372/2191 2444/1371/2263 2445/1372/2264
f 2446/1285/2265 2447/1284/2266 2365/1284/2214
f 2446/1285/2265 2365/1284/2214 2448/1285/2131
f 2432/1317/2257 2431/1317/2212 2363/1316/2212
f 2363/1316/2212 2353/1315/2205 2352/1315/2204
f 2449/1316/2257 2432/1317/2257 2363/1316/2212
f 2363/1316/2212 2352/1315/2204 2449/1316/2257
f 2450/1360/2243 2451/1359/2243 2452/1359/2246
f 2450/1360/2243 2452/1359/2246 2453/1360/2246
f 2405/1262/2242 2404/1262/2241 2218/1267/2123
f 2218/1267/2123 2217/1266/2123 2394/1266/2234
f 2454/1267/2234 2405/1262/2242 2218/1267/2123
f 2218/1267/2123 2394/1266/2234 2454/1267/2234
f 2455/1335/2185 2456/1281/2267 2229/1281/2130
f 2455/1335/2185 2229/1281/2130 2322/1335/2120
f 2457/304/2268 2401/304/2239 2453/1360/2246
f 2453/1360/2246 2452/1359/2246 2458/1359/2269
f 2459/1360/2269 2457/304/2268 2453/1360/2246
f 2453/1360/2246 2458/1359/2269 2459/1360/2269
f 2460/307/2237 2461/306/2237 2462/306/2240
f 2460/307/2237 2462/306/2240 2463/307/2240
f 2464/1343/2270 2297/1343/2171 2465/1342/2171
f 2465/1342/2171 2239/1341/2137 2238/1341/2136
f 2466/1342/2270 2464/1343/2270 2465/1342/2171
f 2465/1342/2171 2238/1341/2136 2466/1342/2270
f 2467/1389/2179 2468/1338/2271 2210/1338/2119
f 2467/1389/2179 2210/1338/2119 2332/1389/2180
f 2469/308/2272 2392/308/2233 2463/307/2240
f 2463/307/2240 2462/306/2240 2470/306/2273
f 2471/307/2273 2469/308/2272 2463/307/2240
f 2463/307/2240 2470/306/2273 2471/307/2273
f 2472/1387/2231 2473/1388/2231 2251/1388/2144
f 2472/1387/2231 2251/1388/2144 2250/1387/2144
f 2458/1359/2269 2452/1359/2246 2410/1358/2246
f 2410/1358/2246 2409/1357/2245 2474/1357/2274
f 2475/1358/2269 2458/1359/2269 2410/1358/2246
f 2410/1358/2246 2474/1357/2274 2475/1358/2269
f 2476/1348/2176 2477/1347/2275 2268/1347/2154
f 2476/1348/2176 2268/1347/2154 2267/1348/2138
f 2261/1366/2151 2260/1366/2150 2478/1365/2150
f 2478/1365/2150 2479/1370/2276 2480/1370/2277
f 2481/1365/2278 2261/1366/2151 2478/1365/2150
f 2478/1365/2150 2480/1370/2277 2481/1365/2278
f 2482/1385/2279 2483/1386/2225 2317/1386/2183
f 2482/1385/2279 2317/1386/2183 2316/1385/2183
f 2203/1218/2115 2202/1218/2114 2266/1222/2153
f 2266/1222/2153 2265/1221/2153 2484/1221/2280
f 2485/1222/2281 2203/1218/2115 2266/1222/2153
f 2266/1222/2153 2484/1221/2280 2485/1222/2281
f 2486/1342/2170 2487/1341/2282 2239/1341/2137
f 2486/1342/2170 2239/1341/2137 2465/1342/2171
f 2303/1331/2175 2302/1331/2174 2337/1374/2191
f 2337/1374/2191 2336/1373/2191 2443/1373/2262
f 2488/1374/2262 2303/1331/2175 2337/1374/2191
f 2337/1374/2191 2443/1373/2262 2488/1374/2262
f 2489/1353/2219 2490/1352/2219 2491/1352/2221
f 2489/1353/2219 2491/1352/2221 2492/1353/2221
f 2493/1352/2283 2491/1352/2221 2376/1351/2221
f 2376/1351/2221 2315/1356/2182 2314/1356/2181
f 2494/1351/2283 2493/1352/2283 2376/1351/2221
f 2376/1351/2221 2314/1356/2181 2494/1351/2283
f 2495/1384/2165 2496/1340/2284 2292/1340/2168
f 2495/1384/2165 2292/1340/2168 2291/1384/2166
f 2438/1279/2260 2343/1279/2196 2497/1379/2203
f 2497/1379/2203 2498/1380/2203 2499/1380/2285
f 2500/1379/2285 2438/1279/2260 2497/1379/2203
f 2497/1379/2203 2499/1380/2285 2500/1379/2285
f 2501/1382/2215 2502/1383/2215 2355/1383/2206
f 2501/1382/2215 2355/1383/2206 2354/1382/2206
f 2503/1363/2286 2226/1363/2128 2504/1362/2128
f 2504/1362/2128 2378/12/2223 2377/12/2222
f 2505/1362/2286 2503/1363/2286 2504/1362/2128
f 2504/1362/2128 2377/12/2222 2505/1362/2286
f 2506/1365/2160 2507/1370/2287 2479/1370/2276
f 2506/1365/2160 2479/1370/2276 2478/1365/2150
f 2499/1380/2285 2498/1380/2203 2351/1401/2203
f 2351/1401/2203 2350/1306/2202 2371/1306/2218
f 2508/1401/2285 2499/1380/2285 2351/1401/2203
f 2351/1401/2203 2371/1306/2218 2508/1401/2285
f 2509/1318/2210 2510/1317/2210 2431/1317/2212
f 2509/1318/2210 2431/1317/2212 2430/1318/2212
f 2511/1354/2288 2369/1354/2217 2492/1353/2221
f 2492/1353/2221 2491/1352/2221 2493/1352/2283
f 2512/1353/2289 2511/1354/2288 2492/1353/2221
f 2492/1353/2221 2493/1352/2283 2512/1353/2289
f 2513/1381/2157 2514/1368/2290 2258/1368/2148
f 2513/1381/2157 2258/1368/2148 2276/1381/2158
f 2397/1264/2236 2396/1264/2235 2227/1364/2128
f 2227/1364/2128 2226/1363/2128 2503/1363/2286
f 2515/1364/2286 2397/1264/2236 2227/1364/2128
f 2227/1364/2128 2503/1363/2286 2515/1364/2286
f 2516/1305/2208 2517/1304/2208 2281/1304/2162
f 2516/1305/2208 2281/1304/2162 2372/1305/2162
f 2418/1213/2251 2246/1213/2141 2518/1212/2141
f 2518/1212/2141 2339/1211/2193 2338/1211/2192
f 2519/1212/2251 2418/1213/2251 2518/1212/2141
f 2518/1212/2141 2338/1211/2192 2519/1212/2251
f 2520/1220/2152 2521/1219/2291 2346/1219/2199
f 2520/1220/2152 2346/1219/2199 2522/1220/2153
f 2474/1357/2274 2409/1357/2245 2442/1390/2228
f 2442/1390/2228 2385/1391/2228 2384/1391/2227
f 2523/1390/2227 2474/1357/2274 2442/1390/2228
f 2442/1390/2228 2384/1391/2227 2523/1390/2227
f 2524/1379/2200 2525/1380/2200 2498/1380/2203
f 2524/1379/2200 2498/1380/2203 2497/1379/2203
f 2526/1344/2146 2527/1218/2292 2202/1218/2114
f 2526/1344/2146 2202/1218/2114 2201/1344/2113
f 2318/1386/2184 2317/1386/2183 2383/1398/2183
f 2383/1398/2183 2249/1399/2143 2248/1399/2142
f 2528/1398/2184 2318/1386/2184 2383/1398/2183
f 2383/1398/2183 2248/1399/2142 2528/1398/2184
f 2529/1276/2293 2530/1275/2194 2437/1275/2197
f 2529/1276/2293 2437/1275/2197 2531/1276/2197
f 2470/306/2273 2462/306/2240 2402/305/2240
f 2402/305/2240 2401/304/2239 2457/304/2268
f 2532/305/2273 2470/306/2273 2402/305/2240
f 2402/305/2240 2457/304/2268 2532/305/2273
f 2533/1212/2140 2534/1211/2294 2339/1211/2193
f 2533/1212/2140 2339/1211/2193 2518/1212/2141
f 2426/1320/2255 2425/1320/2254 2535/1319/2254
f 2535/1319/2254 2536/1109/2295 2537/1109/2296
f 2538/1319/2255 2426/1320/2255 2535/1319/2254
f 2535/1319/2254 2537/1109/2296 2538/1319/2255
f 2539/9/2134 2540/15/2297 2417/15/2250
f 2539/9/2134 2417/15/2250 2541/9/2135
f 2542/1277/2298 2543/1277/2299 2531/1276/2197
f 2531/1276/2197 2437/1275/2197 2436/1275/2259
f 2544/1276/2259 2542/1277/2298 2531/1276/2197
f 2531/1276/2197 2436/1275/2259 2544/1276/2259
f 2545/1362/2127 2546/12/2300 2378/12/2223
f 2545/1362/2127 2378/12/2223 2504/1362/2128
f 2356/1383/2207 2355/1383/2206 2370/1400/2206
f 2370/1400/2206 2369/1354/2217 2511/1354/2288
f 2547/1400/2207 2356/1383/2207 2370/1400/2206
f 2370/1400/2206 2511/1354/2288 2547/1400/2207
f 2548/1265/2122 2549/1264/2301 2396/1264/2235
f 2548/1265/2122 2396/1264/2235 2395/1265/2123
f 2379/10/2224 2236/10/2135 2541/9/2135
f 2541/9/2135 2417/15/2250 2416/15/2249
f 2550/9/2224 2379/10/2224 2541/9/2135
f 2541/9/2135 2416/15/2249 2550/9/2224
f 2551/1378/2116 2552/1262/2302 2404/1262/2241
f 2551/1378/2116 2404/1262/2241 2403/1378/2117
f 2411/1325/2247 2187/1325/2104 2553/1324/2104
f 2553/1324/2104 2308/1323/2178 2307/1323/2177
f 2554/1324/2303 2411/1325/2247 2553/1324/2104
f 2553/1324/2104 2307/1323/2177 2554/1324/2303
f 2555/1376/2110 2556/1377/2304 2221/1377/2125
f 2555/1376/2110 2221/1377/2125 2220/1376/2111
f 2537/1109/2296 2536/1109/2295 2415/1108/2107
f 2415/1108/2107 2190/1107/2107 2189/1107/2106
f 2557/1108/2106 2537/1109/2296 2415/1108/2107
f 2415/1108/2107 2189/1107/2106 2557/1108/2106
f 2558/1324/2103 2559/1323/2305 2308/1323/2178
f 2558/1324/2103 2308/1323/2178 2553/1324/2104
f 2293/1340/2169 2292/1340/2168 2298/1339/2171
f 2298/1339/2171 2297/1343/2171 2464/1343/2270
f 2560/1339/2270 2293/1340/2169 2298/1339/2171
f 2298/1339/2171 2464/1343/2270 2560/1339/2270
f 2561/1106/2248 2562/1110/2306 2192/1110/2108
f 2561/1106/2248 2192/1110/2108 2191/1106/2107
f 2480/1370/2277 2479/1370/2276 2289/1406/2166
f 2289/1406/2166 2288/1405/2166 2290/1405/2167
f 2563/1406/2167 2480/1370/2277 2289/1406/2166
f 2289/1406/2166 2290/1405/2167 2563/1406/2167
f 2564/1319/2256 2565/1109/2307 2536/1109/2295
f 2564/1319/2256 2536/1109/2295 2535/1319/2254
f 2252/1388/2145 2251/1388/2144 2393/1404/2144
f 2393/1404/2144 2392/308/2233 2469/308/2272
f 2566/1404/2308 2252/1388/2145 2393/1404/2144
f 2393/1404/2144 2469/308/2272 2566/1404/2308
f 2567/1375/2261 2568/1322/2309 2387/1322/2229
f 2567/1375/2261 2387/1322/2229 2386/1375/2228
f 2232/1286/2132 2231/1286/2131 2448/1285/2131
f 2448/1285/2131 2365/1284/2214 2364/1284/2213
f 2569/1285/2133 2232/1286/2132 2448/1285/2131
f 2448/1285/2131 2364/1284/2213 2569/1285/2133
f 1386/1110/1379 2183/1326/2102 2020/1326/1977
f 1386/1110/1379 2020/1326/1977 1387/1110/1380
f 2193/1110/2109 2412/1326/2247 2183/1326/2102
f 2193/1110/2109 2183/1326/2102 1386/1110/1379
f 2412/1326/2247 2411/1325/2247 2184/1325/1382
f 2412/1326/2247 2184/1325/1382 2183/1326/2102
f 1390/1323/1383 2181/1397/2101 2024/1397/1981
f 1390/1323/1383 2024/1397/1981 1391/1323/1384
f 2307/1323/2177 2309/1397/2124 2181/1397/2101
f 2307/1323/2177 2181/1397/2101 1390/1323/1383
f 2309/1397/2124 2219/1396/2124 2182/1396/2101
f 2309/1397/2124 2182/1396/2101 2181/1397/2101
f 1394/1377/1387 2179/1403/1390 2028/1403/1985
f 1394/1377/1387 2028/1403/1985 1395/1377/1388
f 2222/1377/2126 2327/1403/2187 2179/1403/1390
f 2222/1377/2126 2179/1403/1390 1394/1377/1387
f 2327/1403/2187 2326/1402/2187 2180/1402/1390
f 2327/1403/2187 2180/1402/1390 2179/1403/1390
f 1398/1262/1391 2177/1267/2099 2032/1267/1989
f 1398/1262/1391 2032/1267/1989 1399/1262/1392
f 2405/1262/2242 2454/1267/2234 2177/1267/2099
f 2405/1262/2242 2177/1267/2099 1398/1262/1391
f 2454/1267/2234 2394/1266/2234 2178/1266/2100
f 2454/1267/2234 2178/1266/2100 2177/1267/2099
f 1402/1264/1395 2175/1364/1398 2037/1364/1994
f 1402/1264/1395 2037/1364/1994 1403/1264/1396
f 2397/1264/2236 2515/1364/2286 2175/1364/1398
f 2397/1264/2236 2175/1364/1398 1402/1264/1395
f 2515/1364/2286 2503/1363/2286 2176/1363/1398
f 2515/1364/2286 2176/1363/1398 2175/1364/1398
f 1406/12/1399 2173/11/1402 2042/11/1999
f 1406/12/1399 2042/11/1999 1407/12/1400
f 2377/12/2222 2380/11/2224 2173/11/1402
f 2377/12/2222 2173/11/1402 1406/12/1399
f 2380/11/2224 2379/10/2224 2174/10/1402
f 2380/11/2224 2174/10/1402 2173/11/1402
f 1410/15/1403 2171/1209/1406 2047/1209/2004
f 1410/15/1403 2047/1209/2004 1411/15/1404
f 2416/15/2249 2419/1209/2251 2171/1209/1406
f 2416/15/2249 2171/1209/1406 1410/15/1403
f 2419/1209/2251 2418/1213/2251 2172/1213/1406
f 2419/1209/2251 2172/1213/1406 2171/1209/1406
f 1414/1211/1407 2169/1346/2098 2052/1346/2009
f 1414/1211/1407 2052/1346/2009 1415/1211/1408
f 2338/1211/2192 2340/1346/2112 2169/1346/2098
f 2338/1211/2192 2169/1346/2098 1414/1211/1407
f 2340/1346/2112 2199/1345/2112 2170/1345/1414
f 2340/1346/2112 2170/1345/1414 2169/1346/2098
f 1422/1218/1415 2167/1222/2097 2057/1222/2014
f 1422/1218/1415 2057/1222/2014 1423/1218/1416
f 2203/1218/2115 2485/1222/2281 2167/1222/2097
f 2203/1218/2115 2167/1222/2097 1422/1218/1415
f 2485/1222/2281 2484/1221/2280 2168/1221/1421
f 2485/1222/2281 2168/1221/1421 2167/1222/2097
f 1430/1219/1422 2165/1395/1428 2062/1395/2019
f 1430/1219/1422 2062/1395/2019 1431/1219/1423
f 2345/1219/2198 2347/1395/2159 2165/1395/1428
f 2345/1219/2198 2165/1395/1428 1430/1219/1422
f 2347/1395/2159 2275/1394/2159 2166/1394/1428
f 2347/1395/2159 2166/1394/1428 2165/1395/1428
f 1438/1368/1429 2163/1367/1435 2067/1367/2024
f 1438/1368/1429 2067/1367/2024 1439/1368/1430
f 2257/1368/2147 2262/1367/2151 2163/1367/1435
f 2257/1368/2147 2163/1367/1435 1438/1368/1429
f 2262/1367/2151 2261/1366/2151 2164/1366/1435
f 2262/1367/2151 2164/1366/1435 2163/1367/1435
f 1446/1370/1436 2161/1406/1442 2072/1406/2029
f 1446/1370/1436 2072/1406/2029 1447/1370/1437
f 2480/1370/2277 2563/1406/2167 2161/1406/1442
f 2480/1370/2277 2161/1406/1442 1446/1370/1436
f 2563/1406/2167 2290/1405/2167 2162/1405/1442
f 2563/1406/2167 2162/1405/1442 2161/1406/1442
f 1454/1340/1443 2159/1339/1449 2077/1339/2034
f 1454/1340/1443 2077/1339/2034 1455/1340/1444
f 2293/1340/2169 2560/1339/2270 2159/1339/1449
f 2293/1340/2169 2159/1339/1449 1454/1340/1443
f 2560/1339/2270 2464/1343/2270 2160/1343/1449
f 2560/1339/2270 2160/1343/1449 2159/1339/1449
f 1462/1341/1450 2157/1350/1456 2082/1350/2039
f 1462/1341/1450 2082/1350/2039 1463/1341/1451
f 2238/1341/2136 2243/1350/2139 2157/1350/1456
f 2238/1341/2136 2157/1350/1456 1462/1341/1450
f 2243/1350/2139 2242/1349/2139 2158/1349/1456
f 2243/1350/2139 2158/1349/1456 2157/1350/1456
f 1470/1347/1457 2154/1393/1463 2087/1393/2044
f 1470/1347/1457 2087/1393/2044 1471/1347/1458
f 2269/1347/2155 2360/1393/2189 2154/1393/1463
f 2269/1347/2155 2154/1393/1463 1470/1347/1457
f 2360/1393/2189 2331/1392/2189 2155/1392/1463
f 2360/1393/2189 2155/1392/1463 2154/1393/1463
f 1478/1338/1464 2151/1337/1470 2092/1337/2049
f 1478/1338/1464 2092/1337/2049 1479/1338/1465
f 2209/1338/2118 2214/1337/2121 2151/1337/1470
f 2209/1338/2118 2151/1337/1470 1478/1338/1464
f 2214/1337/2121 2213/1336/2121 2152/1336/1470
f 2214/1337/2121 2152/1336/1470 2151/1337/1470
f 1486/1281/1471 2148/1280/2093 2097/1280/2054
f 1486/1281/1471 2097/1280/2054 1487/1281/1472
f 2228/1281/2129 2233/1280/2133 2148/1280/2093
f 2228/1281/2129 2148/1280/2093 1486/1281/1471
f 2233/1280/2133 2232/1286/2132 2149/1286/2093
f 2233/1280/2133 2149/1286/2093 2148/1280/2093
f 1494/1284/1478 2144/1329/1483 2147/1329/2092
f 1494/1284/1478 2147/1329/2092 1495/1284/1479
f 2364/1284/2213 2366/1329/2172 2144/1329/1483
f 2364/1284/2213 2144/1329/1483 1494/1284/1478
f 2366/1329/2172 2299/1328/2172 2145/1328/1483
f 2366/1329/2172 2145/1328/1483 2144/1329/1483
f 1502/1331/1484 2140/1374/1489 2143/1374/2090
f 1502/1331/1484 2143/1374/2090 1503/1331/1485
f 2303/1331/2175 2488/1374/2262 2140/1374/1489
f 2303/1331/2175 2140/1374/1489 1502/1331/1484
f 2488/1374/2262 2443/1373/2262 2141/1373/1489
f 2488/1374/2262 2141/1373/1489 2140/1374/1489
f 1418/1275/1411 2136/1274/1410 2139/1274/2088
f 1418/1275/1411 2139/1274/2088 1419/1275/1412
f 2436/1275/2259 2439/1274/2259 2136/1274/1410
f 2436/1275/2259 2136/1274/1410 1418/1275/1411
f 2439/1274/2259 2438/1279/2260 2137/1279/2086
f 2439/1274/2259 2137/1279/2086 2136/1274/1410
f 1426/1380/1418 2132/1401/1418 2135/1401/2085
f 1426/1380/1418 2135/1401/2085 1427/1380/1419
f 2499/1380/2285 2508/1401/2285 2132/1401/1418
f 2499/1380/2285 2132/1401/1418 1426/1380/1418
f 2508/1401/2285 2371/1306/2218 2133/1306/2083
f 2508/1401/2285 2133/1306/2083 2132/1401/1418
f 1434/1304/1425 2128/1303/1425 2131/1303/2082
f 1434/1304/1425 2131/1303/2082 1435/1304/1426
f 2280/1304/2161 2285/1303/2161 2128/1303/1425
f 2280/1304/2161 2128/1303/1425 1434/1304/1425
f 2285/1303/2161 2284/1302/2164 2129/1302/2080
f 2285/1303/2161 2129/1302/2080 2128/1303/1425
f 1442/1317/1432 2124/1316/1432 2127/1316/2079
f 1442/1317/1432 2127/1316/2079 1443/1317/1433
f 2432/1317/2257 2449/1316/2257 2124/1316/1432
f 2432/1317/2257 2124/1316/1432 1442/1317/1432
f 2449/1316/2257 2352/1315/2204 2125/1315/2077
f 2449/1316/2257 2125/1315/2077 2124/1316/1432
f 1450/1383/1439 2120/1400/2073 2123/1400/2076
f 1450/1383/1439 2123/1400/2076 1451/1383/1440
f 2356/1383/2207 2547/1400/2207 2120/1400/2073
f 2356/1383/2207 2120/1400/2073 1450/1383/1439
f 2547/1400/2207 2511/1354/2288 2121/1354/2074
f 2547/1400/2207 2121/1354/2074 2120/1400/2073
f 1458/1352/1446 2116/1351/2069 2119/1351/2072
f 1458/1352/1446 2119/1351/2072 1459/1352/1447
f 2493/1352/2283 2494/1351/2283 2116/1351/2069
f 2493/1352/2283 2116/1351/2069 1458/1352/1446
f 2494/1351/2283 2314/1356/2181 2117/1356/2070
f 2494/1351/2283 2117/1356/2070 2116/1351/2069
f 1466/1386/1453 2112/1398/1453 2115/1398/2068
f 1466/1386/1453 2115/1398/2068 1467/1386/1454
f 2318/1386/2184 2528/1398/2184 2112/1398/1453
f 2318/1386/2184 2112/1398/1453 1466/1386/1453
f 2528/1398/2184 2248/1399/2142 2113/1399/2066
f 2528/1398/2184 2113/1399/2066 2112/1398/1453
f 1474/1388/1460 2108/1404/1460 2111/1404/2065
f 1474/1388/1460 2111/1404/2065 1475/1388/1461
f 2252/1388/2145 2566/1404/2308 2108/1404/1460
f 2252/1388/2145 2108/1404/1460 1474/1388/1460
f 2566/1404/2308 2469/308/2272 2109/308/2063
f 2566/1404/2308 2109/308/2063 2108/1404/1460
f 1482/306/1467 2105/305/1467 2107/305/2062
f 1482/306/1467 2107/305/2062 1483/306/1468
f 2470/306/2273 2532/305/2273 2105/305/1467
f 2470/306/2273 2105/305/1467 1482/306/1467
f 2532/305/2273 2457/304/2268 2106/304/2061
f 2532/305/2273 2106/304/2061 2105/305/1467
f 1490/1359/1474 2102/1358/1474 2104/1358/2060
f 1490/1359/1474 2104/1358/2060 1491/1359/1475
f 2458/1359/2269 2475/1358/2269 2102/1358/1474
f 2458/1359/2269 2102/1358/1474 1490/1359/1474
f 2475/1358/2269 2474/1357/2274 2103/1357/2059
f 2475/1358/2269 2103/1357/2059 2102/1358/1474
f 1495/1284/1479 2147/1329/2092 2570/1329/2310
f 1495/1284/1479 2570/1329/2310 2571/1284/2311
f 2087/1393/2044 2156/1392/2096 2572/1392/2312
f 2087/1393/2044 2572/1392/2312 2088/1393/2045
f 1503/1331/1485 2143/1374/2090 2573/1374/2313
f 1503/1331/1485 2573/1374/2313 2574/1331/2314
f 2092/1337/2049 2153/1336/2095 2575/1336/2315
f 2092/1337/2049 2575/1336/2315 2093/1337/2050
f 1419/1275/1412 2139/1274/2088 2576/1274/2316
f 1419/1275/1412 2576/1274/2316 2577/1275/2317
f 2097/1280/2054 2150/1286/2094 2578/1286/2318
f 2097/1280/2054 2578/1286/2318 2098/1280/2055
f 1427/1380/1419 2135/1401/2085 2579/1401/2319
f 1427/1380/1419 2579/1401/2319 2580/1380/2320
f 2147/1329/2092 2146/1328/2091 2581/1328/2321
f 2147/1329/2092 2581/1328/2321 2570/1329/2310
f 1435/1304/1426 2131/1303/2082 2582/1303/2322
f 1435/1304/1426 2582/1303/2322 2583/1304/2323
f 2143/1374/2090 2142/1373/2089 2584/1373/2324
f 2143/1374/2090 2584/1373/2324 2573/1374/2313
f 1443/1317/1433 2127/1316/2079 2585/1316/2325
f 1443/1317/1433 2585/1316/2325 2586/1317/2326
f 2139/1274/2088 2138/1279/2087 2587/1279/2327
f 2139/1274/2088 2587/1279/2327 2576/1274/2316
f 1451/1383/1440 2123/1400/2076 2588/1400/2328
f 1451/1383/1440 2588/1400/2328 2589/1383/2329
f 2135/1401/2085 2134/1306/2084 2590/1306/2330
f 2135/1401/2085 2590/1306/2330 2579/1401/2319
f 1459/1352/1447 2119/1351/2072 2591/1351/2331
f 1459/1352/1447 2591/1351/2331 2001/1352/1958
f 2131/1303/2082 2130/1302/2081 2592/1302/2332
f 2131/1303/2082 2592/1302/2332 2582/1303/2322
f 1467/1386/1454 2115/1398/2068 2593/1398/2333
f 1467/1386/1454 2593/1398/2333 2006/1386/1963
f 2127/1316/2079 2126/1315/2078 2594/1315/2334
f 2127/1316/2079 2594/1315/2334 2585/1316/2325
f 1475/1388/1461 2111/1404/2065 2595/1404/2335
f 1475/1388/1461 2595/1404/2335 2011/1388/1968
f 2123/1400/2076 2122/1354/2075 2596/1354/2336
f 2123/1400/2076 2596/1354/2336 2588/1400/2328
f 1483/306/1468 2107/305/2062 2597/305/2337
f 1483/306/1468 2597/305/2337 2015/306/1972
f 2119/1351/2072 2118/1356/2071 2598/1356/2338
f 2119/1351/2072 2598/1356/2338 2591/1351/2331
f 1491/1359/1475 2104/1358/2060 2599/1358/2339
f 1491/1359/1475 2599/1358/2339 2019/1359/1976
f 2115/1398/2068 2114/1399/2067 2600/1399/2340
f 2115/1398/2068 2600/1399/2340 2593/1398/2333
f 1499/1391/1481 1380/1375/1373 2601/1375/2341
f 1499/1391/1481 2601/1375/2341 2023/1391/1980
f 2111/1404/2065 2110/308/2064 2602/308/2342
f 2111/1404/2065 2602/308/2342 2595/1404/2335
f 1507/1320/1487 1384/1319/1377 2603/1319/2343
f 1507/1320/1487 2603/1319/2343 2027/1320/1984
f 2107/305/2062 2003/304/1960 2005/304/1962
f 2107/305/2062 2005/304/1962 2597/305/2337
f 1515/1107/1493 1388/1106/1381 2604/1106/2344
f 1515/1107/1493 2604/1106/2344 2031/1107/1988
f 2104/1358/2060 2008/1357/1965 2010/1357/1967
f 2104/1358/2060 2010/1357/1967 2599/1358/2339
f 2035/1325/1992 1392/1324/1385 2605/1324/2345
f 2035/1325/1992 2605/1324/2345 2036/1325/1993
f 1380/1375/1373 1379/1322/1372 2014/1322/1971
f 1380/1375/1373 2014/1322/1971 2601/1375/2341
f 2040/1396/1997 1396/1376/1389 2606/1376/2346
f 2040/1396/1997 2606/1376/2346 2041/1396/1998
f 1384/1319/1377 1383/1109/1376 2018/1109/1975
f 1384/1319/1377 2018/1109/1975 2603/1319/2343
f 2045/1402/2002 1400/1378/1393 2607/1378/2347
f 2045/1402/2002 2607/1378/2347 2046/1402/2003
f 1388/1106/1381 1387/1110/1380 2022/1110/1979
f 1388/1106/1381 2022/1110/1979 2604/1106/2344
f 2050/1266/2007 1404/1265/1397 2608/1265/2348
f 2050/1266/2007 2608/1265/2348 2051/1266/2008
f 1392/1324/1385 1391/1323/1384 2026/1323/1983
f 1392/1324/1385 2026/1323/1983 2605/1324/2345
f 2055/1363/2012 1408/1362/1401 2609/1362/2349
f 2055/1363/2012 2609/1362/2349 2056/1363/2013
f 1396/1376/1389 1395/1377/1388 2030/1377/1987
f 1396/1376/1389 2030/1377/1987 2606/1376/2346
f 2060/10/2017 1412/9/1405 2610/9/2350
f 2060/10/2017 2610/9/2350 2061/10/2018
f 1400/1378/1393 1399/1262/1392 2034/1262/1991
f 1400/1378/1393 2034/1262/1991 2607/1378/2347
f 2065/1213/2022 1416/1212/1409 2611/1212/2351
f 2065/1213/2022 2611/1212/2351 2066/1213/2023
f 1404/1265/1397 1403/1264/1396 2039/1264/1996
f 1404/1265/1397 2039/1264/1996 2608/1265/2348
f 2070/1345/2027 1424/1344/1417 2612/1344/2352
f 2070/1345/2027 2612/1344/2352 2071/1345/2028
f 1408/1362/1401 1407/12/1400 2044/12/2001
f 1408/1362/1401 2044/12/2001 2609/1362/2349
f 2075/1221/2032 1432/1220/1424 2613/1220/2353
f 2075/1221/2032 2613/1220/2353 2076/1221/2033
f 1412/9/1405 1411/15/1404 2049/15/2006
f 1412/9/1405 2049/15/2006 2610/9/2350
f 2080/1394/2037 1440/1381/1431 2614/1381/2354
f 2080/1394/2037 2614/1381/2354 2081/1394/2038
f 1416/1212/1409 1415/1211/1408 2054/1211/2011
f 1416/1212/1409 2054/1211/2011 2611/1212/2351
f 2085/1366/2042 1448/1365/1438 2615/1365/2355
f 2085/1366/2042 2615/1365/2355 2086/1366/2043
f 1424/1344/1417 1423/1218/1416 2059/1218/2016
f 1424/1344/1417 2059/1218/2016 2612/1344/2352
f 2090/1405/2047 1456/1384/1445 2616/1384/2356
f 2090/1405/2047 2616/1384/2356 2091/1405/2048
f 1432/1220/1424 1431/1219/1423 2064/1219/2021
f 1432/1220/1424 2064/1219/2021 2613/1220/2353
f 2095/1343/2052 1464/1342/1452 2617/1342/2357
f 2095/1343/2052 2617/1342/2357 2096/1343/2053
f 1440/1381/1431 1439/1368/1430 2069/1368/2026
f 1440/1381/1431 2069/1368/2026 2614/1381/2354
f 2100/1349/2057 1472/1348/1459 2618/1348/2358
f 2100/1349/2057 2618/1348/2358 2101/1349/2058
f 1448/1365/1438 1447/1370/1437 2074/1370/2031
f 1448/1365/1438 2074/1370/2031 2615/1365/2355
f 2156/1392/2096 1480/1389/1466 2619/1389/2359
f 2156/1392/2096 2619/1389/2359 2572/1392/2312
f 1456/1384/1445 1455/1340/1444 2079/1340/2036
f 1456/1384/1445 2079/1340/2036 2616/1384/2356
f 2153/1336/2095 1488/1335/1473 2620/1335/2360
f 2153/1336/2095 2620/1335/2360 2575/1336/2315
f 1464/1342/1452 1463/1341/1451 2084/1341/2041
f 1464/1342/1452 2084/1341/2041 2617/1342/2357
f 2150/1286/2094 1496/1285/1480 2621/1285/2361
f 2150/1286/2094 2621/1285/2361 2578/1286/2318
f 1472/1348/1459 1471/1347/1458 2089/1347/2046
f 1472/1348/1459 2089/1347/2046 2618/1348/2358
f 2146/1328/2091 1504/1327/1486 2622/1327/2362
f 2146/1328/2091 2622/1327/2362 2581/1328/2321
f 1480/1389/1466 1479/1338/1465 2094/1338/2051
f 1480/1389/1466 2094/1338/2051 2619/1389/2359
f 2142/1373/2089 1512/1372/1492 2623/1372/2363
f 2142/1373/2089 2623/1372/2363 2584/1373/2324
f 1488/1335/1473 1487/1281/1472 2099/1281/2056
f 1488/1335/1473 2099/1281/2056 2620/1335/2360
f 1496/1285/1480 1495/1284/1479 2571/1284/2311
f 1496/1285/1480 2571/1284/2311 2621/1285/2361
f 1504/1327/1486 1503/1331/1485 2574/1331/2314
f 1504/1327/1486 2574/1331/2314 2622/1327/2362
f 1512/1372/1492 1511/1371/1491 2624/1371/2364
f 1512/1372/1492 2624/1371/2364 2623/1372/2363
f 2625/1277/2365 1420/1276/1413 2626/1276/2366
f 2625/1277/2365 2626/1276/2366 2627/1277/2367
f 2138/1279/2087 1428/1379/1420 2628/1379/2368
f 2138/1279/2087 2628/1379/2368 2587/1279/2327
f 2134/1306/2084 1436/1305/1427 2629/1305/2369
f 2134/1306/2084 2629/1305/2369 2590/1306/2330
f 2130/1302/2081 1444/1318/1434 2630/1318/2370
f 2130/1302/2081 2630/1318/2370 2592/1302/2332
f 1420/1276/1413 1419/1275/1412 2577/1275/2317
f 1420/1276/1413 2577/1275/2317 2626/1276/2366
f 2126/1315/2078 1452/1382/1441 2631/1382/2371
f 2126/1315/2078 2631/1382/2371 2594/1315/2334
f 1428/1379/1420 1427/1380/1419 2580/1380/2320
f 1428/1379/1420 2580/1380/2320 2628/1379/2368
f 2122/1354/2075 1460/1353/1448 2002/1353/1959
f 2122/1354/2075 2002/1353/1959 2596/1354/2336
f 1436/1305/1427 1435/1304/1426 2583/1304/2323
f 1436/1305/1427 2583/1304/2323 2629/1305/2369
f 2118/1356/2071 1468/1385/1455 2007/1385/1964
f 2118/1356/2071 2007/1385/1964 2598/1356/2338
f 1444/1318/1434 1443/1317/1433 2586/1317/2326
f 1444/1318/1434 2586/1317/2326 2630/1318/2370
f 2114/1399/2067 1476/1387/1462 2012/1387/1969
f 2114/1399/2067 2012/1387/1969 2600/1399/2340
f 1452/1382/1441 1451/1383/1440 2589/1383/2329
f 1452/1382/1441 2589/1383/2329 2631/1382/2371
f 2110/308/2064 1484/307/1469 2016/307/1973
f 2110/308/2064 2016/307/1973 2602/308/2342
f 1382/1109/1375 1513/1108/1378 1516/1108/1494
f 1382/1109/1375 1516/1108/1494 1383/1109/1376
f 2537/1109/2296 2557/1108/2106 1513/1108/1378
f 2537/1109/2296 1513/1108/1378 1382/1109/1375
f 2557/1108/2106 2189/1107/2106 1514/1107/1378
f 2557/1108/2106 1514/1107/1378 1513/1108/1378
f 2141/1373/1489 1509/1372/1489 1512/1372/1492
f 2141/1373/1489 1512/1372/1492 2142/1373/2089
f 2443/1373/2262 2445/1372/2264 1509/1372/1489
f 2443/1373/2262 1509/1372/1489 2141/1373/1489
f 2445/1372/2264 2444/1371/2263 1510/1371/1490
f 2445/1372/2264 1510/1371/1490 1509/1372/1489
f 1378/1322/1371 1505/1321/1374 1508/1321/1488
f 1378/1322/1371 1508/1321/1488 1379/1322/1372
f 2388/1322/2230 2427/1321/2255 1505/1321/1374
f 2388/1322/2230 1505/1321/1374 1378/1322/1371
f 2427/1321/2255 2426/1320/2255 1506/1320/1374
f 2427/1321/2255 1506/1320/1374 1505/1321/1374
f 2145/1328/1483 1501/1327/1483 1504/1327/1486
f 2145/1328/1483 1504/1327/1486 2146/1328/2091
f 2299/1328/2172 2304/1327/2172 1501/1327/1483
f 2299/1328/2172 1501/1327/1483 2145/1328/1483
f 2304/1327/2172 2303/1331/2175 1502/1331/1484
f 2304/1327/2172 1502/1331/1484 1501/1327/1483
f 2103/1357/2059 1497/1390/1370 1500/1390/1482
f 2103/1357/2059 1500/1390/1482 2008/1357/1965
f 2474/1357/2274 2523/1390/2227 1497/1390/1370
f 2474/1357/2274 1497/1390/1370 2103/1357/2059
f 2523/1390/2227 2384/1391/2227 1498/1391/1370
f 2523/1390/2227 1498/1391/1370 1497/1390/1370
f 2149/1286/2093 1493/1285/1477 1496/1285/1480
f 2149/1286/2093 1496/1285/1480 2150/1286/2094
f 2232/1286/2132 2569/1285/2133 1493/1285/1477
f 2232/1286/2132 1493/1285/1477 2149/1286/2093
f 2569/1285/2133 2364/1284/2213 1494/1284/1478
f 2569/1285/2133 1494/1284/1478 1493/1285/1477
f 2106/304/2061 1489/1360/1474 1492/1360/1476
f 2106/304/2061 1492/1360/1476 2003/304/1960
f 2457/304/2268 2459/1360/2269 1489/1360/1474
f 2457/304/2268 1489/1360/1474 2106/304/2061
f 2459/1360/2269 2458/1359/2269 1490/1359/1474
f 2459/1360/2269 1490/1359/1474 1489/1360/1474
f 2152/1336/1470 1485/1335/1470 1488/1335/1473
f 2152/1336/1470 1488/1335/1473 2153/1336/2095
f 2213/1336/2121 2323/1335/2121 1485/1335/1470
f 2213/1336/2121 1485/1335/1470 2152/1336/1470
f 2323/1335/2121 2228/1281/2129 1486/1281/1471
f 2323/1335/2121 1486/1281/1471 1485/1335/1470
f 2109/308/2063 1481/307/1467 1484/307/1469
f 2109/308/2063 1484/307/1469 2110/308/2064
f 2469/308/2272 2471/307/2273 1481/307/1467
f 2469/308/2272 1481/307/1467 2109/308/2063
f 2471/307/2273 2470/306/2273 1482/306/1467
f 2471/307/2273 1482/306/1467 1481/307/1467
f 2155/1392/1463 1477/1389/1463 1480/1389/1466
f 2155/1392/1463 1480/1389/1466 2156/1392/2096
f 2331/1392/2189 2333/1389/2189 1477/1389/1463
f 2331/1392/2189 1477/1389/1463 2155/1392/1463
f 2333/1389/2189 2209/1338/2118 1478/1338/1464
f 2333/1389/2189 1478/1338/1464 1477/1389/1463
f 2113/1399/2066 1473/1387/1460 1476/1387/1462
f 2113/1399/2066 1476/1387/1462 2114/1399/2067
f 2248/1399/2142 2253/1387/2145 1473/1387/1460
f 2248/1399/2142 1473/1387/1460 2113/1399/2066
f 2253/1387/2145 2252/1388/2145 1474/1388/1460
f 2253/1387/2145 1474/1388/1460 1473/1387/1460
f 2158/1349/1456 1469/1348/1456 1472/1348/1459
f 2158/1349/1456 1472/1348/1459 2100/1349/2057
f 2242/1349/2139 2270/1348/2139 1469/1348/1456
f 2242/1349/2139 1469/1348/1456 2158/1349/1456
f 2270/1348/2139 2269/1347/2155 1470/1347/1457
f 2270/1348/2139 1470/1347/1457 1469/1348/1456
f 2117/1356/2070 1465/1385/1453 1468/1385/1455
f 2117/1356/2070 1468/1385/1455 2118/1356/2071
f 2314/1356/2181 2319/1385/2184 1465/1385/1453
f 2314/1356/2181 1465/1385/1453 2117/1356/2070
f 2319/1385/2184 2318/1386/2184 1466/1386/1453
f 2319/1385/2184 1466/1386/1453 1465/1385/1453
f 2160/1343/1449 1461/1342/1449 1464/1342/1452
f 2160/1343/1449 1464/1342/1452 2095/1343/2052
f 2464/1343/2270 2466/1342/2270 1461/1342/1449
f 2464/1343/2270 1461/1342/1449 2160/1343/1449
f 2466/1342/2270 2238/1341/2136 1462/1341/1450
f 2466/1342/2270 1462/1341/1450 1461/1342/1449
f 2121/1354/2074 1457/1353/1446 1460/1353/1448
f 2121/1354/2074 1460/1353/1448 2122/1354/2075
f 2511/1354/2288 2512/1353/2289 1457/1353/1446
f 2511/1354/2288 1457/1353/1446 2121/1354/2074
f 2512/1353/2289 2493/1352/2283 1458/1352/1446
f 2512/1353/2289 1458/1352/1446 1457/1353/1446
f 2162/1405/1442 1453/1384/1442 1456/1384/1445
f 2162/1405/1442 1456/1384/1445 2090/1405/2047
f 2290/1405/2167 2294/1384/2167 1453/1384/1442
f 2290/1405/2167 1453/1384/1442 2162/1405/1442
f 2294/1384/2167 2293/1340/2169 1454/1340/1443
f 2294/1384/2167 1454/1340/1443 1453/1384/1442
f 2125/1315/2077 1449/1382/1439 1452/1382/1441
f 2125/1315/2077 1452/1382/1441 2126/1315/2078
f 2352/1315/2204 2357/1382/2207 1449/1382/1439
f 2352/1315/2204 1449/1382/1439 2125/1315/2077
f 2357/1382/2207 2356/1383/2207 1450/1383/1439
f 2357/1382/2207 1450/1383/1439 1449/1382/1439
f 2164/1366/1435 1445/1365/1435 1448/1365/1438
f 2164/1366/1435 1448/1365/1438 2085/1366/2042
f 2261/1366/2151 2481/1365/2278 1445/1365/1435
f 2261/1366/2151 1445/1365/1435 2164/1366/1435
f 2481/1365/2278 2480/1370/2277 1446/1370/1436
f 2481/1365/2278 1446/1370/1436 1445/1365/1435
f 2129/1302/2080 1441/1318/1432 1444/1318/1434
f 2129/1302/2080 1444/1318/1434 2130/1302/2081
f 2284/1302/2164 2433/1318/2257 1441/1318/1432
f 2284/1302/2164 1441/1318/1432 2129/1302/2080
f 2433/1318/2257 2432/1317/2257 1442/1317/1432
f 2433/1318/2257 1442/1317/1432 1441/1318/1432
f 2166/1394/1428 1437/1381/1428 1440/1381/1431
f 2166/1394/1428 1440/1381/1431 2080/1394/2037
f 2275/1394/2159 2277/1381/2159 1437/1381/1428
f 2275/1394/2159 1437/1381/1428 2166/1394/1428
f 2277/1381/2159 2257/1368/2147 1438/1368/1429
f 2277/1381/2159 1438/1368/1429 1437/1381/1428
f 2133/1306/2083 1433/1305/1425 1436/1305/1427
f 2133/1306/2083 1436/1305/1427 2134/1306/2084
f 2371/1306/2218 2373/1305/2161 1433/1305/1425
f 2371/1306/2218 1433/1305/1425 2133/1306/2083
f 2373/1305/2161 2280/1304/2161 1434/1304/1425
f 2373/1305/2161 1434/1304/1425 1433/1305/1425
f 2168/1221/1421 1429/1220/1421 1432/1220/1424
f 2168/1221/1421 1432/1220/1424 2075/1221/2032
f 2484/1221/2280 2632/1220/2280 1429/1220/1421
f 2484/1221/2280 1429/1220/1421 2168/1221/1421
f 2632/1220/2280 2345/1219/2198 1430/1219/1422
f 2632/1220/2280 1430/1219/1422 1429/1220/1421
f 2137/1279/2086 1425/1379/1418 1428/1379/1420
f 2137/1279/2086 1428/1379/1420 2138/1279/2087
f 2438/1279/2260 2500/1379/2285 1425/1379/1418
f 2438/1279/2260 1425/1379/1418 2137/1279/2086
f 2500/1379/2285 2499/1380/2285 1426/1380/1418
f 2500/1379/2285 1426/1380/1418 1425/1379/1418
f 2170/1345/1414 1421/1344/1414 1424/1344/1417
f 2170/1345/1414 1424/1344/1417 2070/1345/2027
f 2199/1345/2112 2204/1344/2112 1421/1344/1414
f 2199/1345/2112 1421/1344/1414 2170/1345/1414
f 2204/1344/2112 2203/1218/2115 1422/1218/1415
f 2204/1344/2112 1422/1218/1415 1421/1344/1414
f 2633/1277/2372 1417/1276/1410 1420/1276/1413
f 2633/1277/2372 1420/1276/1413 2625/1277/2365
f 2542/1277/2298 2544/1276/2259 1417/1276/1410
f 2542/1277/2298 1417/1276/1410 2633/1277/2372
f 2544/1276/2259 2436/1275/2259 1418/1275/1411
f 2544/1276/2259 1418/1275/1411 1417/1276/1410
f 2172/1213/1406 1413/1212/1406 1416/1212/1409
f 2172/1213/1406 1416/1212/1409 2065/1213/2022
f 2418/1213/2251 2519/1212/2251 1413/1212/1406
f 2418/1213/2251 1413/1212/1406 2172/1213/1406
f 2519/1212/2251 2338/1211/2192 1414/1211/1407
f 2519/1212/2251 1414/1211/1407 1413/1212/1406
f 2174/10/1402 1409/9/1402 1412/9/1405
f 2174/10/1402 1412/9/1405 2060/10/2017
f 2379/10/2224 2550/9/2224 1409/9/1402
f 2379/10/2224 1409/9/1402 2174/10/1402
f 2550/9/2224 2416/15/2249 1410/15/1403
f 2550/9/2224 1410/15/1403 1409/9/1402
f 2176/1363/1398 1405/1362/1398 1408/1362/1401
f 2176/1363/1398 1408/1362/1401 2055/1363/2012
f 2503/1363/2286 2505/1362/2286 1405/1362/1398
f 2503/1363/2286 1405/1362/1398 2176/1363/1398
f 2505/1362/2286 2377/12/2222 1406/12/1399
f 2505/1362/2286 1406/12/1399 1405/1362/1398
f 2178/1266/2100 1401/1265/1394 1404/1265/1397
f 2178/1266/2100 1404/1265/1397 2050/1266/2007
f 2394/1266/2234 2398/1265/2234 1401/1265/1394
f 2394/1266/2234 1401/1265/1394 2178/1266/2100
f 2398/1265/2234 2397/1264/2236 1402/1264/1395
f 2398/1265/2234 1402/1264/1395 1401/1265/1394
f 2180/1402/1390 1397/1378/1390 1400/1378/1393
f 2180/1402/1390 1400/1378/1393 2045/1402/2002
f 2326/1402/2187 2406/1378/2187 1397/1378/1390
f 2326/1402/2187 1397/1378/1390 2180/1402/1390
f 2406/1378/2187 2405/1262/2242 1398/1262/1391
f 2406/1378/2187 1398/1262/1391 1397/1378/1390
f 2182/1396/2101 1393/1376/1386 1396/1376/1389
f 2182/1396/2101 1396/1376/1389 2040/1396/1997
f 2219/1396/2124 2223/1376/2124 1393/1376/1386
f 2219/1396/2124 1393/1376/1386 2182/1396/2101
f 2223/1376/2124 2222/1377/2126 1394/1377/1387
f 2223/1376/2124 1394/1377/1387 1393/1376/1386
f 2184/1325/1382 1389/1324/1382 1392/1324/1385
f 2184/1325/1382 1392/1324/1385 2035/1325/1992
f 2411/1325/2247 2554/1324/2303 1389/1324/1382
f 2411/1325/2247 1389/1324/1382 2184/1325/1382
f 2554/1324/2303 2307/1323/2177 1390/1323/1383
f 2554/1324/2303 1390/1323/1383 1389/1324/1382
f 1514/1107/1378 1385/1106/1378 1388/1106/1381
f 1514/1107/1378 1388/1106/1381 1515/1107/1493
f 2189/1107/2106 2194/1106/2106 1385/1106/1378
f 2189/1107/2106 1385/1106/1378 1514/1107/1378
f 2194/1106/2106 2193/1110/2109 1386/1110/1379
f 2194/1106/2106 1386/1110/1379 1385/1106/1378
f 1506/1320/1374 1381/1319/1374 1384/1319/1377
f 1506/1320/1374 1384/1319/1377 1507/1320/1487
f 2426/1320/2255 2538/1319/2255 1381/1319/1374
f 2426/1320/2255 1381/1319/1374 1506/1320/1374
f 2538/1319/2255 2537/1109/2296 1382/1109/1375
f 2538/1319/2255 1382/1109/1375 1381/1319/1374
f 1498/1391/1370 1377/1375/1370 1380/1375/1373
f 1498/1391/1370 1380/1375/1373 1499/1391/1481
f 2384/1391/2227 2389/1375/2227 1377/1375/1370
f 2384/1391/2227 1377/1375/1370 1498/1391/1370
f 2389/1375/2227 2388/1322/2230 1378/1322/1371
f 2389/1375/2227 1378/1322/1371 1377/1375/1370
f 2441/1391/2261 2567/1375/2261 2386/1375/2228
f 2441/1391/2261 2386/1375/2228 2385/1391/2228
f 1538/1391/1515 1537/1375/1514 2567/1375/2261
f 1538/1391/1515 2567/1375/2261 2441/1391/2261
f 1537/1375/1514 1324/1322/1323 2568/1322/2309
f 1537/1375/1514 2568/1322/2309 2567/1375/2261
f 2429/1320/2256 2564/1319/2256 2535/1319/2254
f 2429/1320/2256 2535/1319/2254 2425/1320/2254
f 1322/1320/1321 1321/1319/1320 2564/1319/2256
f 1322/1320/1321 2564/1319/2256 2429/1320/2256
f 1321/1319/1320 1111/1109/1111 2565/1109/2307
f 1321/1319/1320 2565/1109/2307 2564/1319/2256
f 2414/1107/2248 2561/1106/2248 2191/1106/2107
f 2414/1107/2248 2191/1106/2107 2190/1107/2107
f 1109/1107/1109 1108/1106/1108 2561/1106/2248
f 1109/1107/1109 2561/1106/2248 2414/1107/2248
f 1108/1106/1108 1112/1110/1112 2562/1110/2306
f 1108/1106/1108 2562/1110/2306 2561/1106/2248
f 2186/1325/2103 2558/1324/2103 2553/1324/2104
f 2186/1325/2103 2553/1324/2104 2187/1325/2104
f 1327/1325/1326 1326/1324/1325 2558/1324/2103
f 1327/1325/1326 2558/1324/2103 2186/1325/2103
f 1326/1324/1325 1325/1323/1324 2559/1323/2305
f 1326/1324/1325 2559/1323/2305 2558/1324/2103
f 2196/1396/2110 2555/1376/2110 2220/1376/2111
f 2196/1396/2110 2220/1376/2111 2197/1396/2111
f 1525/1396/1503 1524/1376/1502 2555/1376/2110
f 1525/1396/1503 2555/1376/2110 2196/1396/2110
f 1524/1376/1502 1523/1377/1501 2556/1377/2304
f 1524/1376/1502 2556/1377/2304 2555/1376/2110
f 2206/1402/2116 2551/1378/2116 2403/1378/2117
f 2206/1402/2116 2403/1378/2117 2207/1402/2117
f 1541/1402/1518 1540/1378/1517 2551/1378/2116
f 1541/1402/1518 2551/1378/2116 2206/1402/2116
f 1540/1378/1517 1264/1262/1263 2552/1262/2302
f 1540/1378/1517 2552/1262/2302 2551/1378/2116
f 2216/1266/2122 2548/1265/2122 2395/1265/2123
f 2216/1266/2122 2395/1265/2123 2217/1266/2123
f 1268/1266/1267 1267/1265/1266 2548/1265/2122
f 1268/1266/1267 2548/1265/2122 2216/1266/2122
f 1267/1265/1266 1266/1264/1265 2549/1264/2301
f 1267/1265/1266 2549/1264/2301 2548/1265/2122
f 2225/1363/2127 2545/1362/2127 2504/1362/2128
f 2225/1363/2127 2504/1362/2128 2226/1363/2128
f 1365/1363/1360 1364/1362/1359 2545/1362/2127
f 1365/1363/1360 2545/1362/2127 2225/1363/2127
f 1364/1362/1359 12/12/12 2546/12/2300
f 1364/1362/1359 2546/12/2300 2545/1362/2127
f 2235/10/2134 2539/9/2134 2541/9/2135
f 2235/10/2134 2541/9/2135 2236/10/2135
f 10/10/10 9/9/9 2539/9/2134
f 10/10/10 2539/9/2134 2235/10/2134
f 9/9/9 15/15/15 2540/15/2297
f 9/9/9 2540/15/2297 2539/9/2134
f 2245/1213/2140 2533/1212/2140 2518/1212/2141
f 2245/1213/2140 2518/1212/2141 2246/1213/2141
f 1215/1213/1214 1214/1212/1211 2533/1212/2140
f 1215/1213/1214 2533/1212/2140 2245/1213/2140
f 1214/1212/1211 1213/1211/1213 2534/1211/2294
f 1214/1212/1211 2534/1211/2294 2533/1212/2140
f 2634/1277/2373 2529/1276/2293 2531/1276/2197
f 2634/1277/2373 2531/1276/2197 2543/1277/2299
f 1279/1277/1278 1278/1276/1277 2529/1276/2293
f 1279/1277/1278 2529/1276/2293 2634/1277/2373
f 1278/1276/1277 1277/1275/1276 2530/1275/2194
f 1278/1276/1277 2530/1275/2194 2529/1276/2293
f 2255/1345/2146 2526/1344/2146 2201/1344/2113
f 2255/1345/2146 2201/1344/2113 2200/1345/2113
f 1347/1345/1344 1346/1344/1343 2526/1344/2146
f 1347/1345/1344 2526/1344/2146 2255/1345/2146
f 1346/1344/1343 1220/1218/1219 2527/1218/2292
f 1346/1344/1343 2527/1218/2292 2526/1344/2146
f 2342/1279/2195 2524/1379/2200 2497/1379/2203
f 2342/1279/2195 2497/1379/2203 2343/1279/2196
f 1281/1279/1280 1536/1379/1513 2524/1379/2200
f 1281/1279/1280 2524/1379/2200 2342/1279/2195
f 1536/1379/1513 1535/1380/1512 2525/1380/2200
f 1536/1379/1513 2525/1380/2200 2524/1379/2200
f 2264/1221/2152 2520/1220/2152 2522/1220/2153
f 2264/1221/2152 2522/1220/2153 2265/1221/2153
f 1223/1221/1222 1222/1220/1221 2520/1220/2152
f 1223/1221/1222 2520/1220/2152 2264/1221/2152
f 1222/1220/1221 1221/1219/1220 2521/1219/2291
f 1222/1220/1221 2521/1219/2291 2520/1220/2152
f 2349/1306/2201 2516/1305/2208 2372/1305/2162
f 2349/1306/2201 2372/1305/2162 2350/1306/2202
f 1308/1306/1307 1307/1305/1306 2516/1305/2208
f 1308/1306/1307 2516/1305/2208 2349/1306/2201
f 1307/1305/1306 1306/1304/1305 2517/1304/2208
f 1307/1305/1306 2517/1304/2208 2516/1305/2208
f 2272/1394/2157 2513/1381/2157 2276/1381/2158
f 2272/1394/2157 2276/1381/2158 2273/1394/2158
f 1521/1394/1499 1520/1381/1498 2513/1381/2157
f 1521/1394/1499 2513/1381/2157 2272/1394/2157
f 1520/1381/1498 1370/1368/1364 2514/1368/2290
f 1520/1381/1498 2514/1368/2290 2513/1381/2157
f 2359/1302/2209 2509/1318/2210 2430/1318/2212
f 2359/1302/2209 2430/1318/2212 2283/1302/2163
f 1304/1302/1303 1320/1318/1319 2509/1318/2210
f 1304/1302/1303 2509/1318/2210 2359/1302/2209
f 1320/1318/1319 1319/1317/1318 2510/1317/2210
f 1320/1318/1319 2510/1317/2210 2509/1318/2210
f 2279/1366/2160 2506/1365/2160 2478/1365/2150
f 2279/1366/2160 2478/1365/2150 2260/1366/2150
f 1368/1366/1363 1367/1365/1362 2506/1365/2160
f 1368/1366/1363 2506/1365/2160 2279/1366/2160
f 1367/1365/1362 1372/1370/1366 2507/1370/2287
f 1367/1365/1362 2507/1370/2287 2506/1365/2160
f 2362/1315/2211 2501/1382/2215 2354/1382/2206
f 2362/1315/2211 2354/1382/2206 2353/1315/2205
f 1317/1315/1316 1533/1382/1509 2501/1382/2215
f 1317/1315/1316 2501/1382/2215 2362/1315/2211
f 1533/1382/1509 1532/1383/1510 2502/1383/2215
f 1533/1382/1509 2502/1383/2215 2501/1382/2215
f 2287/1405/2165 2495/1384/2165 2291/1384/2166
f 2287/1405/2165 2291/1384/2166 2288/1405/2166
f 1547/1405/1524 1546/1384/1523 2495/1384/2165
f 1547/1405/1524 2495/1384/2165 2287/1405/2165
f 1546/1384/1523 1342/1340/1340 2496/1340/2284
f 1546/1384/1523 2496/1340/2284 2495/1384/2165
f 2368/1354/2216 2489/1353/2219 2492/1353/2221
f 2368/1354/2216 2492/1353/2221 2369/1354/2217
f 1356/1354/1352 1355/1353/1351 2489/1353/2219
f 1356/1354/1352 2489/1353/2219 2368/1354/2216
f 1355/1353/1351 1354/1352/1350 2490/1352/2219
f 1355/1353/1351 2490/1352/2219 2489/1353/2219
f 2296/1343/2170 2486/1342/2170 2465/1342/2171
f 2296/1343/2170 2465/1342/2171 2297/1343/2171
f 1345/1343/1342 1344/1342/1339 2486/1342/2170
f 1345/1343/1342 2486/1342/2170 2296/1343/2170
f 1344/1342/1339 1343/1341/1341 2487/1341/2282
f 1344/1342/1339 2487/1341/2282 2486/1342/2170
f 2375/1356/2220 2482/1385/2279 2316/1385/2183
f 2375/1356/2220 2316/1385/2183 2315/1356/2182
f 1358/1356/1354 1529/1385/1507 2482/1385/2279
f 1358/1356/1354 2482/1385/2279 2375/1356/2220
f 1529/1385/1507 1528/1386/1506 2483/1386/2225
f 1529/1385/1507 2483/1386/2225 2482/1385/2279
f 2306/1349/2176 2476/1348/2176 2267/1348/2138
f 2306/1349/2176 2267/1348/2138 2241/1349/2138
f 1351/1349/1347 1350/1348/1346 2476/1348/2176
f 1351/1349/1347 2476/1348/2176 2306/1349/2176
f 1350/1348/1346 1349/1347/1345 2477/1347/2275
f 1350/1348/1346 2477/1347/2275 2476/1348/2176
f 2382/1399/2226 2472/1387/2231 2250/1387/2144
f 2382/1399/2226 2250/1387/2144 2249/1399/2143
f 1530/1399/1508 1545/1387/1522 2472/1387/2231
f 1530/1399/1508 2472/1387/2231 2382/1399/2226
f 1545/1387/1522 1544/1388/1521 2473/1388/2231
f 1545/1387/1522 2473/1388/2231 2472/1387/2231
f 2311/1392/2179 2467/1389/2179 2332/1389/2180
f 2311/1392/2179 2332/1389/2180 2312/1392/2180
f 1518/1392/1496 1517/1389/1495 2467/1389/2179
f 1518/1392/1496 2467/1389/2179 2311/1392/2179
f 1517/1389/1495 1340/1338/1338 2468/1338/2271
f 1517/1389/1495 2468/1338/2271 2467/1389/2179
f 2391/308/2232 2460/307/2237 2463/307/2240
f 2391/308/2232 2463/307/2240 2392/308/2233
f 310/308/310 309/307/309 2460/307/2237
f 310/308/310 2460/307/2237 2391/308/2232
f 309/307/309 308/306/308 2461/306/2237
f 309/307/309 2461/306/2237 2460/307/2237
f 2321/1336/2185 2455/1335/2185 2322/1335/2120
f 2321/1336/2185 2322/1335/2120 2212/1336/2120
f 1338/1336/1336 1337/1335/1335 2455/1335/2185
f 1338/1336/1336 2455/1335/2185 2321/1336/2185
f 1337/1335/1335 1283/1281/1282 2456/1281/2267
f 1337/1335/1335 2456/1281/2267 2455/1335/2185
f 2400/304/2238 2450/1360/2243 2453/1360/2246
f 2400/304/2238 2453/1360/2246 2401/304/2239
f 306/304/306 1362/1360/1356 2450/1360/2243
f 306/304/306 2450/1360/2243 2400/304/2238
f 1362/1360/1356 1361/1359/1357 2451/1359/2243
f 1362/1360/1356 2451/1359/2243 2450/1360/2243
f 2325/1286/2186 2446/1285/2265 2448/1285/2131
f 2325/1286/2186 2448/1285/2131 2231/1286/2131
f 1288/1286/1287 1287/1285/1286 2446/1285/2265
f 1288/1286/1287 2446/1285/2265 2325/1286/2186
f 1287/1285/1286 1286/1284/1285 2447/1284/2266
f 1287/1285/1286 2447/1284/2266 2446/1285/2265
f 2408/1357/2244 2440/1390/2261 2442/1390/2228
f 2408/1357/2244 2442/1390/2228 2409/1357/2245
f 1359/1357/1355 1539/1390/1516 2440/1390/2261
f 1359/1357/1355 2440/1390/2261 2408/1357/2244
f 1539/1390/1516 1538/1391/1515 2441/1391/2261
f 1539/1390/1516 2441/1391/2261 2440/1390/2261
f 2329/1328/2188 2434/1327/2188 2301/1327/2173
f 2329/1328/2188 2301/1327/2173 2300/1328/2173
f 1330/1328/1328 1329/1327/1327 2434/1327/2188
f 1330/1328/1328 2434/1327/2188 2329/1328/2188
f 1329/1327/1327 1333/1331/1331 2435/1331/2258
f 1329/1327/1327 2435/1331/2258 2434/1327/2188
f 2568/1322/2309 2428/1321/2256 2424/1321/2254
f 2568/1322/2309 2424/1321/2254 2387/1322/2229
f 1324/1322/1323 1323/1321/1322 2428/1321/2256
f 1324/1322/1323 2428/1321/2256 2568/1322/2309
f 1323/1321/1322 1322/1320/1321 2429/1320/2256
f 1323/1321/1322 2429/1320/2256 2428/1321/2256
f 2335/1373/2190 2420/1372/2190 2423/1372/2191
f 2335/1373/2190 2423/1372/2191 2336/1373/2191
f 1375/1373/1369 1374/1372/1368 2420/1372/2190
f 1375/1373/1369 2420/1372/2190 2335/1373/2190
f 1374/1372/1368 1373/1371/1367 2421/1371/2252
f 1374/1372/1368 2421/1371/2252 2420/1372/2190
f 2565/1109/2307 2413/1108/2248 2415/1108/2107
f 2565/1109/2307 2415/1108/2107 2536/1109/2295
f 1111/1109/1111 1110/1108/1110 2413/1108/2248
f 1111/1109/1111 2413/1108/2248 2565/1109/2307
f 1110/1108/1110 1109/1107/1109 2414/1107/2248
f 1110/1108/1110 2414/1107/2248 2413/1108/2248
f 2451/1359/2243 2407/1358/2243 2410/1358/2246
f 2451/1359/2243 2410/1358/2246 2452/1359/2246
f 1361/1359/1357 1360/1358/1356 2407/1358/2243
f 1361/1359/1357 2407/1358/2243 2451/1359/2243
f 1360/1358/1356 1359/1357/1355 2408/1357/2244
f 1360/1358/1356 2408/1357/2244 2407/1358/2243
f 2461/306/2237 2399/305/2237 2402/305/2240
f 2461/306/2237 2402/305/2240 2462/306/2240
f 308/306/308 307/305/307 2399/305/2237
f 308/306/308 2399/305/2237 2461/306/2237
f 307/305/307 306/304/306 2400/304/2238
f 307/305/307 2400/304/2238 2399/305/2237
f 2473/1388/2231 2390/1404/2231 2393/1404/2144
f 2473/1388/2231 2393/1404/2144 2251/1388/2144
f 1544/1388/1521 1543/1404/1520 2390/1404/2231
f 1544/1388/1521 2390/1404/2231 2473/1388/2231
f 1543/1404/1520 310/308/310 2391/308/2232
f 1543/1404/1520 2391/308/2232 2390/1404/2231
f 2483/1386/2225 2381/1398/2225 2383/1398/2183
f 2483/1386/2225 2383/1398/2183 2317/1386/2183
f 1528/1386/1506 1527/1398/1505 2381/1398/2225
f 1528/1386/1506 2381/1398/2225 2483/1386/2225
f 1527/1398/1505 1530/1399/1508 2382/1399/2226
f 1527/1398/1505 2382/1399/2226 2381/1398/2225
f 2490/1352/2219 2374/1351/2219 2376/1351/2221
f 2490/1352/2219 2376/1351/2221 2491/1352/2221
f 1354/1352/1350 1353/1351/1349 2374/1351/2219
f 1354/1352/1350 2374/1351/2219 2490/1352/2219
f 1353/1351/1349 1358/1356/1354 2375/1356/2220
f 1353/1351/1349 2375/1356/2220 2374/1351/2219
f 2502/1383/2215 2367/1400/2215 2370/1400/2206
f 2502/1383/2215 2370/1400/2206 2355/1383/2206
f 1532/1383/1510 1531/1400/1509 2367/1400/2215
f 1532/1383/1510 2367/1400/2215 2502/1383/2215
f 1531/1400/1509 1356/1354/1352 2368/1354/2216
f 1531/1400/1509 2368/1354/2216 2367/1400/2215
f 2510/1317/2210 2361/1316/2210 2363/1316/2212
f 2510/1317/2210 2363/1316/2212 2431/1317/2212
f 1319/1317/1318 1318/1316/1317 2361/1316/2210
f 1319/1317/1318 2361/1316/2210 2510/1317/2210
f 1318/1316/1317 1317/1315/1316 2362/1315/2211
f 1318/1316/1317 2362/1315/2211 2361/1316/2210
f 2517/1304/2208 2358/1303/2208 2282/1303/2162
f 2517/1304/2208 2282/1303/2162 2281/1304/2162
f 1306/1304/1305 1305/1303/1304 2358/1303/2208
f 1306/1304/1305 2358/1303/2208 2517/1304/2208
f 1305/1303/1304 1304/1302/1303 2359/1302/2209
f 1305/1303/1304 2359/1302/2209 2358/1303/2208
f 2525/1380/2200 2348/1401/2200 2351/1401/2203
f 2525/1380/2200 2351/1401/2203 2498/1380/2203
f 1535/1380/1512 1534/1401/1511 2348/1401/2200
f 1535/1380/1512 2348/1401/2200 2525/1380/2200
f 1534/1401/1511 1308/1306/1307 2349/1306/2201
f 1534/1401/1511 2349/1306/2201 2348/1401/2200
f 2530/1275/2194 2341/1274/2194 2344/1274/2197
f 2530/1275/2194 2344/1274/2197 2437/1275/2197
f 1277/1275/1276 1276/1274/1275 2341/1274/2194
f 1277/1275/1276 2341/1274/2194 2530/1275/2194
f 1276/1274/1275 1281/1279/1280 2342/1279/2195
f 1276/1274/1275 2342/1279/2195 2341/1274/2194
f 2435/1331/2258 2334/1374/2190 2337/1374/2191
f 2435/1331/2258 2337/1374/2191 2302/1331/2174
f 1333/1331/1331 1376/1374/1368 2334/1374/2190
f 1333/1331/1331 2334/1374/2190 2435/1331/2258
f 1376/1374/1368 1375/1373/1369 2335/1373/2190
f 1376/1374/1368 2335/1373/2190 2334/1374/2190
f 2447/1284/2266 2328/1329/2188 2330/1329/2173
f 2447/1284/2266 2330/1329/2173 2365/1284/2214
f 1286/1284/1285 1331/1329/1329 2328/1329/2188
f 1286/1284/1285 2328/1329/2188 2447/1284/2266
f 1331/1329/1329 1330/1328/1328 2329/1328/2188
f 1331/1329/1329 2329/1328/2188 2328/1329/2188
f 2456/1281/2267 2324/1280/2186 2230/1280/2131
f 2456/1281/2267 2230/1280/2131 2229/1281/2130
f 1283/1281/1282 1282/1280/1281 2324/1280/2186
f 1283/1281/1282 2324/1280/2186 2456/1281/2267
f 1282/1280/1281 1288/1286/1287 2325/1286/2186
f 1282/1280/1281 2325/1286/2186 2324/1280/2186
f 2468/1338/2271 2320/1337/2185 2211/1337/2120
f 2468/1338/2271 2211/1337/2120 2210/1338/2119
f 1340/1338/1338 1339/1337/1337 2320/1337/2185
f 1340/1338/1338 2320/1337/2185 2468/1338/2271
f 1339/1337/1337 1338/1336/1336 2321/1336/2185
f 1339/1337/1337 2321/1336/2185 2320/1337/2185
f 2477/1347/2275 2310/1393/2179 2313/1393/2180
f 2477/1347/2275 2313/1393/2180 2268/1347/2154
f 1349/1347/1345 1519/1393/1497 2310/1393/2179
f 1349/1347/1345 2310/1393/2179 2477/1347/2275
f 1519/1393/1497 1518/1392/1496 2311/1392/2179
f 1519/1393/1497 2311/1392/2179 2310/1393/2179
f 2487/1341/2282 2305/1350/2176 2240/1350/2138
f 2487/1341/2282 2240/1350/2138 2239/1341/2137
f 1343/1341/1341 1352/1350/1348 2305/1350/2176
f 1343/1341/1341 2305/1350/2176 2487/1341/2282
f 1352/1350/1348 1351/1349/1347 2306/1349/2176
f 1352/1350/1348 2306/1349/2176 2305/1350/2176
f 2496/1340/2284 2295/1339/2170 2298/1339/2171
f 2496/1340/2284 2298/1339/2171 2292/1340/2168
f 1342/1340/1340 1341/1339/1339 2295/1339/2170
f 1342/1340/1340 2295/1339/2170 2496/1340/2284
f 1341/1339/1339 1345/1343/1342 2296/1343/2170
f 1341/1339/1339 2296/1343/2170 2295/1339/2170
f 2507/1370/2287 2286/1406/2165 2289/1406/2166
f 2507/1370/2287 2289/1406/2166 2479/1370/2276
f 1372/1370/1366 1548/1406/1525 2286/1406/2165
f 1372/1370/1366 2286/1406/2165 2507/1370/2287
f 1548/1406/1525 1547/1405/1524 2287/1405/2165
f 1548/1406/1525 2287/1405/2165 2286/1406/2165
f 2514/1368/2290 2278/1367/2160 2259/1367/2149
f 2514/1368/2290 2259/1367/2149 2258/1368/2148
f 1370/1368/1364 1369/1367/1362 2278/1367/2160
f 1370/1368/1364 2278/1367/2160 2514/1368/2290
f 1369/1367/1362 1368/1366/1363 2279/1366/2160
f 1369/1367/1362 2279/1366/2160 2278/1367/2160
f 2521/1219/2291 2271/1395/2156 2274/1395/2158
f 2521/1219/2291 2274/1395/2158 2346/1219/2199
f 1221/1219/1220 1522/1395/1500 2271/1395/2156
f 1221/1219/1220 2271/1395/2156 2521/1219/2291
f 1522/1395/1500 1521/1394/1499 2272/1394/2157
f 1522/1395/1500 2272/1394/2157 2271/1395/2156
f 2527/1218/2292 2263/1222/2152 2266/1222/2153
f 2527/1218/2292 2266/1222/2153 2202/1218/2114
f 1220/1218/1219 1224/1222/1223 2263/1222/2152
f 1220/1218/1219 2263/1222/2152 2527/1218/2292
f 1224/1222/1223 1223/1221/1222 2264/1221/2152
f 1224/1222/1223 2264/1221/2152 2263/1222/2152
f 2534/1211/2294 2254/1346/2146 2256/1346/2113
f 2534/1211/2294 2256/1346/2113 2339/1211/2193
f 1213/1211/1213 1348/1346/1343 2254/1346/2146
f 1213/1211/1213 2254/1346/2146 2534/1211/2294
f 1348/1346/1343 1347/1345/1344 2255/1345/2146
f 1348/1346/1343 2255/1345/2146 2254/1346/2146
f 2540/15/2297 2244/1209/2140 2247/1209/2141
f 2540/15/2297 2247/1209/2141 2417/15/2250
f 15/15/15 1211/1209/1211 2244/1209/2140
f 15/15/15 2244/1209/2140 2540/15/2297
f 1211/1209/1211 1215/1213/1214 2245/1213/2140
f 1211/1209/1211 2245/1213/2140 2244/1209/2140
f 2546/12/2300 2234/11/2134 2237/11/2135
f 2546/12/2300 2237/11/2135 2378/12/2223
f 12/12/12 11/11/11 2234/11/2134
f 12/12/12 2234/11/2134 2546/12/2300
f 11/11/11 10/10/10 2235/10/2134
f 11/11/11 2235/10/2134 2234/11/2134
f 2549/1264/2301 2224/1364/2127 2227/1364/2128
f 2549/1264/2301 2227/1364/2128 2396/1264/2235
f 1266/1264/1265 1366/1364/1361 2224/1364/2127
f 1266/1264/1265 2224/1364/2127 2549/1264/2301
f 1366/1364/1361 1365/1363/1360 2225/1363/2127
f 1366/1364/1361 2225/1363/2127 2224/1364/2127
f 2552/1262/2302 2215/1267/2122 2218/1267/2123
f 2552/1262/2302 2218/1267/2123 2404/1262/2241
f 1264/1262/1263 1269/1267/1268 2215/1267/2122
f 1264/1262/1263 2215/1267/2122 2552/1262/2302
f 1269/1267/1268 1268/1266/1267 2216/1266/2122
f 1269/1267/1268 2216/1266/2122 2215/1267/2122
f 2556/1377/2304 2205/1403/2116 2208/1403/2117
f 2556/1377/2304 2208/1403/2117 2221/1377/2125
f 1523/1377/1501 1542/1403/1519 2205/1403/2116
f 1523/1377/1501 2205/1403/2116 2556/1377/2304
f 1542/1403/1519 1541/1402/1518 2206/1402/2116
f 1542/1403/1519 2206/1402/2116 2205/1403/2116
f 2559/1323/2305 2195/1397/2110 2198/1397/2111
f 2559/1323/2305 2198/1397/2111 2308/1323/2178
f 1325/1323/1324 1526/1397/1504 2195/1397/2110
f 1325/1323/1324 2195/1397/2110 2559/1323/2305
f 1526/1397/1504 1525/1396/1503 2196/1396/2110
f 1526/1397/1504 2196/1396/2110 2195/1397/2110
f 2562/1110/2306 2185/1326/2103 2188/1326/2105
f 2562/1110/2306 2188/1326/2105 2192/1110/2108
f 1112/1110/1112 1328/1326/1325 2185/1326/2103
f 1112/1110/1112 2185/1326/2103 2562/1110/2306
f 1328/1326/1325 1327/1325/1326 2186/1325/2103
f 1328/1326/1325 2186/1325/2103 2185/1326/2103
f 2484/1221/2280 2265/1221/2153 2522/1220/2153
f 2522/1220/2153 2346/1219/2199 2345/1219/2198
f 2632/1220/2280 2484/1221/2280 2522/1220/2153
f 2522/1220/2153 2345/1219/2198 2632/1220/2280
f 2635/1471/2374 2636/1471/2374 2637/1471/2375
f 2635/1471/2374 2637/1471/2375 2638/1471/2376
f 2639/1471/2377 2640/1471/2377 2641/1471/2378
f 2639/1471/2377 2641/1471/2378 2642/1471/2378
f 2643/1471/2379 2644/1471/2380 2645/1471/2381
f 2643/1471/2379 2645/1471/2381 2646/1471/2382
f 2647/1471/2383 2648/1471/2383 2649/1471/2384
f 2647/1471/2383 2649/1471/2384 2650/1471/2384
f 2651/1471/2385 2652/1471/2386 2653/1471/2387
f 2651/1471/2385 2653/1471/2387 2654/1471/2388
f 2655/1471/2389 2656/1471/2389 2657/1471/2390
f 2655/1471/2389 2657/1471/2390 2658/1471/2390
f 2659/1471/2391 2660/1471/2392 2661/1471/2393
f 2659/1471/2391 2661/1471/2393 2662/1471/2394
f 2663/1471/2395 2664/1471/2395 2665/1471/2396
f 2663/1471/2395 2665/1471/2396 2666/1471/2396
f 2667/1471/2397 2668/1471/2398 2669/1471/2399
f 2667/1471/2397 2669/1471/2399 2670/1471/2400
f 2671/1471/2401 2672/1471/2402 2673/1471/2403
f 2671/1471/2401 2673/1471/2403 2674/1471/2403
f 2675/1471/2404 2676/1471/2405 2677/1471/2406
f 2675/1471/2404 2677/1471/2406 2678/1471/2407
f 2679/1471/2408 2680/1471/2408 2681/1471/2409
f 2679/1471/2408 2681/1471/2409 2682/1471/2409
f 2683/1471/2410 2684/1471/2411 2685/1471/2412
f 2683/1471/2410 2685/1471/2412 2686/1471/2413
f 2687/1471/2414 2688/1471/2414 2689/1471/2415
f 2687/1471/2414 2689/1471/2415 2690/1471/2416
f 2691/1471/2417 2692/1471/2418 2693/1471/2419
f 2691/1471/2417 2693/1471/2419 2694/1471/2420
f 2695/1471/2421 2696/1471/2421 2697/1471/2422
f 2695/1471/2421 2697/1471/2422 2698/1471/2423
f 2699/1471/2424 2700/1471/2425 2701/1471/2426
f 2699/1471/2424 2701/1471/2426 2702/1471/2427
f 2703/1471/2428 2704/1471/2428 2705/1471/2429
f 2703/1471/2428 2705/1471/2429 2706/1471/2429
f 2707/1471/2430 2708/1471/2431 2709/1471/2432
f 2707/1471/2430 2709/1471/2432 2710/1471/2433
f 2711/1471/2434 2712/1471/2434 2713/1471/2435
f 2711/1471/2434 2713/1471/2435 2714/1471/2435
f 2715/1471/2436 2716/1471/2437 2717/1471/2438
f 2715/1471/2436 2717/1471/2438 2718/1471/2439
f 2719/1471/2440 2720/1471/2440 2721/1471/2441
f 2719/1471/2440 2721/1471/2441 2722/1471/2441
f 2723/1471/2442 2724/1471/2443 2725/1471/2444
f 2723/1471/2442 2725/1471/2444 2726/1471/2445
f 2727/1471/2446 2728/1471/2446 2729/1471/2447
f 2727/1471/2446 2729/1471/2447 2730/1471/2448
f 2731/1471/2449 2732/1471/2450 2733/1471/2451
f 2731/1471/2449 2733/1471/2451 2734/1471/2452
f 2735/1471/2453 2736/1471/2453 2737/1471/2454
f 2735/1471/2453 2737/1471/2454 2738/1471/2455
f 2739/1471/2456 2740/1471/2457 2741/1471/2458
f 2739/1471/2456 2741/1471/2458 2742/1471/2459
f 2743/1471/2460 2744/1471/2460 2745/1471/2461
f 2743/1471/2460 2745/1471/2461 2746/1471/2462
f 2747/1471/2463 2748/1471/2464 2749/1471/2465
f 2747/1471/2463 2749/1471/2465 2750/1471/2466
f 2751/1471/2467 2752/1471/2467 2753/1471/2468
f 2751/1471/2467 2753/1471/2468 2754/1471/2468
f 2755/1471/2469 2756/1471/2470 2757/1471/2471
f 2755/1471/2469 2757/1471/2471 2758/1471/2472
f 2759/1471/2473 2760/1471/2473 2761/1471/2474
f 2759/1471/2473 2761/1471/2474 2762/1471/2474
f 2636/1471/2374 2763/1471/2475 2764/1471/2476
f 2636/1471/2374 2764/1471/2476 2637/1471/2375
f 2652/1471/2386 2765/1471/2379 2766/1471/2382
f 2652/1471/2386 2766/1471/2382 2653/1471/2387
f 2640/1471/2377 2767/1471/2477 2768/1471/2478
f 2640/1471/2377 2768/1471/2478 2641/1471/2378
f 2660/1471/2392 2769/1471/2385 2770/1471/2479
f 2660/1471/2392 2770/1471/2479 2661/1471/2393
f 2648/1471/2383 2771/1471/2480 2772/1471/2481
f 2648/1471/2383 2772/1471/2481 2649/1471/2384
f 2668/1471/2398 2773/1471/2391 2774/1471/2394
f 2668/1471/2398 2774/1471/2394 2669/1471/2399
f 2656/1471/2389 2775/1471/2482 2776/1471/2483
f 2656/1471/2389 2776/1471/2483 2657/1471/2390
f 2676/1471/2405 2777/1471/2484 2778/1471/2485
f 2676/1471/2405 2778/1471/2485 2677/1471/2406
f 2664/1471/2395 2779/1471/2486 2780/1471/2487
f 2664/1471/2395 2780/1471/2487 2665/1471/2396
f 2684/1471/2411 2781/1471/2488 2782/1471/2407
f 2684/1471/2411 2782/1471/2407 2685/1471/2412
f 2672/1471/2402 2783/1471/2489 2784/1471/2490
f 2672/1471/2402 2784/1471/2490 2673/1471/2403
f 2692/1471/2418 2785/1471/2410 2786/1471/2413
f 2692/1471/2418 2786/1471/2413 2693/1471/2419
f 2680/1471/2408 2787/1471/2491 2788/1471/2492
f 2680/1471/2408 2788/1471/2492 2681/1471/2409
f 2700/1471/2425 2789/1471/2417 2790/1471/2420
f 2700/1471/2425 2790/1471/2420 2701/1471/2426
f 2688/1471/2414 2791/1471/2493 2792/1471/2494
f 2688/1471/2414 2792/1471/2494 2689/1471/2415
f 2708/1471/2431 2793/1471/2424 2794/1471/2495
f 2708/1471/2431 2794/1471/2495 2709/1471/2432
f 2696/1471/2421 2795/1471/2496 2796/1471/2497
f 2696/1471/2421 2796/1471/2497 2697/1471/2422
f 2716/1471/2437 2797/1471/2430 2798/1471/2433
f 2716/1471/2437 2798/1471/2433 2717/1471/2438
f 2704/1471/2428 2799/1471/2498 2800/1471/2499
f 2704/1471/2428 2800/1471/2499 2705/1471/2429
f 2724/1471/2443 2801/1471/2500 2802/1471/2439
f 2724/1471/2443 2802/1471/2439 2725/1471/2444
f 2712/1471/2434 2803/1471/2501 2804/1471/2502
f 2712/1471/2434 2804/1471/2502 2713/1471/2435
f 2732/1471/2450 2805/1471/2442 2806/1471/2445
f 2732/1471/2450 2806/1471/2445 2733/1471/2451
f 2720/1471/2440 2807/1471/2503 2808/1471/2504
f 2720/1471/2440 2808/1471/2504 2721/1471/2441
f 2740/1471/2457 2809/1471/2449 2810/1471/2505
f 2740/1471/2457 2810/1471/2505 2741/1471/2458
f 2728/1471/2446 2811/1471/2506 2812/1471/2507
f 2728/1471/2446 2812/1471/2507 2729/1471/2447
f 2748/1471/2464 2813/1471/2456 2814/1471/2508
f 2748/1471/2464 2814/1471/2508 2749/1471/2465
f 2736/1471/2453 2815/1471/2509 2816/1471/2510
f 2736/1471/2453 2816/1471/2510 2737/1471/2454
f 2756/1471/2470 2817/1471/2463 2818/1471/2511
f 2756/1471/2470 2818/1471/2511 2757/1471/2471
f 2744/1471/2460 2819/1471/2512 2820/1471/2513
f 2744/1471/2460 2820/1471/2513 2745/1471/2461
f 2763/1471/2475 2821/1471/2469 2822/1471/2472
f 2763/1471/2475 2822/1471/2472 2764/1471/2476
f 2752/1471/2467 2823/1471/2514 2824/1471/2515
f 2752/1471/2467 2824/1471/2515 2753/1471/2468
f 2767/1471/2477 2825/1471/2374 2826/1471/2375
f 2767/1471/2477 2826/1471/2375 2768/1471/2478
f 2760/1471/2473 2827/1471/2516 2828/1471/2517
f 2760/1471/2473 2828/1471/2517 2761/1471/2474
f 2771/1471/2480 2829/1471/2377 2830/1471/2518
f 2771/1471/2480 2830/1471/2518 2772/1471/2481
f 2765/1471/2379 2831/1471/2379 2832/1471/2382
f 2765/1471/2379 2832/1471/2382 2766/1471/2382
f 2775/1471/2482 2833/1471/2383 2834/1471/2384
f 2775/1471/2482 2834/1471/2384 2776/1471/2483
f 2769/1471/2385 2835/1471/2385 2836/1471/2388
f 2769/1471/2385 2836/1471/2388 2770/1471/2479
f 2779/1471/2486 2837/1471/2389 2838/1471/2390
f 2779/1471/2486 2838/1471/2390 2780/1471/2487
f 2773/1471/2391 2839/1471/2391 2840/1471/2394
f 2773/1471/2391 2840/1471/2394 2774/1471/2394
f 2783/1471/2489 2841/1471/2395 2842/1471/2396
f 2783/1471/2489 2842/1471/2396 2784/1471/2490
f 2777/1471/2484 2843/1471/2484 2844/1471/2519
f 2777/1471/2484 2844/1471/2519 2778/1471/2485
f 2787/1471/2491 2845/1471/2401 2846/1471/2403
f 2787/1471/2491 2846/1471/2403 2788/1471/2492
f 2781/1471/2488 2847/1471/2488 2848/1471/2407
f 2781/1471/2488 2848/1471/2407 2782/1471/2407
f 2791/1471/2493 2849/1471/2408 2850/1471/2409
f 2791/1471/2493 2850/1471/2409 2792/1471/2494
f 2785/1471/2410 2851/1471/2410 2852/1471/2413
f 2785/1471/2410 2852/1471/2413 2786/1471/2413
f 2795/1471/2496 2853/1471/2414 2854/1471/2415
f 2795/1471/2496 2854/1471/2415 2796/1471/2497
f 2789/1471/2417 2855/1471/2417 2856/1471/2420
f 2789/1471/2417 2856/1471/2420 2790/1471/2420
f 2799/1471/2498 2857/1471/2421 2858/1471/2423
f 2799/1471/2498 2858/1471/2423 2800/1471/2499
f 2793/1471/2424 2859/1471/2424 2860/1471/2495
f 2793/1471/2424 2860/1471/2495 2794/1471/2495
f 2803/1471/2501 2861/1471/2428 2862/1471/2429
f 2803/1471/2501 2862/1471/2429 2804/1471/2502
f 2797/1471/2430 2863/1471/2430 2864/1471/2433
f 2797/1471/2430 2864/1471/2433 2798/1471/2433
f 2807/1471/2503 2865/1471/2520 2866/1471/2435
f 2807/1471/2503 2866/1471/2435 2808/1471/2504
f 2801/1471/2500 2867/1471/2436 2868/1471/2439
f 2801/1471/2500 2868/1471/2439 2802/1471/2439
f 2811/1471/2506 2869/1471/2440 2870/1471/2441
f 2811/1471/2506 2870/1471/2441 2812/1471/2507
f 2805/1471/2442 2871/1471/2442 2872/1471/2521
f 2805/1471/2442 2872/1471/2521 2806/1471/2445
f 2815/1471/2509 2873/1471/2446 2874/1471/2448
f 2815/1471/2509 2874/1471/2448 2816/1471/2510
f 2809/1471/2449 2875/1471/2449 2876/1471/2505
f 2809/1471/2449 2876/1471/2505 2810/1471/2505
f 2819/1471/2512 2877/1471/2453 2878/1471/2522
f 2819/1471/2512 2878/1471/2522 2820/1471/2513
f 2813/1471/2456 2879/1471/2456 2880/1471/2508
f 2813/1471/2456 2880/1471/2508 2814/1471/2508
f 2823/1471/2514 2881/1471/2460 2882/1471/2462
f 2823/1471/2514 2882/1471/2462 2824/1471/2515
f 2817/1471/2463 2883/1471/2463 2884/1471/2511
f 2817/1471/2463 2884/1471/2511 2818/1471/2511
f 2827/1471/2516 2885/1471/2467 2886/1471/2468
f 2827/1471/2516 2886/1471/2468 2828/1471/2517
f 2821/1471/2469 2887/1471/2469 2888/1471/2472
f 2821/1471/2469 2888/1471/2472 2822/1471/2472
f 2644/1471/2380 2889/1471/2473 2890/1471/2474
f 2644/1471/2380 2890/1471/2474 2645/1471/2381
f 2825/1471/2374 2635/1471/2374 2638/1471/2376
f 2825/1471/2374 2638/1471/2376 2826/1471/2375
f 2829/1471/2377 2639/1471/2377 2642/1471/2378
f 2829/1471/2377 2642/1471/2378 2830/1471/2518
f 2833/1471/2383 2647/1471/2383 2650/1471/2384
f 2833/1471/2383 2650/1471/2384 2834/1471/2384
f 2837/1471/2389 2655/1471/2389 2658/1471/2390
f 2837/1471/2389 2658/1471/2390 2838/1471/2390
f 2841/1471/2395 2663/1471/2395 2666/1471/2396
f 2841/1471/2395 2666/1471/2396 2842/1471/2396
f 2845/1471/2401 2671/1471/2401 2674/1471/2403
f 2845/1471/2401 2674/1471/2403 2846/1471/2403
f 2849/1471/2408 2679/1471/2408 2682/1471/2409
f 2849/1471/2408 2682/1471/2409 2850/1471/2409
f 2853/1471/2414 2687/1471/2414 2690/1471/2416
f 2853/1471/2414 2690/1471/2416 2854/1471/2415
f 2857/1471/2421 2695/1471/2421 2698/1471/2423
f 2857/1471/2421 2698/1471/2423 2858/1471/2423
f 2861/1471/2428 2703/1471/2428 2706/1471/2429
f 2861/1471/2428 2706/1471/2429 2862/1471/2429
f 2865/1471/2520 2711/1471/2434 2714/1471/2435
f 2865/1471/2520 2714/1471/2435 2866/1471/2435
f 2869/1471/2440 2719/1471/2440 2722/1471/2441
f 2869/1471/2440 2722/1471/2441 2870/1471/2441
f 2873/1471/2446 2727/1471/2446 2730/1471/2448
f 2873/1471/2446 2730/1471/2448 2874/1471/2448
f 2877/1471/2453 2735/1471/2453 2738/1471/2455
f 2877/1471/2453 2738/1471/2455 2878/1471/2522
f 2881/1471/2460 2743/1471/2460 2746/1471/2462
f 2881/1471/2460 2746/1471/2462 2882/1471/2462
f 2885/1471/2467 2751/1471/2467 2754/1471/2468
f 2885/1471/2467 2754/1471/2468 2886/1471/2468
f 2889/1471/2473 2759/1471/2473 2762/1471/2474
f 2889/1471/2473 2762/1471/2474 2890/1471/2474
f 2831/1471/2379 2643/1471/2379 2646/1471/2382
f 2831/1471/2379 2646/1471/2382 2832/1471/2382
f 2835/1471/2385 2651/1471/2385 2654/1471/2388
f 2835/1471/2385 2654/1471/2388 2836/1471/2388
f 2839/1471/2391 2659/1471/2391 2662/1471/2394
f 2839/1471/2391 2662/1471/2394 2840/1471/2394
f 2843/1471/2484 2667/1471/2397 2670/1471/2400
f 2843/1471/2484 2670/1471/2400 2844/1471/2519
f 2847/1471/2488 2675/1471/2404 2678/1471/2407
f 2847/1471/2488 2678/1471/2407 2848/1471/2407
f 2851/1471/2410 2683/1471/2410 2686/1471/2413
f 2851/1471/2410 2686/1471/2413 2852/1471/2413
f 2855/1471/2417 2691/1471/2417 2694/1471/2420
f 2855/1471/2417 2694/1471/2420 2856/1471/2420
f 2859/1471/2424 2699/1471/2424 2702/1471/2427
f 2859/1471/2424 2702/1471/2427 2860/1471/2495
f 2863/1471/2430 2707/1471/2430 2710/1471/2433
f 2863/1471/2430 2710/1471/2433 2864/1471/2433
f 2867/1471/2436 2715/1471/2436 2718/1471/2439
f 2867/1471/2436 2718/1471/2439 2868/1471/2439
f 2871/1471/2442 2723/1471/2442 2726/1471/2445
f 2871/1471/2442 2726/1471/2445 2872/1471/2521
f 2875/1471/2449 2731/1471/2449 2734/1471/2452
f 2875/1471/2449 2734/1471/2452 2876/1471/2505
f 2879/1471/2456 2739/1471/2456 2742/1471/2459
f 2879/1471/2456 2742/1471/2459 2880/1471/2508
f 2883/1471/2463 2747/1471/2463 2750/1471/2466
f 2883/1471/2463 2750/1471/2466 2884/1471/2511
f 2887/1471/2469 2755/1471/2469 2758/1471/2472
f 2887/1471/2469 2758/1471/2472 2888/1471/2472
f 2891/1403/2523 2892/1402/2523 2893/1402/2524
f 2891/1403/2523 2893/1402/2524 2894/1403/2524
f 2895/1358/2523 2896/1357/2523 2897/1357/2525
f 2895/1358/2523 2897/1357/2525 2898/1358/2526
f 2899/1397/2523 2900/1396/2523 2901/1396/2527
f 2899/1397/2523 2901/1396/2527 2902/1397/2527
f 2903/305/2523 2904/304/2523 2905/304/2528
f 2903/305/2523 2905/304/2528 2906/305/2529
f 2907/1326/2523 2908/1325/2523 2909/1325/2530
f 2907/1326/2523 2909/1325/2530 2910/1326/2530
f 2911/1404/2523 2912/308/2523 2913/308/2531
f 2911/1404/2523 2913/308/2531 2914/1404/2532
f 2915/1108/2523 2916/1107/2523 2917/1107/2533
f 2915/1108/2523 2917/1107/2533 2918/1108/2533
f 2919/1398/2523 2920/1399/2523 2921/1399/2534
f 2919/1398/2523 2921/1399/2534 2922/1398/2535
f 2923/1321/2523 2924/1320/2523 2925/1320/2536
f 2923/1321/2523 2925/1320/2536 2926/1321/2536
f 2927/1351/2523 2928/1356/2523 2929/1356/2537
f 2927/1351/2523 2929/1356/2537 2930/1351/2538
f 2931/1372/2523 2932/1371/2523 2933/1371/2539
f 2931/1372/2523 2933/1371/2539 2934/1372/2540
f 2935/1390/2523 2936/1391/2523 2937/1391/2541
f 2935/1390/2523 2937/1391/2541 2938/1390/2541
f 2939/1400/2523 2940/1354/2523 2941/1354/2542
f 2939/1400/2523 2941/1354/2542 2942/1400/2543
f 2943/1327/2523 2944/1331/2523 2945/1331/2544
f 2943/1327/2523 2945/1331/2544 2946/1327/2545
f 2947/1360/2523 2948/1359/2523 2949/1359/2526
f 2947/1360/2523 2949/1359/2526 2950/1360/2526
f 2951/1316/2523 2952/1315/2523 2953/1315/2546
f 2951/1316/2523 2953/1315/2546 2954/1316/2547
f 2955/1285/2523 2956/1284/2523 2957/1284/2548
f 2955/1285/2523 2957/1284/2548 2958/1285/2549
f 2959/307/2523 2960/306/2523 2961/306/2529
f 2959/307/2523 2961/306/2529 2962/307/2529
f 2963/1303/2523 2964/1302/2523 2965/1302/2550
f 2963/1303/2523 2965/1302/2550 2966/1303/2551
f 2967/1335/2523 2968/1281/2523 2969/1281/2552
f 2967/1335/2523 2969/1281/2552 2970/1335/2553
f 2971/1387/2523 2972/1388/2523 2973/1388/2532
f 2971/1387/2523 2973/1388/2532 2974/1387/2532
f 2975/1401/2523 2976/1306/2523 2977/1306/2554
f 2975/1401/2523 2977/1306/2554 2978/1401/2555
f 2979/1389/2523 2980/1338/2523 2981/1338/2556
f 2979/1389/2523 2981/1338/2556 2982/1389/2557
f 2983/1385/2523 2984/1386/2523 2985/1386/2535
f 2983/1385/2523 2985/1386/2535 2986/1385/2558
f 2987/1274/2523 2988/1279/2523 2989/1279/2559
f 2987/1274/2523 2989/1279/2559 2990/1274/2560
f 2991/1348/2523 2992/1347/2523 2993/1347/2561
f 2991/1348/2523 2993/1347/2561 2994/1348/2562
f 2995/1353/2523 2996/1352/2523 2997/1352/2538
f 2995/1353/2523 2997/1352/2538 2998/1353/2538
f 2999/1374/2523 3000/1373/2523 3001/1373/2540
f 2999/1374/2523 3001/1373/2540 3002/1374/2540
f 3003/1342/2523 3004/1341/2523 3005/1341/2563
f 3003/1342/2523 3005/1341/2563 3006/1342/2564
f 3007/1382/2523 3008/1383/2523 3009/1383/2543
f 3007/1382/2523 3009/1383/2543 3010/1382/2543
f 3011/1329/2523 3012/1328/2523 3013/1328/2565
f 3011/1329/2523 3013/1328/2565 3014/1329/2566
f 3015/1384/2523 3016/1340/2523 3017/1340/2567
f 3015/1384/2523 3017/1340/2567 3018/1384/2568
f 3019/1318/2523 3020/1317/2523 3021/1317/2569
f 3019/1318/2523 3021/1317/2569 3022/1318/2547
f 3023/1280/2523 3024/1286/2523 3025/1286/2570
f 3023/1280/2523 3025/1286/2570 3026/1280/2570
f 3027/1365/2523 3028/1370/2523 3029/1370/2571
f 3027/1365/2523 3029/1370/2571 3030/1365/2572
f 3031/1305/2523 3032/1304/2523 3033/1304/2551
f 3031/1305/2523 3033/1304/2551 3034/1305/2551
f 3035/1337/2523 3036/1336/2523 3037/1336/2553
f 3035/1337/2523 3037/1336/2553 3038/1337/2553
f 3039/1381/2523 3040/1368/2523 3041/1368/2573
f 3039/1381/2523 3041/1368/2573 3042/1381/2574
f 3043/1379/2523 3044/1380/2523 3045/1380/2575
f 3043/1379/2523 3045/1380/2575 3046/1379/2575
f 3047/1393/2523 3048/1392/2523 3049/1392/2557
f 3047/1393/2523 3049/1392/2557 3050/1393/2557
f 3051/1220/2523 3052/1219/2523 3053/1219/2576
f 3051/1220/2523 3053/1219/2576 3054/1220/2577
f 3055/1276/2523 3056/1275/2523 3057/1275/2560
f 3055/1276/2523 3057/1275/2560 3058/1276/2560
f 3059/1350/2523 3060/1349/2523 3061/1349/2562
f 3059/1350/2523 3061/1349/2562 3062/1350/2562
f 3063/1344/2523 3064/1218/2523 3065/1218/2578
f 3063/1344/2523 3065/1218/2578 3066/1344/2579
f 3067/1339/2523 3068/1343/2523 3069/1343/2564
f 3067/1339/2523 3069/1343/2564 3070/1339/2564
f 3071/1212/2523 3072/1211/2523 3073/1211/2580
f 3071/1212/2523 3073/1211/2580 3074/1212/2581
f 3075/1406/2523 3076/1405/2523 3077/1405/2568
f 3075/1406/2523 3077/1405/2568 3078/1406/2568
f 3079/9/2523 3080/15/2523 3081/15/2582
f 3079/9/2523 3081/15/2582 3082/9/2583
f 3083/1367/2523 3084/1366/2523 3085/1366/2584
f 3083/1367/2523 3085/1366/2584 3086/1367/2572
f 3087/1362/2523 3088/12/2523 3089/12/2585
f 3087/1362/2523 3089/12/2585 3090/1362/2586
f 3091/1395/2523 3092/1394/2523 3093/1394/2574
f 3091/1395/2523 3093/1394/2574 3094/1395/2587
f 3095/1265/2523 3096/1264/2523 3097/1264/2588
f 3095/1265/2523 3097/1264/2588 3098/1265/2589
f 3099/1222/2523 3100/1221/2523 3101/1221/2577
f 3099/1222/2523 3101/1221/2577 3102/1222/2590
f 3103/1378/2523 3104/1262/2523 3105/1262/2591
f 3103/1378/2523 3105/1262/2591 3106/1378/2592
f 3107/1346/2523 3108/1345/2523 3109/1345/2579
f 3107/1346/2523 3109/1345/2579 3110/1346/2579
f 3111/1376/2523 3112/1377/2523 3113/1377/2593
f 3111/1376/2523 3113/1377/2593 3114/1376/2527
f 3115/1209/2523 3116/1213/2523 3117/1213/2581
f 3115/1209/2523 3117/1213/2581 3118/1209/2581
f 3119/1324/2523 3120/1323/2523 3121/1323/2594
f 3119/1324/2523 3121/1323/2594 3122/1324/2530
f 3123/11/2523 3124/10/2523 3125/10/2583
f 3123/11/2523 3125/10/2583 3126/11/2583
f 3127/1106/2523 3128/1110/2523 3129/1110/2595
f 3127/1106/2523 3129/1110/2595 3130/1106/2533
f 3131/1364/2523 3132/1363/2523 3133/1363/2586
f 3131/1364/2523 3133/1363/2586 3134/1364/2586
f 3135/1319/2523 3136/1109/2523 3137/1109/2596
f 3135/1319/2523 3137/1109/2596 3138/1319/2536
f 3139/1267/2523 3140/1266/2523 3141/1266/2597
f 3139/1267/2523 3141/1266/2597 3142/1267/2598
f 3143/1375/2523 3144/1322/2523 3145/1322/2599
f 3143/1375/2523 3145/1322/2599 3146/1375/2541
f 2936/1391/2523 3143/1375/2523 3146/1375/2541
f 2936/1391/2523 3146/1375/2541 2937/1391/2541
s 0
f 3147/1391/2523 3148/1375/2523 3143/1375/2523
f 3147/1391/2523 3143/1375/2523 2936/1391/2523
f 3148/1375/2523 3149/1322/2523 3144/1322/2523
f 3148/1375/2523 3144/1322/2523 3143/1375/2523
s 1
f 3104/1262/2523 3139/1267/2523 3142/1267/2598
f 3104/1262/2523 3142/1267/2598 3105/1262/2591
s 0
f 3150/1262/2523 3151/1267/2523 3139/1267/2523
f 3150/1262/2523 3139/1267/2523 3104/1262/2523
f 3151/1267/2523 3152/1266/2523 3140/1266/2523
f 3151/1267/2523 3140/1266/2523 3139/1267/2523
s 1
f 2924/1320/2523 3135/1319/2523 3138/1319/2536
f 2924/1320/2523 3138/1319/2536 2925/1320/2536
s 0
f 3153/1320/2523 3154/1319/2523 3135/1319/2523
f 3153/1320/2523 3135/1319/2523 2924/1320/2523
f 3154/1319/2523 3155/1109/2523 3136/1109/2523
f 3154/1319/2523 3136/1109/2523 3135/1319/2523
s 1
f 3096/1264/2523 3131/1364/2523 3134/1364/2586
f 3096/1264/2523 3134/1364/2586 3097/1264/2588
s 0
f 3156/1264/2523 3157/1364/2523 3131/1364/2523
f 3156/1264/2523 3131/1364/2523 3096/1264/2523
f 3157/1364/2523 3158/1363/2523 3132/1363/2523
f 3157/1364/2523 3132/1363/2523 3131/1364/2523
s 1
f 2916/1107/2523 3127/1106/2523 3130/1106/2533
f 2916/1107/2523 3130/1106/2533 2917/1107/2533
s 0
f 3159/1107/2523 3160/1106/2523 3127/1106/2523
f 3159/1107/2523 3127/1106/2523 2916/1107/2523
f 3160/1106/2523 3161/1110/2523 3128/1110/2523
f 3160/1106/2523 3128/1110/2523 3127/1106/2523
s 1
f 3088/12/2523 3123/11/2523 3126/11/2583
f 3088/12/2523 3126/11/2583 3089/12/2585
s 0
f 3162/12/2523 3163/11/2523 3123/11/2523
f 3162/12/2523 3123/11/2523 3088/12/2523
f 3163/11/2523 3164/10/2523 3124/10/2523
f 3163/11/2523 3124/10/2523 3123/11/2523
s 1
f 2908/1325/2523 3119/1324/2523 3122/1324/2530
f 2908/1325/2523 3122/1324/2530 2909/1325/2530
s 0
f 3165/1325/2523 3166/1324/2523 3119/1324/2523
f 3165/1325/2523 3119/1324/2523 2908/1325/2523
f 3166/1324/2523 3167/1323/2523 3120/1323/2523
f 3166/1324/2523 3120/1323/2523 3119/1324/2523
s 1
f 3080/15/2523 3115/1209/2523 3118/1209/2581
f 3080/15/2523 3118/1209/2581 3081/15/2582
s 0
f 3168/15/2523 3169/1209/2523 3115/1209/2523
f 3168/15/2523 3115/1209/2523 3080/15/2523
f 3169/1209/2523 3170/1213/2523 3116/1213/2523
f 3169/1209/2523 3116/1213/2523 3115/1209/2523
s 1
f 2900/1396/2523 3111/1376/2523 3114/1376/2527
f 2900/1396/2523 3114/1376/2527 2901/1396/2527
s 0
f 3171/1396/2523 3172/1376/2523 3111/1376/2523
f 3171/1396/2523 3111/1376/2523 2900/1396/2523
f 3172/1376/2523 3173/1377/2523 3112/1377/2523
f 3172/1376/2523 3112/1377/2523 3111/1376/2523
s 1
f 3072/1211/2523 3107/1346/2523 3110/1346/2579
f 3072/1211/2523 3110/1346/2579 3073/1211/2580
s 0
f 3174/1211/2523 3175/1346/2523 3107/1346/2523
f 3174/1211/2523 3107/1346/2523 3072/1211/2523
f 3175/1346/2523 3176/1345/2523 3108/1345/2523
f 3175/1346/2523 3108/1345/2523 3107/1346/2523
s 1
f 2892/1402/2523 3103/1378/2523 3106/1378/2592
f 2892/1402/2523 3106/1378/2592 2893/1402/2524
s 0
f 3177/1402/2523 3178/1378/2523 3103/1378/2523
f 3177/1402/2523 3103/1378/2523 2892/1402/2523
f 3178/1378/2523 3150/1262/2523 3104/1262/2523
f 3178/1378/2523 3104/1262/2523 3103/1378/2523
s 1
f 3064/1218/2523 3099/1222/2523 3102/1222/2590
f 3064/1218/2523 3102/1222/2590 3065/1218/2578
s 0
f 3179/1218/2523 3180/1222/2523 3099/1222/2523
f 3179/1218/2523 3099/1222/2523 3064/1218/2523
f 3180/1222/2523 3181/1221/2523 3100/1221/2523
f 3180/1222/2523 3100/1221/2523 3099/1222/2523
s 1
f 3140/1266/2523 3095/1265/2523 3098/1265/2589
f 3140/1266/2523 3098/1265/2589 3141/1266/2597
s 0
f 3152/1266/2523 3182/1265/2523 3095/1265/2523
f 3152/1266/2523 3095/1265/2523 3140/1266/2523
f 3182/1265/2523 3156/1264/2523 3096/1264/2523
f 3182/1265/2523 3096/1264/2523 3095/1265/2523
s 1
f 3052/1219/2523 3091/1395/2523 3094/1395/2587
f 3052/1219/2523 3094/1395/2587 3053/1219/2576
s 0
f 3183/1219/2523 3184/1395/2523 3091/1395/2523
f 3183/1219/2523 3091/1395/2523 3052/1219/2523
f 3184/1395/2523 3185/1394/2523 3092/1394/2523
f 3184/1395/2523 3092/1394/2523 3091/1395/2523
s 1
f 3132/1363/2523 3087/1362/2523 3090/1362/2586
f 3132/1363/2523 3090/1362/2586 3133/1363/2586
s 0
f 3158/1363/2523 3186/1362/2523 3087/1362/2523
f 3158/1363/2523 3087/1362/2523 3132/1363/2523
f 3186/1362/2523 3162/12/2523 3088/12/2523
f 3186/1362/2523 3088/12/2523 3087/1362/2523
s 1
f 3040/1368/2523 3083/1367/2523 3086/1367/2572
f 3040/1368/2523 3086/1367/2572 3041/1368/2573
s 0
f 3187/1368/2523 3188/1367/2523 3083/1367/2523
f 3187/1368/2523 3083/1367/2523 3040/1368/2523
f 3188/1367/2523 3189/1366/2523 3084/1366/2523
f 3188/1367/2523 3084/1366/2523 3083/1367/2523
s 1
f 3124/10/2523 3079/9/2523 3082/9/2583
f 3124/10/2523 3082/9/2583 3125/10/2583
s 0
f 3164/10/2523 3190/9/2523 3079/9/2523
f 3164/10/2523 3079/9/2523 3124/10/2523
f 3190/9/2523 3168/15/2523 3080/15/2523
f 3190/9/2523 3080/15/2523 3079/9/2523
s 1
f 3028/1370/2523 3075/1406/2523 3078/1406/2568
f 3028/1370/2523 3078/1406/2568 3029/1370/2571
s 0
f 3191/1370/2523 3192/1406/2523 3075/1406/2523
f 3191/1370/2523 3075/1406/2523 3028/1370/2523
f 3192/1406/2523 3193/1405/2523 3076/1405/2523
f 3192/1406/2523 3076/1405/2523 3075/1406/2523
s 1
f 3116/1213/2523 3071/1212/2523 3074/1212/2581
f 3116/1213/2523 3074/1212/2581 3117/1213/2581
s 0
f 3170/1213/2523 3194/1212/2523 3071/1212/2523
f 3170/1213/2523 3071/1212/2523 3116/1213/2523
f 3194/1212/2523 3174/1211/2523 3072/1211/2523
f 3194/1212/2523 3072/1211/2523 3071/1212/2523
s 1
f 3016/1340/2523 3067/1339/2523 3070/1339/2564
f 3016/1340/2523 3070/1339/2564 3017/1340/2567
s 0
f 3195/1340/2523 3196/1339/2523 3067/1339/2523
f 3195/1340/2523 3067/1339/2523 3016/1340/2523
f 3196/1339/2523 3197/1343/2523 3068/1343/2523
f 3196/1339/2523 3068/1343/2523 3067/1339/2523
s 1
f 3108/1345/2523 3063/1344/2523 3066/1344/2579
f 3108/1345/2523 3066/1344/2579 3109/1345/2579
s 0
f 3176/1345/2523 3198/1344/2523 3063/1344/2523
f 3176/1345/2523 3063/1344/2523 3108/1345/2523
f 3198/1344/2523 3179/1218/2523 3064/1218/2523
f 3198/1344/2523 3064/1218/2523 3063/1344/2523
s 1
f 3004/1341/2523 3059/1350/2523 3062/1350/2562
f 3004/1341/2523 3062/1350/2562 3005/1341/2563
s 0
f 3199/1341/2523 3200/1350/2523 3059/1350/2523
f 3199/1341/2523 3059/1350/2523 3004/1341/2523
f 3200/1350/2523 3201/1349/2523 3060/1349/2523
f 3200/1350/2523 3060/1349/2523 3059/1350/2523
s 1
f 3202/1277/2523 3055/1276/2523 3058/1276/2560
f 3202/1277/2523 3058/1276/2560 3203/1277/2523
s 0
f 3204/1277/2523 3205/1276/2523 3055/1276/2523
f 3204/1277/2523 3055/1276/2523 3202/1277/2523
f 3205/1276/2523 3206/1275/2523 3056/1275/2523
f 3205/1276/2523 3056/1275/2523 3055/1276/2523
s 1
f 3100/1221/2523 3051/1220/2523 3054/1220/2577
f 3100/1221/2523 3054/1220/2577 3101/1221/2577
s 0
f 3181/1221/2523 3207/1220/2523 3051/1220/2523
f 3181/1221/2523 3051/1220/2523 3100/1221/2523
f 3207/1220/2523 3183/1219/2523 3052/1219/2523
f 3207/1220/2523 3052/1219/2523 3051/1220/2523
s 1
f 2992/1347/2523 3047/1393/2523 3050/1393/2557
f 2992/1347/2523 3050/1393/2557 2993/1347/2561
s 0
f 3208/1347/2523 3209/1393/2523 3047/1393/2523
f 3208/1347/2523 3047/1393/2523 2992/1347/2523
f 3209/1393/2523 3210/1392/2523 3048/1392/2523
f 3209/1393/2523 3048/1392/2523 3047/1393/2523
s 1
f 2988/1279/2523 3043/1379/2523 3046/1379/2575
f 2988/1279/2523 3046/1379/2575 2989/1279/2559
s 0
f 3211/1279/2523 3212/1379/2523 3043/1379/2523
f 3211/1279/2523 3043/1379/2523 2988/1279/2523
f 3212/1379/2523 3213/1380/2523 3044/1380/2523
f 3212/1379/2523 3044/1380/2523 3043/1379/2523
s 1
f 3092/1394/2523 3039/1381/2523 3042/1381/2574
f 3092/1394/2523 3042/1381/2574 3093/1394/2574
s 0
f 3185/1394/2523 3214/1381/2523 3039/1381/2523
f 3185/1394/2523 3039/1381/2523 3092/1394/2523
f 3214/1381/2523 3187/1368/2523 3040/1368/2523
f 3214/1381/2523 3040/1368/2523 3039/1381/2523
s 1
f 2980/1338/2523 3035/1337/2523 3038/1337/2553
f 2980/1338/2523 3038/1337/2553 2981/1338/2556
s 0
f 3215/1338/2523 3216/1337/2523 3035/1337/2523
f 3215/1338/2523 3035/1337/2523 2980/1338/2523
f 3216/1337/2523 3217/1336/2523 3036/1336/2523
f 3216/1337/2523 3036/1336/2523 3035/1337/2523
s 1
f 2976/1306/2523 3031/1305/2523 3034/1305/2551
f 2976/1306/2523 3034/1305/2551 2977/1306/2554
s 0
f 3218/1306/2523 3219/1305/2523 3031/1305/2523
f 3218/1306/2523 3031/1305/2523 2976/1306/2523
f 3219/1305/2523 3220/1304/2523 3032/1304/2523
f 3219/1305/2523 3032/1304/2523 3031/1305/2523
s 1
f 3084/1366/2523 3027/1365/2523 3030/1365/2572
f 3084/1366/2523 3030/1365/2572 3085/1366/2584
s 0
f 3189/1366/2523 3221/1365/2523 3027/1365/2523
f 3189/1366/2523 3027/1365/2523 3084/1366/2523
f 3221/1365/2523 3191/1370/2523 3028/1370/2523
f 3221/1365/2523 3028/1370/2523 3027/1365/2523
s 1
f 2968/1281/2523 3023/1280/2523 3026/1280/2570
f 2968/1281/2523 3026/1280/2570 2969/1281/2552
s 0
f 3222/1281/2523 3223/1280/2523 3023/1280/2523
f 3222/1281/2523 3023/1280/2523 2968/1281/2523
f 3223/1280/2523 3224/1286/2523 3024/1286/2523
f 3223/1280/2523 3024/1286/2523 3023/1280/2523
s 1
f 2964/1302/2523 3019/1318/2523 3022/1318/2547
f 2964/1302/2523 3022/1318/2547 2965/1302/2550
s 0
f 3225/1302/2523 3226/1318/2523 3019/1318/2523
f 3225/1302/2523 3019/1318/2523 2964/1302/2523
f 3226/1318/2523 3227/1317/2523 3020/1317/2523
f 3226/1318/2523 3020/1317/2523 3019/1318/2523
s 1
f 3076/1405/2523 3015/1384/2523 3018/1384/2568
f 3076/1405/2523 3018/1384/2568 3077/1405/2568
s 0
f 3193/1405/2523 3228/1384/2523 3015/1384/2523
f 3193/1405/2523 3015/1384/2523 3076/1405/2523
f 3228/1384/2523 3195/1340/2523 3016/1340/2523
f 3228/1384/2523 3016/1340/2523 3015/1384/2523
s 1
f 2956/1284/2523 3011/1329/2523 3014/1329/2566
f 2956/1284/2523 3014/1329/2566 2957/1284/2548
s 0
f 3229/1284/2523 3230/1329/2523 3011/1329/2523
f 3229/1284/2523 3011/1329/2523 2956/1284/2523
f 3230/1329/2523 3231/1328/2523 3012/1328/2523
f 3230/1329/2523 3012/1328/2523 3011/1329/2523
s 1
f 2952/1315/2523 3007/1382/2523 3010/1382/2543
f 2952/1315/2523 3010/1382/2543 2953/1315/2546
s 0
f 3232/1315/2523 3233/1382/2523 3007/1382/2523
f 3232/1315/2523 3007/1382/2523 2952/1315/2523
f 3233/1382/2523 3234/1383/2523 3008/1383/2523
f 3233/1382/2523 3008/1383/2523 3007/1382/2523
s 1
f 3068/1343/2523 3003/1342/2523 3006/1342/2564
f 3068/1343/2523 3006/1342/2564 3069/1343/2564
s 0
f 3197/1343/2523 3235/1342/2523 3003/1342/2523
f 3197/1343/2523 3003/1342/2523 3068/1343/2523
f 3235/1342/2523 3199/1341/2523 3004/1341/2523
f 3235/1342/2523 3004/1341/2523 3003/1342/2523
s 1
f 2944/1331/2523 2999/1374/2523 3002/1374/2540
f 2944/1331/2523 3002/1374/2540 2945/1331/2544
s 0
f 3236/1331/2523 3237/1374/2523 2999/1374/2523
f 3236/1331/2523 2999/1374/2523 2944/1331/2523
f 3237/1374/2523 3238/1373/2523 3000/1373/2523
f 3237/1374/2523 3000/1373/2523 2999/1374/2523
s 1
f 2940/1354/2523 2995/1353/2523 2998/1353/2538
f 2940/1354/2523 2998/1353/2538 2941/1354/2542
s 0
f 3239/1354/2523 3240/1353/2523 2995/1353/2523
f 3239/1354/2523 2995/1353/2523 2940/1354/2523
f 3240/1353/2523 3241/1352/2523 2996/1352/2523
f 3240/1353/2523 2996/1352/2523 2995/1353/2523
s 1
f 3060/1349/2523 2991/1348/2523 2994/1348/2562
f 3060/1349/2523 2994/1348/2562 3061/1349/2562
s 0
f 3201/1349/2523 3242/1348/2523 2991/1348/2523
f 3201/1349/2523 2991/1348/2523 3060/1349/2523
f 3242/1348/2523 3208/1347/2523 2992/1347/2523
f 3242/1348/2523 2992/1347/2523 2991/1348/2523
s 1
f 3056/1275/2523 2987/1274/2523 2990/1274/2560
f 3056/1275/2523 2990/1274/2560 3057/1275/2560
s 0
f 3206/1275/2523 3243/1274/2523 2987/1274/2523
f 3206/1275/2523 2987/1274/2523 3056/1275/2523
f 3243/1274/2523 3211/1279/2523 2988/1279/2523
f 3243/1274/2523 2988/1279/2523 2987/1274/2523
s 1
f 2928/1356/2523 2983/1385/2523 2986/1385/2558
f 2928/1356/2523 2986/1385/2558 2929/1356/2537
s 0
f 3244/1356/2523 3245/1385/2523 2983/1385/2523
f 3244/1356/2523 2983/1385/2523 2928/1356/2523
f 3245/1385/2523 3246/1386/2523 2984/1386/2523
f 3245/1385/2523 2984/1386/2523 2983/1385/2523
s 1
f 3048/1392/2523 2979/1389/2523 2982/1389/2557
f 3048/1392/2523 2982/1389/2557 3049/1392/2557
s 0
f 3210/1392/2523 3247/1389/2523 2979/1389/2523
f 3210/1392/2523 2979/1389/2523 3048/1392/2523
f 3247/1389/2523 3215/1338/2523 2980/1338/2523
f 3247/1389/2523 2980/1338/2523 2979/1389/2523
s 1
f 3044/1380/2523 2975/1401/2523 2978/1401/2555
f 3044/1380/2523 2978/1401/2555 3045/1380/2575
s 0
f 3213/1380/2523 3248/1401/2523 2975/1401/2523
f 3213/1380/2523 2975/1401/2523 3044/1380/2523
f 3248/1401/2523 3218/1306/2523 2976/1306/2523
f 3248/1401/2523 2976/1306/2523 2975/1401/2523
s 1
f 2920/1399/2523 2971/1387/2523 2974/1387/2532
f 2920/1399/2523 2974/1387/2532 2921/1399/2534
s 0
f 3249/1399/2523 3250/1387/2523 2971/1387/2523
f 3249/1399/2523 2971/1387/2523 2920/1399/2523
f 3250/1387/2523 3251/1388/2523 2972/1388/2523
f 3250/1387/2523 2972/1388/2523 2971/1387/2523
s 1
f 3036/1336/2523 2967/1335/2523 2970/1335/2553
f 3036/1336/2523 2970/1335/2553 3037/1336/2553
s 0
f 3217/1336/2523 3252/1335/2523 2967/1335/2523
f 3217/1336/2523 2967/1335/2523 3036/1336/2523
f 3252/1335/2523 3222/1281/2523 2968/1281/2523
f 3252/1335/2523 2968/1281/2523 2967/1335/2523
s 1
f 3032/1304/2523 2963/1303/2523 2966/1303/2551
f 3032/1304/2523 2966/1303/2551 3033/1304/2551
s 0
f 3220/1304/2523 3253/1303/2523 2963/1303/2523
f 3220/1304/2523 2963/1303/2523 3032/1304/2523
f 3253/1303/2523 3225/1302/2523 2964/1302/2523
f 3253/1303/2523 2964/1302/2523 2963/1303/2523
s 1
f 2912/308/2523 2959/307/2523 2962/307/2529
f 2912/308/2523 2962/307/2529 2913/308/2531
s 0
f 3254/308/2523 3255/307/2523 2959/307/2523
f 3254/308/2523 2959/307/2523 2912/308/2523
f 3255/307/2523 3256/306/2523 2960/306/2523
f 3255/307/2523 2960/306/2523 2959/307/2523
s 1
f 3024/1286/2523 2955/1285/2523 2958/1285/2549
f 3024/1286/2523 2958/1285/2549 3025/1286/2570
s 0
f 3224/1286/2523 3257/1285/2523 2955/1285/2523
f 3224/1286/2523 2955/1285/2523 3024/1286/2523
f 3257/1285/2523 3229/1284/2523 2956/1284/2523
f 3257/1285/2523 2956/1284/2523 2955/1285/2523
s 1
f 3020/1317/2523 2951/1316/2523 2954/1316/2547
f 3020/1317/2523 2954/1316/2547 3021/1317/2569
s 0
f 3227/1317/2523 3258/1316/2523 2951/1316/2523
f 3227/1317/2523 2951/1316/2523 3020/1317/2523
f 3258/1316/2523 3232/1315/2523 2952/1315/2523
f 3258/1316/2523 2952/1315/2523 2951/1316/2523
s 1
f 2904/304/2523 2947/1360/2523 2950/1360/2526
f 2904/304/2523 2950/1360/2526 2905/304/2528
s 0
f 3259/304/2523 3260/1360/2523 2947/1360/2523
f 3259/304/2523 2947/1360/2523 2904/304/2523
f 3260/1360/2523 3261/1359/2523 2948/1359/2523
f 3260/1360/2523 2948/1359/2523 2947/1360/2523
s 1
f 3012/1328/2523 2943/1327/2523 2946/1327/2545
f 3012/1328/2523 2946/1327/2545 3013/1328/2565
s 0
f 3231/1328/2523 3262/1327/2523 2943/1327/2523
f 3231/1328/2523 2943/1327/2523 3012/1328/2523
f 3262/1327/2523 3236/1331/2523 2944/1331/2523
f 3262/1327/2523 2944/1331/2523 2943/1327/2523
s 1
f 3008/1383/2523 2939/1400/2523 2942/1400/2543
f 3008/1383/2523 2942/1400/2543 3009/1383/2543
s 0
f 3234/1383/2523 3263/1400/2523 2939/1400/2523
f 3234/1383/2523 2939/1400/2523 3008/1383/2523
f 3263/1400/2523 3239/1354/2523 2940/1354/2523
f 3263/1400/2523 2940/1354/2523 2939/1400/2523
s 1
f 2896/1357/2523 2935/1390/2523 2938/1390/2541
f 2896/1357/2523 2938/1390/2541 2897/1357/2525
s 0
f 3264/1357/2523 3265/1390/2523 2935/1390/2523
f 3264/1357/2523 2935/1390/2523 2896/1357/2523
f 3265/1390/2523 3147/1391/2523 2936/1391/2523
f 3265/1390/2523 2936/1391/2523 2935/1390/2523
s 1
f 3000/1373/2523 2931/1372/2523 2934/1372/2540
f 3000/1373/2523 2934/1372/2540 3001/1373/2540
s 0
f 3238/1373/2523 3266/1372/2523 2931/1372/2523
f 3238/1373/2523 2931/1372/2523 3000/1373/2523
f 3266/1372/2523 3267/1371/2523 2932/1371/2523
f 3266/1372/2523 2932/1371/2523 2931/1372/2523
s 1
f 2996/1352/2523 2927/1351/2523 2930/1351/2538
f 2996/1352/2523 2930/1351/2538 2997/1352/2538
s 0
f 3241/1352/2523 3268/1351/2523 2927/1351/2523
f 3241/1352/2523 2927/1351/2523 2996/1352/2523
f 3268/1351/2523 3244/1356/2523 2928/1356/2523
f 3268/1351/2523 2928/1356/2523 2927/1351/2523
s 1
f 3144/1322/2523 2923/1321/2523 2926/1321/2536
f 3144/1322/2523 2926/1321/2536 3145/1322/2599
s 0
f 3149/1322/2523 3269/1321/2523 2923/1321/2523
f 3149/1322/2523 2923/1321/2523 3144/1322/2523
f 3269/1321/2523 3153/1320/2523 2924/1320/2523
f 3269/1321/2523 2924/1320/2523 2923/1321/2523
s 1
f 2984/1386/2523 2919/1398/2523 2922/1398/2535
f 2984/1386/2523 2922/1398/2535 2985/1386/2535
s 0
f 3246/1386/2523 3270/1398/2523 2919/1398/2523
f 3246/1386/2523 2919/1398/2523 2984/1386/2523
f 3270/1398/2523 3249/1399/2523 2920/1399/2523
f 3270/1398/2523 2920/1399/2523 2919/1398/2523
s 1
f 3136/1109/2523 2915/1108/2523 2918/1108/2533
f 3136/1109/2523 2918/1108/2533 3137/1109/2596
s 0
f 3155/1109/2523 3271/1108/2523 2915/1108/2523
f 3155/1109/2523 2915/1108/2523 3136/1109/2523
f 3271/1108/2523 3159/1107/2523 2916/1107/2523
f 3271/1108/2523 2916/1107/2523 2915/1108/2523
s 1
f 2972/1388/2523 2911/1404/2523 2914/1404/2532
f 2972/1388/2523 2914/1404/2532 2973/1388/2532
s 0
f 3251/1388/2523 3272/1404/2523 2911/1404/2523
f 3251/1388/2523 2911/1404/2523 2972/1388/2523
f 3272/1404/2523 3254/308/2523 2912/308/2523
f 3272/1404/2523 2912/308/2523 2911/1404/2523
s 1
f 3128/1110/2523 2907/1326/2523 2910/1326/2530
f 3128/1110/2523 2910/1326/2530 3129/1110/2595
s 0
f 3161/1110/2523 3273/1326/2523 2907/1326/2523
f 3161/1110/2523 2907/1326/2523 3128/1110/2523
f 3273/1326/2523 3165/1325/2523 2908/1325/2523
f 3273/1326/2523 2908/1325/2523 2907/1326/2523
s 1
f 2960/306/2523 2903/305/2523 2906/305/2529
f 2960/306/2523 2906/305/2529 2961/306/2529
s 0
f 3256/306/2523 3274/305/2523 2903/305/2523
f 3256/306/2523 2903/305/2523 2960/306/2523
f 3274/305/2523 3259/304/2523 2904/304/2523
f 3274/305/2523 2904/304/2523 2903/305/2523
s 1
f 3120/1323/2523 2899/1397/2523 2902/1397/2527
f 3120/1323/2523 2902/1397/2527 3121/1323/2594
s 0
f 3167/1323/2523 3275/1397/2523 2899/1397/2523
f 3167/1323/2523 2899/1397/2523 3120/1323/2523
f 3275/1397/2523 3171/1396/2523 2900/1396/2523
f 3275/1397/2523 2900/1396/2523 2899/1397/2523
s 1
f 2948/1359/2523 2895/1358/2523 2898/1358/2526
f 2948/1359/2523 2898/1358/2526 2949/1359/2526
s 0
f 3261/1359/2523 3276/1358/2523 2895/1358/2523
f 3261/1359/2523 2895/1358/2523 2948/1359/2523
f 3276/1358/2523 3264/1357/2523 2896/1357/2523
f 3276/1358/2523 2896/1357/2523 2895/1358/2523
s 1
f 3112/1377/2523 2891/1403/2523 2894/1403/2524
f 3112/1377/2523 2894/1403/2524 3113/1377/2593
s 0
f 3173/1377/2523 3277/1403/2523 2891/1403/2523
f 3173/1377/2523 2891/1403/2523 3112/1377/2523
f 3277/1403/2523 3177/1402/2523 2892/1402/2523
f 3277/1403/2523 2892/1402/2523 2891/1403/2523
s 1
f 3278/1471/2600 3279/1471/2600 3280/1471/2601
f 3278/1471/2600 3280/1471/2601 3281/1471/2601
f 3281/1471/2601 3280/1471/2601 3282/1471/2602
f 3281/1471/2601 3282/1471/2602 3283/1471/2602
f 3283/1471/2602 3282/1471/2602 3284/1471/2603
f 3283/1471/2602 3284/1471/2603 3285/1471/2603
f 3285/1471/2603 3284/1471/2603 3286/1471/2604
f 3285/1471/2603 3286/1471/2604 3287/1471/2604
f 3287/1471/2604 3286/1471/2604 2755/1471/2469
f 3287/1471/2604 2755/1471/2469 2887/1471/2469
f 3288/1471/2605 3289/1471/2605 3290/1471/2606
f 3288/1471/2605 3290/1471/2606 3291/1471/2606
f 3291/1471/2606 3290/1471/2606 3292/1471/2607
f 3291/1471/2606 3292/1471/2607 3293/1471/2607
f 3293/1471/2607 3292/1471/2607 3294/1471/2608
f 3293/1471/2607 3294/1471/2608 3295/1471/2608
f 3295/1471/2608 3294/1471/2608 3296/1471/2609
f 3295/1471/2608 3296/1471/2609 3297/1471/2609
f 3297/1471/2609 3296/1471/2609 2747/1471/2463
f 3297/1471/2609 2747/1471/2463 2883/1471/2463
f 3298/1471/2610 3299/1471/2611 3300/1471/2612
f 3298/1471/2610 3300/1471/2612 3301/1471/2613
f 3301/1471/2613 3300/1471/2612 3302/1471/2614
f 3301/1471/2613 3302/1471/2614 3303/1471/2615
f 3303/1471/2615 3302/1471/2614 3304/1471/2616
f 3303/1471/2615 3304/1471/2616 3305/1471/2616
f 3305/1471/2616 3304/1471/2616 3306/1471/2617
f 3305/1471/2616 3306/1471/2617 3307/1471/2618
f 3307/1471/2618 3306/1471/2617 2739/1471/2456
f 3307/1471/2618 2739/1471/2456 2879/1471/2456
f 3308/1471/2619 3309/1471/2619 3310/1471/2620
f 3308/1471/2619 3310/1471/2620 3311/1471/2620
f 3311/1471/2620 3310/1471/2620 3312/1471/2621
f 3311/1471/2620 3312/1471/2621 3313/1471/2621
f 3313/1471/2621 3312/1471/2621 3314/1471/2622
f 3313/1471/2621 3314/1471/2622 3315/1471/2622
f 3315/1471/2622 3314/1471/2622 3316/1471/2623
f 3315/1471/2622 3316/1471/2623 3317/1471/2623
f 3317/1471/2623 3316/1471/2623 2731/1471/2449
f 3317/1471/2623 2731/1471/2449 2875/1471/2449
f 3318/1471/2624 3319/1471/2624 3320/1471/2625
f 3318/1471/2624 3320/1471/2625 3321/1471/2625
f 3321/1471/2625 3320/1471/2625 3322/1471/2626
f 3321/1471/2625 3322/1471/2626 3323/1471/2626
f 3323/1471/2626 3322/1471/2626 3324/1471/2627
f 3323/1471/2626 3324/1471/2627 3325/1471/2627
f 3325/1471/2627 3324/1471/2627 3326/1471/2628
f 3325/1471/2627 3326/1471/2628 3327/1471/2628
f 3327/1471/2628 3326/1471/2628 2723/1471/2442
f 3327/1471/2628 2723/1471/2442 2871/1471/2442
f 3328/1471/2629 3329/1471/2630 3330/1471/2631
f 3328/1471/2629 3330/1471/2631 3331/1471/2631
f 3331/1471/2631 3330/1471/2631 3332/1471/2632
f 3331/1471/2631 3332/1471/2632 3333/1471/2632
f 3333/1471/2632 3332/1471/2632 3334/1471/2633
f 3333/1471/2632 3334/1471/2633 3335/1471/2633
f 3335/1471/2633 3334/1471/2633 3336/1471/2634
f 3335/1471/2633 3336/1471/2634 3337/1471/2634
f 3337/1471/2634 3336/1471/2634 2715/1471/2436
f 3337/1471/2634 2715/1471/2436 2867/1471/2436
f 3338/1471/2635 3339/1471/2636 3340/1471/2637
f 3338/1471/2635 3340/1471/2637 3341/1471/2637
f 3341/1471/2637 3340/1471/2637 3342/1471/2638
f 3341/1471/2637 3342/1471/2638 3343/1471/2639
f 3343/1471/2639 3342/1471/2638 3344/1471/2640
f 3343/1471/2639 3344/1471/2640 3345/1471/2640
f 3345/1471/2640 3344/1471/2640 3346/1471/2641
f 3345/1471/2640 3346/1471/2641 3347/1471/2642
f 3347/1471/2642 3346/1471/2641 2707/1471/2430
f 3347/1471/2642 2707/1471/2430 2863/1471/2430
f 3348/1471/2643 3349/1471/2643 3350/1471/2644
f 3348/1471/2643 3350/1471/2644 3351/1471/2644
f 3351/1471/2644 3350/1471/2644 3352/1471/2645
f 3351/1471/2644 3352/1471/2645 3353/1471/2645
f 3353/1471/2645 3352/1471/2645 3354/1471/2646
f 3353/1471/2645 3354/1471/2646 3355/1471/2646
f 3355/1471/2646 3354/1471/2646 3356/1471/2647
f 3355/1471/2646 3356/1471/2647 3357/1471/2647
f 3357/1471/2647 3356/1471/2647 2699/1471/2424
f 3357/1471/2647 2699/1471/2424 2859/1471/2424
f 3358/1471/2648 3359/1471/2648 3360/1471/2649
f 3358/1471/2648 3360/1471/2649 3361/1471/2649
f 3361/1471/2649 3360/1471/2649 3362/1471/2650
f 3361/1471/2649 3362/1471/2650 3363/1471/2650
f 3363/1471/2650 3362/1471/2650 3364/1471/2651
f 3363/1471/2650 3364/1471/2651 3365/1471/2651
f 3365/1471/2651 3364/1471/2651 3366/1471/2652
f 3365/1471/2651 3366/1471/2652 3367/1471/2652
f 3367/1471/2652 3366/1471/2652 2691/1471/2417
f 3367/1471/2652 2691/1471/2417 2855/1471/2417
f 3368/1471/2653 3369/1471/2654 3370/1471/2655
f 3368/1471/2653 3370/1471/2655 3371/1471/2655
f 3371/1471/2655 3370/1471/2655 3372/1471/2656
f 3371/1471/2655 3372/1471/2656 3373/1471/2657
f 3373/1471/2657 3372/1471/2656 3374/1471/2658
f 3373/1471/2657 3374/1471/2658 3375/1471/2658
f 3375/1471/2658 3374/1471/2658 3376/1471/2659
f 3375/1471/2658 3376/1471/2659 3377/1471/2659
f 3377/1471/2659 3376/1471/2659 2683/1471/2410
f 3377/1471/2659 2683/1471/2410 2851/1471/2410
f 3378/1471/2660 3379/1471/2661 3380/1471/2662
f 3378/1471/2660 3380/1471/2662 3381/1471/2663
f 3381/1471/2663 3380/1471/2662 3382/1471/2664
f 3381/1471/2663 3382/1471/2664 3383/1471/2664
f 3383/1471/2664 3382/1471/2664 3384/1471/2665
f 3383/1471/2664 3384/1471/2665 3385/1471/2665
f 3385/1471/2665 3384/1471/2665 3386/1471/2666
f 3385/1471/2665 3386/1471/2666 3387/1471/2666
f 3387/1471/2666 3386/1471/2666 2675/1471/2404
f 3387/1471/2666 2675/1471/2404 2847/1471/2488
f 3388/1471/2667 3389/1471/2667 3390/1471/2668
f 3388/1471/2667 3390/1471/2668 3391/1471/2668
f 3391/1471/2668 3390/1471/2668 3392/1471/2669
f 3391/1471/2668 3392/1471/2669 3393/1471/2669
f 3393/1471/2669 3392/1471/2669 3394/1471/2670
f 3393/1471/2669 3394/1471/2670 3395/1471/2670
f 3395/1471/2670 3394/1471/2670 3396/1471/2671
f 3395/1471/2670 3396/1471/2671 3397/1471/2671
f 3397/1471/2671 3396/1471/2671 2667/1471/2397
f 3397/1471/2671 2667/1471/2397 2843/1471/2484
f 3398/1471/2672 3399/1471/2672 3400/1471/2673
f 3398/1471/2672 3400/1471/2673 3401/1471/2673
f 3401/1471/2673 3400/1471/2673 3402/1471/2674
f 3401/1471/2673 3402/1471/2674 3403/1471/2674
f 3403/1471/2674 3402/1471/2674 3404/1471/2675
f 3403/1471/2674 3404/1471/2675 3405/1471/2675
f 3405/1471/2675 3404/1471/2675 3406/1471/2676
f 3405/1471/2675 3406/1471/2676 3407/1471/2676
f 3407/1471/2676 3406/1471/2676 2659/1471/2391
f 3407/1471/2676 2659/1471/2391 2839/1471/2391
f 3408/1471/2677 3409/1471/2677 3410/1471/2678
f 3408/1471/2677 3410/1471/2678 3411/1471/2678
f 3411/1471/2678 3410/1471/2678 3412/1471/2679
f 3411/1471/2678 3412/1471/2679 3413/1471/2679
f 3413/1471/2679 3412/1471/2679 3414/1471/2680
f 3413/1471/2679 3414/1471/2680 3415/1471/2680
f 3415/1471/2680 3414/1471/2680 3416/1471/2681
f 3415/1471/2680 3416/1471/2681 3417/1471/2681
f 3417/1471/2681 3416/1471/2681 2651/1471/2385
f 3417/1471/2681 2651/1471/2385 2835/1471/2385
f 3418/1471/2682 3419/1471/2682 3420/1471/2683
f 3418/1471/2682 3420/1471/2683 3421/1471/2683
f 3421/1471/2683 3420/1471/2683 3422/1471/2684
f 3421/1471/2683 3422/1471/2684 3423/1471/2685
f 3423/1471/2685 3422/1471/2684 3424/1471/2686
f 3423/1471/2685 3424/1471/2686 3425/1471/2686
f 3425/1471/2686 3424/1471/2686 3426/1471/2687
f 3425/1471/2686 3426/1471/2687 3427/1471/2687
f 3427/1471/2687 3426/1471/2687 2643/1471/2379
f 3427/1471/2687 2643/1471/2379 2831/1471/2379
f 3428/1471/2688 3429/1471/2688 3430/1471/2689
f 3428/1471/2688 3430/1471/2689 3431/1471/2689
f 3431/1471/2689 3430/1471/2689 3432/1471/2690
f 3431/1471/2689 3432/1471/2690 3433/1471/2690
f 3433/1471/2690 3432/1471/2690 3434/1471/2691
f 3433/1471/2690 3434/1471/2691 3435/1471/2692
f 3435/1471/2692 3434/1471/2691 3436/1471/2693
f 3435/1471/2692 3436/1471/2693 3437/1471/2693
f 3437/1471/2693 3436/1471/2693 2759/1471/2473
f 3437/1471/2693 2759/1471/2473 2889/1471/2473
f 3438/1471/2694 3439/1471/2694 3440/1471/2695
f 3438/1471/2694 3440/1471/2695 3441/1471/2695
f 3441/1471/2695 3440/1471/2695 3442/1471/2696
f 3441/1471/2695 3442/1471/2696 3443/1471/2696
f 3443/1471/2696 3442/1471/2696 3444/1471/2697
f 3443/1471/2696 3444/1471/2697 3445/1471/2697
f 3445/1471/2697 3444/1471/2697 3446/1471/2698
f 3445/1471/2697 3446/1471/2698 3447/1471/2698
f 3447/1471/2698 3446/1471/2698 2751/1471/2467
f 3447/1471/2698 2751/1471/2467 2885/1471/2467
f 3448/1471/2699 3449/1471/2699 3450/1471/2700
f 3448/1471/2699 3450/1471/2700 3451/1471/2700
f 3451/1471/2700 3450/1471/2700 3452/1471/2701
f 3451/1471/2700 3452/1471/2701 3453/1471/2701
f 3453/1471/2701 3452/1471/2701 3454/1471/2702
f 3453/1471/2701 3454/1471/2702 3455/1471/2702
f 3455/1471/2702 3454/1471/2702 3456/1471/2703
f 3455/1471/2702 3456/1471/2703 3457/1471/2703
f 3457/1471/2703 3456/1471/2703 2743/1471/2460
f 3457/1471/2703 2743/1471/2460 2881/1471/2460
f 3458/1471/2704 3459/1471/2705 3460/1471/2706
f 3458/1471/2704 3460/1471/2706 3461/1471/2707
f 3461/1471/2707 3460/1471/2706 3462/1471/2708
f 3461/1471/2707 3462/1471/2708 3463/1471/2708
f 3463/1471/2708 3462/1471/2708 3464/1471/2709
f 3463/1471/2708 3464/1471/2709 3465/1471/2709
f 3465/1471/2709 3464/1471/2709 3466/1471/2710
f 3465/1471/2709 3466/1471/2710 3467/1471/2710
f 3467/1471/2710 3466/1471/2710 2735/1471/2453
f 3467/1471/2710 2735/1471/2453 2877/1471/2453
f 3468/1471/2711 3469/1471/2712 3470/1471/2713
f 3468/1471/2711 3470/1471/2713 3471/1471/2713
f 3471/1471/2713 3470/1471/2713 3472/1471/2714
f 3471/1471/2713 3472/1471/2714 3473/1471/2714
f 3473/1471/2714 3472/1471/2714 3474/1471/2715
f 3473/1471/2714 3474/1471/2715 3475/1471/2715
f 3475/1471/2715 3474/1471/2715 3476/1471/2716
f 3475/1471/2715 3476/1471/2716 3477/1471/2716
f 3477/1471/2716 3476/1471/2716 2727/1471/2446
f 3477/1471/2716 2727/1471/2446 2873/1471/2446
f 3478/1471/2717 3479/1471/2718 3480/1471/2719
f 3478/1471/2717 3480/1471/2719 3481/1471/2720
f 3481/1471/2720 3480/1471/2719 3482/1471/2721
f 3481/1471/2720 3482/1471/2721 3483/1471/2721
f 3483/1471/2721 3482/1471/2721 3484/1471/2722
f 3483/1471/2721 3484/1471/2722 3485/1471/2722
f 3485/1471/2722 3484/1471/2722 3486/1471/2723
f 3485/1471/2722 3486/1471/2723 3487/1471/2723
f 3487/1471/2723 3486/1471/2723 2719/1471/2440
f 3487/1471/2723 2719/1471/2440 2869/1471/2440
f 3488/1471/2724 3489/1471/2724 3490/1471/2725
f 3488/1471/2724 3490/1471/2725 3491/1471/2725
f 3491/1471/2725 3490/1471/2725 3492/1471/2726
f 3491/1471/2725 3492/1471/2726 3493/1471/2726
f 3493/1471/2726 3492/1471/2726 3494/1471/2727
f 3493/1471/2726 3494/1471/2727 3495/1471/2727
f 3495/1471/2727 3494/1471/2727 3496/1471/2728
f 3495/1471/2727 3496/1471/2728 3497/1471/2728
f 3497/1471/2728 3496/1471/2728 2711/1471/2434
f 3497/1471/2728 2711/1471/2434 2865/1471/2520
f 3498/1471/2729 3499/1471/2730 3500/1471/2731
f 3498/1471/2729 3500/1471/2731 3501/1471/2731
f 3501/1471/2731 3500/1471/2731 3502/1471/2732
f 3501/1471/2731 3502/1471/2732 3503/1471/2733
f 3503/1471/2733 3502/1471/2732 3504/1471/2734
f 3503/1471/2733 3504/1471/2734 3505/1471/2734
f 3505/1471/2734 3504/1471/2734 3506/1471/2735
f 3505/1471/2734 3506/1471/2735 3507/1471/2735
f 3507/1471/2735 3506/1471/2735 2703/1471/2428
f 3507/1471/2735 2703/1471/2428 2861/1471/2428
f 3508/1471/2736 3509/1471/2737 3510/1471/2738
f 3508/1471/2736 3510/1471/2738 3511/1471/2738
f 3511/1471/2738 3510/1471/2738 3512/1471/2739
f 3511/1471/2738 3512/1471/2739 3513/1471/2739
f 3513/1471/2739 3512/1471/2739 3514/1471/2740
f 3513/1471/2739 3514/1471/2740 3515/1471/2740
f 3515/1471/2740 3514/1471/2740 3516/1471/2741
f 3515/1471/2740 3516/1471/2741 3517/1471/2741
f 3517/1471/2741 3516/1471/2741 2695/1471/2421
f 3517/1471/2741 2695/1471/2421 2857/1471/2421
f 3518/1471/2742 3519/1471/2743 3520/1471/2744
f 3518/1471/2742 3520/1471/2744 3521/1471/2744
f 3521/1471/2744 3520/1471/2744 3522/1471/2745
f 3521/1471/2744 3522/1471/2745 3523/1471/2745
f 3523/1471/2745 3522/1471/2745 3524/1471/2746
f 3523/1471/2745 3524/1471/2746 3525/1471/2746
f 3525/1471/2746 3524/1471/2746 3526/1471/2747
f 3525/1471/2746 3526/1471/2747 3527/1471/2747
f 3527/1471/2747 3526/1471/2747 2687/1471/2414
f 3527/1471/2747 2687/1471/2414 2853/1471/2414
f 3528/1471/2748 3529/1471/2749 3530/1471/2750
f 3528/1471/2748 3530/1471/2750 3531/1471/2750
f 3531/1471/2750 3530/1471/2750 3532/1471/2751
f 3531/1471/2750 3532/1471/2751 3533/1471/2751
f 3533/1471/2751 3532/1471/2751 3534/1471/2752
f 3533/1471/2751 3534/1471/2752 3535/1471/2752
f 3535/1471/2752 3534/1471/2752 3536/1471/2753
f 3535/1471/2752 3536/1471/2753 3537/1471/2753
f 3537/1471/2753 3536/1471/2753 2679/1471/2408
f 3537/1471/2753 2679/1471/2408 2849/1471/2408
f 3538/1471/2754 3539/1471/2755 3540/1471/2756
f 3538/1471/2754 3540/1471/2756 3541/1471/2757
f 3541/1471/2757 3540/1471/2756 3542/1471/2758
f 3541/1471/2757 3542/1471/2758 3543/1471/2758
f 3543/1471/2758 3542/1471/2758 3544/1471/2759
f 3543/1471/2758 3544/1471/2759 3545/1471/2759
f 3545/1471/2759 3544/1471/2759 3546/1471/2760
f 3545/1471/2759 3546/1471/2760 3547/1471/2760
f 3547/1471/2760 3546/1471/2760 2671/1471/2401
f 3547/1471/2760 2671/1471/2401 2845/1471/2401
f 3548/1471/2761 3549/1471/2762 3550/1471/2763
f 3548/1471/2761 3550/1471/2763 3551/1471/2763
f 3551/1471/2763 3550/1471/2763 3552/1471/2764
f 3551/1471/2763 3552/1471/2764 3553/1471/2764
f 3553/1471/2764 3552/1471/2764 3554/1471/2765
f 3553/1471/2764 3554/1471/2765 3555/1471/2765
f 3555/1471/2765 3554/1471/2765 3556/1471/2766
f 3555/1471/2765 3556/1471/2766 3557/1471/2766
f 3557/1471/2766 3556/1471/2766 2663/1471/2395
f 3557/1471/2766 2663/1471/2395 2841/1471/2395
f 3558/1471/2767 3559/1471/2767 3560/1471/2768
f 3558/1471/2767 3560/1471/2768 3561/1471/2768
f 3561/1471/2768 3560/1471/2768 3562/1471/2769
f 3561/1471/2768 3562/1471/2769 3563/1471/2769
f 3563/1471/2769 3562/1471/2769 3564/1471/2770
f 3563/1471/2769 3564/1471/2770 3565/1471/2770
f 3565/1471/2770 3564/1471/2770 3566/1471/2771
f 3565/1471/2770 3566/1471/2771 3567/1471/2771
f 3567/1471/2771 3566/1471/2771 2655/1471/2389
f 3567/1471/2771 2655/1471/2389 2837/1471/2389
f 3568/1471/2772 3569/1471/2772 3570/1471/2773
f 3568/1471/2772 3570/1471/2773 3571/1471/2773
f 3571/1471/2773 3570/1471/2773 3572/1471/2774
f 3571/1471/2773 3572/1471/2774 3573/1471/2775
f 3573/1471/2775 3572/1471/2774 3574/1471/2776
f 3573/1471/2775 3574/1471/2776 3575/1471/2776
f 3575/1471/2776 3574/1471/2776 3576/1471/2777
f 3575/1471/2776 3576/1471/2777 3577/1471/2777
f 3577/1471/2777 3576/1471/2777 2647/1471/2383
f 3577/1471/2777 2647/1471/2383 2833/1471/2383
f 3578/1471/2778 3579/1471/2778 3580/1471/2779
f 3578/1471/2778 3580/1471/2779 3581/1471/2779
f 3581/1471/2779 3580/1471/2779 3582/1471/2780
f 3581/1471/2779 3582/1471/2780 3583/1471/2781
f 3583/1471/2781 3582/1471/2780 3584/1471/2782
f 3583/1471/2781 3584/1471/2782 3585/1471/2782
f 3585/1471/2782 3584/1471/2782 3586/1471/2783
f 3585/1471/2782 3586/1471/2783 3587/1471/2784
f 3587/1471/2784 3586/1471/2783 2639/1471/2377
f 3587/1471/2784 2639/1471/2377 2829/1471/2377
f 3588/1471/2785 3589/1471/2785 3590/1471/2786
f 3588/1471/2785 3590/1471/2786 3591/1471/2786
f 3591/1471/2786 3590/1471/2786 3592/1471/2787
f 3591/1471/2786 3592/1471/2787 3593/1471/2787
f 3593/1471/2787 3592/1471/2787 3594/1471/2788
f 3593/1471/2787 3594/1471/2788 3595/1471/2789
f 3595/1471/2789 3594/1471/2788 3596/1471/2790
f 3595/1471/2789 3596/1471/2790 3597/1471/2790
f 3597/1471/2790 3596/1471/2790 2635/1471/2374
f 3597/1471/2790 2635/1471/2374 2825/1471/2374
f 3598/1471/2791 3428/1471/2688 3431/1471/2689
f 3598/1471/2791 3431/1471/2689 3599/1471/2792
f 3599/1471/2792 3431/1471/2689 3433/1471/2690
f 3599/1471/2792 3433/1471/2690 3600/1471/2793
f 3600/1471/2793 3433/1471/2690 3435/1471/2692
f 3600/1471/2793 3435/1471/2692 3601/1471/2794
f 3601/1471/2794 3435/1471/2692 3437/1471/2693
f 3601/1471/2794 3437/1471/2693 3602/1471/2795
f 3602/1471/2795 3437/1471/2693 2889/1471/2473
f 3602/1471/2795 2889/1471/2473 2644/1471/2380
f 3603/1471/2600 3278/1471/2600 3281/1471/2601
f 3603/1471/2600 3281/1471/2601 3604/1471/2601
f 3604/1471/2601 3281/1471/2601 3283/1471/2602
f 3604/1471/2601 3283/1471/2602 3605/1471/2602
f 3605/1471/2602 3283/1471/2602 3285/1471/2603
f 3605/1471/2602 3285/1471/2603 3606/1471/2603
f 3606/1471/2603 3285/1471/2603 3287/1471/2604
f 3606/1471/2603 3287/1471/2604 3607/1471/2604
f 3607/1471/2604 3287/1471/2604 2887/1471/2469
f 3607/1471/2604 2887/1471/2469 2821/1471/2469
f 3608/1471/2796 3438/1471/2694 3441/1471/2695
f 3608/1471/2796 3441/1471/2695 3609/1471/2797
f 3609/1471/2797 3441/1471/2695 3443/1471/2696
f 3609/1471/2797 3443/1471/2696 3610/1471/2798
f 3610/1471/2798 3443/1471/2696 3445/1471/2697
f 3610/1471/2798 3445/1471/2697 3611/1471/2799
f 3611/1471/2799 3445/1471/2697 3447/1471/2698
f 3611/1471/2799 3447/1471/2698 3612/1471/2800
f 3612/1471/2800 3447/1471/2698 2885/1471/2467
f 3612/1471/2800 2885/1471/2467 2827/1471/2516
f 3613/1471/2605 3288/1471/2605 3291/1471/2606
f 3613/1471/2605 3291/1471/2606 3614/1471/2606
f 3614/1471/2606 3291/1471/2606 3293/1471/2607
f 3614/1471/2606 3293/1471/2607 3615/1471/2607
f 3615/1471/2607 3293/1471/2607 3295/1471/2608
f 3615/1471/2607 3295/1471/2608 3616/1471/2801
f 3616/1471/2801 3295/1471/2608 3297/1471/2609
f 3616/1471/2801 3297/1471/2609 3617/1471/2609
f 3617/1471/2609 3297/1471/2609 2883/1471/2463
f 3617/1471/2609 2883/1471/2463 2817/1471/2463
f 3618/1471/2802 3448/1471/2699 3451/1471/2700
f 3618/1471/2802 3451/1471/2700 3619/1471/2803
f 3619/1471/2803 3451/1471/2700 3453/1471/2701
f 3619/1471/2803 3453/1471/2701 3620/1471/2804
f 3620/1471/2804 3453/1471/2701 3455/1471/2702
f 3620/1471/2804 3455/1471/2702 3621/1471/2805
f 3621/1471/2805 3455/1471/2702 3457/1471/2703
f 3621/1471/2805 3457/1471/2703 3622/1471/2806
f 3622/1471/2806 3457/1471/2703 2881/1471/2460
f 3622/1471/2806 2881/1471/2460 2823/1471/2514
f 3623/1471/2611 3298/1471/2610 3301/1471/2613
f 3623/1471/2611 3301/1471/2613 3624/1471/2612
f 3624/1471/2612 3301/1471/2613 3303/1471/2615
f 3624/1471/2612 3303/1471/2615 3625/1471/2615
f 3625/1471/2615 3303/1471/2615 3305/1471/2616
f 3625/1471/2615 3305/1471/2616 3626/1471/2616
f 3626/1471/2616 3305/1471/2616 3307/1471/2618
f 3626/1471/2616 3307/1471/2618 3627/1471/2618
f 3627/1471/2618 3307/1471/2618 2879/1471/2456
f 3627/1471/2618 2879/1471/2456 2813/1471/2456
f 3628/1471/2807 3458/1471/2704 3461/1471/2707
f 3628/1471/2807 3461/1471/2707 3629/1471/2808
f 3629/1471/2808 3461/1471/2707 3463/1471/2708
f 3629/1471/2808 3463/1471/2708 3630/1471/2809
f 3630/1471/2809 3463/1471/2708 3465/1471/2709
f 3630/1471/2809 3465/1471/2709 3631/1471/2810
f 3631/1471/2810 3465/1471/2709 3467/1471/2710
f 3631/1471/2810 3467/1471/2710 3632/1471/2811
f 3632/1471/2811 3467/1471/2710 2877/1471/2453
f 3632/1471/2811 2877/1471/2453 2819/1471/2512
f 3633/1471/2619 3308/1471/2619 3311/1471/2620
f 3633/1471/2619 3311/1471/2620 3634/1471/2620
f 3634/1471/2620 3311/1471/2620 3313/1471/2621
f 3634/1471/2620 3313/1471/2621 3635/1471/2621
f 3635/1471/2621 3313/1471/2621 3315/1471/2622
f 3635/1471/2621 3315/1471/2622 3636/1471/2622
f 3636/1471/2622 3315/1471/2622 3317/1471/2623
f 3636/1471/2622 3317/1471/2623 3637/1471/2623
f 3637/1471/2623 3317/1471/2623 2875/1471/2449
f 3637/1471/2623 2875/1471/2449 2809/1471/2449
f 3638/1471/2812 3468/1471/2711 3471/1471/2713
f 3638/1471/2812 3471/1471/2713 3639/1471/2813
f 3639/1471/2813 3471/1471/2713 3473/1471/2714
f 3639/1471/2813 3473/1471/2714 3640/1471/2814
f 3640/1471/2814 3473/1471/2714 3475/1471/2715
f 3640/1471/2814 3475/1471/2715 3641/1471/2815
f 3641/1471/2815 3475/1471/2715 3477/1471/2716
f 3641/1471/2815 3477/1471/2716 3642/1471/2816
f 3642/1471/2816 3477/1471/2716 2873/1471/2446
f 3642/1471/2816 2873/1471/2446 2815/1471/2509
f 3643/1471/2817 3318/1471/2624 3321/1471/2625
f 3643/1471/2817 3321/1471/2625 3644/1471/2625
f 3644/1471/2625 3321/1471/2625 3323/1471/2626
f 3644/1471/2625 3323/1471/2626 3645/1471/2626
f 3645/1471/2626 3323/1471/2626 3325/1471/2627
f 3645/1471/2626 3325/1471/2627 3646/1471/2627
f 3646/1471/2627 3325/1471/2627 3327/1471/2628
f 3646/1471/2627 3327/1471/2628 3647/1471/2628
f 3647/1471/2628 3327/1471/2628 2871/1471/2442
f 3647/1471/2628 2871/1471/2442 2805/1471/2442
f 3648/1471/2818 3478/1471/2717 3481/1471/2720
f 3648/1471/2818 3481/1471/2720 3649/1471/2819
f 3649/1471/2819 3481/1471/2720 3483/1471/2721
f 3649/1471/2819 3483/1471/2721 3650/1471/2820
f 3650/1471/2820 3483/1471/2721 3485/1471/2722
f 3650/1471/2820 3485/1471/2722 3651/1471/2821
f 3651/1471/2821 3485/1471/2722 3487/1471/2723
f 3651/1471/2821 3487/1471/2723 3652/1471/2822
f 3652/1471/2822 3487/1471/2723 2869/1471/2440
f 3652/1471/2822 2869/1471/2440 2811/1471/2506
f 3653/1471/2630 3328/1471/2629 3331/1471/2631
f 3653/1471/2630 3331/1471/2631 3654/1471/2631
f 3654/1471/2631 3331/1471/2631 3333/1471/2632
f 3654/1471/2631 3333/1471/2632 3655/1471/2632
f 3655/1471/2632 3333/1471/2632 3335/1471/2633
f 3655/1471/2632 3335/1471/2633 3656/1471/2633
f 3656/1471/2633 3335/1471/2633 3337/1471/2634
f 3656/1471/2633 3337/1471/2634 3657/1471/2634
f 3657/1471/2634 3337/1471/2634 2867/1471/2436
f 3657/1471/2634 2867/1471/2436 2801/1471/2500
f 3658/1471/2823 3488/1471/2724 3491/1471/2725
f 3658/1471/2823 3491/1471/2725 3659/1471/2824
f 3659/1471/2824 3491/1471/2725 3493/1471/2726
f 3659/1471/2824 3493/1471/2726 3660/1471/2825
f 3660/1471/2825 3493/1471/2726 3495/1471/2727
f 3660/1471/2825 3495/1471/2727 3661/1471/2826
f 3661/1471/2826 3495/1471/2727 3497/1471/2728
f 3661/1471/2826 3497/1471/2728 3662/1471/2827
f 3662/1471/2827 3497/1471/2728 2865/1471/2520
f 3662/1471/2827 2865/1471/2520 2807/1471/2503
f 3663/1471/2635 3338/1471/2635 3341/1471/2637
f 3663/1471/2635 3341/1471/2637 3664/1471/2637
f 3664/1471/2637 3341/1471/2637 3343/1471/2639
f 3664/1471/2637 3343/1471/2639 3665/1471/2638
f 3665/1471/2638 3343/1471/2639 3345/1471/2640
f 3665/1471/2638 3345/1471/2640 3666/1471/2640
f 3666/1471/2640 3345/1471/2640 3347/1471/2642
f 3666/1471/2640 3347/1471/2642 3667/1471/2641
f 3667/1471/2641 3347/1471/2642 2863/1471/2430
f 3667/1471/2641 2863/1471/2430 2797/1471/2430
f 3668/1471/2828 3498/1471/2729 3501/1471/2731
f 3668/1471/2828 3501/1471/2731 3669/1471/2829
f 3669/1471/2829 3501/1471/2731 3503/1471/2733
f 3669/1471/2829 3503/1471/2733 3670/1471/2830
f 3670/1471/2830 3503/1471/2733 3505/1471/2734
f 3670/1471/2830 3505/1471/2734 3671/1471/2831
f 3671/1471/2831 3505/1471/2734 3507/1471/2735
f 3671/1471/2831 3507/1471/2735 3672/1471/2832
f 3672/1471/2832 3507/1471/2735 2861/1471/2428
f 3672/1471/2832 2861/1471/2428 2803/1471/2501
f 3673/1471/2833 3348/1471/2643 3351/1471/2644
f 3673/1471/2833 3351/1471/2644 3674/1471/2644
f 3674/1471/2644 3351/1471/2644 3353/1471/2645
f 3674/1471/2644 3353/1471/2645 3675/1471/2645
f 3675/1471/2645 3353/1471/2645 3355/1471/2646
f 3675/1471/2645 3355/1471/2646 3676/1471/2646
f 3676/1471/2646 3355/1471/2646 3357/1471/2647
f 3676/1471/2646 3357/1471/2647 3677/1471/2647
f 3677/1471/2647 3357/1471/2647 2859/1471/2424
f 3677/1471/2647 2859/1471/2424 2793/1471/2424
f 3678/1471/2834 3508/1471/2736 3511/1471/2738
f 3678/1471/2834 3511/1471/2738 3679/1471/2835
f 3679/1471/2835 3511/1471/2738 3513/1471/2739
f 3679/1471/2835 3513/1471/2739 3680/1471/2836
f 3680/1471/2836 3513/1471/2739 3515/1471/2740
f 3680/1471/2836 3515/1471/2740 3681/1471/2837
f 3681/1471/2837 3515/1471/2740 3517/1471/2741
f 3681/1471/2837 3517/1471/2741 3682/1471/2838
f 3682/1471/2838 3517/1471/2741 2857/1471/2421
f 3682/1471/2838 2857/1471/2421 2799/1471/2498
f 3683/1471/2648 3358/1471/2648 3361/1471/2649
f 3683/1471/2648 3361/1471/2649 3684/1471/2649
f 3684/1471/2649 3361/1471/2649 3363/1471/2650
f 3684/1471/2649 3363/1471/2650 3685/1471/2650
f 3685/1471/2650 3363/1471/2650 3365/1471/2651
f 3685/1471/2650 3365/1471/2651 3686/1471/2651
f 3686/1471/2651 3365/1471/2651 3367/1471/2652
f 3686/1471/2651 3367/1471/2652 3687/1471/2652
f 3687/1471/2652 3367/1471/2652 2855/1471/2417
f 3687/1471/2652 2855/1471/2417 2789/1471/2417
f 3688/1471/2839 3518/1471/2742 3521/1471/2744
f 3688/1471/2839 3521/1471/2744 3689/1471/2840
f 3689/1471/2840 3521/1471/2744 3523/1471/2745
f 3689/1471/2840 3523/1471/2745 3690/1471/2841
f 3690/1471/2841 3523/1471/2745 3525/1471/2746
f 3690/1471/2841 3525/1471/2746 3691/1471/2842
f 3691/1471/2842 3525/1471/2746 3527/1471/2747
f 3691/1471/2842 3527/1471/2747 3692/1471/2843
f 3692/1471/2843 3527/1471/2747 2853/1471/2414
f 3692/1471/2843 2853/1471/2414 2795/1471/2496
f 3693/1471/2654 3368/1471/2653 3371/1471/2655
f 3693/1471/2654 3371/1471/2655 3694/1471/2655
f 3694/1471/2655 3371/1471/2655 3373/1471/2657
f 3694/1471/2655 3373/1471/2657 3695/1471/2656
f 3695/1471/2656 3373/1471/2657 3375/1471/2658
f 3695/1471/2656 3375/1471/2658 3696/1471/2658
f 3696/1471/2658 3375/1471/2658 3377/1471/2659
f 3696/1471/2658 3377/1471/2659 3697/1471/2659
f 3697/1471/2659 3377/1471/2659 2851/1471/2410
f 3697/1471/2659 2851/1471/2410 2785/1471/2410
f 3698/1471/2844 3528/1471/2748 3531/1471/2750
f 3698/1471/2844 3531/1471/2750 3699/1471/2845
f 3699/1471/2845 3531/1471/2750 3533/1471/2751
f 3699/1471/2845 3533/1471/2751 3700/1471/2846
f 3700/1471/2846 3533/1471/2751 3535/1471/2752
f 3700/1471/2846 3535/1471/2752 3701/1471/2847
f 3701/1471/2847 3535/1471/2752 3537/1471/2753
f 3701/1471/2847 3537/1471/2753 3702/1471/2848
f 3702/1471/2848 3537/1471/2753 2849/1471/2408
f 3702/1471/2848 2849/1471/2408 2791/1471/2493
f 3703/1471/2661 3378/1471/2660 3381/1471/2663
f 3703/1471/2661 3381/1471/2663 3704/1471/2662
f 3704/1471/2662 3381/1471/2663 3383/1471/2664
f 3704/1471/2662 3383/1471/2664 3705/1471/2664
f 3705/1471/2664 3383/1471/2664 3385/1471/2665
f 3705/1471/2664 3385/1471/2665 3706/1471/2665
f 3706/1471/2665 3385/1471/2665 3387/1471/2666
f 3706/1471/2665 3387/1471/2666 3707/1471/2666
f 3707/1471/2666 3387/1471/2666 2847/1471/2488
f 3707/1471/2666 2847/1471/2488 2781/1471/2488
f 3708/1471/2849 3538/1471/2754 3541/1471/2757
f 3708/1471/2849 3541/1471/2757 3709/1471/2850
f 3709/1471/2850 3541/1471/2757 3543/1471/2758
f 3709/1471/2850 3543/1471/2758 3710/1471/2851
f 3710/1471/2851 3543/1471/2758 3545/1471/2759
f 3710/1471/2851 3545/1471/2759 3711/1471/2852
f 3711/1471/2852 3545/1471/2759 3547/1471/2760
f 3711/1471/2852 3547/1471/2760 3712/1471/2853
f 3712/1471/2853 3547/1471/2760 2845/1471/2401
f 3712/1471/2853 2845/1471/2401 2787/1471/2491
f 3713/1471/2854 3388/1471/2667 3391/1471/2668
f 3713/1471/2854 3391/1471/2668 3714/1471/2668
f 3714/1471/2668 3391/1471/2668 3393/1471/2669
f 3714/1471/2668 3393/1471/2669 3715/1471/2669
f 3715/1471/2669 3393/1471/2669 3395/1471/2670
f 3715/1471/2669 3395/1471/2670 3716/1471/2670
f 3716/1471/2670 3395/1471/2670 3397/1471/2671
f 3716/1471/2670 3397/1471/2671 3717/1471/2671
f 3717/1471/2671 3397/1471/2671 2843/1471/2484
f 3717/1471/2671 2843/1471/2484 2777/1471/2484
f 3718/1471/2855 3548/1471/2761 3551/1471/2763
f 3718/1471/2855 3551/1471/2763 3719/1471/2856
f 3719/1471/2856 3551/1471/2763 3553/1471/2764
f 3719/1471/2856 3553/1471/2764 3720/1471/2857
f 3720/1471/2857 3553/1471/2764 3555/1471/2765
f 3720/1471/2857 3555/1471/2765 3721/1471/2858
f 3721/1471/2858 3555/1471/2765 3557/1471/2766
f 3721/1471/2858 3557/1471/2766 3722/1471/2859
f 3722/1471/2859 3557/1471/2766 2841/1471/2395
f 3722/1471/2859 2841/1471/2395 2783/1471/2489
f 3723/1471/2672 3398/1471/2672 3401/1471/2673
f 3723/1471/2672 3401/1471/2673 3724/1471/2673
f 3724/1471/2673 3401/1471/2673 3403/1471/2674
f 3724/1471/2673 3403/1471/2674 3725/1471/2674
f 3725/1471/2674 3403/1471/2674 3405/1471/2675
f 3725/1471/2674 3405/1471/2675 3726/1471/2675
f 3726/1471/2675 3405/1471/2675 3407/1471/2676
f 3726/1471/2675 3407/1471/2676 3727/1471/2676
f 3727/1471/2676 3407/1471/2676 2839/1471/2391
f 3727/1471/2676 2839/1471/2391 2773/1471/2391
f 3728/1471/2860 3558/1471/2767 3561/1471/2768
f 3728/1471/2860 3561/1471/2768 3729/1471/2861
f 3729/1471/2861 3561/1471/2768 3563/1471/2769
f 3729/1471/2861 3563/1471/2769 3730/1471/2862
f 3730/1471/2862 3563/1471/2769 3565/1471/2770
f 3730/1471/2862 3565/1471/2770 3731/1471/2863
f 3731/1471/2863 3565/1471/2770 3567/1471/2771
f 3731/1471/2863 3567/1471/2771 3732/1471/2864
f 3732/1471/2864 3567/1471/2771 2837/1471/2389
f 3732/1471/2864 2837/1471/2389 2779/1471/2486
f 3733/1471/2677 3408/1471/2677 3411/1471/2678
f 3733/1471/2677 3411/1471/2678 3734/1471/2678
f 3734/1471/2678 3411/1471/2678 3413/1471/2679
f 3734/1471/2678 3413/1471/2679 3735/1471/2679
f 3735/1471/2679 3413/1471/2679 3415/1471/2680
f 3735/1471/2679 3415/1471/2680 3736/1471/2680
f 3736/1471/2680 3415/1471/2680 3417/1471/2681
f 3736/1471/2680 3417/1471/2681 3737/1471/2681
f 3737/1471/2681 3417/1471/2681 2835/1471/2385
f 3737/1471/2681 2835/1471/2385 2769/1471/2385
f 3738/1471/2865 3568/1471/2772 3571/1471/2773
f 3738/1471/2865 3571/1471/2773 3739/1471/2866
f 3739/1471/2866 3571/1471/2773 3573/1471/2775
f 3739/1471/2866 3573/1471/2775 3740/1471/2867
f 3740/1471/2867 3573/1471/2775 3575/1471/2776
f 3740/1471/2867 3575/1471/2776 3741/1471/2868
f 3741/1471/2868 3575/1471/2776 3577/1471/2777
f 3741/1471/2868 3577/1471/2777 3742/1471/2869
f 3742/1471/2869 3577/1471/2777 2833/1471/2383
f 3742/1471/2869 2833/1471/2383 2775/1471/2482
f 3743/1471/2682 3418/1471/2682 3421/1471/2683
f 3743/1471/2682 3421/1471/2683 3744/1471/2683
f 3744/1471/2683 3421/1471/2683 3423/1471/2685
f 3744/1471/2683 3423/1471/2685 3745/1471/2684
f 3745/1471/2684 3423/1471/2685 3425/1471/2686
f 3745/1471/2684 3425/1471/2686 3746/1471/2686
f 3746/1471/2686 3425/1471/2686 3427/1471/2687
f 3746/1471/2686 3427/1471/2687 3747/1471/2870
f 3747/1471/2870 3427/1471/2687 2831/1471/2379
f 3747/1471/2870 2831/1471/2379 2765/1471/2379
f 3748/1471/2871 3578/1471/2778 3581/1471/2779
f 3748/1471/2871 3581/1471/2779 3749/1471/2872
f 3749/1471/2872 3581/1471/2779 3583/1471/2781
f 3749/1471/2872 3583/1471/2781 3750/1471/2873
f 3750/1471/2873 3583/1471/2781 3585/1471/2782
f 3750/1471/2873 3585/1471/2782 3751/1471/2874
f 3751/1471/2874 3585/1471/2782 3587/1471/2784
f 3751/1471/2874 3587/1471/2784 3752/1471/2875
f 3752/1471/2875 3587/1471/2784 2829/1471/2377
f 3752/1471/2875 2829/1471/2377 2771/1471/2480
f 3753/1471/2876 3608/1471/2796 3609/1471/2797
f 3753/1471/2876 3609/1471/2797 3754/1471/2689
f 3754/1471/2689 3609/1471/2797 3610/1471/2798
f 3754/1471/2689 3610/1471/2798 3755/1471/2690
f 3755/1471/2690 3610/1471/2798 3611/1471/2799
f 3755/1471/2690 3611/1471/2799 3756/1471/2691
f 3756/1471/2691 3611/1471/2799 3612/1471/2800
f 3756/1471/2691 3612/1471/2800 3757/1471/2693
f 3757/1471/2693 3612/1471/2800 2827/1471/2516
f 3757/1471/2693 2827/1471/2516 2760/1471/2473
f 3758/1471/2877 3588/1471/2785 3591/1471/2786
f 3758/1471/2877 3591/1471/2786 3759/1471/2878
f 3759/1471/2878 3591/1471/2786 3593/1471/2787
f 3759/1471/2878 3593/1471/2787 3760/1471/2879
f 3760/1471/2879 3593/1471/2787 3595/1471/2789
f 3760/1471/2879 3595/1471/2789 3761/1471/2880
f 3761/1471/2880 3595/1471/2789 3597/1471/2790
f 3761/1471/2880 3597/1471/2790 3762/1471/2881
f 3762/1471/2881 3597/1471/2790 2825/1471/2374
f 3762/1471/2881 2825/1471/2374 2767/1471/2477
f 3763/1471/2694 3618/1471/2802 3619/1471/2803
f 3763/1471/2694 3619/1471/2803 3764/1471/2695
f 3764/1471/2695 3619/1471/2803 3620/1471/2804
f 3764/1471/2695 3620/1471/2804 3765/1471/2696
f 3765/1471/2696 3620/1471/2804 3621/1471/2805
f 3765/1471/2696 3621/1471/2805 3766/1471/2697
f 3766/1471/2697 3621/1471/2805 3622/1471/2806
f 3766/1471/2697 3622/1471/2806 3767/1471/2698
f 3767/1471/2698 3622/1471/2806 2823/1471/2514
f 3767/1471/2698 2823/1471/2514 2752/1471/2467
f 3768/1471/2882 3603/1471/2600 3604/1471/2601
f 3768/1471/2882 3604/1471/2601 3769/1471/2883
f 3769/1471/2883 3604/1471/2601 3605/1471/2602
f 3769/1471/2883 3605/1471/2602 3770/1471/2884
f 3770/1471/2884 3605/1471/2602 3606/1471/2603
f 3770/1471/2884 3606/1471/2603 3771/1471/2885
f 3771/1471/2885 3606/1471/2603 3607/1471/2604
f 3771/1471/2885 3607/1471/2604 3772/1471/2886
f 3772/1471/2886 3607/1471/2604 2821/1471/2469
f 3772/1471/2886 2821/1471/2469 2763/1471/2475
f 3773/1471/2699 3628/1471/2807 3629/1471/2808
f 3773/1471/2699 3629/1471/2808 3774/1471/2700
f 3774/1471/2700 3629/1471/2808 3630/1471/2809
f 3774/1471/2700 3630/1471/2809 3775/1471/2701
f 3775/1471/2701 3630/1471/2809 3631/1471/2810
f 3775/1471/2701 3631/1471/2810 3776/1471/2702
f 3776/1471/2702 3631/1471/2810 3632/1471/2811
f 3776/1471/2702 3632/1471/2811 3777/1471/2703
f 3777/1471/2703 3632/1471/2811 2819/1471/2512
f 3777/1471/2703 2819/1471/2512 2744/1471/2460
f 3778/1471/2887 3613/1471/2605 3614/1471/2606
f 3778/1471/2887 3614/1471/2606 3779/1471/2888
f 3779/1471/2888 3614/1471/2606 3615/1471/2607
f 3779/1471/2888 3615/1471/2607 3780/1471/2889
f 3780/1471/2889 3615/1471/2607 3616/1471/2801
f 3780/1471/2889 3616/1471/2801 3781/1471/2890
f 3781/1471/2890 3616/1471/2801 3617/1471/2609
f 3781/1471/2890 3617/1471/2609 3782/1471/2891
f 3782/1471/2891 3617/1471/2609 2817/1471/2463
f 3782/1471/2891 2817/1471/2463 2756/1471/2470
f 3783/1471/2704 3638/1471/2812 3639/1471/2813
f 3783/1471/2704 3639/1471/2813 3784/1471/2707
f 3784/1471/2707 3639/1471/2813 3640/1471/2814
f 3784/1471/2707 3640/1471/2814 3785/1471/2708
f 3785/1471/2708 3640/1471/2814 3641/1471/2815
f 3785/1471/2708 3641/1471/2815 3786/1471/2709
f 3786/1471/2709 3641/1471/2815 3642/1471/2816
f 3786/1471/2709 3642/1471/2816 3787/1471/2710
f 3787/1471/2710 3642/1471/2816 2815/1471/2509
f 3787/1471/2710 2815/1471/2509 2736/1471/2453
f 3788/1471/2892 3623/1471/2611 3624/1471/2612
f 3788/1471/2892 3624/1471/2612 3789/1471/2893
f 3789/1471/2893 3624/1471/2612 3625/1471/2615
f 3789/1471/2893 3625/1471/2615 3790/1471/2894
f 3790/1471/2894 3625/1471/2615 3626/1471/2616
f 3790/1471/2894 3626/1471/2616 3791/1471/2895
f 3791/1471/2895 3626/1471/2616 3627/1471/2618
f 3791/1471/2895 3627/1471/2618 3792/1471/2896
f 3792/1471/2896 3627/1471/2618 2813/1471/2456
f 3792/1471/2896 2813/1471/2456 2748/1471/2464
f 3793/1471/2711 3648/1471/2818 3649/1471/2819
f 3793/1471/2711 3649/1471/2819 3794/1471/2713
f 3794/1471/2713 3649/1471/2819 3650/1471/2820
f 3794/1471/2713 3650/1471/2820 3795/1471/2714
f 3795/1471/2714 3650/1471/2820 3651/1471/2821
f 3795/1471/2714 3651/1471/2821 3796/1471/2715
f 3796/1471/2715 3651/1471/2821 3652/1471/2822
f 3796/1471/2715 3652/1471/2822 3797/1471/2716
f 3797/1471/2716 3652/1471/2822 2811/1471/2506
f 3797/1471/2716 2811/1471/2506 2728/1471/2446
f 3798/1471/2897 3633/1471/2619 3634/1471/2620
f 3798/1471/2897 3634/1471/2620 3799/1471/2898
f 3799/1471/2898 3634/1471/2620 3635/1471/2621
f 3799/1471/2898 3635/1471/2621 3800/1471/2899
f 3800/1471/2899 3635/1471/2621 3636/1471/2622
f 3800/1471/2899 3636/1471/2622 3801/1471/2900
f 3801/1471/2900 3636/1471/2622 3637/1471/2623
f 3801/1471/2900 3637/1471/2623 3802/1471/2901
f 3802/1471/2901 3637/1471/2623 2809/1471/2449
f 3802/1471/2901 2809/1471/2449 2740/1471/2457
f 3803/1471/2717 3658/1471/2823 3659/1471/2824
f 3803/1471/2717 3659/1471/2824 3804/1471/2719
f 3804/1471/2719 3659/1471/2824 3660/1471/2825
f 3804/1471/2719 3660/1471/2825 3805/1471/2721
f 3805/1471/2721 3660/1471/2825 3661/1471/2826
f 3805/1471/2721 3661/1471/2826 3806/1471/2722
f 3806/1471/2722 3661/1471/2826 3662/1471/2827
f 3806/1471/2722 3662/1471/2827 3807/1471/2723
f 3807/1471/2723 3662/1471/2827 2807/1471/2503
f 3807/1471/2723 2807/1471/2503 2720/1471/2440
f 3808/1471/2902 3643/1471/2817 3644/1471/2625
f 3808/1471/2902 3644/1471/2625 3809/1471/2903
f 3809/1471/2903 3644/1471/2625 3645/1471/2626
f 3809/1471/2903 3645/1471/2626 3810/1471/2904
f 3810/1471/2904 3645/1471/2626 3646/1471/2627
f 3810/1471/2904 3646/1471/2627 3811/1471/2905
f 3811/1471/2905 3646/1471/2627 3647/1471/2628
f 3811/1471/2905 3647/1471/2628 3812/1471/2906
f 3812/1471/2906 3647/1471/2628 2805/1471/2442
f 3812/1471/2906 2805/1471/2442 2732/1471/2450
f 3813/1471/2907 3668/1471/2828 3669/1471/2829
f 3813/1471/2907 3669/1471/2829 3814/1471/2725
f 3814/1471/2725 3669/1471/2829 3670/1471/2830
f 3814/1471/2725 3670/1471/2830 3815/1471/2726
f 3815/1471/2726 3670/1471/2830 3671/1471/2831
f 3815/1471/2726 3671/1471/2831 3816/1471/2727
f 3816/1471/2727 3671/1471/2831 3672/1471/2832
f 3816/1471/2727 3672/1471/2832 3817/1471/2908
f 3817/1471/2908 3672/1471/2832 2803/1471/2501
f 3817/1471/2908 2803/1471/2501 2712/1471/2434
f 3818/1471/2909 3653/1471/2630 3654/1471/2631
f 3818/1471/2909 3654/1471/2631 3819/1471/2910
f 3819/1471/2910 3654/1471/2631 3655/1471/2632
f 3819/1471/2910 3655/1471/2632 3820/1471/2911
f 3820/1471/2911 3655/1471/2632 3656/1471/2633
f 3820/1471/2911 3656/1471/2633 3821/1471/2912
f 3821/1471/2912 3656/1471/2633 3657/1471/2634
f 3821/1471/2912 3657/1471/2634 3822/1471/2913
f 3822/1471/2913 3657/1471/2634 2801/1471/2500
f 3822/1471/2913 2801/1471/2500 2724/1471/2443
f 3823/1471/2730 3678/1471/2834 3679/1471/2835
f 3823/1471/2730 3679/1471/2835 3824/1471/2731
f 3824/1471/2731 3679/1471/2835 3680/1471/2836
f 3824/1471/2731 3680/1471/2836 3825/1471/2733
f 3825/1471/2733 3680/1471/2836 3681/1471/2837
f 3825/1471/2733 3681/1471/2837 3826/1471/2734
f 3826/1471/2734 3681/1471/2837 3682/1471/2838
f 3826/1471/2734 3682/1471/2838 3827/1471/2914
f 3827/1471/2914 3682/1471/2838 2799/1471/2498
f 3827/1471/2914 2799/1471/2498 2704/1471/2428
f 3828/1471/2915 3663/1471/2635 3664/1471/2637
f 3828/1471/2915 3664/1471/2637 3829/1471/2916
f 3829/1471/2916 3664/1471/2637 3665/1471/2638
f 3829/1471/2916 3665/1471/2638 3830/1471/2917
f 3830/1471/2917 3665/1471/2638 3666/1471/2640
f 3830/1471/2917 3666/1471/2640 3831/1471/2918
f 3831/1471/2918 3666/1471/2640 3667/1471/2641
f 3831/1471/2918 3667/1471/2641 3832/1471/2919
f 3832/1471/2919 3667/1471/2641 2797/1471/2430
f 3832/1471/2919 2797/1471/2430 2716/1471/2437
f 3833/1471/2737 3688/1471/2839 3689/1471/2840
f 3833/1471/2737 3689/1471/2840 3834/1471/2738
f 3834/1471/2738 3689/1471/2840 3690/1471/2841
f 3834/1471/2738 3690/1471/2841 3835/1471/2739
f 3835/1471/2739 3690/1471/2841 3691/1471/2842
f 3835/1471/2739 3691/1471/2842 3836/1471/2920
f 3836/1471/2920 3691/1471/2842 3692/1471/2843
f 3836/1471/2920 3692/1471/2843 3837/1471/2741
f 3837/1471/2741 3692/1471/2843 2795/1471/2496
f 3837/1471/2741 2795/1471/2496 2696/1471/2421
f 3838/1471/2921 3673/1471/2833 3674/1471/2644
f 3838/1471/2921 3674/1471/2644 3839/1471/2922
f 3839/1471/2922 3674/1471/2644 3675/1471/2645
f 3839/1471/2922 3675/1471/2645 3840/1471/2923
f 3840/1471/2923 3675/1471/2645 3676/1471/2646
f 3840/1471/2923 3676/1471/2646 3841/1471/2924
f 3841/1471/2924 3676/1471/2646 3677/1471/2647
f 3841/1471/2924 3677/1471/2647 3842/1471/2925
f 3842/1471/2925 3677/1471/2647 2793/1471/2424
f 3842/1471/2925 2793/1471/2424 2708/1471/2431
f 3843/1471/2742 3698/1471/2844 3699/1471/2845
f 3843/1471/2742 3699/1471/2845 3844/1471/2744
f 3844/1471/2744 3699/1471/2845 3700/1471/2846
f 3844/1471/2744 3700/1471/2846 3845/1471/2745
f 3845/1471/2745 3700/1471/2846 3701/1471/2847
f 3845/1471/2745 3701/1471/2847 3846/1471/2746
f 3846/1471/2746 3701/1471/2847 3702/1471/2848
f 3846/1471/2746 3702/1471/2848 3847/1471/2747
f 3847/1471/2747 3702/1471/2848 2791/1471/2493
f 3847/1471/2747 2791/1471/2493 2688/1471/2414
f 3848/1471/2926 3683/1471/2648 3684/1471/2649
f 3848/1471/2926 3684/1471/2649 3849/1471/2927
f 3849/1471/2927 3684/1471/2649 3685/1471/2650
f 3849/1471/2927 3685/1471/2650 3850/1471/2928
f 3850/1471/2928 3685/1471/2650 3686/1471/2651
f 3850/1471/2928 3686/1471/2651 3851/1471/2929
f 3851/1471/2929 3686/1471/2651 3687/1471/2652
f 3851/1471/2929 3687/1471/2652 3852/1471/2930
f 3852/1471/2930 3687/1471/2652 2789/1471/2417
f 3852/1471/2930 2789/1471/2417 2700/1471/2425
f 3853/1471/2749 3708/1471/2849 3709/1471/2850
f 3853/1471/2749 3709/1471/2850 3854/1471/2750
f 3854/1471/2750 3709/1471/2850 3710/1471/2851
f 3854/1471/2750 3710/1471/2851 3855/1471/2751
f 3855/1471/2751 3710/1471/2851 3711/1471/2852
f 3855/1471/2751 3711/1471/2852 3856/1471/2752
f 3856/1471/2752 3711/1471/2852 3712/1471/2853
f 3856/1471/2752 3712/1471/2853 3857/1471/2931
f 3857/1471/2931 3712/1471/2853 2787/1471/2491
f 3857/1471/2931 2787/1471/2491 2680/1471/2408
f 3858/1471/2932 3693/1471/2654 3694/1471/2655
f 3858/1471/2932 3694/1471/2655 3859/1471/2933
f 3859/1471/2933 3694/1471/2655 3695/1471/2656
f 3859/1471/2933 3695/1471/2656 3860/1471/2934
f 3860/1471/2934 3695/1471/2656 3696/1471/2658
f 3860/1471/2934 3696/1471/2658 3861/1471/2935
f 3861/1471/2935 3696/1471/2658 3697/1471/2659
f 3861/1471/2935 3697/1471/2659 3862/1471/2936
f 3862/1471/2936 3697/1471/2659 2785/1471/2410
f 3862/1471/2936 2785/1471/2410 2692/1471/2418
f 3863/1471/2754 3718/1471/2855 3719/1471/2856
f 3863/1471/2754 3719/1471/2856 3864/1471/2756
f 3864/1471/2756 3719/1471/2856 3720/1471/2857
f 3864/1471/2756 3720/1471/2857 3865/1471/2758
f 3865/1471/2758 3720/1471/2857 3721/1471/2858
f 3865/1471/2758 3721/1471/2858 3866/1471/2759
f 3866/1471/2759 3721/1471/2858 3722/1471/2859
f 3866/1471/2759 3722/1471/2859 3867/1471/2760
f 3867/1471/2760 3722/1471/2859 2783/1471/2489
f 3867/1471/2760 2783/1471/2489 2672/1471/2402
f 3868/1471/2937 3703/1471/2661 3704/1471/2662
f 3868/1471/2937 3704/1471/2662 3869/1471/2938
f 3869/1471/2938 3704/1471/2662 3705/1471/2664
f 3869/1471/2938 3705/1471/2664 3870/1471/2939
f 3870/1471/2939 3705/1471/2664 3706/1471/2665
f 3870/1471/2939 3706/1471/2665 3871/1471/2940
f 3871/1471/2940 3706/1471/2665 3707/1471/2666
f 3871/1471/2940 3707/1471/2666 3872/1471/2941
f 3872/1471/2941 3707/1471/2666 2781/1471/2488
f 3872/1471/2941 2781/1471/2488 2684/1471/2411
f 3873/1471/2762 3728/1471/2860 3729/1471/2861
f 3873/1471/2762 3729/1471/2861 3874/1471/2763
f 3874/1471/2763 3729/1471/2861 3730/1471/2862
f 3874/1471/2763 3730/1471/2862 3875/1471/2764
f 3875/1471/2764 3730/1471/2862 3731/1471/2863
f 3875/1471/2764 3731/1471/2863 3876/1471/2765
f 3876/1471/2765 3731/1471/2863 3732/1471/2864
f 3876/1471/2765 3732/1471/2864 3877/1471/2766
f 3877/1471/2766 3732/1471/2864 2779/1471/2486
f 3877/1471/2766 2779/1471/2486 2664/1471/2395
f 3878/1471/2942 3713/1471/2854 3714/1471/2668
f 3878/1471/2942 3714/1471/2668 3879/1471/2943
f 3879/1471/2943 3714/1471/2668 3715/1471/2669
f 3879/1471/2943 3715/1471/2669 3880/1471/2944
f 3880/1471/2944 3715/1471/2669 3716/1471/2670
f 3880/1471/2944 3716/1471/2670 3881/1471/2945
f 3881/1471/2945 3716/1471/2670 3717/1471/2671
f 3881/1471/2945 3717/1471/2671 3882/1471/2946
f 3882/1471/2946 3717/1471/2671 2777/1471/2484
f 3882/1471/2946 2777/1471/2484 2676/1471/2405
f 3883/1471/2767 3738/1471/2865 3739/1471/2866
f 3883/1471/2767 3739/1471/2866 3884/1471/2768
f 3884/1471/2768 3739/1471/2866 3740/1471/2867
f 3884/1471/2768 3740/1471/2867 3885/1471/2769
f 3885/1471/2769 3740/1471/2867 3741/1471/2868
f 3885/1471/2769 3741/1471/2868 3886/1471/2770
f 3886/1471/2770 3741/1471/2868 3742/1471/2869
f 3886/1471/2770 3742/1471/2869 3887/1471/2771
f 3887/1471/2771 3742/1471/2869 2775/1471/2482
f 3887/1471/2771 2775/1471/2482 2656/1471/2389
f 3888/1471/2947 3723/1471/2672 3724/1471/2673
f 3888/1471/2947 3724/1471/2673 3889/1471/2948
f 3889/1471/2948 3724/1471/2673 3725/1471/2674
f 3889/1471/2948 3725/1471/2674 3890/1471/2949
f 3890/1471/2949 3725/1471/2674 3726/1471/2675
f 3890/1471/2949 3726/1471/2675 3891/1471/2950
f 3891/1471/2950 3726/1471/2675 3727/1471/2676
f 3891/1471/2950 3727/1471/2676 3892/1471/2951
f 3892/1471/2951 3727/1471/2676 2773/1471/2391
f 3892/1471/2951 2773/1471/2391 2668/1471/2398
f 3893/1471/2772 3748/1471/2871 3749/1471/2872
f 3893/1471/2772 3749/1471/2872 3894/1471/2773
f 3894/1471/2773 3749/1471/2872 3750/1471/2873
f 3894/1471/2773 3750/1471/2873 3895/1471/2774
f 3895/1471/2774 3750/1471/2873 3751/1471/2874
f 3895/1471/2774 3751/1471/2874 3896/1471/2776
f 3896/1471/2776 3751/1471/2874 3752/1471/2875
f 3896/1471/2776 3752/1471/2875 3897/1471/2777
f 3897/1471/2777 3752/1471/2875 2771/1471/2480
f 3897/1471/2777 2771/1471/2480 2648/1471/2383
f 3898/1471/2952 3733/1471/2677 3734/1471/2678
f 3898/1471/2952 3734/1471/2678 3899/1471/2953
f 3899/1471/2953 3734/1471/2678 3735/1471/2679
f 3899/1471/2953 3735/1471/2679 3900/1471/2954
f 3900/1471/2954 3735/1471/2679 3736/1471/2680
f 3900/1471/2954 3736/1471/2680 3901/1471/2955
f 3901/1471/2955 3736/1471/2680 3737/1471/2681
f 3901/1471/2955 3737/1471/2681 3902/1471/2956
f 3902/1471/2956 3737/1471/2681 2769/1471/2385
f 3902/1471/2956 2769/1471/2385 2660/1471/2392
f 3903/1471/2778 3758/1471/2877 3759/1471/2878
f 3903/1471/2778 3759/1471/2878 3904/1471/2779
f 3904/1471/2779 3759/1471/2878 3760/1471/2879
f 3904/1471/2779 3760/1471/2879 3905/1471/2780
f 3905/1471/2780 3760/1471/2879 3761/1471/2880
f 3905/1471/2780 3761/1471/2880 3906/1471/2782
f 3906/1471/2782 3761/1471/2880 3762/1471/2881
f 3906/1471/2782 3762/1471/2881 3907/1471/2783
f 3907/1471/2783 3762/1471/2881 2767/1471/2477
f 3907/1471/2783 2767/1471/2477 2640/1471/2377
f 3908/1471/2957 3743/1471/2682 3744/1471/2683
f 3908/1471/2957 3744/1471/2683 3909/1471/2958
f 3909/1471/2958 3744/1471/2683 3745/1471/2684
f 3909/1471/2958 3745/1471/2684 3910/1471/2959
f 3910/1471/2959 3745/1471/2684 3746/1471/2686
f 3910/1471/2959 3746/1471/2686 3911/1471/2960
f 3911/1471/2960 3746/1471/2686 3747/1471/2870
f 3911/1471/2960 3747/1471/2870 3912/1471/2961
f 3912/1471/2961 3747/1471/2870 2765/1471/2379
f 3912/1471/2961 2765/1471/2379 2652/1471/2386
f 3913/1471/2785 3768/1471/2882 3769/1471/2883
f 3913/1471/2785 3769/1471/2883 3914/1471/2786
f 3914/1471/2786 3769/1471/2883 3770/1471/2884
f 3914/1471/2786 3770/1471/2884 3915/1471/2787
f 3915/1471/2787 3770/1471/2884 3771/1471/2885
f 3915/1471/2787 3771/1471/2885 3916/1471/2789
f 3916/1471/2789 3771/1471/2885 3772/1471/2886
f 3916/1471/2789 3772/1471/2886 3917/1471/2790
f 3917/1471/2790 3772/1471/2886 2763/1471/2475
f 3917/1471/2790 2763/1471/2475 2636/1471/2374
f 3429/1471/2688 3753/1471/2876 3754/1471/2689
f 3429/1471/2688 3754/1471/2689 3430/1471/2689
f 3430/1471/2689 3754/1471/2689 3755/1471/2690
f 3430/1471/2689 3755/1471/2690 3432/1471/2690
f 3432/1471/2690 3755/1471/2690 3756/1471/2691
f 3432/1471/2690 3756/1471/2691 3434/1471/2691
f 3434/1471/2691 3756/1471/2691 3757/1471/2693
f 3434/1471/2691 3757/1471/2693 3436/1471/2693
f 3436/1471/2693 3757/1471/2693 2760/1471/2473
f 3436/1471/2693 2760/1471/2473 2759/1471/2473
f 3279/1471/2600 3778/1471/2887 3779/1471/2888
f 3279/1471/2600 3779/1471/2888 3280/1471/2601
f 3280/1471/2601 3779/1471/2888 3780/1471/2889
f 3280/1471/2601 3780/1471/2889 3282/1471/2602
f 3282/1471/2602 3780/1471/2889 3781/1471/2890
f 3282/1471/2602 3781/1471/2890 3284/1471/2603
f 3284/1471/2603 3781/1471/2890 3782/1471/2891
f 3284/1471/2603 3782/1471/2891 3286/1471/2604
f 3286/1471/2604 3782/1471/2891 2756/1471/2470
f 3286/1471/2604 2756/1471/2470 2755/1471/2469
f 3439/1471/2694 3763/1471/2694 3764/1471/2695
f 3439/1471/2694 3764/1471/2695 3440/1471/2695
f 3440/1471/2695 3764/1471/2695 3765/1471/2696
f 3440/1471/2695 3765/1471/2696 3442/1471/2696
f 3442/1471/2696 3765/1471/2696 3766/1471/2697
f 3442/1471/2696 3766/1471/2697 3444/1471/2697
f 3444/1471/2697 3766/1471/2697 3767/1471/2698
f 3444/1471/2697 3767/1471/2698 3446/1471/2698
f 3446/1471/2698 3767/1471/2698 2752/1471/2467
f 3446/1471/2698 2752/1471/2467 2751/1471/2467
f 3289/1471/2605 3788/1471/2892 3789/1471/2893
f 3289/1471/2605 3789/1471/2893 3290/1471/2606
f 3290/1471/2606 3789/1471/2893 3790/1471/2894
f 3290/1471/2606 3790/1471/2894 3292/1471/2607
f 3292/1471/2607 3790/1471/2894 3791/1471/2895
f 3292/1471/2607 3791/1471/2895 3294/1471/2608
f 3294/1471/2608 3791/1471/2895 3792/1471/2896
f 3294/1471/2608 3792/1471/2896 3296/1471/2609
f 3296/1471/2609 3792/1471/2896 2748/1471/2464
f 3296/1471/2609 2748/1471/2464 2747/1471/2463
f 3449/1471/2699 3773/1471/2699 3774/1471/2700
f 3449/1471/2699 3774/1471/2700 3450/1471/2700
f 3450/1471/2700 3774/1471/2700 3775/1471/2701
f 3450/1471/2700 3775/1471/2701 3452/1471/2701
f 3452/1471/2701 3775/1471/2701 3776/1471/2702
f 3452/1471/2701 3776/1471/2702 3454/1471/2702
f 3454/1471/2702 3776/1471/2702 3777/1471/2703
f 3454/1471/2702 3777/1471/2703 3456/1471/2703
f 3456/1471/2703 3777/1471/2703 2744/1471/2460
f 3456/1471/2703 2744/1471/2460 2743/1471/2460
f 3299/1471/2611 3798/1471/2897 3799/1471/2898
f 3299/1471/2611 3799/1471/2898 3300/1471/2612
f 3300/1471/2612 3799/1471/2898 3800/1471/2899
f 3300/1471/2612 3800/1471/2899 3302/1471/2614
f 3302/1471/2614 3800/1471/2899 3801/1471/2900
f 3302/1471/2614 3801/1471/2900 3304/1471/2616
f 3304/1471/2616 3801/1471/2900 3802/1471/2901
f 3304/1471/2616 3802/1471/2901 3306/1471/2617
f 3306/1471/2617 3802/1471/2901 2740/1471/2457
f 3306/1471/2617 2740/1471/2457 2739/1471/2456
f 3459/1471/2705 3783/1471/2704 3784/1471/2707
f 3459/1471/2705 3784/1471/2707 3460/1471/2706
f 3460/1471/2706 3784/1471/2707 3785/1471/2708
f 3460/1471/2706 3785/1471/2708 3462/1471/2708
f 3462/1471/2708 3785/1471/2708 3786/1471/2709
f 3462/1471/2708 3786/1471/2709 3464/1471/2709
f 3464/1471/2709 3786/1471/2709 3787/1471/2710
f 3464/1471/2709 3787/1471/2710 3466/1471/2710
f 3466/1471/2710 3787/1471/2710 2736/1471/2453
f 3466/1471/2710 2736/1471/2453 2735/1471/2453
f 3309/1471/2619 3808/1471/2902 3809/1471/2903
f 3309/1471/2619 3809/1471/2903 3310/1471/2620
f 3310/1471/2620 3809/1471/2903 3810/1471/2904
f 3310/1471/2620 3810/1471/2904 3312/1471/2621
f 3312/1471/2621 3810/1471/2904 3811/1471/2905
f 3312/1471/2621 3811/1471/2905 3314/1471/2622
f 3314/1471/2622 3811/1471/2905 3812/1471/2906
f 3314/1471/2622 3812/1471/2906 3316/1471/2623
f 3316/1471/2623 3812/1471/2906 2732/1471/2450
f 3316/1471/2623 2732/1471/2450 2731/1471/2449
f 3469/1471/2712 3793/1471/2711 3794/1471/2713
f 3469/1471/2712 3794/1471/2713 3470/1471/2713
f 3470/1471/2713 3794/1471/2713 3795/1471/2714
f 3470/1471/2713 3795/1471/2714 3472/1471/2714
f 3472/1471/2714 3795/1471/2714 3796/1471/2715
f 3472/1471/2714 3796/1471/2715 3474/1471/2715
f 3474/1471/2715 3796/1471/2715 3797/1471/2716
f 3474/1471/2715 3797/1471/2716 3476/1471/2716
f 3476/1471/2716 3797/1471/2716 2728/1471/2446
f 3476/1471/2716 2728/1471/2446 2727/1471/2446
f 3319/1471/2624 3818/1471/2909 3819/1471/2910
f 3319/1471/2624 3819/1471/2910 3320/1471/2625
f 3320/1471/2625 3819/1471/2910 3820/1471/2911
f 3320/1471/2625 3820/1471/2911 3322/1471/2626
f 3322/1471/2626 3820/1471/2911 3821/1471/2912
f 3322/1471/2626 3821/1471/2912 3324/1471/2627
f 3324/1471/2627 3821/1471/2912 3822/1471/2913
f 3324/1471/2627 3822/1471/2913 3326/1471/2628
f 3326/1471/2628 3822/1471/2913 2724/1471/2443
f 3326/1471/2628 2724/1471/2443 2723/1471/2442
f 3479/1471/2718 3803/1471/2717 3804/1471/2719
f 3479/1471/2718 3804/1471/2719 3480/1471/2719
f 3480/1471/2719 3804/1471/2719 3805/1471/2721
f 3480/1471/2719 3805/1471/2721 3482/1471/2721
f 3482/1471/2721 3805/1471/2721 3806/1471/2722
f 3482/1471/2721 3806/1471/2722 3484/1471/2722
f 3484/1471/2722 3806/1471/2722 3807/1471/2723
f 3484/1471/2722 3807/1471/2723 3486/1471/2723
f 3486/1471/2723 3807/1471/2723 2720/1471/2440
f 3486/1471/2723 2720/1471/2440 2719/1471/2440
f 3329/1471/2630 3828/1471/2915 3829/1471/2916
f 3329/1471/2630 3829/1471/2916 3330/1471/2631
f 3330/1471/2631 3829/1471/2916 3830/1471/2917
f 3330/1471/2631 3830/1471/2917 3332/1471/2632
f 3332/1471/2632 3830/1471/2917 3831/1471/2918
f 3332/1471/2632 3831/1471/2918 3334/1471/2633
f 3334/1471/2633 3831/1471/2918 3832/1471/2919
f 3334/1471/2633 3832/1471/2919 3336/1471/2634
f 3336/1471/2634 3832/1471/2919 2716/1471/2437
f 3336/1471/2634 2716/1471/2437 2715/1471/2436
f 3489/1471/2724 3813/1471/2907 3814/1471/2725
f 3489/1471/2724 3814/1471/2725 3490/1471/2725
f 3490/1471/2725 3814/1471/2725 3815/1471/2726
f 3490/1471/2725 3815/1471/2726 3492/1471/2726
f 3492/1471/2726 3815/1471/2726 3816/1471/2727
f 3492/1471/2726 3816/1471/2727 3494/1471/2727
f 3494/1471/2727 3816/1471/2727 3817/1471/2908
f 3494/1471/2727 3817/1471/2908 3496/1471/2728
f 3496/1471/2728 3817/1471/2908 2712/1471/2434
f 3496/1471/2728 2712/1471/2434 2711/1471/2434
f 3339/1471/2636 3838/1471/2921 3839/1471/2922
f 3339/1471/2636 3839/1471/2922 3340/1471/2637
f 3340/1471/2637 3839/1471/2922 3840/1471/2923
f 3340/1471/2637 3840/1471/2923 3342/1471/2638
f 3342/1471/2638 3840/1471/2923 3841/1471/2924
f 3342/1471/2638 3841/1471/2924 3344/1471/2640
f 3344/1471/2640 3841/1471/2924 3842/1471/2925
f 3344/1471/2640 3842/1471/2925 3346/1471/2641
f 3346/1471/2641 3842/1471/2925 2708/1471/2431
f 3346/1471/2641 2708/1471/2431 2707/1471/2430
f 3499/1471/2730 3823/1471/2730 3824/1471/2731
f 3499/1471/2730 3824/1471/2731 3500/1471/2731
f 3500/1471/2731 3824/1471/2731 3825/1471/2733
f 3500/1471/2731 3825/1471/2733 3502/1471/2732
f 3502/1471/2732 3825/1471/2733 3826/1471/2734
f 3502/1471/2732 3826/1471/2734 3504/1471/2734
f 3504/1471/2734 3826/1471/2734 3827/1471/2914
f 3504/1471/2734 3827/1471/2914 3506/1471/2735
f 3506/1471/2735 3827/1471/2914 2704/1471/2428
f 3506/1471/2735 2704/1471/2428 2703/1471/2428
f 3349/1471/2643 3848/1471/2926 3849/1471/2927
f 3349/1471/2643 3849/1471/2927 3350/1471/2644
f 3350/1471/2644 3849/1471/2927 3850/1471/2928
f 3350/1471/2644 3850/1471/2928 3352/1471/2645
f 3352/1471/2645 3850/1471/2928 3851/1471/2929
f 3352/1471/2645 3851/1471/2929 3354/1471/2646
f 3354/1471/2646 3851/1471/2929 3852/1471/2930
f 3354/1471/2646 3852/1471/2930 3356/1471/2647
f 3356/1471/2647 3852/1471/2930 2700/1471/2425
f 3356/1471/2647 2700/1471/2425 2699/1471/2424
f 3509/1471/2737 3833/1471/2737 3834/1471/2738
f 3509/1471/2737 3834/1471/2738 3510/1471/2738
f 3510/1471/2738 3834/1471/2738 3835/1471/2739
f 3510/1471/2738 3835/1471/2739 3512/1471/2739
f 3512/1471/2739 3835/1471/2739 3836/1471/2920
f 3512/1471/2739 3836/1471/2920 3514/1471/2740
f 3514/1471/2740 3836/1471/2920 3837/1471/2741
f 3514/1471/2740 3837/1471/2741 3516/1471/2741
f 3516/1471/2741 3837/1471/2741 2696/1471/2421
f 3516/1471/2741 2696/1471/2421 2695/1471/2421
f 3359/1471/2648 3858/1471/2932 3859/1471/2933
f 3359/1471/2648 3859/1471/2933 3360/1471/2649
f 3360/1471/2649 3859/1471/2933 3860/1471/2934
f 3360/1471/2649 3860/1471/2934 3362/1471/2650
f 3362/1471/2650 3860/1471/2934 3861/1471/2935
f 3362/1471/2650 3861/1471/2935 3364/1471/2651
f 3364/1471/2651 3861/1471/2935 3862/1471/2936
f 3364/1471/2651 3862/1471/2936 3366/1471/2652
f 3366/1471/2652 3862/1471/2936 2692/1471/2418
f 3366/1471/2652 2692/1471/2418 2691/1471/2417
f 3519/1471/2743 3843/1471/2742 3844/1471/2744
f 3519/1471/2743 3844/1471/2744 3520/1471/2744
f 3520/1471/2744 3844/1471/2744 3845/1471/2745
f 3520/1471/2744 3845/1471/2745 3522/1471/2745
f 3522/1471/2745 3845/1471/2745 3846/1471/2746
f 3522/1471/2745 3846/1471/2746 3524/1471/2746
f 3524/1471/2746 3846/1471/2746 3847/1471/2747
f 3524/1471/2746 3847/1471/2747 3526/1471/2747
f 3526/1471/2747 3847/1471/2747 2688/1471/2414
f 3526/1471/2747 2688/1471/2414 2687/1471/2414
f 3369/1471/2654 3868/1471/2937 3869/1471/2938
f 3369/1471/2654 3869/1471/2938 3370/1471/2655
f 3370/1471/2655 3869/1471/2938 3870/1471/2939
f 3370/1471/2655 3870/1471/2939 3372/1471/2656
f 3372/1471/2656 3870/1471/2939 3871/1471/2940
f 3372/1471/2656 3871/1471/2940 3374/1471/2658
f 3374/1471/2658 3871/1471/2940 3872/1471/2941
f 3374/1471/2658 3872/1471/2941 3376/1471/2659
f 3376/1471/2659 3872/1471/2941 2684/1471/2411
f 3376/1471/2659 2684/1471/2411 2683/1471/2410
f 3529/1471/2749 3853/1471/2749 3854/1471/2750
f 3529/1471/2749 3854/1471/2750 3530/1471/2750
f 3530/1471/2750 3854/1471/2750 3855/1471/2751
f 3530/1471/2750 3855/1471/2751 3532/1471/2751
f 3532/1471/2751 3855/1471/2751 3856/1471/2752
f 3532/1471/2751 3856/1471/2752 3534/1471/2752
f 3534/1471/2752 3856/1471/2752 3857/1471/2931
f 3534/1471/2752 3857/1471/2931 3536/1471/2753
f 3536/1471/2753 3857/1471/2931 2680/1471/2408
f 3536/1471/2753 2680/1471/2408 2679/1471/2408
f 3379/1471/2661 3878/1471/2942 3879/1471/2943
f 3379/1471/2661 3879/1471/2943 3380/1471/2662
f 3380/1471/2662 3879/1471/2943 3880/1471/2944
f 3380/1471/2662 3880/1471/2944 3382/1471/2664
f 3382/1471/2664 3880/1471/2944 3881/1471/2945
f 3382/1471/2664 3881/1471/2945 3384/1471/2665
f 3384/1471/2665 3881/1471/2945 3882/1471/2946
f 3384/1471/2665 3882/1471/2946 3386/1471/2666
f 3386/1471/2666 3882/1471/2946 2676/1471/2405
f 3386/1471/2666 2676/1471/2405 2675/1471/2404
f 3539/1471/2755 3863/1471/2754 3864/1471/2756
f 3539/1471/2755 3864/1471/2756 3540/1471/2756
f 3540/1471/2756 3864/1471/2756 3865/1471/2758
f 3540/1471/2756 3865/1471/2758 3542/1471/2758
f 3542/1471/2758 3865/1471/2758 3866/1471/2759
f 3542/1471/2758 3866/1471/2759 3544/1471/2759
f 3544/1471/2759 3866/1471/2759 3867/1471/2760
f 3544/1471/2759 3867/1471/2760 3546/1471/2760
f 3546/1471/2760 3867/1471/2760 2672/1471/2402
f 3546/1471/2760 2672/1471/2402 2671/1471/2401
f 3389/1471/2667 3888/1471/2947 3889/1471/2948
f 3389/1471/2667 3889/1471/2948 3390/1471/2668
f 3390/1471/2668 3889/1471/2948 3890/1471/2949
f 3390/1471/2668 3890/1471/2949 3392/1471/2669
f 3392/1471/2669 3890/1471/2949 3891/1471/2950
f 3392/1471/2669 3891/1471/2950 3394/1471/2670
f 3394/1471/2670 3891/1471/2950 3892/1471/2951
f 3394/1471/2670 3892/1471/2951 3396/1471/2671
f 3396/1471/2671 3892/1471/2951 2668/1471/2398
f 3396/1471/2671 2668/1471/2398 2667/1471/2397
f 3549/1471/2762 3873/1471/2762 3874/1471/2763
f 3549/1471/2762 3874/1471/2763 3550/1471/2763
f 3550/1471/2763 3874/1471/2763 3875/1471/2764
f 3550/1471/2763 3875/1471/2764 3552/1471/2764
f 3552/1471/2764 3875/1471/2764 3876/1471/2765
f 3552/1471/2764 3876/1471/2765 3554/1471/2765
f 3554/1471/2765 3876/1471/2765 3877/1471/2766
f 3554/1471/2765 3877/1471/2766 3556/1471/2766
f 3556/1471/2766 3877/1471/2766 2664/1471/2395
f 3556/1471/2766 2664/1471/2395 2663/1471/2395
f 3399/1471/2672 3898/1471/2952 3899/1471/2953
f 3399/1471/2672 3899/1471/2953 3400/1471/2673
f 3400/1471/2673 3899/1471/2953 3900/1471/2954
f 3400/1471/2673 3900/1471/2954 3402/1471/2674
f 3402/1471/2674 3900/1471/2954 3901/1471/2955
f 3402/1471/2674 3901/1471/2955 3404/1471/2675
f 3404/1471/2675 3901/1471/2955 3902/1471/2956
f 3404/1471/2675 3902/1471/2956 3406/1471/2676
f 3406/1471/2676 3902/1471/2956 2660/1471/2392
f 3406/1471/2676 2660/1471/2392 2659/1471/2391
f 3559/1471/2767 3883/1471/2767 3884/1471/2768
f 3559/1471/2767 3884/1471/2768 3560/1471/2768
f 3560/1471/2768 3884/1471/2768 3885/1471/2769
f 3560/1471/2768 3885/1471/2769 3562/1471/2769
f 3562/1471/2769 3885/1471/2769 3886/1471/2770
f 3562/1471/2769 3886/1471/2770 3564/1471/2770
f 3564/1471/2770 3886/1471/2770 3887/1471/2771
f 3564/1471/2770 3887/1471/2771 3566/1471/2771
f 3566/1471/2771 3887/1471/2771 2656/1471/2389
f 3566/1471/2771 2656/1471/2389 2655/1471/2389
f 3409/1471/2677 3908/1471/2957 3909/1471/2958
f 3409/1471/2677 3909/1471/2958 3410/1471/2678
f 3410/1471/2678 3909/1471/2958 3910/1471/2959
f 3410/1471/2678 3910/1471/2959 3412/1471/2679
f 3412/1471/2679 3910/1471/2959 3911/1471/2960
f 3412/1471/2679 3911/1471/2960 3414/1471/2680
f 3414/1471/2680 3911/1471/2960 3912/1471/2961
f 3414/1471/2680 3912/1471/2961 3416/1471/2681
f 3416/1471/2681 3912/1471/2961 2652/1471/2386
f 3416/1471/2681 2652/1471/2386 2651/1471/2385
f 3569/1471/2772 3893/1471/2772 3894/1471/2773
f 3569/1471/2772 3894/1471/2773 3570/1471/2773
f 3570/1471/2773 3894/1471/2773 3895/1471/2774
f 3570/1471/2773 3895/1471/2774 3572/1471/2774
f 3572/1471/2774 3895/1471/2774 3896/1471/2776
f 3572/1471/2774 3896/1471/2776 3574/1471/2776
f 3574/1471/2776 3896/1471/2776 3897/1471/2777
f 3574/1471/2776 3897/1471/2777 3576/1471/2777
f 3576/1471/2777 3897/1471/2777 2648/1471/2383
f 3576/1471/2777 2648/1471/2383 2647/1471/2383
f 3419/1471/2682 3598/1471/2791 3599/1471/2792
f 3419/1471/2682 3599/1471/2792 3420/1471/2683
f 3420/1471/2683 3599/1471/2792 3600/1471/2793
f 3420/1471/2683 3600/1471/2793 3422/1471/2684
f 3422/1471/2684 3600/1471/2793 3601/1471/2794
f 3422/1471/2684 3601/1471/2794 3424/1471/2686
f 3424/1471/2686 3601/1471/2794 3602/1471/2795
f 3424/1471/2686 3602/1471/2795 3426/1471/2687
f 3426/1471/2687 3602/1471/2795 2644/1471/2380
f 3426/1471/2687 2644/1471/2380 2643/1471/2379
f 3579/1471/2778 3903/1471/2778 3904/1471/2779
f 3579/1471/2778 3904/1471/2779 3580/1471/2779
f 3580/1471/2779 3904/1471/2779 3905/1471/2780
f 3580/1471/2779 3905/1471/2780 3582/1471/2780
f 3582/1471/2780 3905/1471/2780 3906/1471/2782
f 3582/1471/2780 3906/1471/2782 3584/1471/2782
f 3584/1471/2782 3906/1471/2782 3907/1471/2783
f 3584/1471/2782 3907/1471/2783 3586/1471/2783
f 3586/1471/2783 3907/1471/2783 2640/1471/2377
f 3586/1471/2783 2640/1471/2377 2639/1471/2377
f 3589/1471/2785 3913/1471/2785 3914/1471/2786
f 3589/1471/2785 3914/1471/2786 3590/1471/2786
f 3590/1471/2786 3914/1471/2786 3915/1471/2787
f 3590/1471/2786 3915/1471/2787 3592/1471/2787
f 3592/1471/2787 3915/1471/2787 3916/1471/2789
f 3592/1471/2787 3916/1471/2789 3594/1471/2788
f 3594/1471/2788 3916/1471/2789 3917/1471/2790
f 3594/1471/2788 3917/1471/2790 3596/1471/2790
f 3596/1471/2790 3917/1471/2790 2636/1471/2374
f 3596/1471/2790 2636/1471/2374 2635/1471/2374
